노선,기종점,정류장순번,정류장명,04시,05시,06시,07시,08시,09시,10시,11시,12시,13시,14시,15시,16시,17시,18시,19시,20시,21시,22시,23시,00시,01시,02시,03시,
1,충대농대종점 - 충대농대종점,1,충대농대종점,0,0,0,2,0,0,0,0,0,0,0,0,0,0,0,3,0,0,0,0,0,0,0,0,
1,충대농대종점 - 충대농대종점,2,한빛아파트,0,0,0,4,5,2,5,2,1,3,2,4,2,2,1,7,1,0,0,0,0,0,0,0,
1,충대농대종점 - 충대농대종점,3,충대농대입구,0,0,0,0,0,0,6,3,2,4,0,6,3,3,2,0,0,0,0,0,0,0,0,0,
1,충대농대종점 - 충대농대종점,4,궁동,0,0,0,5,4,4,7,3,3,2,3,0,4,4,4,11,0,4,0,0,0,0,0,0,
1,충대농대종점 - 충대농대종점,5,충남대학교,0,0,0,4,4,0,2,0,0,5,2,8,3,3,0,12,0,6,1,0,0,0,0,0,
1,충대농대종점 - 충대농대종점,6,온천교,0,0,1,0,3,4,0,0,0,4,4,9,7,3,0,5,0,7,0,0,0,0,0,0,
1,충대농대종점 - 충대농대종점,7,유성온천역6번출구,0,0,0,1,2,4,6,3,1,2,6,8,7,6,6,11,0,8,3,0,0,0,0,0,
1,충대농대종점 - 충대농대종점,8,유성온천역5번출구,0,0,0,0,5,4,9,4,0,3,11,0,10,0,8,11,1,10,4,0,0,0,0,0,
1,충대농대종점 - 충대농대종점,9,유성자이아파트,0,0,0,0,7,5,7,6,2,0,12,9,11,2,0,13,2,0,0,0,0,0,0,0,
1,충대농대종점 - 충대농대종점,10,유성고속터미널,0,0,0,0,3,4,6,3,2,2,12,0,10,3,0,11,0,9,0,0,0,0,0,0,
1,충대농대종점 - 충대농대종점,11,유성초네거리,0,0,0,1,4,4,5,5,3,3,12,11,0,6,14,11,3,9,8,0,0,0,0,0,
1,충대농대종점 - 충대농대종점,12,장대네거리,0,0,0,0,0,0,6,0,4,4,0,0,8,4,0,5,0,10,0,0,0,0,0,0,
1,충대농대종점 - 충대농대종점,13,충대서문,0,0,2,0,7,6,8,3,0,3,9,12,7,7,12,9,5,10,11,0,0,0,0,0,
1,충대농대종점 - 충대농대종점,14,북대전세무서/보훈요양원,0,0,0,0,0,0,7,0,0,3,0,0,0,8,0,7,4,0,0,0,0,0,0,0,
1,충대농대종점 - 충대농대종점,15,충대수의대,0,0,0,0,8,0,6,4,5,4,0,0,0,0,0,8,0,0,0,0,0,0,0,0,
1,충대농대종점 - 충대농대종점,16,KT&G연구소,0,0,0,0,7,0,4,3,0,3,0,0,0,0,0,0,0,0,0,0,0,0,0,0,
1,충대농대종점 - 충대농대종점,17,럭키하나아파트,0,0,0,1,0,8,0,6,3,7,6,10,6,5,10,8,6,9,0,0,0,0,0,0,
1,충대농대종점 - 충대농대종점,18,신성동주민센터,0,0,0,2,6,7,3,4,5,4,10,6,4,6,9,0,6,8,10,0,0,0,0,0,
1,충대농대종점 - 충대농대종점,19,탄동농협,0,0,1,1,10,1,3,3,5,5,8,5,2,5,6,2,3,3,9,0,0,0,0,0,
1,충대농대종점 - 충대농대종점,20,애경연구원,0,0,0,2,8,7,0,0,1,6,5,5,0,6,0,0,0,0,8,0,0,0,0,0,
1,충대농대종점 - 충대농대종점,21,아리랑보쌈앞,0,0,0,0,6,6,0,0,0,0,4,0,2,0,0,0,1,0,0,0,0,0,0,0,
1,충대농대종점 - 충대농대종점,22,한국기계연구원,0,0,0,0,0,0,2,0,0,0,6,4,3,0,0,1,0,2,0,0,0,0,0,0,
1,충대농대종점 - 충대농대종점,23,중소벤처기업청,0,0,0,0,0,0,2,0,0,0,6,4,3,0,0,1,0,2,0,0,0,0,0,0,
1,충대농대종점 - 충대농대종점,24,대덕대학교,0,0,0,0,0,5,1,0,3,2,0,5,0,0,4,2,2,0,0,0,0,0,0,0,
1,충대농대종점 - 충대농대종점,25,한국전자통신연구원,0,0,0,0,0,0,0,2,1,0,5,4,0,7,0,0,0,0,0,0,0,0,0,0,
1,충대농대종점 - 충대농대종점,26,한국표준과학연구원,0,0,0,0,0,0,0,0,2,0,7,2,0,0,0,1,0,0,7,0,0,0,0,0,
1,충대농대종점 - 충대농대종점,27,대덕고등학교,0,0,0,0,0,3,3,4,4,0,4,0,2,5,5,0,0,4,2,6,0,0,0,0,
1,충대농대종점 - 충대농대종점,28,대덕터널입구,0,0,0,0,0,0,0,0,0,4,0,0,0,5,0,0,3,0,5,0,0,0,0,0,
1,충대농대종점 - 충대농대종점,29,국립문화유산연구원,0,0,0,0,0,0,0,0,0,0,0,0,0,0,0,0,0,3,0,0,0,0,0,0,
1,충대농대종점 - 충대농대종점,30,LG화학기술연구원,0,0,0,0,5,0,2,0,0,0,0,0,0,0,4,0,0,0,0,0,0,0,0,0,
1,충대농대종점 - 충대농대종점,31,문지네거리,0,0,0,0,0,0,0,1,0,0,6,0,0,0,0,0,0,0,0,0,0,0,0,0,
1,충대농대종점 - 충대농대종점,32,엑스포아파트,0,0,0,0,0,3,1,1,2,3,4,3,1,4,2,3,4,2,2,4,0,0,0,0,
1,충대농대종점 - 충대농대종점,33,전민중학교,0,0,0,0,3,0,0,2,0,2,4,3,0,4,0,2,0,0,0,3,0,0,0,0,
1,충대농대종점 - 충대농대종점,34,태광산업중앙연구소,0,0,0,0,0,2,0,0,0,3,0,0,1,0,0,0,0,0,0,1,0,0,0,0,
1,충대농대종점 - 충대농대종점,35,태광산업중앙연구소,0,0,0,0,2,0,0,1,0,2,0,0,0,5,1,0,0,1,0,0,0,0,0,0,
1,충대농대종점 - 충대농대종점,36,전민중학교,0,0,0,0,1,1,0,0,1,0,0,1,2,0,0,2,3,0,1,0,0,0,0,0,
1,충대농대종점 - 충대농대종점,37,세종아파트,0,0,0,1,0,0,2,0,0,4,3,0,4,3,2,0,0,0,0,0,0,0,0,0,
1,충대농대종점 - 충대농대종점,38,전민동주민센터,0,0,0,0,0,0,2,1,0,3,5,0,0,5,0,0,2,0,2,0,0,0,0,0,
1,충대농대종점 - 충대농대종점,39,선비마을,0,0,0,0,1,3,0,2,1,4,4,0,0,0,0,0,0,1,3,0,0,0,0,0,
1,충대농대종점 - 충대농대종점,40,대덕특구체육공원,0,0,0,0,0,0,0,0,0,4,6,0,1,0,0,0,0,0,0,0,0,0,0,0,
1,충대농대종점 - 충대농대종점,41,LH연구원,0,0,0,0,0,0,0,0,0,4,6,0,1,0,0,0,0,0,0,0,0,0,0,0,
1,충대농대종점 - 충대농대종점,42,탑립1통,0,0,0,0,0,0,0,0,0,0,0,0,3,0,0,1,0,0,0,0,0,0,0,0,
1,충대농대종점 - 충대농대종점,43,탑립육교,0,0,0,0,0,0,0,0,0,0,0,0,0,0,0,0,0,0,2,0,0,0,0,0,
1,충대농대종점 - 충대농대종점,44,호반써밋그랜드파크,0,0,0,0,0,0,1,0,0,5,5,1,5,4,3,0,0,0,1,0,0,0,0,0,
1,충대농대종점 - 충대농대종점,45,테크노밸리12단지,0,0,0,2,0,0,0,4,1,5,3,0,4,5,0,0,1,0,0,0,0,0,0,0,
1,충대농대종점 - 충대농대종점,46,테크노밸리6단지,0,0,0,1,0,2,1,0,0,3,0,0,2,0,0,0,0,0,0,0,0,0,0,0,
1,충대농대종점 - 충대농대종점,47,테크노밸리5단지,0,0,0,0,1,0,0,3,0,1,3,0,3,0,2,0,0,0,0,0,0,0,0,0,
1,충대농대종점 - 충대농대종점,48,관평중학교,0,0,0,0,3,1,0,1,0,0,0,0,2,3,0,0,0,0,0,0,0,0,0,0,
1,충대농대종점 - 충대농대종점,49,수변공원,0,0,0,0,0,0,0,0,0,0,1,0,0,0,0,0,0,0,0,0,0,0,0,0,
1,충대농대종점 - 충대농대종점,50,현대아울렛남문,0,0,0,3,0,0,0,0,0,0,0,0,1,0,0,0,0,0,0,0,0,0,0,0,
1,충대농대종점 - 충대농대종점,51,한텍,0,0,0,0,0,0,0,0,0,0,0,0,0,1,0,0,0,0,0,0,0,0,0,0,
1,충대농대종점 - 충대농대종점,52,대전테크노파크,0,0,0,0,0,0,0,0,0,0,0,0,0,1,0,0,0,0,0,0,0,0,0,0,
1,충대농대종점 - 충대농대종점,53,조은정밀,0,0,0,0,0,0,0,0,0,0,0,0,0,0,0,0,0,0,0,0,0,0,0,0,
1,충대농대종점 - 충대농대종점,54,청벽산공원,0,0,0,0,0,0,0,0,0,0,0,1,0,1,0,0,0,0,0,0,0,0,0,0,
1,충대농대종점 - 충대농대종점,55,조은정밀,0,0,0,0,0,0,0,0,0,0,0,0,0,0,0,0,4,0,0,0,0,0,0,0,
1,충대농대종점 - 충대농대종점,56,대전테크노파크,0,0,0,0,0,0,0,0,0,0,0,0,0,0,0,0,4,0,0,0,0,0,0,0,
1,충대농대종점 - 충대농대종점,57,한텍,0,0,0,0,0,0,0,0,0,0,0,0,0,1,0,0,5,0,0,0,0,0,0,0,
1,충대농대종점 - 충대농대종점,58,수변공원,0,0,0,1,0,0,0,0,0,0,0,0,2,3,3,0,0,0,0,0,0,0,0,0,
1,충대농대종점 - 충대농대종점,59,관평중학교,0,0,0,2,0,0,1,1,1,1,0,2,3,4,0,0,5,0,0,0,0,0,0,0,
1,충대농대종점 - 충대농대종점,60,테크노밸리4단지,0,0,0,1,0,0,0,0,1,0,0,0,0,3,0,0,1,0,0,0,0,0,0,0,
1,충대농대종점 - 충대농대종점,61,테크노밸리6단지,0,0,0,0,0,0,1,0,0,2,0,3,0,0,0,0,4,0,0,0,0,0,0,0,
1,충대농대종점 - 충대농대종점,62,테크노밸리12단지,0,0,0,0,0,0,0,0,2,0,0,0,0,2,0,0,0,0,0,0,0,0,0,0,
1,충대농대종점 - 충대농대종점,63,호반써밋그랜드파크,0,0,0,0,1,1,0,0,0,4,1,2,4,0,0,0,3,0,1,0,0,0,0,0,
1,충대농대종점 - 충대농대종점,64,탑립육교,0,0,0,0,1,2,0,0,0,1,0,0,0,3,0,0,0,0,0,0,0,0,0,0,
1,충대농대종점 - 충대농대종점,65,탑립1통,0,0,0,0,0,0,0,0,0,0,0,2,0,0,0,0,0,0,0,0,0,0,0,0,
1,충대농대종점 - 충대농대종점,66,k-water인재개발원,0,0,0,0,0,0,0,0,1,3,0,0,0,0,0,0,0,0,0,0,0,0,0,0,
1,충대농대종점 - 충대농대종점,67,대덕특구체육공원,0,0,0,0,0,0,0,0,0,2,0,3,4,0,0,0,0,0,0,0,0,0,0,0,
1,충대농대종점 - 충대농대종점,68,삼성푸른아파트,0,0,0,0,0,0,1,0,0,1,0,0,5,0,0,1,0,0,0,0,0,0,0,0,
1,충대농대종점 - 충대농대종점,69,전민동주민센터,0,0,0,0,2,0,0,0,0,0,0,2,4,1,0,0,0,0,0,0,0,0,0,0,
1,충대농대종점 - 충대농대종점,70,전민중학교,0,0,0,0,2,0,0,0,0,0,0,2,4,1,0,0,0,0,0,0,0,0,0,0,
1,충대농대종점 - 충대농대종점,71,태광산업중앙연구소,0,0,0,0,2,0,0,0,0,0,0,2,4,1,0,0,0,0,0,0,0,0,0,0,
1,충대농대종점 - 충대농대종점,72,태광산업중앙연구소,0,0,0,0,2,0,0,0,0,0,0,2,4,1,0,0,0,0,0,0,0,0,0,0,
1,충대농대종점 - 충대농대종점,73,전민중학교,0,0,0,0,2,0,0,0,0,0,0,2,4,1,0,0,0,0,0,0,0,0,0,0,
1,충대농대종점 - 충대농대종점,74,엑스포아파트,0,0,0,0,3,0,0,0,0,4,2,2,3,0,2,1,3,1,0,0,0,0,0,0,
1,충대농대종점 - 충대농대종점,75,문지초등학교입구,0,0,0,0,4,0,1,3,1,0,3,4,0,4,0,0,0,0,0,0,0,0,0,0,
1,충대농대종점 - 충대농대종점,76,해링턴아파트,0,0,0,0,5,0,0,0,3,5,4,3,0,5,0,3,4,0,1,0,0,0,0,0,
1,충대농대종점 - 충대농대종점,77,문지네거리,0,0,0,0,5,0,0,0,3,5,4,3,0,5,0,3,4,0,1,0,0,0,0,0,
1,충대농대종점 - 충대농대종점,78,KAIST문지캠퍼스,0,0,0,0,3,0,0,0,2,0,0,0,0,0,0,0,0,0,0,0,0,0,0,0,
1,충대농대종점 - 충대농대종점,79,전력연구원,0,0,0,0,3,0,0,0,2,0,0,0,0,0,0,0,0,0,0,0,0,0,0,0,
1,충대농대종점 - 충대농대종점,80,대덕고등학교,0,0,0,2,4,4,0,0,0,4,3,4,3,4,2,4,5,0,0,0,0,0,0,0,
1,충대농대종점 - 충대농대종점,81,연구단지네거리,0,0,0,1,0,6,0,0,5,5,0,5,2,5,8,5,0,0,0,0,0,0,0,0,
1,충대농대종점 - 충대농대종점,82,한국표준과학연구원,0,0,0,0,0,0,3,0,0,0,4,0,0,4,0,0,0,0,0,0,0,0,0,0,
1,충대농대종점 - 충대농대종점,83,과학기술연합대학원(UST),0,0,0,0,0,0,0,0,0,0,0,0,0,0,9,0,0,0,0,0,0,0,0,0,
1,충대농대종점 - 충대농대종점,84,한국연구재단,0,0,0,0,0,0,0,4,0,0,0,0,3,4,10,0,0,2,0,0,0,0,0,0,
1,충대농대종점 - 충대농대종점,85,대덕대학교,0,0,0,1,5,0,0,5,6,0,5,5,0,5,3,2,0,0,0,0,0,0,0,0,
1,충대농대종점 - 충대농대종점,86,중소벤처기업청,0,0,0,1,5,0,0,5,6,0,5,5,0,5,3,2,0,0,0,0,0,0,0,0,
1,충대농대종점 - 충대농대종점,87,한국기계연구원,0,0,0,0,0,0,0,0,0,0,0,0,0,5,0,0,0,0,0,0,0,0,0,0,
1,충대농대종점 - 충대농대종점,88,아리랑보쌈앞,0,0,0,0,0,7,1,0,0,0,7,0,2,0,0,0,6,0,2,0,0,0,0,0,
1,충대농대종점 - 충대농대종점,89,애경연구원,0,0,0,2,0,5,3,6,7,2,0,9,4,7,8,2,5,0,0,0,0,0,0,0,
1,충대농대종점 - 충대농대종점,90,탄동농협,0,0,0,0,7,6,5,7,4,0,8,10,7,5,3,4,7,2,2,0,0,0,0,0,
1,충대농대종점 - 충대농대종점,91,신성동주민센터,0,0,0,1,0,7,7,7,5,0,9,12,8,8,2,3,5,3,0,0,0,0,0,0,
1,충대농대종점 - 충대농대종점,92,럭키하나아파트,0,0,0,0,8,9,8,0,6,2,8,13,11,8,3,0,0,0,1,0,0,0,0,0,
1,충대농대종점 - 충대농대종점,93,유성구노인복지관,0,0,0,0,7,8,7,0,0,0,0,14,12,7,0,0,0,0,0,0,0,0,0,0,
1,충대농대종점 - 충대농대종점,94,우주통신연구소,0,0,0,0,0,6,0,0,7,3,0,8,0,8,0,0,0,0,0,0,0,0,0,0,
1,충대농대종점 - 충대농대종점,95,북대전세무서/보훈요양원,0,0,0,0,0,5,0,0,0,0,9,0,11,10,0,0,0,0,3,0,0,0,0,0,
1,충대농대종점 - 충대농대종점,96,충대서문,0,0,0,1,0,4,7,0,0,9,0,13,13,9,4,0,6,7,5,0,0,0,0,0,
1,충대농대종점 - 충대농대종점,97,궁동교,0,0,0,0,0,0,7,0,3,11,10,12,14,8,4,0,0,7,0,0,0,0,0,0,
1,충대농대종점 - 충대농대종점,98,장대네거리,0,0,0,0,0,0,8,6,0,12,0,13,0,9,0,0,0,0,5,0,0,0,0,0,
1,충대농대종점 - 충대농대종점,99,유성고속터미널,0,0,0,1,5,5,7,5,0,14,11,12,12,8,7,4,4,11,6,0,0,0,0,0,
1,충대농대종점 - 충대농대종점,100,봉명동우체국,0,0,0,2,3,4,4,4,5,14,10,10,12,7,5,2,3,9,5,0,0,0,0,0,
1,충대농대종점 - 충대농대종점,101,유성온천역7번출구,0,0,0,0,1,0,3,0,3,13,6,11,8,4,11,1,4,10,4,0,0,0,0,0,
1,충대농대종점 - 충대농대종점,102,온천교,0,0,0,0,0,1,0,0,2,6,4,10,5,2,9,2,3,0,3,0,0,0,0,0,
1,충대농대종점 - 충대농대종점,103,충남대학교,0,0,0,3,0,0,0,0,0,3,0,10,6,3,0,0,1,1,0,0,0,0,0,0,
1,충대농대종점 - 충대농대종점,104,궁동,0,0,0,0,0,0,1,0,0,1,3,8,5,1,7,0,0,8,1,0,0,0,0,0,
1,충대농대종점 - 충대농대종점,105,한빛아파트,0,0,0,0,0,0,0,0,0,0,0,7,4,0,2,0,0,5,0,0,0,0,0,0,
1,충대농대종점 - 충대농대종점,106,충대농대종점,0,0,0,0,0,0,0,0,0,0,0,0,0,0,0,0,0,0,0,0,0,0,0,0,
1,원내동공영차고지 - 원내동공영차고지,1,원내동공영차고지,0,0,0,0,1,0,0,1,0,0,0,0,1,0,0,0,11,1,0,0,0,0,0,0,
1,원내동공영차고지 - 원내동공영차고지,2,서대전IC,0,0,0,0,1,0,1,1,0,1,2,2,2,1,0,0,0,1,0,0,0,0,0,0,
1,원내동공영차고지 - 원내동공영차고지,3,진잠중학교,0,0,0,1,1,3,3,3,0,2,3,1,7,2,2,0,1,1,0,0,0,0,0,0,
1,원내동공영차고지 - 원내동공영차고지,4,원내동,0,1,1,0,3,3,2,3,0,2,0,0,5,2,0,0,0,1,0,0,0,0,0,0,
1,원내동공영차고지 - 원내동공영차고지,5,원내네거리,0,5,4,3,8,12,9,5,10,13,6,7,11,4,7,3,2,5,0,0,0,0,0,0,
1,원내동공영차고지 - 원내동공영차고지,6,샘물타운아파트,0,4,5,5,13,15,10,10,17,16,6,9,10,6,8,4,4,3,0,0,0,0,0,0,
1,원내동공영차고지 - 원내동공영차고지,7,구봉마을5단지,0,3,6,4,17,15,17,12,21,25,9,12,13,8,9,5,5,7,0,0,0,0,0,0,
1,원내동공영차고지 - 원내동공영차고지,8,신선마을아파트,0,5,7,8,16,17,19,14,22,30,9,13,14,10,8,5,7,5,1,0,0,0,0,0,
1,원내동공영차고지 - 원내동공영차고지,9,건양대병원네거리,0,13,8,8,21,20,22,19,26,35,12,17,16,14,12,7,7,8,1,0,0,0,0,0,
1,원내동공영차고지 - 원내동공영차고지,10,가수원육교.가수원시장,0,13,10,11,21,22,24,24,40,36,20,18,24,15,15,11,7,12,5,0,0,0,0,0,
1,원내동공영차고지 - 원내동공영차고지,11,정림삼거리,0,14,9,12,20,23,24,26,44,38,22,17,18,17,12,14,7,13,4,0,0,0,0,0,
1,원내동공영차고지 - 원내동공영차고지,12,도마삼거리,0,14,13,14,16,23,32,30,43,43,21,18,22,15,15,13,11,11,4,0,0,0,0,0,
1,원내동공영차고지 - 원내동공영차고지,13,도마시장,0,16,14,12,15,26,37,35,28,41,20,17,24,17,18,13,6,5,2,0,0,0,0,0,
1,원내동공영차고지 - 원내동공영차고지,14,버드내아파트,0,17,10,13,22,18,37,35,30,44,22,18,22,16,17,11,10,11,8,0,0,0,0,0,
1,원내동공영차고지 - 원내동공영차고지,15,유천시장,0,19,13,11,21,26,39,32,35,43,22,20,21,20,15,13,8,10,0,0,0,0,0,0,
1,원내동공영차고지 - 원내동공영차고지,16,서대전역네거리,0,18,13,11,18,23,28,29,30,39,21,17,20,20,13,10,7,10,4,0,0,0,0,0,
1,원내동공영차고지 - 원내동공영차고지,17,서대전네거리역2번출구,0,14,12,12,14,20,23,27,32,37,22,17,22,17,9,11,8,10,2,0,0,0,0,0,
1,원내동공영차고지 - 원내동공영차고지,18,중구청,0,14,10,9,11,15,19,23,29,35,33,16,21,14,11,9,6,8,3,0,0,0,0,0,
1,원내동공영차고지 - 원내동공영차고지,19,중앙로역4번출구,0,12,9,8,8,10,12,21,20,23,16,9,13,9,7,7,5,5,1,0,0,0,0,0,
1,원내동공영차고지 - 원내동공영차고지,20,대전역,0,2,0,1,2,2,4,2,1,1,3,3,4,5,3,1,2,1,0,0,0,0,0,0,
1,원내동공영차고지 - 원내동공영차고지,21,신안동,0,1,2,1,2,1,5,2,2,3,3,4,2,3,1,2,1,4,2,0,0,0,0,0,
1,원내동공영차고지 - 원내동공영차고지,22,신안동,0,0,0,0,0,0,0,0,0,0,0,2,0,0,0,0,0,0,0,0,0,0,0,0,
1,원내동공영차고지 - 원내동공영차고지,23,대동역3번출구,0,3,2,3,3,4,10,6,7,8,4,5,8,3,7,5,3,5,1,2,0,0,0,0,
1,원내동공영차고지 - 원내동공영차고지,24,대전역/역전시장,0,0,4,7,7,6,10,11,11,20,17,32,23,17,10,10,6,8,5,8,0,0,0,0,
1,원내동공영차고지 - 원내동공영차고지,25,목척교,0,0,4,6,9,10,13,13,13,26,24,42,28,24,18,14,11,15,12,11,0,0,0,0,
1,원내동공영차고지 - 원내동공영차고지,26,중앙로역6번출구,0,0,4,4,5,11,14,14,18,24,29,43,39,33,22,18,22,24,14,15,0,0,0,0,
1,원내동공영차고지 - 원내동공영차고지,27,중구청역,0,0,5,5,10,11,17,20,19,25,30,44,38,32,23,22,15,12,9,0,0,0,0,0,
1,원내동공영차고지 - 원내동공영차고지,28,서대전네거리역3번출구,0,3,5,8,11,14,19,17,19,28,32,44,35,31,26,23,23,16,14,18,0,0,0,0,
1,원내동공영차고지 - 원내동공영차고지,29,서대전역네거리,0,4,5,10,6,16,17,10,22,29,35,46,31,33,29,35,25,23,17,13,0,0,0,0,
1,원내동공영차고지 - 원내동공영차고지,30,유천동현대아파트,0,5,4,9,10,17,20,14,23,25,34,44,33,33,25,35,25,20,12,19,0,0,0,0,
1,원내동공영차고지 - 원내동공영차고지,31,유천동서대전농협,0,6,3,5,8,16,21,12,21,24,31,44,31,33,28,22,24,22,16,10,0,0,0,0,
1,원내동공영차고지 - 원내동공영차고지,32,버드내아파트,0,0,4,7,6,17,20,19,20,23,33,40,28,36,29,23,25,22,15,18,0,0,0,0,
1,원내동공영차고지 - 원내동공영차고지,33,도마시장,0,4,1,4,7,15,18,19,17,21,27,35,27,32,27,33,22,20,14,17,0,0,0,0,
1,원내동공영차고지 - 원내동공영차고지,34,도마삼거리,0,0,3,6,5,14,19,17,12,21,29,26,24,29,29,30,18,20,19,14,0,0,0,0,
1,원내동공영차고지 - 원내동공영차고지,35,정림동,0,0,5,6,7,10,19,16,9,21,30,25,23,26,29,29,16,19,17,14,0,0,0,0,
1,원내동공영차고지 - 원내동공영차고지,36,가수원육교.가수원시장,0,0,4,5,9,9,15,14,9,17,21,19,19,18,25,21,12,14,12,13,0,0,0,0,
1,원내동공영차고지 - 원내동공영차고지,37,건양대병원네거리,0,0,4,4,7,7,12,13,6,14,19,14,17,13,21,16,11,12,8,10,0,0,0,0,
1,원내동공영차고지 - 원내동공영차고지,38,신선마을아파트,0,0,3,4,6,6,11,12,4,13,17,13,8,12,19,15,8,8,5,6,0,0,0,0,
1,원내동공영차고지 - 원내동공영차고지,39,롯데마트서대전점,0,0,2,4,3,5,5,9,3,11,15,10,11,8,15,11,7,6,0,4,0,0,0,0,
1,원내동공영차고지 - 원내동공영차고지,40,샘물타운아파트,0,0,1,3,2,2,4,6,5,5,8,8,5,6,5,6,5,5,2,3,0,0,0,0,
1,원내동공영차고지 - 원내동공영차고지,41,원내네거리,0,0,0,1,1,1,1,1,1,4,3,3,3,4,2,1,2,3,3,2,0,0,0,0,
1,원내동공영차고지 - 원내동공영차고지,42,원내동,0,0,0,0,0,0,0,0,0,0,0,1,0,1,0,0,0,0,0,0,0,0,0,0,
1,원내동공영차고지 - 원내동공영차고지,43,진잠중학교,0,0,0,0,0,0,0,0,0,0,1,0,0,2,0,0,0,0,2,0,0,0,0,0,
1,원내동공영차고지 - 원내동공영차고지,44,서대전IC,0,0,0,0,0,0,0,0,0,0,0,0,1,0,0,0,0,0,0,0,0,0,0,0,
1,원내동공영차고지 - 원내동공영차고지,45,원내동공영차고지,0,0,0,0,0,0,0,0,0,0,0,0,0,0,0,0,0,0,0,0,0,0,0,0,
1000,반석역 - 조형아파트,1,반석역,0,1,2,3,4,5,4,6,3,6,7,9,9,8,5,14,6,6,8,0,0,0,0,0,
1000,반석역 - 조형아파트,2,발산리,0,0,0,0,0,3,2,5,3,0,7,10,10,4,6,2,0,1,9,0,0,0,0,0,
1000,반석역 - 조형아파트,3,금남면사무소,0,1,3,2,4,9,5,5,4,7,6,11,11,8,7,6,13,5,0,5,0,0,0,0,
1000,반석역 - 조형아파트,4,한국농어촌공사,0,2,4,0,3,6,6,4,2,5,0,0,11,7,5,3,0,6,4,0,0,0,0,0,
1000,반석역 - 조형아파트,5,대평동커뮤니티센터,0,0,5,0,5,8,6,5,9,8,5,9,13,4,6,5,8,2,7,0,0,0,0,0,
1000,반석역 - 조형아파트,6,대평동(해들마을),0,0,6,1,4,8,5,3,10,9,6,8,13,6,6,7,8,8,4,0,0,0,0,0,
1000,반석역 - 조형아파트,7,세종고속시외버스터미널,0,0,4,2,6,10,6,3,9,9,7,7,13,8,7,9,9,3,6,6,0,0,0,0,
1000,반석역 - 조형아파트,8,한솔동(첫마을),0,1,4,3,7,12,5,7,8,7,7,9,11,12,9,7,6,6,11,5,0,0,0,0,
1000,반석역 - 조형아파트,9,새롬동.나성동(청소년센터),0,0,5,3,6,10,4,7,9,11,9,11,15,13,9,8,8,7,16,6,0,0,0,0,
1000,반석역 - 조형아파트,10,한국산업인력공단세종지사,0,0,6,0,3,2,3,7,7,12,11,15,20,19,10,12,12,14,31,14,0,0,0,0,
1000,반석역 - 조형아파트,11,다정동(대성고등학교),0,0,4,4,0,0,18,6,6,13,10,16,16,21,11,19,13,14,32,7,0,0,0,0,
1000,반석역 - 조형아파트,12,어진중학교(한뜰마을4단지),0,0,5,3,7,4,21,8,8,14,10,12,17,18,8,16,12,13,31,13,0,0,0,0,
1000,반석역 - 조형아파트,13,가재마을5.8단지,0,0,4,1,9,11,22,3,6,14,9,12,12,16,15,14,13,12,27,12,0,0,0,0,
1000,반석역 - 조형아파트,14,가재마을7단지,0,0,3,3,7,10,23,6,7,16,8,12,12,19,13,14,11,11,26,6,0,0,0,0,
1000,반석역 - 조형아파트,15,종촌고(가재마을3.4단지),0,0,5,4,6,11,22,7,6,14,7,10,10,16,13,12,9,12,20,11,0,0,0,0,
1000,반석역 - 조형아파트,16,가락마을7.8단지,0,0,4,5,7,10,14,6,5,12,16,9,10,12,8,13,8,10,12,8,0,0,0,0,
1000,반석역 - 조형아파트,17,가락마을8단지,0,0,7,6,9,9,9,0,5,4,7,9,8,15,11,8,5,10,0,0,0,0,0,0,
1000,반석역 - 조형아파트,18,시립도서관.대법원등기정보센터,0,0,8,0,6,7,9,8,7,12,11,11,8,16,14,15,7,9,13,10,0,0,0,0,
1000,반석역 - 조형아파트,19,가락마을20.21단지,0,0,1,0,4,9,6,11,8,6,6,10,8,19,12,13,8,13,13,0,0,0,0,0,
1000,반석역 - 조형아파트,20,두루초.중학교,0,0,8,0,0,7,7,0,7,7,7,7,4,0,11,12,0,14,12,0,0,0,0,0,
1000,반석역 - 조형아파트,21,가락마을22단지,0,0,10,7,5,9,0,12,6,13,7,11,0,18,12,13,0,0,4,7,0,0,0,0,
1000,반석역 - 조형아파트,22,연기리,0,0,0,6,0,8,0,3,0,0,0,0,0,19,0,0,0,13,0,0,0,0,0,0,
1000,반석역 - 조형아파트,23,봉암리,0,0,3,0,0,9,0,0,0,0,9,9,7,10,0,12,7,0,0,0,0,0,0,0,
1000,반석역 - 조형아파트,24,월하리,0,0,2,0,8,0,6,10,7,0,11,10,8,21,12,0,0,0,6,0,0,0,0,0,
1000,반석역 - 조형아파트,25,자이아파트,0,0,3,2,7,10,10,1,6,7,8,8,8,12,9,10,11,14,12,11,0,0,0,0,
1000,반석역 - 조형아파트,26,신흥사거리,0,0,9,1,5,7,7,4,2,8,0,9,7,9,7,9,10,12,11,3,0,0,0,0,
1000,반석역 - 조형아파트,27,조치원역뒤편,0,0,1,2,2,3,4,3,5,5,7,6,7,5,11,9,7,11,14,14,3,0,0,0,
1000,반석역 - 조형아파트,28,세무서출장민원실,0,0,2,1,2,1,0,1,5,7,8,6,8,7,11,8,8,12,13,15,0,0,0,0,
1000,반석역 - 조형아파트,29,고려대학교,0,0,0,0,2,2,0,0,3,0,7,5,7,6,9,7,5,10,12,10,1,0,0,0,
1000,반석역 - 조형아파트,30,신안리마을회관,0,0,1,0,0,0,2,0,0,1,1,1,3,0,2,1,2,1,2,1,0,0,0,0,
1000,반석역 - 조형아파트,31,홍익대학교,0,0,0,0,1,0,1,0,0,0,0,0,0,0,1,0,0,0,0,0,0,0,0,0,
1000,반석역 - 조형아파트,32,신안2리(안터),0,0,0,0,0,0,0,0,0,0,0,0,0,0,0,0,0,0,1,0,0,0,0,0,
1000,반석역 - 조형아파트,33,신안2리입구,0,0,0,0,1,0,0,0,0,0,0,0,0,0,0,0,0,0,0,0,0,0,0,0,
1000,반석역 - 조형아파트,34,조형아파트,0,0,0,0,0,0,0,0,0,0,0,0,0,0,0,0,0,0,0,0,0,0,0,0,
1000-1,조형아파트 - 반석역,1,조형아파트,0,0,1,0,1,1,1,1,1,1,1,0,3,2,0,0,3,1,1,0,0,0,0,0,
1000-1,조형아파트 - 반석역,2,신안2리입구,0,0,1,0,1,1,1,1,1,1,1,0,3,2,0,0,3,1,1,0,0,0,0,0,
1000-1,조형아파트 - 반석역,3,신안2리(안터),0,0,0,0,0,1,2,0,0,2,0,0,0,0,0,0,0,0,0,0,0,0,0,0,
1000-1,조형아파트 - 반석역,4,홍익대학교,0,1,0,0,0,0,3,3,4,3,2,5,1,1,1,0,0,0,0,0,0,0,0,0,
1000-1,조형아파트 - 반석역,5,신안리마을회관,0,2,0,3,4,5,12,7,9,11,5,7,6,7,4,3,5,2,0,4,0,0,0,0,
1000-1,조형아파트 - 반석역,6,고려대학교,0,0,2,1,0,10,14,8,12,11,8,8,8,9,5,4,0,5,0,0,0,0,0,0,
1000-1,조형아파트 - 반석역,7,세무서출장민원실,0,0,1,3,3,9,10,7,13,11,7,7,7,10,2,0,0,4,0,3,0,0,0,0,
1000-1,조형아파트 - 반석역,8,조치원역뒤편,0,1,1,3,6,7,8,5,10,17,10,13,14,16,9,5,5,9,5,9,0,0,0,0,
1000-1,조형아파트 - 반석역,9,신흥사거리,0,2,0,0,6,8,7,6,11,18,12,14,14,15,8,6,6,8,4,0,0,0,0,0,
1000-1,조형아파트 - 반석역,10,자이아파트,0,0,0,0,7,9,8,9,10,18,13,13,16,16,7,4,4,7,5,8,0,0,0,0,
1000-1,조형아파트 - 반석역,11,월하리,0,3,0,4,7,5,0,0,9,17,12,12,0,10,15,0,0,0,0,0,0,0,0,0,
1000-1,조형아파트 - 반석역,12,봉암리,0,0,0,5,0,6,0,10,11,9,18,14,0,17,0,0,0,0,4,0,0,0,0,0,
1000-1,조형아파트 - 반석역,13,연기리,0,2,0,0,0,8,0,0,8,8,0,9,0,0,0,0,0,7,0,0,0,0,0,0,
1000-1,조형아파트 - 반석역,14,가락마을22단지,0,1,0,0,0,6,4,0,10,0,11,16,12,15,0,0,3,6,0,7,0,0,0,0,
1000-1,조형아파트 - 반석역,15,두루초.중학교,0,0,0,3,4,8,5,10,11,12,21,15,5,5,14,2,2,5,1,6,0,0,0,0,
1000-1,조형아파트 - 반석역,16,가락마을20.21단지,0,0,0,0,7,9,6,11,12,9,21,16,0,13,0,3,4,4,6,0,0,0,0,0,
1000-1,조형아파트 - 반석역,17,시립도서관.대법원등기정보센터,0,0,0,2,6,8,6,8,8,11,17,16,12,17,13,5,7,5,7,0,0,0,0,0,
1000-1,조형아파트 - 반석역,18,가락마을8단지,0,0,0,0,6,8,7,0,0,0,17,7,0,17,11,6,4,0,6,0,0,0,0,0,
1000-1,조형아파트 - 반석역,19,가락마을7.8단지,0,0,3,4,11,10,10,6,9,5,21,14,12,15,15,7,4,4,7,3,0,0,0,0,
1000-1,조형아파트 - 반석역,20,종촌고(가재마을3.4단지),0,0,6,3,12,13,15,11,12,14,18,14,9,10,16,5,4,5,6,0,0,0,0,0,
1000-1,조형아파트 - 반석역,21,가재마을7단지,0,0,8,3,15,13,17,10,13,13,18,12,11,6,8,4,7,6,4,4,0,0,0,0,
1000-1,조형아파트 - 반석역,22,가재마을5.8단지,0,0,13,0,14,16,14,0,14,14,20,13,14,8,19,4,9,12,5,5,0,0,0,0,
1000-1,조형아파트 - 반석역,23,어진중학교(한뜰마을4단지),0,0,0,0,10,17,17,11,14,15,16,13,15,9,15,3,6,1,0,0,0,0,0,0,
1000-1,조형아파트 - 반석역,24,다정동(대성고등학교),0,0,0,1,8,14,14,10,12,12,15,11,12,10,9,2,7,11,0,3,0,0,0,0,
1000-1,조형아파트 - 반석역,25,한국산업인력공단세종지사,0,0,3,0,0,14,14,8,13,11,10,7,7,8,8,4,5,12,8,4,0,0,0,0,
1000-1,조형아파트 - 반석역,26,새롬동.나성동(청소년센터),0,0,8,0,7,12,10,5,15,9,15,5,4,4,5,0,0,10,9,2,0,0,0,0,
1000-1,조형아파트 - 반석역,27,한솔동(첫마을),0,0,7,1,4,10,9,9,8,6,8,6,7,6,10,5,6,6,11,1,0,0,0,0,
1000-1,조형아파트 - 반석역,28,세종고속시외버스터미널,0,0,7,1,6,9,10,7,8,5,9,6,6,5,9,5,9,5,10,3,0,0,0,0,
1000-1,조형아파트 - 반석역,29,대평동(해들마을),0,0,6,1,5,9,5,0,6,4,8,6,5,3,5,5,5,0,10,0,0,0,0,0,
1000-1,조형아파트 - 반석역,30,대평동커뮤니티센터,0,0,5,4,7,11,11,11,7,5,7,8,5,4,1,4,6,3,9,5,0,0,0,0,
1000-1,조형아파트 - 반석역,31,한국농어촌공사,0,0,3,3,6,7,10,11,6,3,6,6,4,2,4,3,7,3,8,3,0,0,0,0,
1000-1,조형아파트 - 반석역,32,금남면사무소,0,0,5,1,8,8,13,14,5,7,5,7,5,4,3,3,4,3,5,2,0,0,0,0,
1000-1,조형아파트 - 반석역,33,발산리,0,0,0,0,7,5,12,12,4,8,5,5,0,0,0,0,0,0,0,0,0,0,0,0,
1000-1,조형아파트 - 반석역,34,반석역,0,0,0,0,0,0,0,0,0,0,0,0,0,0,0,0,0,0,0,0,0,0,0,0,
1001,새나루마을10단지 - 새나루마을10단지,1,새나루마을10단지,0,0,0,0,0,1,0,0,0,2,0,0,1,0,0,0,0,0,0,0,0,0,0,0,
1001,새나루마을10단지 - 새나루마을10단지,2,집현동,0,0,0,1,0,2,1,0,0,0,1,0,0,0,0,0,0,0,0,0,0,0,0,0,
1001,새나루마을10단지 - 새나루마을10단지,3,반곡동(수루배마을),0,0,3,1,0,3,6,1,0,2,6,0,2,1,1,0,2,1,0,0,0,0,0,0,
1001,새나루마을10단지 - 새나루마을10단지,4,국책연구단지동측,0,0,0,0,0,4,9,0,0,3,8,0,0,1,2,0,0,2,0,0,0,0,0,0,
1001,새나루마을10단지 - 새나루마을10단지,5,국책연구단지남측,0,0,4,0,0,5,10,0,0,7,7,0,3,2,0,0,0,0,0,0,0,0,0,0,
1001,새나루마을10단지 - 새나루마을10단지,6,대전세종연구원,0,0,1,0,0,6,11,0,0,8,5,0,0,3,4,0,0,1,0,0,0,0,0,0,
1001,새나루마을10단지 - 새나루마을10단지,7,한국개발연구원(KDI),0,0,3,2,0,6,13,8,0,12,10,0,0,5,6,0,3,5,0,0,0,0,0,0,
1001,새나루마을10단지 - 새나루마을10단지,8,둔곡교차로,0,0,3,2,0,6,13,8,0,12,10,0,0,5,6,0,3,5,0,0,0,0,0,0,
1001,새나루마을10단지 - 새나루마을10단지,9,씨에이치씨랩,0,0,0,0,0,0,0,0,0,0,0,0,0,0,5,0,1,2,0,0,0,0,0,0,
1001,새나루마을10단지 - 새나루마을10단지,10,서한이다음1단지,0,0,3,5,0,6,13,14,0,15,12,11,0,17,3,0,1,6,0,0,0,0,0,0,
1001,새나루마을10단지 - 새나루마을10단지,11,서한이다음2단지,0,0,4,7,0,0,13,15,0,23,12,13,0,17,5,0,2,6,0,0,0,0,0,0,
1001,새나루마을10단지 - 새나루마을10단지,12,송강마을아파트,0,0,2,5,0,8,12,16,0,22,15,14,0,18,4,0,0,5,0,0,0,0,0,0,
1001,새나루마을10단지 - 새나루마을10단지,13,롯데마트대덕점,0,0,0,2,0,0,13,15,0,21,13,12,0,10,9,0,4,3,0,0,0,0,0,0,
1001,새나루마을10단지 - 새나루마을10단지,14,현대아울렛남문,0,0,3,4,0,0,10,10,0,19,17,15,0,16,15,0,8,10,0,0,0,0,0,0,
1001,새나루마을10단지 - 새나루마을10단지,15,용산고등학교,0,0,0,2,0,0,12,11,0,0,18,0,0,17,14,0,0,9,0,0,0,0,0,0,
1001,새나루마을10단지 - 새나루마을10단지,16,테크노밸리12단지,0,0,3,5,0,0,11,10,0,21,12,18,0,18,17,0,10,11,0,0,0,0,0,0,
1001,새나루마을10단지 - 새나루마을10단지,17,테크노밸리6단지,0,0,1,7,0,0,0,13,0,22,14,17,0,21,0,0,9,0,0,0,0,0,0,0,
1001,새나루마을10단지 - 새나루마을10단지,18,테크노밸리2단지,0,0,2,3,0,0,12,15,0,0,23,0,0,20,16,0,8,10,0,0,0,0,0,0,
1001,새나루마을10단지 - 새나루마을10단지,19,대덕고등학교,0,0,1,0,1,0,14,16,0,0,22,16,0,22,0,0,0,9,9,0,0,0,0,0,
1001,새나루마을10단지 - 새나루마을10단지,20,국립중앙과학관입구,0,0,2,6,0,0,12,13,0,0,15,15,0,19,15,0,2,7,8,0,0,0,0,0,
1001,새나루마을10단지 - 새나루마을10단지,21,통계센터,0,0,0,3,0,0,7,5,5,0,7,9,0,12,7,1,0,3,0,0,0,0,0,0,
1001,새나루마을10단지 - 새나루마을10단지,22,둔산2동주민센터,0,0,0,0,0,0,4,3,4,0,5,4,0,11,2,0,0,1,0,0,0,0,0,0,
1001,새나루마을10단지 - 새나루마을10단지,23,시청환승지,0,0,0,2,1,0,1,3,1,0,4,3,3,0,5,6,0,1,4,0,0,0,0,0,
1001,새나루마을10단지 - 새나루마을10단지,24,둔산2동주민센터,0,0,0,1,2,0,0,4,4,0,3,11,6,0,7,1,0,2,6,0,0,0,0,0,
1001,새나루마을10단지 - 새나루마을10단지,25,둔산경찰서,0,0,0,10,8,0,5,17,12,0,11,24,9,0,15,11,0,4,9,0,0,0,0,0,
1001,새나루마을10단지 - 새나루마을10단지,26,신세계백화점,0,0,0,6,7,0,0,19,11,0,13,32,9,0,19,17,0,7,10,0,0,0,0,0,
1001,새나루마을10단지 - 새나루마을10단지,27,대덕고등학교,0,0,0,0,0,0,0,20,9,0,0,21,30,0,14,16,0,0,10,0,0,0,0,0,
1001,새나루마을10단지 - 새나루마을10단지,28,테크노밸리2단지,0,0,0,0,8,0,0,18,8,0,0,22,26,0,16,14,0,5,8,8,0,0,0,0,
1001,새나루마을10단지 - 새나루마을10단지,29,테크노밸리6단지,0,0,0,0,0,0,0,17,0,0,0,13,22,0,12,11,0,0,0,0,0,0,0,0,
1001,새나루마을10단지 - 새나루마을10단지,30,테크노밸리12단지,0,0,0,7,6,6,0,17,8,0,0,18,21,0,13,12,0,3,6,6,0,0,0,0,
1001,새나루마을10단지 - 새나루마을10단지,31,용산고등학교,0,0,0,5,0,3,0,16,7,0,0,14,20,0,12,8,0,2,5,5,0,0,0,0,
1001,새나루마을10단지 - 새나루마을10단지,32,현대아울렛북문,0,0,0,4,1,1,0,7,8,0,0,15,10,0,17,13,0,4,4,6,0,0,0,0,
1001,새나루마을10단지 - 새나루마을10단지,33,롯데마트대덕점,0,0,0,0,2,0,0,8,6,0,0,16,13,0,16,15,0,5,7,5,0,0,0,0,
1001,새나루마을10단지 - 새나루마을10단지,34,휴먼시아아파트,0,0,0,4,3,2,0,3,7,5,0,13,16,0,12,16,17,7,7,3,0,0,0,0,
1001,새나루마을10단지 - 새나루마을10단지,35,서한이다음2단지,0,0,0,0,5,2,0,6,7,0,0,8,10,0,10,15,9,0,4,4,0,0,0,0,
1001,새나루마을10단지 - 새나루마을10단지,36,우미린아파트,0,0,0,0,2,3,0,7,7,4,0,6,5,0,9,12,0,0,6,3,0,0,0,0,
1001,새나루마을10단지 - 새나루마을10단지,37,씨에이치씨랩,0,0,0,0,4,0,0,0,0,0,0,0,7,0,8,10,0,0,4,2,0,0,0,0,
1001,새나루마을10단지 - 새나루마을10단지,38,둔곡교차로,0,0,0,0,0,2,0,0,0,0,0,0,0,0,0,11,0,0,0,0,0,0,0,0,
1001,새나루마을10단지 - 새나루마을10단지,39,한국개발연구원(KDI),0,0,0,0,2,2,0,0,4,6,0,7,9,0,0,5,4,0,5,0,0,0,0,0,
1001,새나루마을10단지 - 새나루마을10단지,40,법원.검찰청.경찰청,0,0,0,0,0,1,0,0,2,4,0,4,5,2,0,3,2,0,4,1,0,0,0,0,
1001,새나루마을10단지 - 새나루마을10단지,41,국책연구단지남측,0,0,0,0,0,1,0,0,1,2,0,0,2,1,0,1,0,0,0,0,0,0,0,0,
1001,새나루마을10단지 - 새나루마을10단지,42,국책연구단지동측,0,0,0,0,0,0,0,0,0,0,0,1,1,0,0,2,0,0,0,0,0,0,0,0,
1001,새나루마을10단지 - 새나루마을10단지,43,반곡동(수루배마을),0,0,0,0,0,0,0,0,1,1,0,1,1,0,0,1,0,0,2,0,0,0,0,0,
1001,새나루마을10단지 - 새나루마을10단지,44,집현동,0,0,0,0,0,0,0,0,0,1,0,0,0,0,0,0,0,0,1,0,0,0,0,0,
1001,새나루마을10단지 - 새나루마을10단지,45,새나루마을10단지,0,0,0,0,0,0,0,0,0,0,0,0,0,0,0,0,0,0,0,0,0,0,0,0,
1002,충대농대종점 - 충대농대종점,1,충대농대종점,0,0,0,0,0,0,0,1,0,0,0,1,1,0,1,0,0,0,0,0,0,0,0,0,
1002,충대농대종점 - 충대농대종점,2,한빛아파트,0,1,2,0,2,5,3,3,3,4,4,4,3,2,2,2,3,1,0,0,0,0,0,0,
1002,충대농대종점 - 충대농대종점,3,충대농대입구,0,0,2,0,3,3,2,2,4,4,8,6,3,3,5,0,5,0,0,0,0,0,0,0,
1002,충대농대종점 - 충대농대종점,4,궁동,0,0,3,0,2,7,3,0,6,6,10,11,4,5,6,3,3,2,1,0,0,0,0,0,
1002,충대농대종점 - 충대농대종점,5,충남대학교,0,0,2,1,6,8,4,13,10,10,15,13,9,13,8,5,11,6,4,0,0,0,0,0,
1002,충대농대종점 - 충대농대종점,6,장대네거리,0,0,0,2,8,0,5,14,12,11,17,11,8,14,6,10,8,0,0,0,0,0,0,0,
1002,충대농대종점 - 충대농대종점,7,죽동네거리,0,0,0,0,0,0,0,15,7,10,16,13,9,0,5,0,9,0,0,0,0,0,0,0,
1002,충대농대종점 - 충대농대종점,8,노은농수산물시장,0,0,3,0,0,4,2,4,0,11,16,11,7,14,11,19,12,7,0,0,0,0,0,0,
1002,충대농대종점 - 충대농대종점,9,월드컵경기장역,0,0,4,4,7,6,5,16,13,15,17,15,12,17,15,23,17,11,9,0,0,0,0,0,
1002,충대농대종점 - 충대농대종점,10,영무예다음아파트,0,0,0,0,6,6,0,16,12,11,9,14,10,17,14,21,13,14,0,0,0,0,0,0,
1002,충대농대종점 - 충대농대종점,11,노은휴먼시아4단지,0,0,1,0,9,5,7,15,14,8,14,9,8,12,10,18,7,10,7,0,0,0,0,0,
1002,충대농대종점 - 충대농대종점,12,새미래중학교,0,0,0,3,1,0,0,0,9,0,15,0,0,11,6,0,0,0,6,0,0,0,0,0,
1002,충대농대종점 - 충대농대종점,13,트리풀시티포레1단지,0,3,2,3,11,8,11,10,11,8,5,10,7,9,9,12,4,8,4,0,0,0,0,0,
1002,충대농대종점 - 충대농대종점,14,계룡리슈빌아파트,0,0,2,2,9,4,9,8,10,2,3,7,8,9,10,10,0,9,3,0,0,0,0,0,
1002,충대농대종점 - 충대농대종점,15,해랑숲마을5단지,0,0,4,0,0,7,10,9,7,0,13,0,7,7,3,10,6,7,0,0,0,0,0,0,
1002,충대농대종점 - 충대농대종점,16,꿈에그린아파트,0,0,0,3,9,8,13,10,6,10,14,6,7,5,8,10,2,4,2,0,0,0,0,0,
1002,충대농대종점 - 충대농대종점,17,군수사령부,0,0,3,0,0,4,0,9,0,0,0,5,0,0,0,0,0,0,0,0,0,0,0,0,
1002,충대농대종점 - 충대농대종점,18,반석2통,0,0,0,4,6,9,9,8,7,9,4,0,8,8,11,12,9,1,0,0,0,0,0,0,
1002,충대농대종점 - 충대농대종점,19,반석마을5단지,0,0,3,2,5,8,8,5,7,7,16,12,10,6,9,8,12,6,2,0,0,0,0,0,
1002,충대농대종점 - 충대농대종점,20,반석마을입구,0,0,0,2,4,8,11,6,11,10,15,11,13,9,9,11,15,0,0,0,0,0,0,0,
1002,충대농대종점 - 충대농대종점,21,외삼삼거리,0,0,0,0,0,9,0,0,0,0,0,7,0,0,0,9,0,0,0,0,0,0,0,0,
1002,충대농대종점 - 충대농대종점,22,세종고속시외버스터미널,0,0,3,0,4,0,8,2,7,7,12,10,7,8,6,5,12,5,0,0,0,0,0,0,
1002,충대농대종점 - 충대농대종점,23,대평동(해들마을),0,0,0,1,2,8,6,5,5,6,0,7,8,6,6,2,8,4,1,0,0,0,0,0,
1002,충대농대종점 - 충대농대종점,24,보람동(해들마을),0,0,2,0,0,6,5,6,0,3,8,8,0,6,5,1,9,3,0,0,0,0,0,0,
1002,충대농대종점 - 충대농대종점,25,세종시청.교육청.시의회,0,0,2,0,1,4,4,4,4,2,7,5,6,6,9,7,8,4,6,0,0,0,0,0,
1002,충대농대종점 - 충대농대종점,26,세종우체국(남부서.보람초),0,0,1,0,0,3,0,3,2,0,6,0,5,0,8,0,10,0,0,0,0,0,0,0,
1002,충대농대종점 - 충대농대종점,27,소담동(새샘마을),0,0,0,1,2,2,1,2,0,2,1,4,3,4,6,7,8,2,2,0,0,0,0,0,
1002,충대농대종점 - 충대농대종점,28,법원.검찰청.경찰청,0,0,1,0,0,0,0,3,1,3,0,5,0,6,0,7,5,3,0,0,0,0,0,0,
1002,충대농대종점 - 충대농대종점,29,국책연구단지남측,0,0,0,0,0,1,0,2,0,1,0,2,0,6,0,0,4,1,0,0,0,0,0,0,
1002,충대농대종점 - 충대농대종점,30,국책연구단지동측,0,0,0,0,0,0,0,0,1,2,0,0,0,0,0,6,0,2,0,0,0,0,0,0,
1002,충대농대종점 - 충대농대종점,31,반곡동(수루배마을),0,0,0,0,0,0,0,1,0,4,2,2,2,4,2,6,2,0,0,0,0,0,0,0,
1002,충대농대종점 - 충대농대종점,32,반곡고등학교,0,0,0,0,0,0,0,0,0,1,0,1,0,3,1,0,0,0,0,0,0,0,0,0,
1002,충대농대종점 - 충대농대종점,33,수루배마을6단지,0,0,0,0,0,0,0,0,0,1,0,0,0,2,0,5,1,1,0,0,0,0,0,0,
1002,충대농대종점 - 충대농대종점,34,새나루마을9.10단지,0,0,0,0,0,0,0,0,0,0,0,0,0,0,0,0,0,0,0,0,0,0,0,0,
1002,충대농대종점 - 충대농대종점,35,집현동기점지,0,0,0,0,0,0,0,0,0,0,0,0,0,0,0,0,0,0,0,0,0,0,0,0,
1002,충대농대종점 - 충대농대종점,36,집현동기점지,0,0,0,0,0,0,0,0,0,0,0,0,0,0,0,0,0,0,0,0,0,0,0,0,
1002,충대농대종점 - 충대농대종점,37,새나루마을9.10단지,0,1,0,1,1,2,3,3,3,2,1,4,4,1,0,0,0,0,2,0,0,0,0,0,
1002,충대농대종점 - 충대농대종점,38,수루배마을6단지,0,1,0,1,1,2,3,3,3,2,1,4,4,1,0,0,0,0,2,0,0,0,0,0,
1002,충대농대종점 - 충대농대종점,39,반곡고등학교,0,0,0,0,2,3,3,4,4,6,2,0,5,2,1,2,2,2,1,0,0,0,0,0,
1002,충대농대종점 - 충대농대종점,40,반곡동(수루배마을),0,0,1,1,3,4,4,4,7,1,3,5,7,3,0,4,0,1,2,0,0,0,0,0,
1002,충대농대종점 - 충대농대종점,41,국책연구단지동측,0,2,0,0,5,0,0,3,0,7,0,0,0,4,0,5,0,0,0,0,0,0,0,0,
1002,충대농대종점 - 충대농대종점,42,국책연구단지남측,0,0,0,0,6,0,1,2,4,0,3,0,8,0,0,2,0,0,0,0,0,0,0,0,
1002,충대농대종점 - 충대농대종점,43,법원.검찰청.경찰청,0,0,0,2,3,5,6,1,5,8,4,4,0,0,2,0,3,0,3,0,0,0,0,0,
1002,충대농대종점 - 충대농대종점,44,소담동(새샘마을),0,0,0,5,8,5,9,5,10,3,6,8,7,2,1,5,1,0,4,0,0,0,0,0,
1002,충대농대종점 - 충대농대종점,45,세종우체국(남부서.보람초),0,0,2,0,0,9,6,3,11,0,0,0,9,0,2,6,0,0,5,0,0,0,0,0,
1002,충대농대종점 - 충대농대종점,46,세종시청.교육청.시의회,0,3,0,0,3,8,11,0,12,7,7,8,8,2,4,5,4,3,7,0,0,0,0,0,
1002,충대농대종점 - 충대농대종점,47,보람동(호려울마을),0,0,3,4,0,7,13,4,14,12,0,8,5,5,5,0,0,4,0,0,0,0,0,0,
1002,충대농대종점 - 충대농대종점,48,대평동(해들마을),0,0,0,0,5,6,16,0,14,11,3,0,0,3,0,4,4,2,8,0,0,0,0,0,
1002,충대농대종점 - 충대농대종점,49,세종고속시외버스터미널,0,0,1,6,7,7,10,5,12,9,8,0,0,7,9,7,5,13,12,0,0,0,0,0,
1002,충대농대종점 - 충대농대종점,50,외삼1통,0,0,0,0,0,0,0,0,0,0,0,0,0,0,0,6,0,0,0,0,0,0,0,0,
1002,충대농대종점 - 충대농대종점,51,반석마을입구,0,0,0,0,0,0,0,0,0,10,12,0,0,0,7,0,4,7,0,0,0,0,0,0,
1002,충대농대종점 - 충대농대종점,52,반석역3번출구,0,0,3,1,6,6,3,7,10,8,13,15,8,18,14,17,13,9,18,7,0,0,0,0,
1002,충대농대종점 - 충대농대종점,53,반석2통,0,0,0,4,5,2,4,4,0,6,0,14,0,18,16,19,12,6,17,9,0,0,0,0,
1002,충대농대종점 - 충대농대종점,54,군수사령부,0,0,0,0,1,3,5,3,5,7,14,0,9,7,11,14,7,0,17,0,0,0,0,0,
1002,충대농대종점 - 충대농대종점,55,꿈에그린아파트,0,0,0,5,2,6,4,6,12,11,11,13,10,14,13,10,5,8,14,4,0,0,0,0,
1002,충대농대종점 - 충대농대종점,56,해랑숲마을5단지,0,0,0,4,5,6,7,9,7,0,10,11,9,5,12,10,3,10,11,0,0,0,0,0,
1002,충대농대종점 - 충대농대종점,57,해랑숲마을6단지,0,0,2,3,6,7,10,10,11,13,12,10,16,16,13,12,7,10,12,0,0,0,0,0,
1002,충대농대종점 - 충대농대종점,58,에코힐7단지,0,0,2,4,10,10,12,15,13,17,11,11,18,12,8,11,5,9,7,6,0,0,0,0,
1002,충대농대종점 - 충대농대종점,59,새미래중학교,0,0,0,0,0,0,12,0,11,6,11,10,17,7,10,13,4,4,0,0,0,0,0,0,
1002,충대농대종점 - 충대농대종점,60,노은휴먼시아4단지,0,0,5,6,16,16,20,17,19,20,15,9,20,10,12,11,5,0,11,7,0,0,0,0,
1002,충대농대종점 - 충대농대종점,61,영무예다음아파트,0,0,4,6,15,18,21,19,15,27,16,15,24,9,7,10,0,8,0,0,0,0,0,0,
1002,충대농대종점 - 충대농대종점,62,월드컵경기장역,0,0,3,4,10,8,13,10,16,16,11,14,17,7,7,10,4,1,14,7,0,0,0,0,
1002,충대농대종점 - 충대농대종점,63,노은농수산물시장,0,0,0,3,5,3,11,9,0,5,10,5,7,0,17,9,6,5,5,0,0,0,0,0,
1002,충대농대종점 - 충대농대종점,64,죽동네거리,0,0,0,2,0,9,13,10,7,16,9,0,6,0,14,6,11,2,12,6,0,0,0,0,
1002,충대농대종점 - 충대농대종점,65,온천2동주민센터,0,0,0,2,9,0,12,9,2,0,0,4,7,5,12,0,1,0,10,0,0,0,0,0,
1002,충대농대종점 - 충대농대종점,66,충남대학교,0,0,1,1,3,4,8,7,5,12,4,3,3,2,4,11,4,3,7,6,0,0,0,0,
1002,충대농대종점 - 충대농대종점,67,궁동,0,0,0,1,1,3,4,1,3,6,2,2,2,0,3,3,3,2,5,3,0,0,0,0,
1002,충대농대종점 - 충대농대종점,68,한빛아파트,0,0,0,0,1,0,1,0,0,1,0,2,0,0,0,0,2,0,1,0,0,0,0,0,
1002,충대농대종점 - 충대농대종점,69,충대농대종점,0,0,0,0,0,0,0,0,0,0,0,0,0,0,0,0,0,0,0,0,0,0,0,0,
1003,반석역 - 바이오폴리스B3지구,1,반석역,0,0,0,4,3,6,3,5,5,8,5,13,8,5,15,12,9,6,5,0,0,0,0,0,
1003,반석역 - 바이오폴리스B3지구,2,새뜸마을1.2단지,0,0,0,0,4,3,0,5,4,4,7,9,9,4,11,13,6,5,7,0,0,0,0,0,
1003,반석역 - 바이오폴리스B3지구,3,세종기상관측소(새뜸3.4단지),0,0,0,0,5,0,2,7,3,3,6,10,10,5,0,12,6,6,6,0,0,0,0,0,
1003,반석역 - 바이오폴리스B3지구,4,가득초등학교정문,0,0,1,3,4,0,4,3,0,0,5,9,11,0,6,13,15,0,4,0,0,0,0,0,
1003,반석역 - 바이오폴리스B3지구,5,가락마을6단지,0,0,2,2,6,2,5,5,3,5,3,10,11,7,7,11,14,5,5,0,0,0,0,0,
1003,반석역 - 바이오폴리스B3지구,6,고운동커뮤니티센터남측,0,0,3,0,4,4,7,6,3,9,9,7,9,9,9,9,9,7,5,0,0,0,0,0,
1003,반석역 - 바이오폴리스B3지구,7,가락마을9.11단지,0,0,1,1,5,4,1,8,5,9,9,5,6,8,7,9,8,7,5,0,0,0,0,0,
1003,반석역 - 바이오폴리스B3지구,8,가락마을10.13단지,0,0,0,3,7,6,2,5,8,10,8,5,7,9,8,8,9,8,5,0,0,0,0,0,
1003,반석역 - 바이오폴리스B3지구,9,가락마을17.18단지,0,0,4,5,9,5,6,9,5,8,7,6,7,7,9,9,9,8,3,0,0,0,0,0,
1003,반석역 - 바이오폴리스B3지구,10,가락마을22단지,0,0,0,2,5,6,0,0,0,9,7,0,9,2,7,6,12,6,3,0,0,0,0,0,
1003,반석역 - 바이오폴리스B3지구,11,연기리,0,0,0,3,10,3,0,0,0,5,3,0,0,0,0,5,7,0,0,0,0,0,0,0,
1003,반석역 - 바이오폴리스B3지구,12,봉암리,0,0,0,6,11,0,6,0,5,4,0,0,10,0,0,10,0,0,3,0,0,0,0,0,
1003,반석역 - 바이오폴리스B3지구,13,월하리,0,0,0,0,2,10,7,0,0,0,0,0,6,0,0,0,9,0,0,0,0,0,0,0,
1003,반석역 - 바이오폴리스B3지구,14,자이아파트,0,0,3,0,7,0,8,9,4,8,4,6,14,6,8,10,10,7,3,1,0,0,0,0,
1003,반석역 - 바이오폴리스B3지구,15,신흥사거리,0,0,4,1,8,11,0,3,5,3,4,5,17,8,9,7,6,6,0,0,0,0,0,0,
1003,반석역 - 바이오폴리스B3지구,16,세종시문화예술회관,0,0,0,0,2,0,0,7,8,0,0,0,18,0,0,0,0,0,2,0,0,0,0,0,
1003,반석역 - 바이오폴리스B3지구,17,신봉초등학교,0,0,0,5,10,5,0,2,9,6,7,6,17,5,5,9,0,6,1,0,0,0,0,0,
1003,반석역 - 바이오폴리스B3지구,18,욱일아파트,0,0,0,3,11,10,6,8,8,7,7,8,11,9,4,9,15,9,0,0,0,0,0,0,
1003,반석역 - 바이오폴리스B3지구,19,조치원역,0,0,1,0,12,6,4,5,6,7,4,7,10,6,4,8,5,6,1,2,0,0,0,0,
1003,반석역 - 바이오폴리스B3지구,20,조치원전통시장북측,0,0,2,0,0,5,6,0,1,8,3,6,11,6,5,0,0,6,1,0,0,0,0,0,
1003,반석역 - 바이오폴리스B3지구,21,조치원버스터미널,0,0,0,0,0,0,0,4,2,7,0,0,0,8,4,0,4,5,0,0,0,0,0,0,
1003,반석역 - 바이오폴리스B3지구,22,오송3리,0,0,1,0,0,1,0,4,7,7,0,0,0,5,3,0,0,3,3,0,0,0,0,0,
1003,반석역 - 바이오폴리스B3지구,23,오송역종점,0,0,0,2,2,3,1,3,2,10,3,6,12,7,9,7,6,11,5,1,0,0,0,0,
1003,반석역 - 바이오폴리스B3지구,24,오송역북문삼거리,0,0,0,1,0,3,2,4,4,8,9,4,9,8,4,0,4,12,4,4,0,0,0,0,
1003,반석역 - 바이오폴리스B3지구,25,바이오폴리스C15지구,0,0,0,0,0,2,0,0,0,7,0,5,8,2,0,6,0,10,3,0,0,0,0,0,
1003,반석역 - 바이오폴리스B3지구,26,점촌어린이공원,0,0,0,0,2,0,1,2,2,4,4,3,5,4,4,3,5,2,1,0,0,0,0,0,
1003,반석역 - 바이오폴리스B3지구,27,오송역파라곤센트럴시티1차서측,0,0,0,0,0,0,0,1,0,1,0,0,2,3,1,2,1,5,2,0,0,0,0,0,
1003,반석역 - 바이오폴리스B3지구,28,바이오폴리스B3지구,0,0,0,0,0,0,0,0,0,0,0,0,0,0,0,0,0,0,0,0,0,0,0,0,
1003-1,바이오폴리스B3지구 - 반석역,1,바이오폴리스B3지구,0,1,0,1,3,2,1,2,0,2,1,1,0,2,1,1,0,5,0,0,0,0,0,0,
1003-1,바이오폴리스B3지구 - 반석역,2,오송역파라곤센트럴시티2차아파트,0,0,0,2,2,3,9,6,4,2,0,2,1,3,4,2,1,4,0,0,0,0,0,0,
1003-1,바이오폴리스B3지구 - 반석역,3,점촌어린이공원,0,0,1,3,0,5,5,4,7,0,2,3,1,2,2,3,3,6,3,0,0,0,0,0,
1003-1,바이오폴리스B3지구 - 반석역,4,바이오폴리스C15지구,0,0,0,0,0,0,0,0,0,0,0,0,0,0,0,0,0,5,4,0,0,0,0,0,
1003-1,바이오폴리스B3지구 - 반석역,5,오송역북문삼거리,0,0,0,1,0,0,2,0,2,1,0,0,0,0,5,0,0,0,0,0,0,0,0,0,
1003-1,바이오폴리스B3지구 - 반석역,6,오송역종점,0,0,0,0,5,3,8,4,6,6,10,9,8,11,9,10,13,13,10,0,0,0,0,0,
1003-1,바이오폴리스B3지구 - 반석역,7,오송2리,0,0,0,0,6,1,3,0,0,6,0,0,9,0,12,0,16,0,9,0,0,0,0,0,
1003-1,바이오폴리스B3지구 - 반석역,8,조치원버스터미널,0,0,1,0,0,4,8,2,3,7,0,9,8,0,7,0,17,0,0,0,0,0,0,0,
1003-1,바이오폴리스B3지구 - 반석역,9,조치원전통시장북측,0,0,0,1,0,0,0,2,3,6,11,6,9,8,10,0,16,12,8,0,0,0,0,0,
1003-1,바이오폴리스B3지구 - 반석역,10,조치원역,0,0,0,4,2,6,8,3,5,14,13,5,15,9,16,20,18,17,9,0,0,0,0,0,
1003-1,바이오폴리스B3지구 - 반석역,11,욱일아파트,0,0,2,0,0,0,9,4,8,8,11,0,17,17,12,14,16,15,12,0,0,0,0,0,
1003-1,바이오폴리스B3지구 - 반석역,12,신봉초등학교,0,0,2,1,1,6,5,0,9,16,9,6,14,18,11,14,15,12,0,0,0,0,0,0,
1003-1,바이오폴리스B3지구 - 반석역,13,세종시문화예술회관,0,0,0,0,0,3,4,0,0,7,0,5,0,0,10,0,0,14,0,0,0,0,0,0,
1003-1,바이오폴리스B3지구 - 반석역,14,신흥사거리,0,0,0,0,3,7,10,6,10,4,9,3,15,19,10,13,14,12,2,0,0,0,0,0,
1003-1,바이오폴리스B3지구 - 반석역,15,자이아파트,0,0,3,1,5,7,12,0,7,7,17,4,7,9,9,9,12,12,10,0,0,0,0,0,
1003-1,바이오폴리스B3지구 - 반석역,16,월하리,0,0,0,0,2,8,9,0,6,0,0,0,0,5,7,6,6,0,0,0,0,0,0,0,
1003-1,바이오폴리스B3지구 - 반석역,17,봉암리,0,0,0,0,3,6,0,0,5,8,0,0,16,8,0,7,9,10,9,0,0,0,0,0,
1003-1,바이오폴리스B3지구 - 반석역,18,연기리,0,0,0,0,6,5,11,0,0,0,0,0,0,0,6,6,8,0,8,0,0,0,0,0,
1003-1,바이오폴리스B3지구 - 반석역,19,가락마을22단지,0,0,4,3,4,6,3,5,7,8,15,8,17,8,3,0,0,8,0,0,0,0,0,0,
1003-1,바이오폴리스B3지구 - 반석역,20,가락마을17.18단지,0,0,0,3,5,7,13,8,7,10,13,9,6,17,11,8,7,9,5,3,0,0,0,0,
1003-1,바이오폴리스B3지구 - 반석역,21,가락마을10.13단지,0,0,2,3,6,8,16,11,10,10,13,12,8,11,10,5,7,6,4,2,0,0,0,0,
1003-1,바이오폴리스B3지구 - 반석역,22,가락마을9.11단지,0,0,0,7,8,7,17,12,13,3,8,8,10,14,6,6,2,2,0,0,0,0,0,0,
1003-1,바이오폴리스B3지구 - 반석역,23,고운동커뮤니티센터남측,0,0,3,3,5,10,16,14,12,12,11,12,12,7,5,6,6,7,4,0,0,0,0,0,
1003-1,바이오폴리스B3지구 - 반석역,24,가락마을6단지,0,0,4,8,6,14,18,14,13,13,9,15,11,6,3,5,4,4,3,3,0,0,0,0,
1003-1,바이오폴리스B3지구 - 반석역,25,가득초등학교정문,0,0,0,0,6,13,20,0,0,0,10,7,0,13,3,5,1,1,3,2,0,0,0,0,
1003-1,바이오폴리스B3지구 - 반석역,26,가득초등학교(새뜸마을3.4단지),0,0,5,5,9,16,14,19,13,10,9,6,9,14,1,2,3,1,6,1,0,0,0,0,
1003-1,바이오폴리스B3지구 - 반석역,27,새뜸마을1.2단지,0,0,0,7,8,8,23,20,14,11,11,16,10,11,4,5,1,0,5,0,0,0,0,0,
1003-1,바이오폴리스B3지구 - 반석역,28,반석역,0,0,0,0,0,0,0,0,0,0,0,0,0,0,0,0,0,0,0,0,0,0,0,0,
1004,반석역 - 장기중학교후문,1,반석역,0,0,1,3,4,3,5,5,7,13,14,12,16,13,8,9,9,6,6,6,0,0,0,0,
1004,반석역 - 장기중학교후문,2,세종고속시외버스터미널,0,0,0,4,1,3,4,2,8,11,13,12,18,16,9,7,11,6,4,7,0,0,0,0,
1004,반석역 - 장기중학교후문,3,첫마을3단지,0,0,0,0,0,2,0,1,1,0,0,12,15,15,7,5,0,0,3,6,0,0,0,0,
1004,반석역 - 장기중학교후문,4,한솔중학교(첫마을7단지),0,0,0,4,4,4,5,0,2,0,15,7,18,13,0,0,10,4,0,2,0,0,0,0,
1004,반석역 - 장기중학교후문,5,첫마을6단지,0,0,2,0,0,0,5,0,8,4,14,11,17,12,8,5,0,3,4,0,0,0,0,0,
1004,반석역 - 장기중학교후문,6,첫마을5단지,0,0,0,3,1,0,7,0,9,15,9,9,17,13,5,6,5,0,0,3,0,0,0,0,
1004,반석역 - 장기중학교후문,7,첫마을4단지,0,0,1,0,3,0,15,4,16,16,15,10,19,17,7,6,11,2,1,0,0,0,0,0,
1004,반석역 - 장기중학교후문,8,새뜸마을5.8단지,0,0,1,2,2,3,0,14,6,17,14,8,17,14,7,5,4,4,0,5,0,0,0,0,
1004,반석역 - 장기중학교후문,9,새롬동커뮤니티센터,0,0,0,0,3,2,2,13,5,18,11,10,14,16,8,6,9,6,0,0,0,0,0,0,
1004,반석역 - 장기중학교후문,10,새뜸마을7.10단지,0,0,0,0,3,0,7,2,0,19,10,9,16,0,3,8,5,5,0,0,0,0,0,0,
1004,반석역 - 장기중학교후문,11,가온마을4.7단지,0,0,0,4,0,4,3,1,4,18,8,8,12,15,6,7,0,6,2,0,0,0,0,0,
1004,반석역 - 장기중학교후문,12,다정동커뮤니티센터,0,0,0,0,4,3,0,14,5,17,9,8,13,14,7,4,5,6,5,6,0,0,0,0,
1004,반석역 - 장기중학교후문,13,가온마을6.9단지,0,0,2,0,4,0,4,15,0,16,8,6,13,12,4,0,3,5,0,4,0,0,0,0,
1004,반석역 - 장기중학교후문,14,가재마을5.8단지,0,0,0,0,5,1,9,12,4,10,7,4,10,6,6,4,3,5,4,3,0,0,0,0,
1004,반석역 - 장기중학교후문,15,가재마을11단지,0,0,0,0,6,4,0,12,5,8,6,3,8,10,0,4,0,6,5,0,0,0,0,0,
1004,반석역 - 장기중학교후문,16,범지기마을4단지,0,0,1,0,5,0,7,10,3,7,3,4,3,0,2,1,4,0,0,0,0,0,0,0,
1004,반석역 - 장기중학교후문,17,범지기마을6.11단지,0,0,0,0,4,5,3,9,5,1,3,5,5,8,5,0,5,4,1,1,0,0,0,0,
1004,반석역 - 장기중학교후문,18,범지기마을8.12단지,0,0,0,4,3,5,7,7,4,3,5,5,7,10,8,8,5,3,6,4,0,0,0,0,
1004,반석역 - 장기중학교후문,19,아름초등학교,0,0,0,0,5,7,5,6,3,0,4,5,4,5,8,6,0,0,4,0,0,0,0,0,
1004,반석역 - 장기중학교후문,20,범지기마을10단지,0,0,0,0,2,0,5,4,2,0,2,4,0,4,0,2,6,3,0,2,0,0,0,0,
1004,반석역 - 장기중학교후문,21,범지기마을10단지북측,0,0,0,0,0,0,0,3,3,5,0,0,0,0,0,4,7,0,0,1,0,0,0,0,
1004,반석역 - 장기중학교후문,22,범지기3.9단지(청소년센터),0,0,0,3,3,5,4,0,4,1,5,3,0,4,6,5,0,6,0,2,0,0,0,0,
1004,반석역 - 장기중학교후문,23,가락마을22단지,0,0,0,1,0,0,0,2,0,5,0,6,0,3,6,0,0,0,0,0,0,0,0,0,
1004,반석역 - 장기중학교후문,24,고운동커뮤니티센터북측,0,0,0,0,1,0,0,0,0,4,4,6,0,0,0,0,0,2,0,0,0,0,0,0,
1004,반석역 - 장기중학교후문,25,가락마을17.18단지,0,0,0,0,0,0,4,0,6,11,4,7,3,4,4,4,0,4,1,3,0,0,0,0,
1004,반석역 - 장기중학교후문,26,두루고등학교,0,0,0,0,0,0,3,1,9,12,0,8,0,0,2,4,0,1,0,0,0,0,0,0,
1004,반석역 - 장기중학교후문,27,가락마을10.13단지,0,0,1,6,0,3,4,0,8,10,2,7,2,2,1,3,0,0,0,0,0,0,0,0,
1004,반석역 - 장기중학교후문,28,가락마을9.11단지,0,0,2,0,4,0,5,0,3,8,0,8,1,0,0,1,1,1,0,0,0,0,0,0,
1004,반석역 - 장기중학교후문,29,으뜸초등학교,0,0,0,0,0,0,0,3,0,11,0,5,0,0,0,0,1,0,0,0,0,0,0,0,
1004,반석역 - 장기중학교후문,30,고운동커뮤니티센터남측,0,0,0,0,0,1,3,4,1,8,1,6,1,1,1,2,1,2,1,1,0,0,0,0,
1004,반석역 - 장기중학교후문,31,고운동(만남로),0,0,0,0,0,0,4,3,0,7,0,5,0,0,0,0,0,3,0,0,0,0,0,0,
1004,반석역 - 장기중학교후문,32,봉안리(다름고개),0,0,0,0,0,0,3,2,0,0,0,4,0,0,0,0,0,0,0,0,0,0,0,0,
1004,반석역 - 장기중학교후문,33,봉안리,0,0,0,1,3,0,2,3,2,0,0,3,0,0,0,1,0,0,0,0,0,0,0,0,
1004,반석역 - 장기중학교후문,34,봉안리,0,0,0,0,0,0,0,0,0,0,0,0,0,1,0,0,3,0,0,0,0,0,0,0,
1004,반석역 - 장기중학교후문,35,봉안리(부일가든),0,0,0,0,0,0,0,0,0,0,0,0,0,0,0,0,0,0,0,0,0,0,0,0,
1004,반석역 - 장기중학교후문,36,대교리,0,0,0,0,1,0,0,0,0,1,0,0,0,0,0,0,0,0,0,0,0,0,0,0,
1004,반석역 - 장기중학교후문,37,장군면복지회관,0,0,0,0,0,0,0,2,1,6,0,0,0,0,0,0,2,0,0,0,0,0,0,0,
1004,반석역 - 장기중학교후문,38,장군면사무소,0,0,0,0,0,0,0,0,0,0,0,0,0,0,0,0,0,0,0,0,0,0,0,0,
1004,반석역 - 장기중학교후문,39,장기중학교후문,0,0,0,0,0,0,0,0,0,0,0,0,0,0,0,0,0,0,0,0,0,0,0,0,
1004-1,장기중학교후문 - 반석역,1,장기중학교후문,0,0,0,0,0,0,0,0,0,0,0,0,0,0,0,0,0,1,0,0,0,0,0,0,
1004-1,장기중학교후문 - 반석역,2,장군면사무소,0,0,0,0,0,2,1,3,5,1,3,3,0,3,6,1,1,1,0,0,0,0,0,0,
1004-1,장기중학교후문 - 반석역,3,장군면복지회관,0,0,0,1,2,2,0,0,6,2,4,1,0,5,7,0,2,0,0,0,0,0,0,0,
1004-1,장기중학교후문 - 반석역,4,대교리,0,0,0,1,2,2,0,0,6,2,4,1,0,5,7,0,2,0,0,0,0,0,0,0,
1004-1,장기중학교후문 - 반석역,5,봉안리(부일가든),0,0,0,0,0,0,0,0,0,0,0,0,0,0,0,0,0,0,0,0,0,0,0,0,
1004-1,장기중학교후문 - 반석역,6,봉안리,0,0,0,0,0,3,0,0,0,0,0,0,0,0,0,0,0,0,0,0,0,0,0,0,
1004-1,장기중학교후문 - 반석역,7,봉안리,0,0,0,2,3,6,2,1,5,2,5,4,0,6,9,4,3,2,4,0,0,0,0,0,
1004-1,장기중학교후문 - 반석역,8,봉안리(다름고개),0,0,0,0,0,0,0,2,0,0,6,0,0,0,0,7,0,0,0,0,0,0,0,0,
1004-1,장기중학교후문 - 반석역,9,고운동(만남로),0,0,0,0,1,0,0,1,0,0,0,7,0,1,0,0,0,0,0,0,0,0,0,0,
1004-1,장기중학교후문 - 반석역,10,고운동커뮤니티센터남측,0,0,0,0,4,2,2,2,0,2,2,1,6,3,9,0,0,2,5,0,0,0,0,0,
1004-1,장기중학교후문 - 반석역,11,으뜸초등학교,0,0,0,0,0,0,0,0,0,0,0,0,5,0,0,0,0,2,4,0,0,0,0,0,
1004-1,장기중학교후문 - 반석역,12,가락마을9.11단지,0,1,1,0,2,5,2,5,4,3,0,8,8,5,2,0,0,1,3,0,0,0,0,0,
1004-1,장기중학교후문 - 반석역,13,가락마을10.13단지,0,0,2,3,2,6,3,4,4,6,3,10,2,0,8,1,6,0,3,0,0,0,0,0,
1004-1,장기중학교후문 - 반석역,14,두루고등학교,0,0,0,0,0,5,0,6,0,4,0,9,0,4,5,0,0,0,0,0,0,0,0,0,
1004-1,장기중학교후문 - 반석역,15,가락마을17.18단지,0,0,0,0,5,4,1,3,10,11,5,7,9,4,6,2,0,2,1,0,0,0,0,0,
1004-1,장기중학교후문 - 반석역,16,고운동커뮤니티센터북측,0,0,0,0,6,0,4,4,11,9,0,0,10,5,7,0,0,1,0,0,0,0,0,0,
1004-1,장기중학교후문 - 반석역,17,가락마을22단지,0,0,1,0,0,5,0,3,12,10,6,6,2,6,3,0,0,0,0,0,0,0,0,0,
1004-1,장기중학교후문 - 반석역,18,범지기3.9단지(청소년센터),0,0,0,1,4,5,4,0,10,3,5,7,7,12,8,0,0,3,2,1,0,0,0,0,
1004-1,장기중학교후문 - 반석역,19,범지기마을10단지북측,0,0,0,0,3,6,3,5,0,9,6,0,4,11,7,3,5,1,0,0,0,0,0,0,
1004-1,장기중학교후문 - 반석역,20,범지기마을10단지,0,0,0,2,0,0,0,5,9,0,0,8,6,0,6,3,0,0,7,0,0,0,0,0,
1004-1,장기중학교후문 - 반석역,21,아름초등학교,0,0,1,3,5,8,4,7,10,7,0,5,7,1,7,3,0,0,0,1,0,0,0,0,
1004-1,장기중학교후문 - 반석역,22,범지기마을6.11단지,0,0,2,0,4,7,4,6,11,8,2,12,7,13,8,4,6,0,9,0,0,0,0,0,
1004-1,장기중학교후문 - 반석역,23,가재마을7.12단지,0,0,0,6,6,6,4,9,9,9,8,12,7,10,2,0,0,4,11,0,0,0,0,0,
1004-1,장기중학교후문 - 반석역,24,가재마을5.8단지,0,0,0,9,6,11,7,10,6,10,10,12,10,6,8,5,0,3,12,0,0,0,0,0,
1004-1,장기중학교후문 - 반석역,25,가온마을6.9단지,0,0,0,11,7,12,9,11,11,9,11,13,11,0,7,0,6,0,5,0,0,0,0,0,
1004-1,장기중학교후문 - 반석역,26,다정동커뮤니티센터,0,0,4,3,11,8,7,7,10,10,3,14,12,7,0,6,1,3,11,0,0,0,0,0,
1004-1,장기중학교후문 - 반석역,27,가온마을4.7단지,0,0,5,0,10,5,9,9,9,0,11,14,10,10,9,0,3,0,0,0,0,0,0,0,
1004-1,장기중학교후문 - 반석역,28,새뜸마을7.10단지,0,0,2,2,8,11,10,10,8,5,4,13,11,8,10,0,0,2,5,0,0,0,0,0,
1004-1,장기중학교후문 - 반석역,29,새롬동커뮤니티센터,0,0,4,4,9,10,11,11,7,9,5,9,10,9,8,5,5,2,9,3,0,0,0,0,
1004-1,장기중학교후문 - 반석역,30,새뜸마을5.8단지,0,0,0,5,9,5,6,13,6,5,12,0,6,8,11,5,3,6,7,0,0,0,0,0,
1004-1,장기중학교후문 - 반석역,31,첫마을4단지,0,0,0,0,7,7,6,12,0,9,8,10,7,0,2,0,5,6,8,0,0,0,0,0,
1004-1,장기중학교후문 - 반석역,32,첫마을5단지,0,0,0,7,10,11,12,14,7,11,10,0,6,4,10,3,2,4,9,2,0,0,0,0,
1004-1,장기중학교후문 - 반석역,33,첫마을6단지,0,0,0,10,13,9,13,19,6,13,5,14,11,7,9,4,3,3,7,1,0,0,0,0,
1004-1,장기중학교후문 - 반석역,34,한솔중학교(첫마을7단지),0,0,0,12,10,11,13,9,9,18,10,8,4,5,8,4,0,2,4,0,0,0,0,0,
1004-1,장기중학교후문 - 반석역,35,첫마을3단지,0,0,2,0,0,0,15,0,4,17,0,7,10,0,6,0,2,0,3,0,0,0,0,0,
1004-1,장기중학교후문 - 반석역,36,세종고속시외버스터미널,0,0,3,11,10,8,10,8,0,14,11,6,10,4,7,11,0,2,4,0,0,0,0,0,
1004-1,장기중학교후문 - 반석역,37,반석역,0,0,0,0,0,0,0,0,0,0,0,0,0,0,0,0,0,0,0,0,0,0,0,0,
1005,반석역 - 오송역종점,1,반석역,0,0,1,1,3,2,3,5,7,6,8,7,19,9,9,12,10,6,10,0,0,0,0,0,
1005,반석역 - 오송역종점,2,세종고속시외버스터미널,0,0,2,1,2,1,1,3,4,6,9,8,17,9,4,0,10,5,10,0,0,0,0,0,
1005,반석역 - 오송역종점,3,한솔동(첫마을),0,0,0,0,3,1,1,2,4,5,6,9,0,12,7,12,8,0,8,0,0,0,0,0,
1005,반석역 - 오송역종점,4,첫마을1단지,0,0,1,1,0,0,2,2,0,11,5,10,3,12,5,11,2,0,6,0,0,0,0,0,
1005,반석역 - 오송역종점,5,새롬중학교(새뜸마을1단지),0,0,0,2,0,0,0,4,0,3,7,0,16,11,8,10,7,5,0,0,0,0,0,0,
1005,반석역 - 오송역종점,6,새뜸마을1.2단지,0,0,0,0,0,0,0,5,6,9,5,8,6,11,7,9,0,3,4,0,0,0,0,0,
1005,반석역 - 오송역종점,7,세종기상관측소(새뜸3.4단지),0,0,0,0,1,3,0,0,7,10,6,7,5,7,4,4,0,7,0,0,0,0,0,0,
1005,반석역 - 오송역종점,8,새뜸마을4단지.가온마을1단지,0,0,0,0,7,4,3,4,2,3,5,0,15,10,3,5,5,6,0,0,0,0,0,0,
1005,반석역 - 오송역종점,9,가온마을4.7단지,0,0,2,3,10,5,2,6,8,3,0,8,14,10,6,7,6,12,6,0,0,0,0,0,
1005,반석역 - 오송역종점,10,다정동커뮤니티센터,0,0,0,4,11,3,4,4,4,5,5,9,2,11,4,4,7,11,8,0,0,0,0,0,
1005,반석역 - 오송역종점,11,가온마을6.9단지,0,0,0,3,10,0,5,7,0,4,3,7,4,9,5,7,0,4,0,0,0,0,0,0,
1005,반석역 - 오송역종점,12,다빛초등학교(가재마을1단지),0,0,2,4,7,4,5,8,3,4,0,6,5,9,4,0,5,10,0,0,0,0,0,0,
1005,반석역 - 오송역종점,13,종촌초등학교(가재마을3단지),0,0,1,5,8,8,4,9,0,6,6,7,6,4,0,6,7,0,0,0,0,0,0,0,
1005,반석역 - 오송역종점,14,가락마을8단지.가재마을4단지,0,0,0,5,10,4,5,5,1,5,8,5,5,9,3,5,0,9,0,0,0,0,0,0,
1005,반석역 - 오송역종점,15,시립도서관.대법원등기정보센터,0,0,0,4,10,6,4,8,5,6,10,5,3,11,6,0,8,10,12,0,0,0,0,0,
1005,반석역 - 오송역종점,16,아름동커뮤니티센터,0,0,2,1,4,7,6,5,7,7,8,8,6,10,7,6,6,7,13,0,0,0,0,0,
1005,반석역 - 오송역종점,17,범지기마을8.12단지,0,0,3,0,11,0,8,0,9,0,0,8,0,0,9,7,6,9,5,1,0,0,0,0,
1005,반석역 - 오송역종점,18,아름초등학교,0,0,0,0,0,5,0,0,3,0,9,9,5,13,5,1,7,8,0,0,0,0,0,0,
1005,반석역 - 오송역종점,19,범지기마을10단지,0,0,0,0,6,6,0,4,0,0,0,2,0,11,2,3,7,9,4,0,0,0,0,0,
1005,반석역 - 오송역종점,20,범지기마을10단지북측,0,0,0,3,14,0,3,5,10,6,5,3,6,9,6,0,8,6,0,0,0,0,0,0,
1005,반석역 - 오송역종점,21,범지기3.9단지(청소년센터),0,0,4,4,17,6,9,8,8,4,4,4,0,11,7,2,7,9,0,0,0,0,0,0,
1005,반석역 - 오송역종점,22,연기리,0,0,0,0,0,0,0,0,0,3,0,8,0,10,0,0,0,6,0,0,0,0,0,0,
1005,반석역 - 오송역종점,23,봉암리,0,0,0,0,0,9,6,8,0,0,5,7,4,0,9,0,0,6,14,0,0,0,0,0,
1005,반석역 - 오송역종점,24,월하리,0,0,0,3,0,10,0,0,0,2,0,0,4,11,0,0,0,0,0,0,0,0,0,0,
1005,반석역 - 오송역종점,25,번암아파트후문,0,0,0,0,0,8,3,4,0,5,0,0,5,10,11,0,6,0,0,0,0,0,0,0,
1005,반석역 - 오송역종점,26,자이아파트,0,0,0,4,0,11,11,9,8,8,6,7,7,10,7,0,6,5,8,0,0,0,0,0,
1005,반석역 - 오송역종점,27,신흥사거리,0,0,0,0,16,10,12,8,9,6,0,10,4,8,6,6,0,7,6,0,0,0,0,0,
1005,반석역 - 오송역종점,28,세종시보건소(대동초),0,0,0,5,6,0,13,0,0,0,3,8,3,10,4,0,0,0,0,0,0,0,0,0,
1005,반석역 - 오송역종점,29,효성세종병원,0,0,1,0,0,8,0,0,8,4,0,7,2,0,0,0,0,3,0,0,0,0,0,0,
1005,반석역 - 오송역종점,30,조치원전통시장,0,0,0,3,15,9,12,5,7,5,4,6,0,7,3,0,0,0,5,0,0,0,0,0,
1005,반석역 - 오송역종점,31,조치원역,0,0,2,3,7,6,10,3,4,5,8,6,3,8,4,3,2,4,6,1,0,0,0,0,
1005,반석역 - 오송역종점,32,조치원버스터미널,0,0,0,0,1,0,9,0,0,4,7,0,5,7,0,3,0,3,4,1,0,0,0,0,
1005,반석역 - 오송역종점,33,오송3리,0,0,0,1,3,0,6,4,3,0,6,1,3,0,6,0,0,4,0,0,0,0,0,0,
1005,반석역 - 오송역종점,34,오송역종점,0,0,0,0,0,0,0,0,0,0,0,0,0,0,0,0,0,0,0,0,0,0,0,0,
1005-1,오송역종점 - 반석역,1,오송역종점,0,0,1,1,2,3,6,6,2,4,4,8,7,3,4,7,4,9,7,0,0,0,0,0,
1005-1,오송역종점 - 반석역,2,오송2리,0,0,0,0,2,4,0,7,0,0,0,0,6,0,3,6,0,5,0,0,0,0,0,0,
1005-1,오송역종점 - 반석역,3,조치원버스터미널,0,0,0,0,2,3,2,5,6,5,4,5,2,0,5,3,5,8,3,0,0,0,0,0,
1005-1,오송역종점 - 반석역,4,조치원역,0,0,0,0,3,5,2,4,9,6,6,7,9,9,12,14,7,13,12,0,0,0,0,0,
1005-1,오송역종점 - 반석역,5,조치원전통시장,0,0,0,0,0,6,4,6,12,7,8,14,13,2,10,15,0,0,11,0,0,0,0,0,
1005-1,오송역종점 - 반석역,6,효성세종병원,0,0,0,2,3,7,0,0,0,5,14,0,9,10,0,17,0,0,0,0,0,0,0,0,
1005-1,오송역종점 - 반석역,7,세종시보건소(대동초),0,0,2,1,4,0,3,5,4,6,9,15,8,9,9,14,0,12,8,0,0,0,0,0,
1005-1,오송역종점 - 반석역,8,신흥사거리,0,0,0,1,2,6,4,6,11,9,9,14,13,4,11,12,8,9,7,0,0,0,0,0,
1005-1,오송역종점 - 반석역,9,자이아파트,0,0,3,2,2,7,4,3,10,7,9,13,12,8,11,17,0,8,10,0,0,0,0,0,
1005-1,오송역종점 - 반석역,10,번암아파트후문,0,0,0,0,3,0,0,0,9,0,0,0,7,0,0,0,7,7,0,0,0,0,0,0,
1005-1,오송역종점 - 반석역,11,번암안동네,0,0,0,0,3,0,0,0,9,0,0,0,7,0,0,0,7,7,0,0,0,0,0,0,
1005-1,오송역종점 - 반석역,12,월하리,0,0,2,0,0,0,2,0,7,0,0,12,0,7,0,0,0,6,0,0,0,0,0,0,
1005-1,오송역종점 - 반석역,13,봉암리,0,0,0,0,4,7,1,0,7,6,12,12,5,7,2,0,14,5,0,8,0,0,0,0,
1005-1,오송역종점 - 반석역,14,연기리,0,0,0,0,0,0,0,0,0,0,11,13,0,0,0,10,13,0,9,0,0,0,0,0,
1005-1,오송역종점 - 반석역,15,범지기3.9단지(청소년센터),0,0,0,1,2,6,2,0,7,10,8,12,3,9,7,9,11,4,5,5,0,0,0,0,
1005-1,오송역종점 - 반석역,16,범지기마을10단지북측,0,0,0,0,0,0,0,0,0,0,9,13,0,6,0,10,0,0,0,4,0,0,0,0,
1005-1,오송역종점 - 반석역,17,범지기마을10단지,0,0,1,2,1,5,4,0,0,9,0,0,14,0,0,9,13,0,0,0,0,0,0,0,
1005-1,오송역종점 - 반석역,18,아름초등학교,0,0,1,0,0,0,5,0,5,0,10,5,9,10,10,9,0,2,4,3,0,0,0,0,
1005-1,오송역종점 - 반석역,19,아름동커뮤니티센터,0,0,0,3,3,5,4,2,6,12,6,11,12,9,6,10,10,4,3,2,0,0,0,0,
1005-1,오송역종점 - 반석역,20,시립도서관.대법원등기정보센터,0,0,0,0,2,3,4,3,3,8,12,13,10,11,7,11,5,5,4,3,0,0,0,0,
1005-1,오송역종점 - 반석역,21,가락마을8단지.가재마을4단지,0,0,0,0,0,3,7,4,5,6,0,12,9,10,5,8,8,4,0,0,0,0,0,0,
1005-1,오송역종점 - 반석역,22,종촌초등학교(가락마을6.7단지),0,0,2,2,3,4,7,4,7,5,6,5,10,8,5,7,6,2,0,0,0,0,0,0,
1005-1,오송역종점 - 반석역,23,다빛초등학교(가온마을3단지),0,0,0,0,4,2,0,6,5,7,11,14,14,7,6,6,7,2,2,2,0,0,0,0,
1005-1,오송역종점 - 반석역,24,가온마을6.9단지,0,0,0,1,0,6,0,6,7,4,10,18,12,0,5,4,5,2,2,0,0,0,0,0,
1005-1,오송역종점 - 반석역,25,다정동커뮤니티센터,0,0,2,1,2,4,3,8,7,8,7,14,13,7,3,6,4,0,0,3,0,0,0,0,
1005-1,오송역종점 - 반석역,26,가온마을4.7단지,0,0,3,4,4,7,0,0,7,9,5,13,11,8,4,0,3,1,2,1,0,0,0,0,
1005-1,오송역종점 - 반석역,27,새뜸마을4단지(가온마을1단지),0,0,0,5,5,8,4,2,3,8,4,5,12,4,1,6,2,0,3,0,0,0,0,0,
1005-1,오송역종점 - 반석역,28,가득초등학교(새뜸마을3.4단지),0,0,0,3,7,0,0,3,4,7,6,7,11,6,4,0,0,0,0,0,0,0,0,0,
1005-1,오송역종점 - 반석역,29,새뜸마을1.2단지,0,0,0,4,4,11,0,6,8,9,5,13,10,0,2,0,0,2,0,0,0,0,0,0,
1005-1,오송역종점 - 반석역,30,새롬중학교(새뜸마을1단지),0,0,0,6,0,5,5,8,6,13,5,12,0,4,1,0,3,0,0,0,0,0,0,0,
1005-1,오송역종점 - 반석역,31,첫마을1단지,0,0,2,6,3,6,2,8,8,12,3,10,9,5,3,0,4,0,2,0,0,0,0,0,
1005-1,오송역종점 - 반석역,32,한솔동(첫마을),0,0,0,2,0,8,3,5,0,9,7,6,6,4,2,3,3,3,1,0,0,0,0,0,
1005-1,오송역종점 - 반석역,33,세종고속시외버스터미널,0,0,3,7,7,7,0,11,5,2,4,6,4,5,1,5,5,6,3,1,0,0,0,0,
1005-1,오송역종점 - 반석역,34,반석역,0,0,0,0,0,0,0,0,4,0,0,0,0,0,0,0,0,0,0,0,0,0,0,0,
101,안산동 - 안산동,1,안산동,0,0,0,0,0,0,0,0,0,0,0,0,0,0,0,0,0,0,0,0,0,0,0,0,
101,안산동 - 안산동,2,안산산성,0,0,0,0,0,0,0,0,0,0,0,1,3,0,0,0,0,0,0,0,0,0,0,0,
101,안산동 - 안산동,3,안산1통,0,0,0,0,0,0,0,0,1,0,0,0,1,0,0,0,0,0,0,0,0,0,0,0,
101,안산동 - 안산동,4,국방과학연구소입구,0,0,0,0,0,0,1,0,2,1,0,0,0,1,0,0,0,0,0,0,0,0,0,0,
101,안산동 - 안산동,5,외삼1통,0,0,0,0,0,0,0,0,3,0,0,0,0,0,0,0,0,0,0,0,0,0,0,0,
101,안산동 - 안산동,6,반석마을입구,0,0,0,0,0,0,0,0,1,0,1,0,2,3,0,0,0,0,0,0,0,0,0,0,
101,안산동 - 안산동,7,반석역,0,0,2,2,0,7,2,5,4,2,7,6,4,7,1,2,3,2,5,0,0,0,0,0,
101,안산동 - 안산동,8,반석네거리,0,1,0,0,1,0,2,6,5,2,3,1,6,0,4,0,4,0,6,0,0,0,0,0,
101,안산동 - 안산동,9,지족역,0,0,1,0,0,6,1,6,6,4,0,0,0,0,0,5,0,0,0,0,0,0,0,0,
101,안산동 - 안산동,10,지족동,0,0,0,0,0,0,1,0,3,5,0,2,4,2,0,0,5,5,0,0,0,0,0,0,
101,안산동 - 안산동,11,유성경찰서,0,0,0,0,0,5,0,9,0,7,8,4,6,4,0,3,0,0,5,0,0,0,0,0,
101,안산동 - 안산동,12,열매마을5.6단지,0,0,0,0,2,7,2,15,4,8,9,6,7,10,2,4,1,7,7,0,0,0,0,0,
101,안산동 - 안산동,13,노은역,0,0,0,0,0,0,0,0,0,0,0,0,6,2,0,0,0,0,0,0,0,0,0,0,
101,안산동 - 안산동,14,월드컵경기장역,0,0,2,2,3,9,5,16,4,11,11,6,14,14,6,7,6,5,8,0,0,0,0,0,
101,안산동 - 안산동,15,노은농수산물시장,0,0,0,0,0,0,10,16,6,4,12,2,16,6,7,16,8,4,0,0,0,0,0,0,
101,안산동 - 안산동,16,죽동네거리,0,0,0,0,0,5,11,20,7,10,0,1,11,15,12,15,9,5,0,0,0,0,0,0,
101,안산동 - 안산동,17,온천2동주민센터,0,0,0,0,4,5,11,8,6,11,6,17,6,17,13,14,0,3,7,0,0,0,0,0,
101,안산동 - 안산동,18,충남대학교,0,0,4,4,3,6,12,20,5,6,12,19,9,13,9,13,6,7,11,0,0,0,0,0,
101,안산동 - 안산동,19,한진오피스텔,0,0,4,5,4,7,12,17,6,6,19,17,10,15,9,12,2,5,14,0,0,0,0,0,
101,안산동 - 안산동,20,유성온천역1번출구,0,0,0,4,5,0,12,10,14,0,20,15,11,16,8,0,3,8,13,0,0,0,0,0,
101,안산동 - 안산동,21,만년교,0,2,5,5,2,9,14,0,16,7,29,18,14,15,10,11,11,0,5,0,0,0,0,0,
101,안산동 - 안산동,22,대전교통공사,0,0,4,4,6,7,15,7,17,11,31,0,0,8,12,0,0,0,12,0,0,0,0,0,
101,안산동 - 안산동,23,대전일보사,0,0,5,4,9,8,16,8,23,5,34,21,17,15,14,10,4,6,7,0,0,0,0,0,
101,안산동 - 안산동,24,갈마네거리,0,0,0,4,14,10,18,13,25,14,37,18,17,16,12,11,10,6,9,4,0,0,0,0,
101,안산동 - 안산동,25,갈마육교,0,5,5,4,15,13,19,14,26,16,41,27,13,18,11,15,9,0,8,5,0,0,0,0,
101,안산동 - 안산동,26,큰마을아파트,0,8,5,5,16,15,21,16,29,19,42,26,20,15,14,17,13,6,6,0,0,0,0,0,
101,안산동 - 안산동,27,유승기업사,0,0,4,6,17,17,23,19,29,15,44,46,19,16,17,17,12,6,6,0,0,0,0,0,
101,안산동 - 안산동,28,탄방네거리,0,7,3,8,16,18,21,20,25,19,16,38,20,16,15,20,0,7,0,4,0,0,0,0,
101,안산동 - 안산동,29,롯데백화점,0,0,8,6,11,15,26,19,23,20,20,31,19,13,13,24,11,9,5,3,0,0,0,0,
101,안산동 - 안산동,30,용문역1번출구,0,0,7,3,7,12,25,30,22,26,27,24,20,16,11,20,11,8,4,5,0,0,0,0,
101,안산동 - 안산동,31,오룡역4번출구,0,0,6,3,6,11,0,10,21,25,26,20,18,17,8,18,4,0,3,4,0,0,0,0,
101,안산동 - 안산동,32,오룡역1번출구,0,0,3,2,0,0,23,27,20,0,25,19,17,18,9,7,0,7,0,0,0,0,0,0,
101,안산동 - 안산동,33,서대전네거리역4번출구,0,0,0,4,5,10,24,28,19,17,22,24,16,15,7,17,10,5,2,0,0,0,0,0,
101,안산동 - 안산동,34,대전충남병무청,0,0,7,5,4,9,15,23,17,21,20,16,13,14,8,14,9,7,0,0,0,0,0,0,
101,안산동 - 안산동,35,중구청,0,0,0,4,0,0,13,22,0,19,16,15,0,4,12,13,0,3,1,3,0,0,0,0,
101,안산동 - 안산동,36,중앙로역4번출구,0,0,6,0,4,7,10,18,16,9,8,12,8,3,8,9,3,4,0,2,0,0,0,0,
101,안산동 - 안산동,37,대전역,0,0,0,1,0,1,4,5,2,3,1,3,3,0,3,6,1,1,0,1,0,0,0,0,
101,안산동 - 안산동,38,중앙동주민센터,0,0,0,0,0,0,0,0,0,1,0,0,1,1,2,4,0,0,0,0,0,0,0,0,
101,안산동 - 안산동,39,대성여자고등학교,0,0,0,1,0,2,0,1,0,1,1,0,0,0,0,0,0,0,0,0,0,0,0,0,
101,안산동 - 안산동,40,대성여자고등학교,0,1,0,0,0,0,0,0,1,0,0,0,0,0,0,0,0,0,0,0,0,0,0,0,
101,안산동 - 안산동,41,성남네거리,0,6,1,4,3,0,2,4,3,2,4,4,0,1,1,2,2,1,0,0,0,0,0,0,
101,안산동 - 안산동,42,삼성초등학교,0,0,0,4,2,3,3,5,4,3,4,3,0,2,0,0,0,0,0,0,0,0,0,0,
101,안산동 - 안산동,43,대전역,0,0,0,1,0,0,0,7,0,0,5,0,2,1,5,3,3,1,2,0,0,0,0,0,
101,안산동 - 안산동,44,목척교,0,4,1,2,7,9,7,9,8,9,11,15,11,6,6,10,5,6,3,0,0,0,0,0,
101,안산동 - 안산동,45,중앙로역6번출구,0,0,0,0,2,0,0,10,6,10,13,16,13,12,14,13,8,10,4,0,0,0,0,0,
101,안산동 - 안산동,46,중구청역,0,0,0,6,8,0,8,4,7,11,11,6,14,0,14,14,0,0,5,0,0,0,0,0,
101,안산동 - 안산동,47,대전충남병무청,0,5,0,3,9,7,14,8,10,14,15,18,16,15,15,17,10,0,6,0,0,0,0,0,
101,안산동 - 안산동,48,서대전네거리역5번출구,0,6,1,0,10,9,16,14,7,18,14,19,18,15,12,18,12,11,5,0,0,0,0,0,
101,안산동 - 안산동,49,중도일보,0,0,2,2,13,10,15,17,11,17,19,18,18,16,0,9,12,0,0,0,0,0,0,0,
101,안산동 - 안산동,50,오룡역5번출구,0,0,1,7,15,12,17,19,12,18,19,10,19,9,14,19,15,12,0,0,0,0,0,0,
101,안산동 - 안산동,51,용문역8번출구,0,0,1,5,8,11,13,23,15,19,27,12,19,17,15,18,16,13,6,0,0,0,0,0,
101,안산동 - 안산동,52,용문역5번출구,0,0,2,4,8,12,13,28,12,20,23,17,26,15,20,20,14,15,0,0,0,0,0,0,
101,안산동 - 안산동,53,서부농협본점,0,0,4,3,8,12,5,27,16,20,24,18,27,17,24,19,15,15,17,0,0,0,0,0,
101,안산동 - 안산동,54,개나리아파트,0,0,5,5,9,11,14,22,14,19,21,21,0,7,21,17,14,0,16,0,0,0,0,0,
101,안산동 - 안산동,55,대전상공회의소,0,0,0,8,0,11,15,24,16,19,20,22,25,19,24,14,15,12,16,0,0,0,0,0,
101,안산동 - 안산동,56,큰마을네거리,0,0,6,9,10,12,17,16,15,14,19,22,20,17,23,14,16,10,16,0,0,0,0,0,
101,안산동 - 안산동,57,갈마육교,0,0,1,5,11,7,15,13,12,12,20,19,19,15,17,12,7,8,16,0,0,0,0,0,
101,안산동 - 안산동,58,갈마네거리,0,0,0,4,11,10,14,9,10,10,20,15,16,6,16,10,15,7,12,0,0,0,0,0,
101,안산동 - 안산동,59,대전일보사,0,0,7,0,9,9,14,9,11,11,14,11,13,7,14,9,0,6,4,0,0,0,0,0,
101,안산동 - 안산동,60,월평삼거리,0,0,0,0,10,0,0,0,0,13,0,10,0,0,13,0,9,0,0,6,0,0,0,0,
101,안산동 - 안산동,61,대전교통공사,0,0,5,1,10,7,4,7,10,14,13,7,12,0,14,0,0,0,11,0,0,0,0,0,
101,안산동 - 안산동,62,만년교,0,0,3,3,10,8,0,13,9,15,12,9,9,9,13,14,11,5,9,0,0,0,0,0,
101,안산동 - 안산동,63,유성온천역7번출구,0,0,2,2,8,7,10,13,10,15,14,8,10,8,14,17,13,4,9,0,0,0,0,0,
101,안산동 - 안산동,64,온천교,0,0,0,0,7,4,7,10,8,12,13,11,10,8,7,11,11,7,10,8,0,0,0,0,
101,안산동 - 안산동,65,충남대학교,0,0,0,1,7,3,8,11,9,11,10,16,12,10,8,15,7,11,11,6,0,0,0,0,
101,안산동 - 안산동,66,장대네거리,0,0,0,0,7,6,11,14,9,15,7,0,13,9,7,12,9,7,7,0,0,0,0,0,
101,안산동 - 안산동,67,죽동네거리,0,0,0,0,6,5,0,15,9,13,0,18,9,0,5,10,0,0,6,0,0,0,0,0,
101,안산동 - 안산동,68,노은농수산물시장,0,0,0,0,6,4,0,13,9,10,2,11,12,8,7,10,8,8,5,0,0,0,0,0,
101,안산동 - 안산동,69,월드컵경기장역,0,0,0,0,0,2,7,13,6,9,9,8,7,0,6,11,6,7,4,5,0,0,0,0,
101,안산동 - 안산동,70,노은역,0,0,0,2,6,0,3,7,5,5,8,6,10,3,4,8,9,8,6,0,0,0,0,0,
101,안산동 - 안산동,71,열매마을5.6단지,0,0,0,0,6,0,2,4,6,4,9,4,9,1,0,7,11,7,5,0,0,0,0,0,
101,안산동 - 안산동,72,유성경찰서,0,0,1,1,6,2,0,6,0,3,0,3,0,0,0,5,0,6,0,0,0,0,0,0,
101,안산동 - 안산동,73,유성장애인복지관,0,0,0,0,5,1,0,0,5,3,10,0,0,10,2,4,0,9,1,4,0,0,0,0,
101,안산동 - 안산동,74,지족역,0,0,0,0,4,0,1,4,4,0,2,4,6,0,0,5,6,5,0,2,0,0,0,0,
101,안산동 - 안산동,75,송림마을1단지,0,0,0,0,0,0,0,0,3,0,7,3,4,8,1,2,0,5,0,0,0,0,0,0,
101,안산동 - 안산동,76,반석역,0,0,0,0,2,0,2,1,1,0,6,1,1,2,0,3,2,1,1,1,0,0,0,0,
101,안산동 - 안산동,77,반석마을입구,0,0,0,0,0,0,0,0,0,0,0,0,0,0,0,2,0,0,0,0,0,0,0,0,
101,안산동 - 안산동,78,외삼삼거리,0,0,0,0,0,0,0,0,0,0,0,0,0,0,0,2,0,0,0,0,0,0,0,0,
101,안산동 - 안산동,79,국방과학연구소입구,0,0,0,0,0,0,0,0,0,0,5,0,0,0,0,0,0,0,0,0,0,0,0,0,
101,안산동 - 안산동,80,안산1통,0,0,0,0,0,0,1,0,0,0,2,0,0,0,0,0,0,0,0,0,0,0,0,0,
101,안산동 - 안산동,81,안산산성,0,0,0,0,0,0,0,0,0,0,0,1,0,0,0,0,0,0,0,0,0,0,0,0,
101,안산동 - 안산동,82,안산동,0,0,0,0,0,0,0,0,0,0,0,0,0,0,0,0,0,0,0,0,0,0,0,0,
102,수통골기점지 - 수통골기점지,1,수통골기점지,0,0,0,0,0,0,0,0,0,4,0,0,1,0,16,0,2,0,0,0,0,0,0,0,
102,수통골기점지 - 수통골기점지,2,수통골삼거리,0,0,1,3,2,1,6,2,8,14,14,14,9,6,11,9,8,6,1,0,0,0,0,0,
102,수통골기점지 - 수통골기점지,3,한밭대학교,0,0,0,4,5,7,7,7,11,15,19,20,12,16,19,10,12,7,5,0,0,0,0,0,
102,수통골기점지 - 수통골기점지,4,삼성화재연수원,0,0,2,0,0,5,0,0,0,0,0,9,0,0,16,0,13,0,6,0,0,0,0,0,
102,수통골기점지 - 수통골기점지,5,하우스토리/신협연수원,0,0,3,2,5,7,7,8,12,12,20,21,13,17,15,8,6,8,0,0,0,0,0,0,
102,수통골기점지 - 수통골기점지,6,덕명네거리,0,0,2,2,4,6,7,8,18,17,22,23,15,14,20,9,14,9,0,0,0,0,0,0,
102,수통골기점지 - 수통골기점지,7,주유소,0,0,0,3,5,7,7,8,19,17,14,16,16,16,12,8,11,10,3,0,0,0,0,0,
102,수통골기점지 - 수통골기점지,8,구암8통,0,0,0,0,0,0,0,0,0,0,15,17,10,0,18,0,3,0,0,0,0,0,0,0,
102,수통골기점지 - 수통골기점지,9,현충원역1번출구,0,0,3,2,6,8,6,7,15,14,21,21,9,13,22,12,10,8,4,0,0,0,0,0,
102,수통골기점지 - 수통골기점지,10,천양원,0,0,0,0,0,7,7,0,13,0,21,22,10,15,27,14,0,5,0,0,0,0,0,0,
102,수통골기점지 - 수통골기점지,11,구암역,0,2,2,2,5,10,11,10,16,18,21,21,11,14,26,14,13,11,4,0,0,0,0,0,
102,수통골기점지 - 수통골기점지,12,봉명네거리,0,4,1,4,6,12,15,12,19,18,23,22,13,15,27,13,7,7,5,0,0,0,0,0,
102,수통골기점지 - 수통골기점지,13,봉명동우체국,0,1,8,4,9,12,15,14,19,21,22,21,9,14,28,14,15,10,6,0,0,0,0,0,
102,수통골기점지 - 수통골기점지,14,유성온천역7번출구,0,4,9,5,14,11,17,17,21,24,22,23,22,20,24,20,15,20,6,0,0,0,0,0,
102,수통골기점지 - 수통골기점지,15,온천교,0,5,10,6,14,12,18,23,21,23,21,23,24,23,26,19,21,27,9,0,0,0,0,0,
102,수통골기점지 - 수통골기점지,16,충남대학교,0,0,8,8,18,17,21,24,23,24,29,26,28,23,28,17,19,30,11,0,0,0,0,0,
102,수통골기점지 - 수통골기점지,17,홈플러스유성점,0,0,11,5,19,20,22,25,29,31,39,53,36,27,31,21,20,31,12,0,0,0,0,0,
102,수통골기점지 - 수통골기점지,18,월평역,0,0,0,1,12,0,23,26,19,29,37,52,35,26,28,18,12,29,10,0,0,0,0,0,
102,수통골기점지 - 수통골기점지,19,월평중학교,0,0,11,8,17,19,26,26,31,29,39,55,35,30,37,19,19,27,10,0,0,0,0,0,
102,수통골기점지 - 수통골기점지,20,갈마역,0,2,12,11,19,21,26,27,28,26,40,51,36,31,38,21,19,25,18,0,0,0,0,0,
102,수통골기점지 - 수통골기점지,21,정부청사역,0,4,13,14,16,23,26,30,27,28,37,56,42,43,42,31,28,26,19,0,0,0,0,0,
102,수통골기점지 - 수통골기점지,22,샘머리공원,0,0,9,5,14,17,27,29,28,26,36,56,39,42,37,30,22,26,19,0,0,0,0,0,
102,수통골기점지 - 수통골기점지,23,가람아파트,0,6,12,14,15,23,30,27,36,30,39,48,30,38,32,27,24,26,14,1,0,0,0,0,
102,수통골기점지 - 수통골기점지,24,오정농수산물시장,0,5,12,13,14,14,28,26,35,28,34,41,29,36,30,26,22,26,15,0,0,0,0,0,
102,수통골기점지 - 수통골기점지,25,화정초등학교,0,0,14,14,11,17,30,25,35,31,35,38,27,37,29,23,22,27,14,0,0,0,0,0,
102,수통골기점지 - 수통골기점지,26,중리지구대,0,0,13,9,12,12,23,24,35,24,36,37,26,36,29,24,21,16,20,9,0,0,0,0,
102,수통골기점지 - 수통골기점지,27,한남대북문,0,0,0,15,11,18,26,22,33,32,37,36,27,37,26,16,19,26,9,0,0,0,0,0,
102,수통골기점지 - 수통골기점지,28,한남병원,0,6,14,17,13,19,28,24,31,30,28,34,25,34,28,22,17,20,19,10,0,0,0,0,
102,수통골기점지 - 수통골기점지,29,중리네거리,0,9,13,16,12,18,24,23,31,28,27,35,14,33,29,20,15,12,7,0,0,0,0,0,
102,수통골기점지 - 수통골기점지,30,용전동주민센터,0,8,12,10,12,17,23,17,28,25,28,35,26,31,28,29,15,19,10,0,0,0,0,0,
102,수통골기점지 - 수통골기점지,31,용전초등학교입구,0,0,11,12,13,20,23,22,28,27,28,33,27,32,21,27,17,18,16,7,0,0,0,0,
102,수통골기점지 - 수통골기점지,32,대전지방국토관리청,0,0,8,15,14,21,23,24,29,28,29,31,28,31,22,26,11,15,13,9,0,0,0,0,
102,수통골기점지 - 수통골기점지,33,용전네거리,0,8,6,17,17,19,23,27,29,27,26,30,24,31,21,24,12,12,11,10,0,0,0,0,
102,수통골기점지 - 수통골기점지,34,복합터미널,0,6,6,10,12,13,20,23,23,20,18,25,27,33,26,21,24,20,29,19,0,0,0,0,
102,수통골기점지 - 수통골기점지,35,동부네거리,0,0,5,11,14,11,18,25,25,21,17,28,29,26,25,22,23,16,10,0,0,0,0,0,
102,수통골기점지 - 수통골기점지,36,동대전시립도서관,0,0,5,13,14,10,17,21,24,21,17,27,31,27,28,23,20,21,0,0,0,0,0,0,
102,수통골기점지 - 수통골기점지,37,가양네거리,0,0,4,14,13,9,17,22,24,21,18,26,29,27,28,21,19,18,28,0,0,0,0,0,
102,수통골기점지 - 수통골기점지,38,흥룡초등학교,0,0,7,15,12,10,18,18,21,20,12,25,26,25,24,19,22,13,26,18,0,0,0,0,
102,수통골기점지 - 수통골기점지,39,자양동,0,0,8,11,12,10,14,16,19,26,13,19,23,23,21,16,15,14,16,13,0,0,0,0,
102,수통골기점지 - 수통골기점지,40,우송대학교서캠퍼스,0,0,9,9,13,10,18,16,18,25,11,17,16,20,13,8,12,10,7,7,0,0,0,0,
102,수통골기점지 - 수통골기점지,41,우송고등학교,0,0,8,12,14,11,19,14,23,27,12,16,17,17,13,7,11,9,3,4,0,0,0,0,
102,수통골기점지 - 수통골기점지,42,자양초등학교,0,0,6,11,12,11,21,16,21,25,10,16,14,15,11,6,5,5,0,2,0,0,0,0,
102,수통골기점지 - 수통골기점지,43,대동역3번출구,0,0,7,9,11,9,13,12,15,23,8,13,12,11,7,6,9,8,5,0,0,0,0,0,
102,수통골기점지 - 수통골기점지,44,대전화병원,0,0,6,8,10,10,10,0,12,21,9,11,11,0,4,5,5,7,3,0,0,0,0,0,
102,수통골기점지 - 수통골기점지,45,중앙시장,0,0,5,6,9,8,9,8,7,16,8,8,8,8,3,4,2,5,0,0,0,0,0,0,
102,수통골기점지 - 수통골기점지,46,대전역/역전시장,0,0,0,0,6,4,4,2,3,6,4,5,5,2,3,3,3,1,0,0,0,0,0,0,
102,수통골기점지 - 수통골기점지,47,대전역동광장,0,0,0,0,0,0,0,0,0,0,0,1,0,0,1,0,4,0,0,0,0,0,0,0,
102,수통골기점지 - 수통골기점지,48,대전역동광장,0,0,0,0,0,0,3,1,2,6,5,3,2,3,4,3,1,16,5,0,0,0,0,0,
102,수통골기점지 - 수통골기점지,49,대전역동광장,0,0,0,1,0,0,0,1,0,0,2,4,9,10,2,0,0,18,1,0,0,0,0,0,
102,수통골기점지 - 수통골기점지,50,중앙시장,0,1,4,6,4,2,7,11,7,17,15,20,15,24,12,7,13,17,6,0,0,0,0,0,
102,수통골기점지 - 수통골기점지,51,이스트시티아파트,0,0,3,6,6,2,4,10,7,9,14,20,16,24,7,7,2,13,7,0,0,0,0,0,
102,수통골기점지 - 수통골기점지,52,대동역2번출구,0,2,6,9,6,5,9,14,10,11,20,21,19,26,12,8,11,0,8,0,0,0,0,0,
102,수통골기점지 - 수통골기점지,53,대동역7번출구,0,3,6,4,9,6,8,14,11,16,21,25,24,17,16,11,13,13,9,0,0,0,0,0,
102,수통골기점지 - 수통골기점지,54,우송고등학교,0,4,4,11,11,9,13,14,12,19,23,25,24,22,18,10,15,12,10,0,0,0,0,0,
102,수통골기점지 - 수통골기점지,55,우송대삼거리,0,0,6,14,14,11,19,16,19,28,26,23,28,25,20,9,14,13,10,0,0,0,0,0,
102,수통골기점지 - 수통골기점지,56,우송어학센터,0,3,8,17,18,21,21,17,23,28,25,28,33,25,20,12,10,9,11,0,0,0,0,0,
102,수통골기점지 - 수통골기점지,57,대주파크빌,0,6,7,23,22,22,23,20,23,31,26,23,31,21,17,11,8,14,11,0,0,0,0,0,
102,수통골기점지 - 수통골기점지,58,가양네거리,0,9,9,24,23,20,22,21,23,30,29,26,27,19,16,12,11,13,10,0,0,0,0,0,
102,수통골기점지 - 수통골기점지,59,동대전시립도서관,0,0,7,12,21,21,22,20,23,30,26,25,24,19,19,11,7,11,9,0,0,0,0,0,
102,수통골기점지 - 수통골기점지,60,동부네거리,0,11,11,19,16,27,22,20,30,27,32,24,20,17,21,12,17,14,10,0,0,0,0,0,
102,수통골기점지 - 수통골기점지,61,복합터미널,0,11,7,15,18,36,26,24,35,32,37,34,35,32,28,33,31,37,22,0,0,0,0,0,
102,수통골기점지 - 수통골기점지,62,용전네거리,0,12,5,8,20,20,26,28,39,34,37,31,32,31,26,28,26,39,22,0,0,0,0,0,
102,수통골기점지 - 수통골기점지,63,대전지방국토관리청,0,0,0,8,19,0,0,0,27,0,35,29,18,30,0,32,0,38,15,0,0,0,0,0,
102,수통골기점지 - 수통골기점지,64,용전초등학교입구,0,16,13,11,23,40,34,30,40,41,39,30,33,38,21,34,29,37,21,0,0,0,0,0,
102,수통골기점지 - 수통골기점지,65,중리네거리,0,15,6,13,29,40,40,28,44,41,39,34,33,39,24,30,29,35,21,0,0,0,0,0,
102,수통골기점지 - 수통골기점지,66,증산도교육문화회관,0,0,14,10,32,43,43,41,43,42,40,35,40,40,21,30,29,31,21,0,0,0,0,0,
102,수통골기점지 - 수통골기점지,67,중리지구대,0,0,8,16,26,43,45,41,48,42,41,32,39,41,22,19,28,30,0,0,0,0,0,0,
102,수통골기점지 - 수통골기점지,68,신동아아파트,0,0,16,16,39,47,51,43,51,48,45,33,41,43,25,27,26,27,27,8,0,0,0,0,
102,수통골기점지 - 수통골기점지,69,오정농수산물시장,0,8,17,17,26,0,53,42,50,40,31,34,9,43,20,0,23,0,0,0,0,0,0,0,
102,수통골기점지 - 수통골기점지,70,수정타운아파트,0,10,19,16,44,51,56,46,61,53,50,38,42,42,28,30,28,28,18,0,0,0,0,0,
102,수통골기점지 - 수통골기점지,71,둥지아파트,0,0,16,15,48,50,41,45,61,53,47,38,42,33,44,32,27,26,26,7,0,0,0,0,
102,수통골기점지 - 수통골기점지,72,정부청사역,0,9,13,11,38,28,43,39,50,43,40,29,31,32,30,22,25,23,23,9,0,0,0,0,
102,수통골기점지 - 수통골기점지,73,갈마역,0,8,13,7,32,30,44,41,49,44,41,30,31,30,28,23,17,14,25,0,0,0,0,0,
102,수통골기점지 - 수통골기점지,74,진달래아파트,0,6,11,12,30,27,45,40,51,42,41,29,28,29,25,19,21,14,14,9,0,0,0,0,
102,수통골기점지 - 수통골기점지,75,월평역,0,7,12,14,25,32,44,41,49,43,43,30,27,25,25,15,20,12,28,8,0,0,0,0,
102,수통골기점지 - 수통골기점지,76,유림공원,0,0,9,6,28,26,43,32,27,35,31,38,29,22,24,14,19,12,21,7,0,0,0,0,
102,수통골기점지 - 수통골기점지,77,다솔아파트,0,0,0,13,27,24,20,29,25,36,35,36,30,20,24,15,20,10,18,7,0,0,0,0,
102,수통골기점지 - 수통골기점지,78,충남대학교,0,6,4,10,21,23,18,27,27,29,33,21,19,20,15,15,19,14,11,6,0,0,0,0,
102,수통골기점지 - 수통골기점지,79,온천교,0,5,9,9,20,17,18,24,28,21,28,20,17,17,8,12,17,15,5,2,0,0,0,0,
102,수통골기점지 - 수통골기점지,80,유성온천역6번출구,0,3,7,7,20,16,14,26,26,15,26,15,17,13,10,13,18,11,9,3,0,0,0,0,
102,수통골기점지 - 수통골기점지,81,봉명네거리,0,0,5,7,17,14,14,22,24,16,24,14,11,8,11,10,15,7,6,3,0,0,0,0,
102,수통골기점지 - 수통골기점지,82,구암역,0,0,1,7,16,15,11,20,25,13,22,13,10,7,8,9,16,8,5,0,0,0,0,0,
102,수통골기점지 - 수통골기점지,83,천양원,0,0,0,6,5,13,11,18,24,12,21,11,8,0,0,5,11,7,0,0,0,0,0,0,
102,수통골기점지 - 수통골기점지,84,현충원역3번출구,0,0,4,4,16,15,17,23,24,20,24,14,15,11,10,15,15,9,14,6,0,0,0,0,
102,수통골기점지 - 수통골기점지,85,구암8통,0,0,0,0,0,14,0,22,0,14,19,8,14,0,5,0,0,0,0,0,0,0,0,0,
102,수통골기점지 - 수통골기점지,86,덕명네거리,0,0,0,3,9,13,16,20,21,12,18,13,13,10,3,7,13,8,11,3,0,0,0,0,
102,수통골기점지 - 수통골기점지,87,운암네오미아/신협연수원,0,0,3,2,15,12,15,16,18,18,19,15,11,8,7,11,12,7,10,5,0,0,0,0,
102,수통골기점지 - 수통골기점지,88,삼성화재연수원,0,0,0,0,0,6,0,17,17,11,8,0,8,0,6,10,0,1,0,2,0,0,0,0,
102,수통골기점지 - 수통골기점지,89,한밭대학교,0,0,0,3,9,10,14,15,12,10,15,9,6,4,5,4,6,3,2,1,0,0,0,0,
102,수통골기점지 - 수통골기점지,90,수통골삼거리,0,0,0,2,14,9,12,13,7,7,14,2,4,2,1,1,5,1,0,0,0,0,0,0,
102,수통골기점지 - 수통골기점지,91,수통골기점지,0,0,0,0,0,0,0,0,0,0,0,0,0,0,0,0,0,0,0,0,0,0,0,0,
103,수통골기점지 - 수통골기점지,1,수통골기점지,0,0,0,0,0,0,0,0,2,0,0,0,0,0,0,0,9,0,2,0,0,0,0,0,
103,수통골기점지 - 수통골기점지,2,수통골삼거리,0,1,0,1,1,2,4,3,10,7,10,19,11,9,18,8,3,2,0,0,0,0,0,0,
103,수통골기점지 - 수통골기점지,3,한밭대학교,0,2,0,2,4,4,5,5,11,9,15,14,12,10,18,9,4,4,3,0,0,0,0,0,
103,수통골기점지 - 수통골기점지,4,삼성화재연수원,0,0,0,0,0,0,0,0,0,11,16,13,0,0,0,0,3,0,0,0,0,0,0,0,
103,수통골기점지 - 수통골기점지,5,하우스토리/신협연수원,0,3,1,4,5,7,12,8,14,9,15,7,0,9,10,10,0,0,4,0,0,0,0,0,
103,수통골기점지 - 수통골기점지,6,덕명네거리,0,0,0,0,4,6,9,3,15,11,0,14,7,10,9,0,0,7,0,0,0,0,0,0,
103,수통골기점지 - 수통골기점지,7,주유소,0,0,1,0,3,0,8,8,0,14,16,21,0,0,7,4,5,8,0,0,0,0,0,0,
103,수통골기점지 - 수통골기점지,8,구암8통,0,0,0,0,0,0,5,9,14,0,13,15,0,0,0,8,0,0,0,0,0,0,0,0,
103,수통골기점지 - 수통골기점지,9,현충원역1번출구,0,1,0,3,2,6,6,5,12,9,12,19,11,8,15,6,7,6,1,0,0,0,0,0,
103,수통골기점지 - 수통골기점지,10,천양원,0,0,0,0,0,5,0,0,10,0,0,20,0,0,20,0,0,0,0,0,0,0,0,0,
103,수통골기점지 - 수통골기점지,11,유성시외버스정류소,0,0,0,2,6,5,9,8,14,8,14,20,11,9,21,9,9,4,4,0,0,0,0,0,
103,수통골기점지 - 수통골기점지,12,유성구보훈회관,0,6,0,3,6,6,10,8,14,9,15,24,11,10,20,10,12,4,2,0,0,0,0,0,
103,수통골기점지 - 수통골기점지,13,유성고등학교,0,8,0,2,7,7,11,8,18,14,18,27,7,12,21,20,7,5,1,0,0,0,0,0,
103,수통골기점지 - 수통골기점지,14,봉명동,0,0,3,0,5,6,10,3,20,14,19,0,11,10,7,5,9,3,0,0,0,0,0,0,
103,수통골기점지 - 수통골기점지,15,유성온천역2번출구,0,7,4,3,9,8,13,8,21,15,17,24,12,13,5,16,8,8,3,0,0,0,0,0,
103,수통골기점지 - 수통골기점지,16,만년교,0,8,1,6,8,7,15,14,19,13,22,23,15,18,8,17,9,13,8,0,0,0,0,0,
103,수통골기점지 - 수통골기점지,17,대전교통공사,0,0,0,0,9,8,7,13,18,14,20,21,0,14,7,12,0,14,4,0,0,0,0,0,
103,수통골기점지 - 수통골기점지,18,대전일보사,0,0,4,5,8,9,18,14,19,16,21,19,15,17,9,16,8,16,7,0,0,0,0,0,
103,수통골기점지 - 수통골기점지,19,갈마네거리,0,0,5,8,10,9,18,18,18,18,23,18,13,20,10,16,12,16,10,0,0,0,0,0,
103,수통골기점지 - 수통골기점지,20,갈마삼거리,0,1,5,8,11,9,18,21,22,18,26,17,11,21,8,17,13,14,9,0,0,0,0,0,
103,수통골기점지 - 수통골기점지,21,한밭고.갈마중입구,0,0,3,9,13,11,25,22,24,20,26,17,14,22,10,14,15,12,9,0,0,0,0,0,
103,수통골기점지 - 수통골기점지,22,갈마아파트3단지,0,0,0,8,12,0,22,8,13,23,24,16,16,21,9,13,0,5,7,0,0,0,0,0,
103,수통골기점지 - 수통골기점지,23,KT인재개발원,0,2,6,13,15,12,30,23,20,27,25,24,16,22,21,23,15,15,8,0,0,0,0,0,
103,수통골기점지 - 수통골기점지,24,괴정네거리,0,0,7,15,14,13,36,27,22,30,26,25,17,22,15,22,13,12,6,0,0,0,0,0,
103,수통골기점지 - 수통골기점지,25,한민시장,0,2,9,17,17,15,37,31,24,33,24,27,22,20,10,21,10,10,7,0,0,0,0,0,
103,수통골기점지 - 수통골기점지,26,가장네거리,0,0,5,16,19,14,38,18,24,34,16,26,24,22,14,14,3,10,4,0,0,0,0,0,
103,수통골기점지 - 수통골기점지,27,가장교,0,0,7,12,18,13,37,30,25,38,20,23,11,20,10,0,0,11,0,0,0,0,0,0,
103,수통골기점지 - 수통골기점지,28,태평오거리,0,0,12,16,16,17,37,31,24,34,21,23,26,17,12,12,9,10,4,0,0,0,0,0,
103,수통골기점지 - 수통골기점지,29,태평1동주민센터,0,0,11,20,18,19,36,28,29,34,25,21,29,15,13,13,10,9,5,0,0,0,0,0,
103,수통골기점지 - 수통골기점지,30,오룡역2번출구,0,0,7,18,15,16,32,24,28,32,25,19,28,15,12,12,9,0,5,0,0,0,0,0,
103,수통골기점지 - 수통골기점지,31,중도일보,0,0,8,17,13,16,28,24,33,34,21,18,26,14,15,0,5,11,0,0,0,0,0,0,
103,수통골기점지 - 수통골기점지,32,서대전네거리역4번출구,0,0,10,16,16,17,31,25,34,26,25,17,22,14,16,11,10,11,2,2,0,0,0,0,
103,수통골기점지 - 수통골기점지,33,대전충남병무청,0,0,7,14,16,16,29,25,29,29,24,19,23,12,14,10,8,10,4,4,0,0,0,0,
103,수통골기점지 - 수통골기점지,34,중구청,0,0,10,7,14,16,28,24,27,27,25,18,7,12,13,7,7,7,1,0,0,0,0,0,
103,수통골기점지 - 수통골기점지,35,중앙로역4번출구,0,0,9,13,14,9,22,21,25,27,22,16,19,14,9,10,8,11,6,8,0,0,0,0,
103,수통골기점지 - 수통골기점지,36,중앙로역1번출구,0,0,8,12,12,11,18,22,23,22,21,15,17,16,12,11,15,16,11,14,0,0,0,0,
103,수통골기점지 - 수통골기점지,37,대전역,0,0,7,4,11,4,10,15,19,12,16,13,12,19,13,13,14,16,8,17,0,0,0,0,
103,수통골기점지 - 수통골기점지,38,중앙시장,0,0,3,5,13,4,10,13,16,13,20,18,15,17,20,15,15,15,10,18,0,0,0,0,
103,수통골기점지 - 수통골기점지,39,이스트시티아파트,0,0,0,4,11,6,9,14,10,5,10,21,15,16,19,13,13,8,10,0,0,0,0,0,
103,수통골기점지 - 수통골기점지,40,대동역2번출구,0,0,4,6,8,6,10,16,18,7,20,17,15,13,13,13,11,15,11,0,0,0,0,0,
103,수통골기점지 - 수통골기점지,41,신안동,0,0,0,0,1,4,8,15,19,13,5,20,9,15,20,10,14,16,0,19,0,0,0,0,
103,수통골기점지 - 수통골기점지,42,우송중고등학교,0,0,3,5,3,5,0,9,0,12,19,19,13,14,0,10,12,15,10,17,0,0,0,0,
103,수통골기점지 - 수통골기점지,43,우송대학교서캠퍼스,0,0,2,0,6,2,3,13,14,14,17,13,12,12,16,7,9,11,6,14,0,0,0,0,
103,수통골기점지 - 수통골기점지,44,자양동,0,0,1,3,3,4,7,14,11,10,15,13,10,10,15,9,7,6,4,12,0,0,0,0,
103,수통골기점지 - 수통골기점지,45,대주파크빌,0,0,0,2,7,6,6,9,10,7,14,17,11,9,17,8,6,0,5,9,0,0,0,0,
103,수통골기점지 - 수통골기점지,46,가양네거리,0,0,0,2,6,3,6,7,9,6,13,15,11,10,16,7,10,8,2,0,0,0,0,0,
103,수통골기점지 - 수통골기점지,47,대전보건대학교,0,0,0,2,7,1,4,8,7,4,12,14,7,4,12,7,11,4,5,6,0,0,0,0,
103,수통골기점지 - 수통골기점지,48,한국폴리텍대학,0,0,0,0,6,4,2,8,6,3,8,13,6,4,7,4,6,5,3,5,0,0,0,0,
103,수통골기점지 - 수통골기점지,49,명석고등학교,0,0,0,0,6,3,2,6,5,3,6,10,4,8,12,3,7,3,2,0,0,0,0,0,
103,수통골기점지 - 수통골기점지,50,길치근린공원,0,0,2,0,3,3,1,6,4,3,5,11,4,6,13,5,6,2,0,4,0,0,0,0,
103,수통골기점지 - 수통골기점지,51,금성백조아파트,0,0,0,1,0,2,1,4,3,2,4,8,3,4,2,4,4,2,2,0,0,0,0,0,
103,수통골기점지 - 수통골기점지,52,송촌고등학교,0,0,0,1,4,1,1,2,1,2,4,5,5,3,9,2,5,0,1,3,0,0,0,0,
103,수통골기점지 - 수통골기점지,53,동춘당,0,0,0,0,0,0,0,0,1,1,3,5,2,2,8,1,0,0,0,2,0,0,0,0,
103,수통골기점지 - 수통골기점지,54,동춘당,0,0,0,3,1,1,0,2,0,0,4,2,2,1,1,2,1,1,0,0,0,0,0,0,
103,수통골기점지 - 수통골기점지,55,선비마을3단지,0,2,1,3,3,2,1,0,2,3,6,2,3,2,1,4,0,1,0,0,0,0,0,0,
103,수통골기점지 - 수통골기점지,56,선비마을4단지,0,5,2,5,3,5,3,4,5,5,7,4,3,3,5,3,0,0,0,0,0,0,0,0,
103,수통골기점지 - 수통골기점지,57,송촌고등학교,0,1,4,6,2,4,4,4,6,5,10,4,5,2,6,0,1,2,1,0,0,0,0,0,
103,수통골기점지 - 수통골기점지,58,금성백조아파트,0,0,4,5,2,7,7,6,7,6,10,0,4,5,4,2,1,3,2,0,0,0,0,0,
103,수통골기점지 - 수통골기점지,59,길치근린공원,0,0,5,0,3,8,9,4,8,9,12,4,0,0,7,0,0,0,1,0,0,0,0,0,
103,수통골기점지 - 수통골기점지,60,명석고등학교,0,5,0,5,6,10,10,5,9,11,10,6,6,8,3,0,3,0,0,0,0,0,0,0,
103,수통골기점지 - 수통골기점지,61,한국폴리텍대학,0,6,8,7,8,6,13,8,10,14,11,7,7,9,11,4,4,0,1,0,0,0,0,0,
103,수통골기점지 - 수통골기점지,62,대전보건대학교,0,7,6,8,11,11,15,10,10,15,13,8,10,19,4,0,3,1,3,0,0,0,0,0,
103,수통골기점지 - 수통골기점지,63,가양동우체국,0,0,9,11,12,14,17,13,10,16,15,9,9,17,5,5,2,2,1,0,0,0,0,0,
103,수통골기점지 - 수통골기점지,64,흥룡초등학교,0,0,0,4,8,15,12,16,11,21,15,10,7,6,6,6,0,1,3,0,0,0,0,0,
103,수통골기점지 - 수통골기점지,65,대주파크빌,0,2,8,13,13,18,16,19,11,22,17,11,10,17,14,5,1,3,0,0,0,0,0,0,
103,수통골기점지 - 수통골기점지,66,우송대학교서캠퍼스,0,8,7,14,14,22,23,17,13,25,24,13,14,23,16,12,2,1,3,0,0,0,0,0,
103,수통골기점지 - 수통골기점지,67,대성여자고등학교,0,0,0,0,9,24,22,16,15,21,17,11,16,11,7,0,0,0,0,0,0,0,0,0,
103,수통골기점지 - 수통골기점지,68,신안동,0,7,3,12,12,22,20,17,16,22,22,14,18,21,9,0,4,5,0,0,0,0,0,0,
103,수통골기점지 - 수통골기점지,69,대동역3번출구,0,7,7,11,13,21,18,17,16,23,25,14,17,16,7,10,3,2,4,0,0,0,0,0,
103,수통골기점지 - 수통골기점지,70,대전화병원,0,6,0,0,15,18,20,0,17,21,20,0,19,0,5,12,3,3,0,0,0,0,0,0,
103,수통골기점지 - 수통골기점지,71,중앙시장,0,3,4,8,14,18,18,17,15,19,20,15,16,14,8,13,0,2,3,0,0,0,0,0,
103,수통골기점지 - 수통골기점지,72,목척교,0,0,4,11,17,23,15,20,23,17,19,28,24,20,15,19,12,14,12,0,0,0,0,0,
103,수통골기점지 - 수통골기점지,73,으능정이거리,0,0,0,10,15,21,12,17,19,13,15,24,24,20,18,14,18,16,17,0,0,0,0,0,
103,수통골기점지 - 수통골기점지,74,중앙로역6번출구,0,0,1,9,14,19,21,14,25,12,19,24,26,24,19,13,18,17,12,0,0,0,0,0,
103,수통골기점지 - 수통골기점지,75,중구청역,0,0,2,3,15,20,10,15,0,13,16,20,28,24,20,8,17,7,15,0,0,0,0,0,
103,수통골기점지 - 수통골기점지,76,대전충남병무청,0,0,1,8,13,20,26,15,29,15,15,22,31,25,22,15,16,13,16,0,0,0,0,0,
103,수통골기점지 - 수통골기점지,77,서대전네거리역5번출구,0,1,2,7,11,19,26,13,29,17,14,21,26,28,21,16,19,10,19,16,0,0,0,0,
103,수통골기점지 - 수통골기점지,78,중도일보,0,0,1,2,11,18,23,15,29,17,14,19,30,30,20,14,18,9,7,15,0,0,0,0,
103,수통골기점지 - 수통골기점지,79,오룡역3번출구,0,0,3,0,14,21,23,18,31,20,16,22,25,32,24,18,17,22,22,17,0,0,0,0,
103,수통골기점지 - 수통골기점지,80,태평1동주민센터,0,4,3,8,12,18,24,20,29,27,13,22,29,27,26,16,16,21,21,0,0,0,0,0,
103,수통골기점지 - 수통골기점지,81,태평오거리,0,8,4,9,13,21,27,21,12,30,17,29,29,27,23,16,17,17,8,13,0,0,0,0,
103,수통골기점지 - 수통골기점지,82,가장교,0,10,0,10,12,22,25,20,13,30,18,24,26,23,18,14,9,20,19,0,0,0,0,0,
103,수통골기점지 - 수통골기점지,83,가장네거리,0,0,2,0,9,23,22,23,16,26,16,25,24,21,21,15,15,13,18,0,0,0,0,0,
103,수통골기점지 - 수통골기점지,84,한민시장,0,12,5,8,11,22,28,27,23,27,21,23,28,22,17,14,11,17,15,11,0,0,0,0,
103,수통골기점지 - 수통골기점지,85,괴정네거리,0,13,6,12,14,23,27,25,28,29,21,25,26,21,21,13,10,10,15,12,0,0,0,0,
103,수통골기점지 - 수통골기점지,86,KT인재개발원,0,12,0,13,12,22,26,15,30,29,22,24,24,23,22,12,0,17,13,0,0,0,0,0,
103,수통골기점지 - 수통골기점지,87,푸른아파트,0,0,13,16,14,22,23,23,30,32,17,16,18,17,15,21,10,13,12,11,0,0,0,0,
103,수통골기점지 - 수통골기점지,88,둔산소방서,0,0,13,15,15,21,22,25,29,28,15,14,16,16,13,18,7,8,9,10,0,0,0,0,
103,수통골기점지 - 수통골기점지,89,동산아파트입구,0,0,14,11,16,19,24,22,24,25,13,11,16,18,11,7,6,0,8,8,0,0,0,0,
103,수통골기점지 - 수통골기점지,90,갈마네거리,0,0,0,13,15,19,22,18,25,21,12,15,16,17,11,4,4,4,6,10,0,0,0,0,
103,수통골기점지 - 수통골기점지,91,대전일보사,0,0,4,15,11,18,21,19,22,20,15,14,18,14,11,5,5,3,0,10,0,0,0,0,
103,수통골기점지 - 수통골기점지,92,월평삼거리,0,0,0,0,16,0,23,14,24,15,0,15,7,15,5,4,1,0,3,0,0,0,0,0,
103,수통골기점지 - 수통골기점지,93,대전교통공사,0,0,12,0,15,0,21,6,19,12,0,12,16,12,4,5,0,3,5,0,0,0,0,0,
103,수통골기점지 - 수통골기점지,94,만년교,0,0,8,6,9,9,17,8,21,16,11,15,17,10,11,6,3,4,6,11,0,0,0,0,
103,수통골기점지 - 수통골기점지,95,유성온천역3번출구,0,0,5,5,8,9,16,10,19,19,14,16,15,11,12,5,4,3,4,10,0,0,0,0,
103,수통골기점지 - 수통골기점지,96,봉명동,0,0,4,4,5,7,10,3,11,12,9,15,16,9,10,0,0,0,3,0,0,0,0,0,
103,수통골기점지 - 수통골기점지,97,유성고등학교,0,0,5,3,6,8,15,7,12,21,7,11,15,7,7,0,4,2,2,8,0,0,0,0,
103,수통골기점지 - 수통골기점지,98,유성구보훈회관,0,0,4,6,7,10,15,14,9,18,6,11,11,5,3,0,2,1,2,5,0,0,0,0,
103,수통골기점지 - 수통골기점지,99,정보통신공사협회,0,0,0,0,8,9,16,12,11,17,10,8,8,0,6,0,1,0,3,0,0,0,0,0,
103,수통골기점지 - 수통골기점지,100,유성시외버스정류소,0,0,3,4,5,11,15,6,7,8,10,11,9,5,6,5,2,4,3,2,0,0,0,0,
103,수통골기점지 - 수통골기점지,101,천양원,0,0,0,3,0,4,0,7,2,0,0,6,6,4,0,0,0,4,0,0,0,0,0,0,
103,수통골기점지 - 수통골기점지,102,현충원역3번출구,0,0,2,3,9,13,18,20,5,21,11,17,9,10,4,0,5,7,10,9,0,0,0,0,
103,수통골기점지 - 수통골기점지,103,구암8통,0,0,0,0,0,7,0,0,4,0,0,0,8,5,0,0,0,0,0,0,0,0,0,0,
103,수통골기점지 - 수통골기점지,104,덕명네거리,0,0,0,0,8,5,0,18,0,24,12,16,6,0,2,0,3,5,10,7,0,0,0,0,
103,수통골기점지 - 수통골기점지,105,운암네오미아/신협연수원,0,0,0,0,9,0,17,15,3,8,7,12,8,5,5,2,2,6,9,6,0,0,0,0,
103,수통골기점지 - 수통골기점지,106,삼성화재연수원,0,0,0,0,0,11,0,0,0,3,7,0,7,0,0,1,0,0,5,0,0,0,0,0,
103,수통골기점지 - 수통골기점지,107,한밭대학교,0,0,0,2,8,9,16,12,9,7,9,5,5,4,3,0,0,3,2,0,0,0,0,0,
103,수통골기점지 - 수통골기점지,108,수통골삼거리,0,0,1,1,4,6,7,10,8,20,7,3,3,2,2,0,0,0,0,0,0,0,0,0,
103,수통골기점지 - 수통골기점지,109,수통골기점지,0,0,0,0,0,0,0,0,0,0,0,0,0,0,0,0,0,0,0,0,0,0,0,0,
104,수통골기점지 - 수통골기점지,1,수통골기점지,0,0,0,0,0,3,0,0,0,0,0,0,0,1,0,0,0,0,0,0,0,0,0,0,
104,수통골기점지 - 수통골기점지,2,수통골삼거리,0,0,0,3,6,1,5,6,10,9,11,9,6,2,1,5,1,2,0,0,0,0,0,0,
104,수통골기점지 - 수통골기점지,3,한밭대학교,0,0,0,4,8,5,7,8,7,16,15,14,8,6,3,6,2,4,0,0,0,0,0,0,
104,수통골기점지 - 수통골기점지,4,삼성화재연수원,0,0,0,0,0,0,0,0,0,17,0,4,0,0,0,0,0,1,0,0,0,0,0,0,
104,수통골기점지 - 수통골기점지,5,하우스토리/신협연수원,0,0,2,0,3,8,0,0,6,14,17,14,3,9,2,0,0,0,0,0,0,0,0,0,
104,수통골기점지 - 수통골기점지,6,덕명네거리,0,0,0,0,4,4,0,0,0,18,0,13,0,3,4,0,0,0,0,0,0,0,0,0,
104,수통골기점지 - 수통골기점지,7,주유소,0,0,0,0,10,0,8,9,8,17,0,0,0,0,0,0,0,0,0,0,0,0,0,0,
104,수통골기점지 - 수통골기점지,8,구암8통,0,0,0,0,0,0,0,0,4,16,14,0,0,10,4,0,0,0,0,0,0,0,0,0,
104,수통골기점지 - 수통골기점지,9,현충원역1번출구,0,0,0,3,9,5,5,6,6,15,12,9,8,8,3,5,1,2,0,0,0,0,0,0,
104,수통골기점지 - 수통골기점지,10,천양원,0,0,0,2,0,0,0,5,0,0,0,0,0,7,6,0,0,0,0,0,0,0,0,0,
104,수통골기점지 - 수통골기점지,11,유성시장,0,0,2,2,8,8,0,7,5,16,0,9,6,0,5,0,0,0,0,0,0,0,0,0,
104,수통골기점지 - 수통골기점지,12,유성초네거리,0,0,3,1,4,4,5,7,6,15,11,10,10,8,11,9,1,3,2,0,0,0,0,0,
104,수통골기점지 - 수통골기점지,13,장대중학교,0,1,1,4,5,12,14,8,10,16,12,0,11,7,9,10,3,3,0,0,0,0,0,0,
104,수통골기점지 - 수통골기점지,14,충남대학교,0,0,2,4,8,11,15,13,18,23,13,11,19,7,11,10,4,4,3,0,0,0,0,0,
104,수통골기점지 - 수통골기점지,15,궁동,0,0,0,5,10,12,16,18,20,27,16,18,15,24,11,12,4,3,11,0,0,0,0,0,
104,수통골기점지 - 수통골기점지,16,유성구청,0,0,0,8,13,8,19,22,25,31,28,29,35,30,14,17,15,4,10,0,0,0,0,0,
104,수통골기점지 - 수통골기점지,17,카이스트,0,0,0,4,0,9,20,21,27,32,29,31,0,31,16,18,14,6,5,0,0,0,0,0,
104,수통골기점지 - 수통골기점지,18,대전지방기상청,0,0,0,0,7,6,17,22,0,0,0,21,33,29,13,17,0,4,0,0,0,0,0,0,
104,수통골기점지 - 수통골기점지,19,금강유역환경청,0,0,1,0,0,10,0,0,26,31,0,29,0,0,0,0,0,0,0,0,0,0,0,0,
104,수통골기점지 - 수통골기점지,20,국립중앙과학관,0,0,0,0,5,7,15,15,21,21,25,18,30,34,17,13,11,0,0,0,0,0,0,0,
104,수통골기점지 - 수통골기점지,21,서구보건소,0,0,0,3,3,6,6,8,12,11,17,11,20,28,12,10,4,3,9,0,0,0,0,0,
104,수통골기점지 - 수통골기점지,22,무궁화아파트,0,0,0,0,2,3,6,10,12,11,13,10,15,30,11,6,0,1,8,0,0,0,0,0,
104,수통골기점지 - 수통골기점지,23,한아름아파트,0,0,0,3,1,3,3,10,15,12,14,12,18,24,13,4,0,0,0,0,0,0,0,0,
104,수통골기점지 - 수통골기점지,24,성룡초등학교,0,0,3,0,0,4,4,13,14,11,17,0,7,22,12,4,0,0,2,0,0,0,0,0,
104,수통골기점지 - 수통골기점지,25,누리아파트후문,0,0,0,0,3,1,6,0,17,9,16,11,14,19,10,3,3,0,0,0,0,0,0,0,
104,수통골기점지 - 수통골기점지,26,갈마역,0,0,0,0,0,0,4,14,0,8,15,10,15,10,11,5,3,0,0,0,0,0,0,0,
104,수통골기점지 - 수통골기점지,27,둔산여자고등학교,0,0,2,0,1,3,3,13,15,0,0,8,13,16,9,5,0,0,0,0,0,0,0,0,
104,수통골기점지 - 수통골기점지,28,갤러리아타임월드,0,0,0,0,2,3,3,12,11,5,13,7,13,11,9,3,4,0,0,4,0,0,0,0,
104,수통골기점지 - 수통골기점지,29,SK브로드밴드,0,0,2,0,1,0,0,9,9,4,10,5,6,11,6,3,2,2,0,0,0,0,0,0,
104,수통골기점지 - 수통골기점지,30,대전광역시청,0,0,1,0,0,2,0,5,4,2,5,2,4,10,4,0,1,1,0,0,0,0,0,0,
104,수통골기점지 - 수통골기점지,31,샤크존,0,0,0,0,0,1,2,3,2,0,4,2,2,5,1,0,0,1,0,0,0,0,0,0,
104,수통골기점지 - 수통골기점지,32,탄방역.대전고용센터,0,0,0,0,0,1,0,0,1,0,2,0,1,3,0,2,0,0,2,0,0,0,0,0,
104,수통골기점지 - 수통골기점지,33,녹원아파트,0,0,0,0,0,0,0,1,0,1,3,1,0,2,0,4,0,0,0,3,0,0,0,0,
104,수통골기점지 - 수통골기점지,34,유승기업사,0,0,0,0,0,0,0,0,0,0,1,0,0,0,2,0,0,0,0,0,0,0,0,0,
104,수통골기점지 - 수통골기점지,35,탄방역종점,0,0,0,1,0,2,1,0,3,1,1,0,1,1,0,0,0,0,1,0,0,0,0,0,
104,수통골기점지 - 수통골기점지,36,탄방역1번출구,0,0,0,0,0,0,2,0,0,0,0,0,0,0,0,0,0,0,0,0,0,0,0,0,
104,수통골기점지 - 수통골기점지,37,개나리아파트,0,0,0,0,0,3,0,1,8,0,3,0,0,1,0,0,1,0,0,0,0,0,0,0,
104,수통골기점지 - 수통골기점지,38,국민연금서대전지사,0,0,0,0,0,0,0,1,0,0,2,0,0,0,2,0,0,0,0,0,0,0,0,0,
104,수통골기점지 - 수통골기점지,39,샤크존,0,0,0,0,0,3,0,0,2,3,6,1,2,3,4,2,3,1,2,0,0,0,0,0,
104,수통골기점지 - 수통골기점지,40,시청.교육청,0,0,0,0,0,0,5,0,8,4,7,4,0,3,5,0,3,0,0,0,0,0,0,0,
104,수통골기점지 - 수통골기점지,41,아이빌딩,0,1,0,0,0,0,3,0,0,5,6,6,4,4,6,0,6,0,1,0,0,0,0,0,
104,수통골기점지 - 수통골기점지,42,갤러리아타임월드,0,2,0,0,0,3,4,4,9,8,7,22,8,8,15,6,15,4,5,0,0,0,0,0,
104,수통골기점지 - 수통골기점지,43,둔산여자고등학교,0,0,0,0,4,4,3,8,5,9,11,0,9,0,10,0,8,0,6,0,0,0,0,0,
104,수통골기점지 - 수통골기점지,44,향촌아파트,0,0,0,0,5,0,5,0,5,12,12,21,0,0,0,9,5,0,0,0,0,0,0,0,
104,수통골기점지 - 수통골기점지,45,무지개아파트,0,0,0,0,0,2,6,10,6,9,14,23,0,10,0,5,4,14,5,0,0,0,0,0,
104,수통골기점지 - 수통골기점지,46,성룡초등학교,0,3,0,0,2,3,11,13,11,6,15,23,8,8,12,7,7,13,0,0,0,0,0,0,
104,수통골기점지 - 수통골기점지,47,백합네거리,0,4,0,0,0,3,10,15,0,11,16,22,8,9,13,5,7,11,7,0,0,0,0,0,
104,수통골기점지 - 수통골기점지,48,정부대전청사서문,0,0,0,2,0,2,11,9,12,9,17,25,9,0,12,6,7,12,0,0,0,0,0,0,
104,수통골기점지 - 수통골기점지,49,서구보건소,0,3,2,5,5,9,21,15,26,21,21,29,11,28,22,15,11,13,12,0,0,0,0,0,
104,수통골기점지 - 수통골기점지,50,국립중앙과학관,0,0,0,4,3,8,21,14,23,17,20,26,16,38,25,28,21,13,15,0,0,0,0,0,
104,수통골기점지 - 수통골기점지,51,보건환경연구원,0,0,0,0,0,0,0,16,22,0,0,27,0,0,0,29,0,0,0,0,0,0,0,0,
104,수통골기점지 - 수통골기점지,52,대전지방기상청,0,0,4,0,0,0,0,17,0,0,21,26,13,21,0,0,22,11,14,0,0,0,0,0,
104,수통골기점지 - 수통골기점지,53,카이스트,0,0,3,3,0,0,18,14,22,15,20,16,15,18,27,30,21,10,15,0,0,0,0,0,
104,수통골기점지 - 수통골기점지,54,한빛아파트,0,0,4,0,4,7,13,8,17,7,28,24,18,33,21,29,19,5,13,0,0,0,0,0,
104,수통골기점지 - 수통골기점지,55,유성구청,0,0,0,0,0,9,12,7,21,8,31,25,21,33,21,13,20,10,14,0,0,0,0,0,
104,수통골기점지 - 수통골기점지,56,충대농대입구,0,0,0,0,3,11,8,0,7,18,0,22,23,29,20,26,19,5,13,0,0,0,0,0,
104,수통골기점지 - 수통골기점지,57,궁동,0,0,0,0,2,10,12,4,11,17,24,19,20,20,15,23,18,4,10,0,0,0,0,0,
104,수통골기점지 - 수통골기점지,58,충남대학교,0,0,3,1,3,8,8,2,9,16,11,18,13,14,8,10,15,3,2,0,0,0,0,0,
104,수통골기점지 - 수통골기점지,59,장대초등학교,0,0,0,2,5,5,7,8,8,10,10,10,6,12,10,7,0,7,9,0,0,0,0,0,
104,수통골기점지 - 수통골기점지,60,유성초네거리,0,0,4,2,4,7,4,9,7,12,10,5,7,11,10,6,12,6,8,0,0,0,0,0,
104,수통골기점지 - 수통골기점지,61,유성시장,0,0,0,0,1,4,5,11,5,7,9,4,6,9,6,5,8,0,4,0,0,0,0,0,
104,수통골기점지 - 수통골기점지,62,천양원,0,0,0,0,0,0,0,0,0,11,2,4,0,8,8,0,0,0,0,0,0,0,0,0,
104,수통골기점지 - 수통골기점지,63,현충원역3번출구,0,0,3,1,6,9,9,11,13,12,15,5,5,8,9,7,9,4,0,0,0,0,0,0,
104,수통골기점지 - 수통골기점지,64,구암8통,0,0,0,0,0,2,0,6,0,0,14,0,0,0,0,0,0,0,0,0,0,0,0,0,
104,수통골기점지 - 수통골기점지,65,덕명네거리,0,0,0,1,0,0,0,11,12,0,0,6,0,7,8,8,0,3,2,0,0,0,0,0,
104,수통골기점지 - 수통골기점지,66,운암네오미아/신협연수원,0,0,0,0,7,1,0,10,0,10,9,5,0,6,4,5,6,0,3,0,0,0,0,0,
104,수통골기점지 - 수통골기점지,67,삼성화재연수원,0,0,0,0,0,8,0,0,0,0,0,0,4,0,0,3,0,0,0,0,0,0,0,0,
104,수통골기점지 - 수통골기점지,68,한밭대학교,0,0,0,0,5,0,8,0,2,9,7,0,1,3,1,1,1,0,1,0,0,0,0,0,
104,수통골기점지 - 수통골기점지,69,수통골삼거리,0,0,0,0,3,0,2,0,2,8,6,4,0,1,0,0,0,0,1,0,0,0,0,0,
104,수통골기점지 - 수통골기점지,70,수통골기점지,0,0,0,0,0,0,0,0,0,0,0,0,0,0,0,0,0,0,0,0,0,0,0,0,
105,충대농대종점 - 충대농대종점,1,충대농대종점,0,0,0,0,0,0,0,2,0,0,1,1,0,1,2,1,0,1,0,0,0,0,0,0,
105,충대농대종점 - 충대농대종점,2,한빛아파트,0,0,1,2,2,8,5,7,3,4,9,4,8,7,3,5,1,4,2,0,0,0,0,0,
105,충대농대종점 - 충대농대종점,3,충대농대입구,0,1,0,2,4,10,6,0,5,7,13,5,9,7,7,0,6,5,2,0,0,0,0,0,
105,충대농대종점 - 충대농대종점,4,궁동,0,0,2,3,3,13,8,5,6,8,16,5,9,9,9,7,3,6,5,0,0,0,0,0,
105,충대농대종점 - 충대농대종점,5,충남대학교,0,0,1,6,7,11,9,4,9,11,18,11,7,10,10,8,9,9,5,0,0,0,0,0,
105,충대농대종점 - 충대농대종점,6,한진오피스텔,0,2,3,4,5,10,8,5,9,9,17,13,7,13,11,5,9,10,6,0,0,0,0,0,
105,충대농대종점 - 충대농대종점,7,유성온천역1번출구,0,0,4,6,6,10,10,4,9,16,17,13,9,15,10,8,8,9,7,0,0,0,0,0,
105,충대농대종점 - 충대농대종점,8,만년교,0,2,1,6,6,11,11,9,10,19,21,15,16,15,8,11,10,10,8,0,0,0,0,0,
105,충대농대종점 - 충대농대종점,9,대전교통공사,0,0,3,3,5,10,10,4,10,18,20,14,15,11,13,11,9,11,6,0,0,0,0,0,
105,충대농대종점 - 충대농대종점,10,대전일보사,0,1,6,5,7,14,12,10,14,19,20,13,19,15,11,12,10,12,8,0,0,0,0,0,
105,충대농대종점 - 충대농대종점,11,갈마네거리,0,3,7,4,8,18,16,6,19,20,19,14,13,14,10,12,10,11,11,0,0,0,0,0,
105,충대농대종점 - 충대농대종점,12,갈마육교,0,0,6,6,9,21,16,10,17,21,17,15,20,14,11,13,14,11,10,0,0,0,0,0,
105,충대농대종점 - 충대농대종점,13,큰마을아파트,0,1,6,8,10,19,18,9,21,18,14,23,23,20,13,13,14,13,15,0,0,0,0,0,
105,충대농대종점 - 충대농대종점,14,유승기업사,0,0,8,4,9,17,18,7,20,16,15,22,23,14,18,13,16,14,16,0,0,0,0,0,
105,충대농대종점 - 충대농대종점,15,개나리아파트,0,2,5,7,7,16,16,9,21,17,20,23,25,20,21,13,14,13,18,0,0,0,0,0,
105,충대농대종점 - 충대농대종점,16,국민연금서대전지사,0,0,5,7,11,15,13,8,20,17,22,23,27,20,22,18,17,13,14,0,0,0,0,0,
105,충대농대종점 - 충대농대종점,17,탄방역.대전고용센터,0,0,7,4,11,16,17,11,22,16,22,23,29,21,23,19,18,11,19,0,0,0,0,0,
105,충대농대종점 - 충대농대종점,18,한우리아파트,0,3,8,9,8,11,15,11,17,16,17,23,30,22,24,21,18,15,18,0,0,0,0,0,
105,충대농대종점 - 충대농대종점,19,한가람아파트,0,2,8,12,11,10,16,10,19,17,19,21,28,21,20,17,17,16,16,0,0,0,0,0,
105,충대농대종점 - 충대농대종점,20,탄방동주민센터,0,0,7,5,13,10,16,9,21,17,17,15,27,19,18,15,16,12,12,0,0,0,0,0,
105,충대농대종점 - 충대농대종점,21,문정초등학교,0,3,0,3,11,8,17,7,17,16,15,16,26,20,18,15,12,10,17,4,0,0,0,0,
105,충대농대종점 - 충대농대종점,22,국화아파트,0,0,7,8,9,9,16,9,18,16,18,24,25,21,17,16,17,11,20,0,0,0,0,0,
105,충대농대종점 - 충대농대종점,23,가람아파트,0,0,9,8,10,9,18,10,20,21,18,26,20,20,24,13,19,16,25,5,0,0,0,0,
105,충대농대종점 - 충대농대종점,24,오정농수산오거리,0,2,11,14,14,7,20,8,22,20,19,30,28,23,26,18,24,25,30,16,0,0,0,0,
105,충대농대종점 - 충대농대종점,25,오정동행정복지센터,0,0,12,15,13,9,18,10,23,16,19,32,30,22,25,15,13,24,22,0,0,0,0,0,
105,충대농대종점 - 충대농대종점,26,한남오거리(BRT),0,0,13,11,0,9,19,10,18,15,17,34,28,19,15,15,25,26,23,0,0,0,0,0,
105,충대농대종점 - 충대농대종점,27,한남오거리,0,0,10,11,12,10,20,10,26,14,20,36,28,21,21,19,24,23,30,17,0,0,0,0,
105,충대농대종점 - 충대농대종점,28,한남대학교,0,0,0,14,11,11,18,11,22,12,18,35,27,20,22,18,21,21,29,25,0,0,0,0,
105,충대농대종점 - 충대농대종점,29,대전신학대학교,0,0,9,11,14,9,17,10,19,17,19,30,24,18,21,16,17,17,20,13,0,0,0,0,
105,충대농대종점 - 충대농대종점,30,한남로삼거리,0,0,8,13,18,13,20,9,20,13,20,34,23,16,17,12,13,10,11,3,0,0,0,0,
105,충대농대종점 - 충대농대종점,31,아리랑프라자,0,0,4,14,18,8,18,0,19,10,20,12,25,13,17,12,7,12,10,0,0,0,0,0,
105,충대농대종점 - 충대농대종점,32,홍도지하차도,0,0,4,11,9,11,8,8,21,16,12,32,20,13,16,13,0,9,11,0,0,0,0,0,
105,충대농대종점 - 충대농대종점,33,홍도아파트,0,0,9,0,21,13,22,10,20,0,14,33,24,14,17,12,9,1,0,0,0,0,0,0,
105,충대농대종점 - 충대농대종점,34,홍도지하차도,0,0,10,7,22,11,22,0,8,0,19,8,19,14,9,8,10,7,0,0,0,0,0,0,
105,충대농대종점 - 충대농대종점,35,복합터미널,0,0,3,4,9,6,13,6,6,9,10,16,13,9,12,10,12,15,14,11,0,0,0,0,
105,충대농대종점 - 충대농대종점,36,동부네거리,0,0,3,3,8,5,6,5,6,9,10,13,14,8,11,12,11,0,10,13,0,0,0,0,
105,충대농대종점 - 충대농대종점,37,동대전시립도서관,0,0,1,1,7,6,8,4,6,8,10,12,13,6,0,10,8,6,9,12,0,0,0,0,
105,충대농대종점 - 충대농대종점,38,가양네거리,0,0,0,0,6,6,5,3,8,5,9,10,14,3,10,11,10,14,11,8,0,0,0,0,
105,충대농대종점 - 충대농대종점,39,대전보건대학교,0,0,1,2,5,4,4,4,1,9,4,9,11,2,8,5,4,4,9,4,0,0,0,0,
105,충대농대종점 - 충대농대종점,40,한국폴리텍대학,0,0,1,3,1,3,0,1,6,8,3,9,12,2,8,4,1,3,7,3,0,0,0,0,
105,충대농대종점 - 충대농대종점,41,명석고등학교,0,0,0,0,0,3,2,4,4,6,2,9,8,1,2,2,3,2,5,0,0,0,0,0,
105,충대농대종점 - 충대농대종점,42,길치근린공원,0,0,0,0,0,1,2,3,2,6,3,8,6,0,7,1,2,1,0,2,0,0,0,0,
105,충대농대종점 - 충대농대종점,43,금성백조아파트,0,0,0,0,1,0,1,1,1,3,2,9,5,0,6,0,0,0,3,1,0,0,0,0,
105,충대농대종점 - 충대농대종점,44,만남웨딩홀,0,0,0,0,0,0,0,0,1,1,0,0,3,0,2,0,0,0,0,0,0,0,0,0,
105,충대농대종점 - 충대농대종점,45,삼호아파트,0,1,4,2,2,5,4,4,4,2,1,1,3,1,3,1,0,2,0,0,0,0,0,0,
105,충대농대종점 - 충대농대종점,46,삼호아파트,0,1,4,2,2,5,4,4,4,2,1,1,3,1,3,1,0,2,0,0,0,0,0,0,
105,충대농대종점 - 충대농대종점,47,평화아파트,0,0,2,2,4,6,6,6,3,3,4,3,1,0,2,4,1,0,1,0,0,0,0,0,
105,충대농대종점 - 충대농대종점,48,명석고등학교,0,2,3,3,4,7,6,10,4,4,0,5,5,3,3,3,3,1,0,0,0,0,0,0,
105,충대농대종점 - 충대농대종점,49,한국폴리텍대학,0,3,3,4,7,0,8,11,7,6,7,3,6,3,2,6,0,0,3,0,0,0,0,0,
105,충대농대종점 - 충대농대종점,50,대전보건대학교,0,4,6,6,7,8,12,12,10,7,10,7,12,5,9,4,4,2,3,0,0,0,0,0,
105,충대농대종점 - 충대농대종점,51,가양동우체국,0,1,5,5,8,10,15,6,14,8,4,7,0,2,11,0,0,3,0,0,0,0,0,0,
105,충대농대종점 - 충대농대종점,52,가양네거리,0,5,0,6,6,12,19,11,14,9,11,10,11,4,6,8,6,2,6,0,0,0,0,0,
105,충대농대종점 - 충대농대종점,53,동대전시립도서관,0,0,4,0,7,13,21,11,9,6,11,10,13,7,9,3,2,0,0,0,0,0,0,0,
105,충대농대종점 - 충대농대종점,54,동부네거리,0,1,3,6,9,12,24,10,12,10,8,10,13,9,13,11,7,8,10,0,0,0,0,0,
105,충대농대종점 - 충대농대종점,55,복합터미널,0,3,4,12,7,12,19,13,10,14,13,19,19,16,28,19,18,27,24,0,0,0,0,0,
105,충대농대종점 - 충대농대종점,56,아리랑프라자,0,4,0,14,13,12,20,15,7,15,14,15,18,15,21,20,18,28,25,0,0,0,0,0,
105,충대농대종점 - 충대농대종점,57,한남로삼거리,0,4,6,9,20,28,29,21,11,21,20,24,22,18,20,16,13,25,24,0,0,0,0,0,
105,충대농대종점 - 충대농대종점,58,대전신학대학교,0,0,2,10,21,29,27,19,16,22,21,26,24,21,22,16,13,22,22,0,0,0,0,0,
105,충대농대종점 - 충대농대종점,59,한남대학교,0,0,0,11,23,21,28,20,17,24,13,28,25,25,22,15,14,21,22,0,0,0,0,0,
105,충대농대종점 - 충대농대종점,60,한남오거리,0,5,5,10,23,32,26,21,18,24,22,26,26,25,19,15,15,11,20,0,0,0,0,0,
105,충대농대종점 - 충대농대종점,61,한남오거리(BRT),0,0,3,11,17,27,18,19,17,23,16,21,26,23,16,13,13,11,19,0,0,0,0,0,
105,충대농대종점 - 충대농대종점,62,오정동행정복지센터,0,5,0,7,18,26,16,0,16,27,12,21,15,16,15,14,12,10,17,0,0,0,0,0,
105,충대농대종점 - 충대농대종점,63,오정농수산오거리,0,0,0,0,17,27,19,20,14,25,18,21,27,22,16,15,11,7,18,0,0,0,0,0,
105,충대농대종점 - 충대농대종점,64,수정타운아파트,0,6,4,11,18,13,15,18,17,21,16,18,28,19,13,14,13,13,15,0,0,0,0,0,
105,충대농대종점 - 충대농대종점,65,한밭초등학교,0,8,5,10,18,17,15,19,20,22,13,18,30,20,13,14,13,11,14,0,0,0,0,0,
105,충대농대종점 - 충대농대종점,66,탄방중학교,0,0,4,6,19,16,16,19,20,21,16,17,32,19,12,14,14,10,15,0,0,0,0,0,
105,충대농대종점 - 충대농대종점,67,공작아파트,0,0,5,7,18,16,15,20,21,18,18,18,13,22,14,13,15,10,4,0,0,0,0,0,
105,충대농대종점 - 충대농대종점,68,한가람아파트,0,9,6,8,21,21,18,22,21,20,22,18,32,20,15,16,13,10,13,0,0,0,0,0,
105,충대농대종점 - 충대농대종점,69,한우리아파트,0,7,4,7,16,17,14,20,24,26,21,19,30,22,17,18,13,13,16,2,0,0,0,0,
105,충대농대종점 - 충대농대종점,70,탄방역.대전고용센터,0,6,4,7,14,14,10,18,21,25,20,18,25,21,18,21,13,13,17,0,0,0,0,0,
105,충대농대종점 - 충대농대종점,71,녹원아파트,0,5,2,6,13,12,11,16,19,23,21,19,23,22,17,19,13,12,10,0,0,0,0,0,
105,충대농대종점 - 충대농대종점,72,대전상공회의소,0,4,3,6,14,10,11,18,21,23,20,20,22,21,12,17,13,14,15,0,0,0,0,0,
105,충대농대종점 - 충대농대종점,73,큰마을네거리,0,0,4,7,15,9,11,16,25,17,24,12,17,22,12,14,11,13,10,0,0,0,0,0,
105,충대농대종점 - 충대농대종점,74,갈마육교,0,0,5,7,12,10,11,15,24,17,23,14,15,22,12,13,12,12,8,2,0,0,0,0,
105,충대농대종점 - 충대농대종점,75,갈마네거리,0,0,5,7,14,10,10,15,21,16,19,11,12,17,9,11,10,9,9,0,0,0,0,0,
105,충대농대종점 - 충대농대종점,76,대전일보사,0,0,0,6,14,9,9,14,20,14,18,12,10,13,7,13,7,10,7,6,0,0,0,0,
105,충대농대종점 - 충대농대종점,77,월평삼거리,0,0,0,0,13,10,0,13,0,0,8,13,12,12,7,13,6,7,6,5,0,0,0,0,
105,충대농대종점 - 충대농대종점,78,대전교통공사,0,0,0,4,11,5,7,10,18,12,17,12,11,12,6,6,0,0,0,0,0,0,0,0,
105,충대농대종점 - 충대농대종점,79,만년교,0,0,3,4,11,7,5,9,17,12,13,10,7,11,8,7,6,5,7,0,0,0,0,0,
105,충대농대종점 - 충대농대종점,80,유성온천역7번출구,0,0,2,2,8,2,5,10,12,9,17,11,9,9,11,13,7,11,16,6,0,0,0,0,
105,충대농대종점 - 충대농대종점,81,온천교,0,0,1,1,6,1,3,9,11,7,17,8,9,11,8,11,5,9,15,8,0,0,0,0,
105,충대농대종점 - 충대농대종점,82,충남대학교,0,0,0,0,3,2,0,8,10,6,10,13,6,6,7,8,6,10,18,0,0,0,0,0,
105,충대농대종점 - 충대농대종점,83,궁동,0,0,0,1,1,0,1,6,8,3,5,10,4,8,6,3,4,6,9,5,0,0,0,0,
105,충대농대종점 - 충대농대종점,84,한빛아파트,0,0,0,0,1,1,1,5,4,4,2,8,3,3,3,2,0,3,7,4,0,0,0,0,
105,충대농대종점 - 충대농대종점,85,충대농대종점,0,0,0,0,0,0,0,0,0,0,0,0,0,0,0,0,0,0,0,0,0,0,0,0,
106,목원대학교 - 목원대학교,1,목원대학교,0,1,1,2,7,3,5,5,12,7,6,9,9,15,9,3,5,1,12,0,0,0,0,0,
106,목원대학교 - 목원대학교,2,흥도초등학교,0,0,1,3,0,5,7,0,6,0,3,0,0,8,0,4,0,0,0,0,0,0,0,0,
106,목원대학교 - 목원대학교,3,도안고등학교,0,2,2,4,9,9,12,6,18,12,12,14,15,13,12,3,10,3,13,0,0,0,0,0,
106,목원대학교 - 목원대학교,4,상대네거리,0,0,1,0,6,11,13,8,22,13,0,10,20,14,8,5,11,0,0,0,0,0,0,0,
106,목원대학교 - 목원대학교,5,트리풀시티9단지,0,3,3,5,16,12,13,12,27,17,15,19,21,16,15,11,13,0,3,0,0,0,0,0,
106,목원대학교 - 목원대학교,6,도안센트럴시티,0,0,0,0,0,10,15,11,0,16,7,17,8,13,13,3,12,2,0,0,0,0,0,0,
106,목원대학교 - 목원대학교,7,유성온천역2번출구,0,0,5,7,10,14,18,21,27,15,12,17,18,13,12,18,10,4,12,0,0,0,0,0,
106,목원대학교 - 목원대학교,8,유성온천역7번출구,0,2,4,6,9,10,18,20,24,14,14,18,12,14,9,14,7,8,8,0,0,0,0,0,
106,목원대학교 - 목원대학교,9,온천교,0,2,3,5,10,15,19,19,20,18,19,15,13,19,10,16,9,14,9,0,0,0,0,0,
106,목원대학교 - 목원대학교,10,충남대학교,0,3,2,6,12,19,18,19,15,22,20,16,11,24,17,17,7,15,9,0,0,0,0,0,
106,목원대학교 - 목원대학교,11,홈플러스유성점,0,0,4,6,8,20,16,14,19,23,27,32,22,27,16,13,8,17,9,0,0,0,0,0,
106,목원대학교 - 목원대학교,12,월평역,0,0,2,4,11,19,15,16,22,20,27,29,23,28,19,14,11,15,9,0,0,0,0,0,
106,목원대학교 - 목원대학교,13,전원아파트,0,0,3,7,12,17,15,7,20,23,28,28,24,27,19,10,7,12,7,0,0,0,0,0,
106,목원대학교 - 목원대학교,14,누리아파트,0,0,5,0,12,12,16,13,30,22,27,24,25,16,17,9,6,9,6,0,0,0,0,0,
106,목원대학교 - 목원대학교,15,누리아파트후문,0,4,5,7,10,11,18,15,18,22,29,24,28,28,17,9,7,9,0,0,0,0,0,0,
106,목원대학교 - 목원대학교,16,갈마역,0,0,6,6,0,0,17,14,29,21,28,20,26,17,13,9,8,10,0,0,0,0,0,0,
106,목원대학교 - 목원대학교,17,둔산여자고등학교,0,1,4,7,13,10,18,14,21,21,27,24,21,25,15,11,6,11,6,0,0,0,0,0,
106,목원대학교 - 목원대학교,18,갤러리아타임월드,0,8,11,8,14,10,10,9,18,23,25,21,25,32,23,17,13,12,11,0,0,0,0,0,
106,목원대학교 - 목원대학교,19,SK브로드밴드,0,0,6,7,14,7,12,11,21,24,31,26,26,32,30,19,16,15,12,0,0,0,0,0,
106,목원대학교 - 목원대학교,20,대전광역시청,0,0,11,6,12,9,7,12,16,24,33,28,26,32,28,28,13,17,12,0,0,0,0,0,
106,목원대학교 - 목원대학교,21,시청역,0,9,11,5,15,10,13,12,15,24,33,33,33,27,28,21,22,23,20,14,0,0,0,0,
106,목원대학교 - 목원대학교,22,목련아파트,0,10,10,0,14,11,14,12,16,23,32,31,28,28,24,19,19,24,14,14,0,0,0,0,
106,목원대학교 - 목원대학교,23,청솔아파트,0,9,12,4,12,12,11,13,14,18,22,21,28,23,22,20,20,22,15,10,0,0,0,0,
106,목원대학교 - 목원대학교,24,보라삼거리,0,0,10,15,9,14,13,14,19,19,23,25,30,17,20,20,17,18,11,9,0,0,0,0,
106,목원대학교 - 목원대학교,25,남선공원네거리,0,0,11,16,10,15,12,15,18,20,20,26,31,24,24,15,17,22,15,8,0,0,0,0,
106,목원대학교 - 목원대학교,26,중촌초등학교,0,0,11,16,14,11,13,16,18,21,23,25,29,23,23,17,14,22,13,7,0,0,0,0,
106,목원대학교 - 목원대학교,27,중촌동행정복지센터,0,0,9,17,16,11,16,12,21,23,23,17,28,21,20,15,14,21,9,6,0,0,0,0,
106,목원대학교 - 목원대학교,28,현암교,0,0,7,5,14,16,15,12,13,21,24,20,28,22,21,12,12,16,12,5,0,0,0,0,
106,목원대학교 - 목원대학교,29,홍도지하차도,0,0,8,15,5,13,13,10,21,16,26,25,27,20,18,11,12,14,9,0,0,0,0,0,
106,목원대학교 - 목원대학교,30,복합터미널,0,0,4,6,6,7,11,5,11,10,10,20,14,16,14,19,12,13,14,15,0,0,0,0,
106,목원대학교 - 목원대학교,31,동부네거리,0,0,0,5,6,4,7,4,6,10,10,20,9,19,18,22,11,12,13,0,0,0,0,0,
106,목원대학교 - 목원대학교,32,동대전시립도서관,0,0,2,4,7,6,5,5,0,12,12,18,13,17,19,9,21,9,12,0,0,0,0,0,
106,목원대학교 - 목원대학교,33,가양네거리,0,0,1,3,3,5,3,0,10,10,7,15,4,14,18,8,17,10,10,11,0,0,0,0,
106,목원대학교 - 목원대학교,34,대전보건대학교,0,0,5,1,4,3,6,3,8,8,8,9,7,9,5,8,8,8,5,9,0,0,0,0,
106,목원대학교 - 목원대학교,35,한국폴리텍대학,0,0,0,0,3,0,3,0,5,6,7,5,3,6,10,7,4,5,3,5,0,0,0,0,
106,목원대학교 - 목원대학교,36,명석고등학교,0,0,3,1,1,0,2,1,4,3,4,5,3,4,2,2,3,3,2,4,0,0,0,0,
106,목원대학교 - 목원대학교,37,길치근린공원,0,0,2,0,0,0,1,0,0,0,2,4,2,2,8,1,0,1,1,1,0,0,0,0,
106,목원대학교 - 목원대학교,38,금성백조아파트,0,0,1,0,0,1,0,0,1,2,1,2,1,1,3,0,1,0,0,0,0,0,0,0,
106,목원대학교 - 목원대학교,39,비래동,0,0,0,0,0,0,0,0,0,0,0,0,0,0,0,0,1,0,0,0,0,0,0,0,
106,목원대학교 - 목원대학교,40,비래동종점,0,0,0,0,0,0,0,0,0,0,0,0,0,0,0,0,0,0,0,0,0,0,0,0,
106,목원대학교 - 목원대학교,41,비래동종점,0,1,1,0,0,0,0,0,1,2,1,0,1,1,0,0,1,0,0,0,0,0,0,0,
106,목원대학교 - 목원대학교,42,비래동,0,0,0,0,0,0,1,2,0,1,0,0,1,0,0,1,0,0,0,0,0,0,0,0,
106,목원대학교 - 목원대학교,43,금성백조아파트,0,2,2,1,1,3,4,3,2,3,4,2,3,2,0,2,1,0,1,0,0,0,0,0,
106,목원대학교 - 목원대학교,44,길치근린공원,0,3,2,3,2,4,5,6,5,3,6,5,4,1,0,2,0,0,1,0,0,0,0,0,
106,목원대학교 - 목원대학교,45,명석고등학교,0,0,0,2,5,9,7,8,6,5,7,9,4,2,1,4,2,1,0,0,0,0,0,0,
106,목원대학교 - 목원대학교,46,한국폴리텍대학,0,0,2,3,6,12,8,9,8,4,5,5,5,4,4,4,3,3,0,0,0,0,0,0,
106,목원대학교 - 목원대학교,47,대전보건대학교,0,4,5,4,6,17,9,16,8,8,11,10,9,7,8,6,1,5,1,0,0,0,0,0,
106,목원대학교 - 목원대학교,48,가양동우체국,0,6,6,6,11,18,10,8,0,15,12,12,12,3,0,7,2,6,3,0,0,0,0,0,
106,목원대학교 - 목원대학교,49,가양네거리,0,5,2,5,7,18,10,17,10,9,13,12,13,8,10,8,4,4,0,0,0,0,0,0,
106,목원대학교 - 목원대학교,50,동대전시립도서관,0,6,0,0,7,16,11,15,9,13,11,12,9,9,12,0,0,0,1,0,0,0,0,0,
106,목원대학교 - 목원대학교,51,동부네거리,0,5,5,9,9,16,14,13,14,14,18,12,15,12,17,6,5,10,5,0,0,0,0,0,
106,목원대학교 - 목원대학교,52,복합터미널,0,6,5,11,8,20,17,22,21,21,21,21,25,22,23,19,11,16,8,0,0,0,0,0,
106,목원대학교 - 목원대학교,53,홍도지하차도,0,0,5,12,9,22,10,21,23,30,21,19,24,23,26,18,12,5,6,0,0,0,0,0,
106,목원대학교 - 목원대학교,54,현암교,0,2,4,14,11,26,16,20,29,33,26,20,24,22,26,17,10,10,7,0,0,0,0,0,
106,목원대학교 - 목원대학교,55,중앙중고등학교,0,2,5,13,10,24,15,23,27,34,24,22,28,23,24,19,9,13,6,0,0,0,0,0,
106,목원대학교 - 목원대학교,56,중촌초등학교,0,4,2,13,11,24,21,25,27,32,23,24,30,17,21,18,6,13,7,0,0,0,0,0,
106,목원대학교 - 목원대학교,57,남선공원네거리,0,0,0,12,12,23,18,24,25,30,25,21,29,20,23,13,8,14,0,0,0,0,0,0,
106,목원대학교 - 목원대학교,58,청솔아파트,0,5,8,13,14,22,21,28,31,28,24,31,26,18,22,16,9,5,16,0,0,0,0,0,
106,목원대학교 - 목원대학교,59,크로바아파트,0,4,3,5,15,23,22,37,34,28,17,34,28,18,21,19,10,4,7,0,0,0,0,0,
106,목원대학교 - 목원대학교,60,시청역,0,0,6,5,11,21,20,33,30,28,18,29,27,18,22,23,14,6,20,7,0,0,0,0,
106,목원대학교 - 목원대학교,61,시청.교육청,0,0,4,4,10,20,19,29,29,26,21,28,26,16,21,17,12,3,21,6,0,0,0,0,
106,목원대학교 - 목원대학교,62,아이빌딩,0,0,0,3,8,12,15,24,15,29,21,27,24,16,16,22,13,5,22,5,0,0,0,0,
106,목원대학교 - 목원대학교,63,갤러리아타임월드,0,2,5,5,6,10,9,15,18,30,24,30,28,19,19,16,21,11,18,5,0,0,0,0,
106,목원대학교 - 목원대학교,64,둔산여자고등학교,0,0,6,2,6,12,13,14,18,30,24,32,29,19,20,17,21,12,19,5,0,0,0,0,
106,목원대학교 - 목원대학교,65,향촌아파트,0,0,0,6,0,9,6,15,0,19,24,32,28,17,19,18,17,0,7,0,0,0,0,0,
106,목원대학교 - 목원대학교,66,무지개아파트,0,0,4,3,5,9,11,16,16,33,24,28,26,15,18,19,19,10,4,4,0,0,0,0,
106,목원대학교 - 목원대학교,67,황실타운아파트,0,3,4,4,7,12,11,16,18,31,21,31,28,15,20,16,17,9,14,0,0,0,0,0,
106,목원대학교 - 목원대학교,68,하나로아파트,0,0,3,3,8,9,14,10,17,30,22,30,25,11,19,15,16,10,13,5,0,0,0,0,
106,목원대학교 - 목원대학교,69,월평역,0,0,5,7,8,14,15,16,22,30,27,33,23,14,21,19,17,13,14,10,0,0,0,0,
106,목원대학교 - 목원대학교,70,유림공원,0,0,0,0,6,8,14,12,19,19,19,29,25,14,23,13,19,13,13,7,0,0,0,0,
106,목원대학교 - 목원대학교,71,다솔아파트,0,0,4,6,2,11,14,11,17,20,13,24,25,15,22,11,17,13,11,5,0,0,0,0,
106,목원대학교 - 목원대학교,72,충남대학교,0,4,3,6,7,9,17,9,11,20,16,20,24,12,21,12,18,11,11,6,0,0,0,0,
106,목원대학교 - 목원대학교,73,온천교,0,0,0,3,6,8,15,8,9,21,15,18,21,11,15,11,17,9,13,7,0,0,0,0,
106,목원대학교 - 목원대학교,74,유성온천역6번출구,0,0,4,4,5,8,15,10,11,27,15,20,19,15,20,20,21,13,22,8,0,0,0,0,
106,목원대학교 - 목원대학교,75,유성온천역3번출구,0,0,2,6,6,8,16,12,10,28,15,21,22,16,24,22,21,20,21,11,0,0,0,0,
106,목원대학교 - 목원대학교,76,휴먼시아4단지,0,0,2,7,4,8,14,5,8,22,9,16,20,12,18,19,18,15,19,16,0,0,0,0,
106,목원대학교 - 목원대학교,77,트리풀시티9단지,0,0,0,1,1,4,3,0,7,20,8,15,17,10,15,15,15,5,16,8,0,0,0,0,
106,목원대학교 - 목원대학교,78,상대네거리,0,0,0,1,0,5,2,8,6,14,4,14,10,9,12,11,13,14,15,13,0,0,0,0,
106,목원대학교 - 목원대학교,79,도안고등학교,0,0,1,2,2,7,10,9,5,13,2,12,15,8,9,10,10,10,14,10,0,0,0,0,
106,목원대학교 - 목원대학교,80,흥도초등학교,0,0,1,0,3,4,8,6,2,8,1,8,9,7,6,10,9,7,13,4,0,0,0,0,
106,목원대학교 - 목원대학교,81,목원대학교,0,0,0,0,0,0,0,0,0,0,0,0,0,0,0,0,0,0,0,0,0,0,0,0,
107,대전역동광장종점 - 대전역동광장종점,1,대전역동광장종점,0,0,0,1,1,0,1,0,0,2,0,0,1,1,1,1,2,2,0,0,0,0,0,0,
107,대전역동광장종점 - 대전역동광장종점,2,대전역동광장종점,0,0,0,1,1,0,1,0,0,2,0,0,1,1,1,1,2,2,0,0,0,0,0,0,
107,대전역동광장종점 - 대전역동광장종점,3,대전역네거리,0,0,2,5,3,3,5,10,5,9,8,7,11,6,4,5,6,5,5,0,0,0,0,0,
107,대전역동광장종점 - 대전역동광장종점,4,중앙로역9번출구,0,0,3,6,6,7,6,12,6,14,12,12,12,7,9,12,9,7,7,0,0,0,0,0,
107,대전역동광장종점 - 대전역동광장종점,5,중앙로역8번출구,0,0,4,0,0,11,7,13,7,10,9,13,15,10,10,14,11,8,0,0,0,0,0,0,
107,대전역동광장종점 - 대전역동광장종점,6,대전여상,0,0,5,0,7,6,8,14,4,16,15,14,16,6,12,4,8,9,0,0,0,0,0,0,
107,대전역동광장종점 - 대전역동광장종점,7,선화동천주교회,0,2,6,4,15,12,9,16,10,17,16,12,16,11,12,10,0,10,9,0,0,0,0,0,
107,대전역동광장종점 - 대전역동광장종점,8,중촌네거리,0,3,5,5,19,0,0,9,14,18,13,0,14,5,5,5,8,14,0,0,0,0,0,0,
107,대전역동광장종점 - 대전역동광장종점,9,목동네거리,0,0,6,8,23,19,15,19,18,22,16,12,15,11,11,11,7,19,7,0,0,0,0,0,
107,대전역동광장종점 - 대전역동광장종점,10,대성중고등학교,0,0,0,9,25,20,12,20,17,24,19,15,19,7,12,8,6,5,5,0,0,0,0,0,
107,대전역동광장종점 - 대전역동광장종점,11,오룡역6번출구,0,0,5,0,26,0,14,19,17,27,13,8,19,10,4,4,0,0,0,0,0,0,0,0,
107,대전역동광장종점 - 대전역동광장종점,12,오룡역5번출구,0,1,0,10,27,22,17,24,19,28,21,13,22,6,13,10,7,19,4,0,0,0,0,0,
107,대전역동광장종점 - 대전역동광장종점,13,용문역8번출구,0,2,4,7,17,20,15,33,19,26,25,14,21,14,13,12,8,18,0,0,0,0,0,0,
107,대전역동광장종점 - 대전역동광장종점,14,용문역5번출구,0,4,6,13,16,22,18,33,10,32,31,19,22,13,13,12,14,16,8,0,0,0,0,0,
107,대전역동광장종점 - 대전역동광장종점,15,서부농협본점,0,0,7,13,15,26,22,31,10,37,24,21,24,16,17,17,16,17,0,0,0,0,0,0,
107,대전역동광장종점 - 대전역동광장종점,16,개나리아파트,0,0,8,14,16,28,23,29,21,40,32,26,25,16,17,18,17,17,0,0,0,0,0,0,
107,대전역동광장종점 - 대전역동광장종점,17,대전상공회의소,0,7,7,13,17,29,25,29,20,40,32,22,21,16,16,7,17,16,9,0,0,0,0,0,
107,대전역동광장종점 - 대전역동광장종점,18,큰마을네거리,0,0,13,13,16,28,22,28,17,35,24,24,16,22,13,11,11,12,5,0,0,0,0,0,
107,대전역동광장종점 - 대전역동광장종점,19,갈마육교,0,0,13,10,15,29,20,27,20,32,23,23,13,19,12,9,11,10,4,0,0,0,0,0,
107,대전역동광장종점 - 대전역동광장종점,20,갈마네거리,0,8,12,14,17,29,19,27,20,28,17,19,10,20,9,9,9,0,3,0,0,0,0,0,
107,대전역동광장종점 - 대전역동광장종점,21,대전일보사,0,0,11,13,19,29,23,28,21,25,15,20,9,17,10,8,8,10,5,0,0,0,0,0,
107,대전역동광장종점 - 대전역동광장종점,22,월평삼거리,0,0,0,0,19,17,16,29,22,25,0,16,0,16,10,0,9,9,0,0,0,0,0,0,
107,대전역동광장종점 - 대전역동광장종점,23,대전교통공사,0,0,0,12,19,15,22,0,18,0,10,0,0,15,0,0,0,7,2,0,0,0,0,0,
107,대전역동광장종점 - 대전역동광장종점,24,만년교,0,1,11,11,19,29,20,25,18,18,12,10,6,14,7,7,8,6,2,0,0,0,0,0,
107,대전역동광장종점 - 대전역동광장종점,25,유성온천역5번출구,0,2,4,12,23,31,20,21,17,13,10,9,7,12,9,6,7,4,3,0,0,0,0,0,
107,대전역동광장종점 - 대전역동광장종점,26,봉명네거리,0,3,9,14,21,30,21,19,16,15,10,4,6,9,9,3,4,6,2,0,0,0,0,0,
107,대전역동광장종점 - 대전역동광장종점,27,구암역,0,0,10,13,22,30,22,17,14,17,5,4,3,8,8,2,3,5,1,0,0,0,0,0,
107,대전역동광장종점 - 대전역동광장종점,28,천양원,0,0,0,0,0,30,21,15,0,0,7,2,3,7,0,5,0,3,0,0,0,0,0,0,
107,대전역동광장종점 - 대전역동광장종점,29,현충원역3번출구,0,0,9,16,27,32,24,19,15,21,9,0,5,8,9,6,4,5,0,0,0,0,0,0,
107,대전역동광장종점 - 대전역동광장종점,30,구암8통,0,0,0,0,0,0,23,0,16,12,0,0,0,1,0,4,2,0,0,0,0,0,0,0,
107,대전역동광장종점 - 대전역동광장종점,31,덕명네거리,0,2,0,11,27,20,0,0,0,17,0,4,0,0,0,8,0,1,1,0,0,0,0,0,
107,대전역동광장종점 - 대전역동광장종점,32,국립대전현충원,0,0,8,11,24,17,25,16,18,7,11,8,4,7,0,4,0,0,0,0,0,0,0,0,
107,대전역동광장종점 - 대전역동광장종점,33,유성컨트리클럽,0,0,0,15,25,0,24,0,5,4,0,0,0,0,0,0,3,0,0,0,0,0,0,0,
107,대전역동광장종점 - 대전역동광장종점,34,갑동,0,0,0,13,24,16,26,18,0,0,0,0,0,6,1,2,1,0,0,0,0,0,0,0,
107,대전역동광장종점 - 대전역동광장종점,35,사봉,0,0,3,0,23,15,18,14,0,3,10,0,0,4,0,0,2,0,3,0,0,0,0,0,
107,대전역동광장종점 - 대전역동광장종점,36,박정자삼거리,0,0,3,10,21,10,16,13,4,0,8,7,5,0,0,0,0,0,0,0,0,0,0,0,
107,대전역동광장종점 - 대전역동광장종점,37,학봉삼거리,0,0,2,9,18,13,22,17,13,6,8,5,1,3,0,1,0,0,2,0,0,0,0,0,
107,대전역동광장종점 - 대전역동광장종점,38,학봉리,0,0,1,2,15,14,0,7,12,0,0,0,0,0,0,0,1,0,0,0,0,0,0,0,
107,대전역동광장종점 - 대전역동광장종점,39,동학사입구,0,0,0,1,12,0,19,15,10,0,0,0,0,0,0,0,0,0,0,0,0,0,0,0,
107,대전역동광장종점 - 대전역동광장종점,40,동학사,0,0,2,6,9,11,6,14,17,20,4,19,15,4,12,0,0,0,0,0,0,0,0,0,
107,대전역동광장종점 - 대전역동광장종점,41,동학사,0,0,1,1,1,2,4,10,8,20,18,22,8,10,0,4,0,0,0,0,0,0,0,0,
107,대전역동광장종점 - 대전역동광장종점,42,동학사입구,0,0,0,0,0,0,0,8,9,0,12,23,9,0,0,5,0,0,0,0,0,0,0,0,
107,대전역동광장종점 - 대전역동광장종점,43,학봉리,0,0,0,0,0,3,5,0,12,0,0,22,16,11,13,6,1,0,0,0,0,0,0,0,
107,대전역동광장종점 - 대전역동광장종점,44,학봉삼거리,0,2,3,3,0,6,4,10,18,23,16,32,20,15,14,10,7,1,1,0,0,0,0,0,
107,대전역동광장종점 - 대전역동광장종점,45,박정자삼거리,0,0,0,0,2,0,2,14,13,0,17,33,12,16,9,0,11,0,0,0,0,0,0,0,
107,대전역동광장종점 - 대전역동광장종점,46,사봉,0,0,0,0,0,0,0,0,20,0,17,35,13,0,0,0,0,0,0,0,0,0,0,0,
107,대전역동광장종점 - 대전역동광장종점,47,갑동,0,0,0,0,0,0,0,0,15,21,18,14,0,0,10,0,16,0,2,0,0,0,0,0,
107,대전역동광장종점 - 대전역동광장종점,48,유성컨트리클럽,0,0,0,0,0,0,0,15,0,24,0,0,14,0,0,0,9,0,0,0,0,0,0,0,
107,대전역동광장종점 - 대전역동광장종점,49,국립대전현충원,0,0,0,0,0,7,5,4,18,26,16,24,21,17,15,0,0,2,1,0,0,0,0,0,
107,대전역동광장종점 - 대전역동광장종점,50,덕명네거리,0,0,0,0,0,5,0,0,16,27,14,41,21,0,14,0,17,0,0,0,0,0,0,0,
107,대전역동광장종점 - 대전역동광장종점,51,주유소,0,0,4,1,0,6,6,17,0,14,10,43,18,6,12,7,15,0,3,0,0,0,0,0,
107,대전역동광장종점 - 대전역동광장종점,52,구암8통,0,0,0,0,0,0,0,0,0,0,0,0,20,17,0,0,0,0,0,0,0,0,0,0,
107,대전역동광장종점 - 대전역동광장종점,53,현충원역1번출구,0,0,2,2,3,2,4,16,11,24,11,34,20,16,11,12,6,14,1,0,0,0,0,0,
107,대전역동광장종점 - 대전역동광장종점,54,천양원,0,0,0,0,4,4,0,0,0,25,0,0,21,7,12,0,0,0,0,0,0,0,0,0,
107,대전역동광장종점 - 대전역동광장종점,55,구암역,0,0,0,4,8,7,4,15,10,12,23,32,17,16,12,12,9,11,2,0,0,0,0,0,
107,대전역동광장종점 - 대전역동광장종점,56,봉명네거리,0,0,1,3,7,7,6,16,11,6,18,31,23,16,13,10,11,11,0,0,0,0,0,0,
107,대전역동광장종점 - 대전역동광장종점,57,봉명동우체국,0,0,2,4,7,8,10,17,12,8,20,30,22,17,11,12,10,11,3,0,0,0,0,0,
107,대전역동광장종점 - 대전역동광장종점,58,유성온천역4번출구,0,0,0,6,10,9,12,17,10,11,22,31,24,13,11,14,0,11,4,0,0,0,0,0,
107,대전역동광장종점 - 대전역동광장종점,59,만년교,0,0,1,4,12,10,10,20,11,12,21,30,7,22,14,11,12,12,5,0,0,0,0,0,
107,대전역동광장종점 - 대전역동광장종점,60,대전교통공사,0,0,0,0,0,0,8,21,0,12,19,29,16,0,15,0,7,0,0,0,0,0,0,0,
107,대전역동광장종점 - 대전역동광장종점,61,대전일보사,0,0,0,7,18,8,12,27,19,15,20,31,16,20,15,11,11,10,5,0,0,0,0,0,
107,대전역동광장종점 - 대전역동광장종점,62,갈마네거리,0,0,4,6,25,10,18,29,22,21,20,33,18,19,9,12,13,5,7,0,0,0,0,0,
107,대전역동광장종점 - 대전역동광장종점,63,갈마육교,0,0,0,9,28,11,26,25,29,26,23,38,21,22,13,11,10,12,6,0,0,0,0,0,
107,대전역동광장종점 - 대전역동광장종점,64,큰마을아파트,0,0,6,9,33,14,32,28,33,28,24,39,23,20,20,13,10,10,5,0,0,0,0,0,
107,대전역동광장종점 - 대전역동광장종점,65,유승기업사,0,0,4,10,34,15,33,32,31,30,22,38,22,21,24,14,6,11,7,5,0,0,0,0,
107,대전역동광장종점 - 대전역동광장종점,66,탄방네거리,0,0,0,0,32,13,27,24,29,30,22,29,23,18,24,13,9,13,0,4,0,0,0,0,
107,대전역동광장종점 - 대전역동광장종점,67,롯데백화점,0,0,3,9,26,14,22,30,32,33,21,30,23,19,18,15,8,12,7,0,0,0,0,0,
107,대전역동광장종점 - 대전역동광장종점,68,용문역1번출구,0,0,2,8,16,11,20,32,32,37,24,28,23,18,20,13,7,11,1,5,0,0,0,0,
107,대전역동광장종점 - 대전역동광장종점,69,오룡역4번출구,0,0,0,4,6,17,9,20,33,37,23,26,0,19,19,0,5,9,0,0,0,0,0,0,
107,대전역동광장종점 - 대전역동광장종점,70,오룡역7번출구,0,0,3,9,0,16,19,0,34,38,27,25,24,15,17,12,8,10,2,0,0,0,0,0,
107,대전역동광장종점 - 대전역동광장종점,71,충남여자중고등학교,0,0,0,0,0,11,18,22,32,25,24,24,24,14,15,13,0,9,5,0,0,0,0,0,
107,대전역동광장종점 - 대전역동광장종점,72,한사랑아파트,0,0,7,3,8,16,18,21,34,37,23,25,23,17,13,11,6,6,4,5,0,0,0,0,
107,대전역동광장종점 - 대전역동광장종점,73,중촌네거리,0,0,6,0,7,10,19,20,33,35,25,24,25,18,0,10,0,5,0,0,0,0,0,0,
107,대전역동광장종점 - 대전역동광장종점,74,세명요양병원,0,0,0,4,8,18,15,23,35,32,24,26,25,17,14,10,6,2,4,4,0,0,0,0,
107,대전역동광장종점 - 대전역동광장종점,75,대전여상,0,0,5,0,5,17,12,21,34,31,22,24,16,0,13,8,5,1,3,3,0,0,0,0,
107,대전역동광장종점 - 대전역동광장종점,76,중앙로역7번출구,0,0,0,0,0,14,15,17,28,28,18,18,21,16,15,6,5,5,0,2,0,0,0,0,
107,대전역동광장종점 - 대전역동광장종점,77,중앙로역1번출구,0,0,3,8,4,12,9,13,18,19,12,11,17,12,10,5,5,3,2,1,0,0,0,0,
107,대전역동광장종점 - 대전역동광장종점,78,대전역,0,0,0,1,3,1,0,6,7,11,2,4,5,4,4,3,2,0,0,0,0,0,0,0,
107,대전역동광장종점 - 대전역동광장종점,79,대전역동광장,0,0,0,0,0,0,0,1,0,2,0,0,0,0,0,0,0,0,0,0,0,0,0,0,
107,대전역동광장종점 - 대전역동광장종점,80,대전역동광장종점,0,0,0,0,0,0,0,0,0,0,0,0,0,0,0,0,0,0,0,0,0,0,0,0,
108,낭월공영차고지기점 - 낭월공영차고지,1,낭월공영차고지기점,0,0,1,0,0,0,0,0,0,0,0,0,0,0,0,0,0,0,0,0,0,0,0,0,
108,낭월공영차고지기점 - 낭월공영차고지,2,낭월공영차고지,0,0,1,0,0,0,0,0,0,0,0,0,0,0,0,0,0,0,0,0,0,0,0,0,
108,낭월공영차고지기점 - 낭월공영차고지,3,남대전종합물류단지,0,0,1,0,1,1,0,0,0,1,0,0,1,1,0,2,2,0,1,0,0,0,0,0,
108,낭월공영차고지기점 - 낭월공영차고지,4,석천들마을아파트,0,2,1,1,3,3,2,2,3,0,1,1,2,2,1,1,1,1,0,0,0,0,0,0,
108,낭월공영차고지기점 - 낭월공영차고지,5,산내초등학교,0,3,0,0,3,5,3,1,4,3,3,4,3,4,3,3,0,0,0,0,0,0,0,0,
108,낭월공영차고지기점 - 낭월공영차고지,6,e편한세상아파트,0,0,2,1,5,3,4,0,6,4,5,4,4,2,4,3,3,0,0,0,0,0,0,0,
108,낭월공영차고지기점 - 낭월공영차고지,7,산내주공아파트,0,0,0,0,3,0,0,0,0,0,1,0,0,0,0,0,0,0,0,0,0,0,0,0,
108,낭월공영차고지기점 - 낭월공영차고지,8,오투그란데아파트,0,4,0,2,8,6,7,4,7,3,9,2,5,5,2,4,5,0,0,0,0,0,0,0,
108,낭월공영차고지기점 - 낭월공영차고지,9,운전면허시험장,0,0,0,0,0,2,6,3,5,6,0,0,0,6,5,2,0,0,0,0,0,0,0,0,
108,낭월공영차고지기점 - 낭월공영차고지,10,대성동,0,0,0,0,0,0,0,0,0,0,0,0,4,0,0,0,0,0,0,0,0,0,0,0,
108,낭월공영차고지기점 - 낭월공영차고지,11,대성삼거리,0,5,5,3,9,7,9,5,8,7,8,5,6,7,0,4,2,0,0,0,0,0,0,0,
108,낭월공영차고지기점 - 낭월공영차고지,12,옥계동,0,0,8,5,9,9,10,8,10,7,7,6,10,8,6,9,4,1,0,0,0,0,0,0,
108,낭월공영차고지기점 - 낭월공영차고지,13,은혜아파트,0,4,4,6,3,10,12,8,6,4,7,4,11,0,0,5,0,2,0,0,0,0,0,0,
108,낭월공영차고지기점 - 낭월공영차고지,14,호동,0,5,0,8,11,12,15,8,13,10,10,5,10,9,10,8,5,1,3,0,0,0,0,0,
108,낭월공영차고지기점 - 낭월공영차고지,15,석교치안센터,0,6,6,11,14,15,17,9,14,12,11,5,7,11,0,6,3,0,0,0,0,0,0,0,
108,낭월공영차고지기점 - 낭월공영차고지,16,석교동행정복지센터,0,7,9,10,15,15,14,10,11,15,12,9,12,10,7,7,6,4,2,0,0,0,0,0,
108,낭월공영차고지기점 - 낭월공영차고지,17,동명중학교,0,7,0,6,16,16,15,12,11,12,11,6,13,12,15,9,4,3,5,0,0,0,0,0,
108,낭월공영차고지기점 - 낭월공영차고지,18,부사오거리,0,9,8,7,11,15,13,12,15,17,11,11,7,15,12,12,5,3,6,0,0,0,0,0,
108,낭월공영차고지기점 - 낭월공영차고지,19,청란여자고등학교,0,0,5,5,17,14,14,9,16,18,14,10,8,17,8,8,7,0,0,0,0,0,0,0,
108,낭월공영차고지기점 - 낭월공영차고지,20,남대전고등학교,0,9,6,6,17,11,15,13,12,17,12,13,9,18,11,5,0,0,0,0,0,0,0,0,
108,낭월공영차고지기점 - 낭월공영차고지,21,보문오거리,0,10,6,11,18,12,15,15,17,20,16,17,16,22,18,11,10,5,6,0,0,0,0,0,
108,낭월공영차고지기점 - 낭월공영차고지,22,대전중학교,0,0,0,0,18,0,15,11,15,21,15,15,17,21,7,0,7,0,0,0,0,0,0,0,
108,낭월공영차고지기점 - 낭월공영차고지,23,대고오거리,0,0,5,10,18,13,17,14,16,23,10,16,18,21,17,18,8,4,7,0,0,0,0,0,
108,낭월공영차고지기점 - 낭월공영차고지,24,중구청,0,6,6,9,15,14,15,13,18,16,23,16,21,18,15,18,9,5,9,0,0,0,0,0,
108,낭월공영차고지기점 - 낭월공영차고지,25,나라키움청사/3.8기념관,0,0,7,10,14,9,16,14,20,16,25,17,24,19,15,18,8,3,7,4,0,0,0,0,
108,낭월공영차고지기점 - 낭월공영차고지,26,국립농산물품질관리원,0,0,0,8,14,15,16,11,14,15,14,16,23,18,6,13,5,0,6,0,0,0,0,0,
108,낭월공영차고지기점 - 낭월공영차고지,27,선화동천주교회,0,7,6,7,10,12,18,14,17,20,23,12,21,18,18,7,8,5,6,0,0,0,0,0,
108,낭월공영차고지기점 - 낭월공영차고지,28,중앙중고등학교,0,8,2,4,11,13,18,12,17,20,24,12,19,19,16,15,7,4,4,0,0,0,0,0,
108,낭월공영차고지기점 - 낭월공영차고지,29,중촌초등학교,0,9,3,5,13,12,17,11,19,24,23,11,18,16,15,12,6,4,0,0,0,0,0,0,
108,낭월공영차고지기점 - 낭월공영차고지,30,남선공원네거리,0,0,0,3,0,12,15,12,21,27,20,9,19,18,13,16,0,2,1,0,0,0,0,0,
108,낭월공영차고지기점 - 낭월공영차고지,31,남선공원종합체육관,0,0,5,5,13,12,15,12,19,25,26,10,21,16,12,15,5,2,3,0,0,0,0,0,
108,낭월공영차고지기점 - 낭월공영차고지,32,충남고등학교,0,8,6,3,7,11,9,13,18,17,25,9,16,13,12,13,0,3,3,0,0,0,0,0,
108,낭월공영차고지기점 - 낭월공영차고지,33,목련아파트,0,7,4,4,13,10,13,14,18,19,23,12,17,15,14,16,8,5,4,3,0,0,0,0,
108,낭월공영차고지기점 - 낭월공영차고지,34,법원.검찰청,0,6,2,1,13,6,11,7,20,20,22,12,18,15,14,9,7,0,5,0,0,0,0,0,
108,낭월공영차고지기점 - 낭월공영차고지,35,사학연금회관,0,0,4,4,12,10,12,15,20,24,18,12,20,17,12,10,6,4,7,2,0,0,0,0,
108,낭월공영차고지기점 - 낭월공영차고지,36,정부대전청사남문,0,0,3,2,11,7,10,14,0,23,13,11,19,15,11,9,5,6,0,4,0,0,0,0,
108,낭월공영차고지기점 - 낭월공영차고지,37,선사유적지,0,0,5,0,11,4,10,15,19,18,13,16,18,22,13,11,9,7,8,5,0,0,0,0,
108,낭월공영차고지기점 - 낭월공영차고지,38,샛별아파트,0,0,4,2,12,6,11,10,20,21,12,13,19,15,12,10,8,13,8,0,0,0,0,0,
108,낭월공영차고지기점 - 낭월공영차고지,39,황실타운아파트,0,0,5,0,11,6,10,10,17,18,11,13,21,22,11,6,4,12,7,6,0,0,0,0,
108,낭월공영차고지기점 - 낭월공영차고지,40,하나로아파트,0,0,4,0,10,8,10,9,20,19,16,11,15,20,9,9,5,5,7,5,0,0,0,0,
108,낭월공영차고지기점 - 낭월공영차고지,41,월평역,0,0,3,0,11,8,9,13,25,24,23,13,18,20,18,12,15,19,16,15,0,0,0,0,
108,낭월공영차고지기점 - 낭월공영차고지,42,유림공원,0,0,4,1,6,3,5,6,15,9,14,14,13,15,14,9,13,18,16,11,0,0,0,0,
108,낭월공영차고지기점 - 낭월공영차고지,43,다솔아파트,0,0,1,0,3,3,4,6,7,9,12,13,10,10,9,6,10,16,15,8,0,0,0,0,
108,낭월공영차고지기점 - 낭월공영차고지,44,충남대산학연,0,0,5,0,0,0,0,0,12,7,9,12,6,9,4,5,9,11,14,0,0,0,0,0,
108,낭월공영차고지기점 - 낭월공영차고지,45,충남대도서관,0,0,0,0,5,1,0,5,1,0,1,1,1,1,1,1,1,2,2,4,0,0,0,0,
108,낭월공영차고지기점 - 낭월공영차고지,46,충대농대종점,0,0,0,0,0,0,0,2,0,0,0,0,0,0,0,0,0,0,0,0,0,0,0,0,
108,낭월공영차고지기점 - 낭월공영차고지,47,충대농대종점,0,0,0,0,0,6,0,0,0,1,2,0,2,3,0,0,0,1,0,0,0,0,0,0,
108,낭월공영차고지기점 - 낭월공영차고지,48,충남대도서관,0,1,2,1,5,10,7,9,4,6,6,7,15,8,6,4,3,6,13,0,0,0,0,0,
108,낭월공영차고지기점 - 낭월공영차고지,49,충남대산학연,0,0,4,0,6,0,4,0,4,0,6,4,6,2,8,4,5,9,14,0,0,0,0,0,
108,낭월공영차고지기점 - 낭월공영차고지,50,충남대학교입구,0,0,2,0,5,12,7,9,5,8,7,6,15,10,4,5,8,0,14,0,0,0,0,0,
108,낭월공영차고지기점 - 낭월공영차고지,51,홈플러스유성점,0,4,5,0,8,13,6,12,12,15,12,18,16,13,10,6,12,10,13,0,0,0,0,0,
108,낭월공영차고지기점 - 낭월공영차고지,52,월평역,0,5,3,1,5,12,7,13,10,15,18,23,17,12,10,5,13,7,11,0,0,0,0,0,
108,낭월공영차고지기점 - 낭월공영차고지,53,전원아파트,0,6,2,4,12,12,9,6,15,16,8,19,18,13,11,9,0,0,10,0,0,0,0,0,
108,낭월공영차고지기점 - 낭월공영차고지,54,누리아파트,0,0,4,2,7,13,12,8,14,10,17,23,17,15,11,8,5,6,6,0,0,0,0,0,
108,낭월공영차고지기점 - 낭월공영차고지,55,무지개아파트,0,7,6,0,7,14,15,9,13,17,15,21,14,12,13,9,6,0,7,0,0,0,0,0,
108,낭월공영차고지기점 - 낭월공영차고지,56,정부대전청사남문,0,0,5,3,7,12,14,13,13,18,13,20,13,15,14,11,10,7,10,0,0,0,0,0,
108,낭월공영차고지기점 - 낭월공영차고지,57,사학연금회관,0,0,4,3,9,15,16,15,13,16,15,21,15,18,17,15,14,10,12,0,0,0,0,0,
108,낭월공영차고지기점 - 낭월공영차고지,58,법원.검찰청,0,0,6,1,7,17,17,16,15,15,13,20,20,17,12,16,11,7,11,0,0,0,0,0,
108,낭월공영차고지기점 - 낭월공영차고지,59,목련아파트,0,0,6,3,7,15,14,11,15,13,17,15,16,14,12,22,12,8,10,0,0,0,0,0,
108,낭월공영차고지기점 - 낭월공영차고지,60,한가람아파트,0,0,5,4,6,16,17,8,16,14,17,15,17,13,15,23,12,10,10,0,0,0,0,0,
108,낭월공영차고지기점 - 낭월공영차고지,61,남선공원종합체육관,0,0,8,5,8,15,16,13,16,15,17,19,17,11,18,27,5,9,5,3,0,0,0,0,
108,낭월공영차고지기점 - 낭월공영차고지,62,남선공원네거리,0,0,8,6,9,15,17,12,21,15,20,17,14,10,7,26,0,0,4,0,0,0,0,0,
108,낭월공영차고지기점 - 낭월공영차고지,63,중촌초등학교,0,0,8,7,14,19,19,16,10,16,17,17,17,8,17,26,10,8,9,0,0,0,0,0,
108,낭월공영차고지기점 - 낭월공영차고지,64,중촌동행정복지센터,0,0,7,9,13,20,21,17,16,17,18,16,16,11,14,24,11,7,8,0,0,0,0,0,
108,낭월공영차고지기점 - 낭월공영차고지,65,세명요양병원,0,0,6,8,11,16,22,21,15,16,17,17,17,10,16,21,6,9,9,0,0,0,0,0,
108,낭월공영차고지기점 - 낭월공영차고지,66,국립농산물품질관리원,0,0,7,9,10,16,23,20,13,16,16,16,19,10,8,16,7,3,4,0,0,0,0,0,
108,낭월공영차고지기점 - 낭월공영차고지,67,나라키움청사/3.8기념관,0,0,0,10,12,17,19,18,11,15,16,14,15,8,15,13,7,11,8,0,0,0,0,0,
108,낭월공영차고지기점 - 낭월공영차고지,68,대고오거리,0,0,8,9,14,16,19,14,9,15,16,14,15,12,14,13,5,10,7,3,0,0,0,0,
108,낭월공영차고지기점 - 낭월공영차고지,69,대전중학교,0,0,5,8,13,12,19,11,6,14,15,10,13,11,10,11,6,2,7,0,0,0,0,0,
108,낭월공영차고지기점 - 낭월공영차고지,70,보문오거리,0,0,8,8,7,13,8,10,10,14,13,13,13,14,10,11,6,9,5,0,0,0,0,0,
108,낭월공영차고지기점 - 낭월공영차고지,71,남대전고등학교,0,0,0,3,8,14,18,7,7,13,12,4,9,13,12,12,7,5,0,0,0,0,0,0,
108,낭월공영차고지기점 - 낭월공영차고지,72,청란여자고등학교,0,0,8,10,9,9,13,5,6,13,11,13,15,13,13,9,13,8,6,1,0,0,0,0,
108,낭월공영차고지기점 - 낭월공영차고지,73,부사오거리,0,0,8,11,10,12,11,7,10,14,13,10,15,13,14,9,14,8,5,0,0,0,0,0,
108,낭월공영차고지기점 - 낭월공영차고지,74,동명중학교,0,0,0,9,11,12,10,4,4,13,11,3,5,11,15,4,13,7,4,0,0,0,0,0,
108,낭월공영차고지기점 - 낭월공영차고지,75,석교동행정복지센터,0,0,9,7,9,10,11,6,5,10,11,10,15,11,13,7,1,8,5,0,0,0,0,0,
108,낭월공영차고지기점 - 낭월공영차고지,76,석교치안센터,0,0,3,5,10,7,10,0,1,9,9,8,13,11,7,8,7,2,0,0,0,0,0,0,
108,낭월공영차고지기점 - 낭월공영차고지,77,호동,0,0,0,9,8,8,3,5,6,7,8,4,10,7,12,7,8,7,2,2,0,0,0,0,
108,낭월공영차고지기점 - 낭월공영차고지,78,은혜아파트,0,0,1,7,7,7,9,3,7,8,6,2,9,10,11,6,0,4,1,0,0,0,0,0,
108,낭월공영차고지기점 - 낭월공영차고지,79,옥계동,0,0,0,4,5,6,8,2,2,6,8,4,5,4,7,2,0,6,4,1,0,0,0,0,
108,낭월공영차고지기점 - 낭월공영차고지,80,옥계교,0,0,0,2,6,4,7,2,8,4,8,5,0,4,6,0,5,5,4,3,0,0,0,0,
108,낭월공영차고지기점 - 낭월공영차고지,81,대성삼거리,0,0,0,3,4,5,2,0,8,2,6,5,4,3,5,0,5,4,3,0,0,0,0,0,
108,낭월공영차고지기점 - 낭월공영차고지,82,운전면허시험장,0,0,0,2,0,2,1,0,0,0,0,0,2,0,0,0,2,0,0,0,0,0,0,0,
108,낭월공영차고지기점 - 낭월공영차고지,83,오투그란데아파트,0,0,0,0,2,0,6,0,6,0,6,4,0,1,0,0,4,3,0,0,0,0,0,0,
108,낭월공영차고지기점 - 낭월공영차고지,84,산내주공아파트,0,0,3,6,2,3,4,0,2,3,0,3,1,3,2,1,0,1,1,0,0,0,0,0,
108,낭월공영차고지기점 - 낭월공영차고지,85,e편한세상아파트,0,0,0,5,1,2,6,2,0,2,5,0,0,1,3,1,2,2,1,0,0,0,0,0,
108,낭월공영차고지기점 - 낭월공영차고지,86,산내초등학교,0,0,1,4,0,1,4,1,1,1,3,0,0,0,1,0,1,1,0,0,0,0,0,0,
108,낭월공영차고지기점 - 낭월공영차고지,87,석천들마을아파트,0,0,0,1,0,0,0,0,0,0,0,0,0,0,0,0,0,0,0,0,0,0,0,0,
108,낭월공영차고지기점 - 낭월공영차고지,88,남대전종합물류단지,0,0,0,0,0,0,0,0,0,0,0,0,0,0,0,0,0,0,0,0,0,0,0,0,
108,낭월공영차고지기점 - 낭월공영차고지,89,낭월공영차고지,0,0,0,0,0,0,0,0,0,0,0,0,0,0,0,0,0,0,0,0,0,0,0,0,
11,수통골기점지 - 수통골기점지,1,수통골기점지,0,0,0,0,0,0,0,0,0,0,0,0,0,0,0,0,0,0,0,0,0,0,0,0,
11,수통골기점지 - 수통골기점지,2,수통골삼거리,0,0,0,0,0,0,0,0,0,0,1,0,2,0,1,0,0,0,0,0,0,0,0,0,
11,수통골기점지 - 수통골기점지,3,한밭대학교,0,0,0,0,0,1,0,0,0,0,0,0,3,0,0,0,1,0,0,0,0,0,0,0,
11,수통골기점지 - 수통골기점지,4,삼성화재연수원,0,0,0,0,0,0,0,0,0,0,0,0,5,0,0,0,0,0,0,0,0,0,0,0,
11,수통골기점지 - 수통골기점지,5,하우스토리/신협연수원,0,0,0,1,0,2,0,0,0,0,0,0,0,0,0,0,0,0,0,0,0,0,0,0,
11,수통골기점지 - 수통골기점지,6,덕명네거리,0,0,0,0,0,0,0,0,0,0,2,0,4,0,0,0,0,0,0,0,0,0,0,0,
11,수통골기점지 - 수통골기점지,7,주유소,0,0,0,0,0,0,0,1,0,0,3,0,0,0,0,0,0,0,0,0,0,0,0,0,
11,수통골기점지 - 수통골기점지,8,구암8통,0,0,0,0,0,0,0,1,0,0,3,0,0,0,0,0,0,0,0,0,0,0,0,0,
11,수통골기점지 - 수통골기점지,9,현충원역1번출구,0,0,0,0,0,1,0,0,0,0,0,0,1,0,2,0,0,0,0,0,0,0,0,0,
11,수통골기점지 - 수통골기점지,10,천양원,0,0,0,0,0,1,0,0,0,0,0,0,1,0,2,0,0,0,0,0,0,0,0,0,
11,수통골기점지 - 수통골기점지,11,유성시장,0,0,0,0,0,0,0,0,0,0,0,0,0,0,0,0,0,0,0,0,0,0,0,0,
11,수통골기점지 - 수통골기점지,12,봉명동우체국,0,0,0,0,0,0,0,0,0,0,0,0,0,0,3,0,1,0,0,0,0,0,0,0,
11,수통골기점지 - 수통골기점지,13,유성온천역3번출구,0,0,0,0,0,3,0,0,0,0,0,0,0,0,4,0,0,0,0,0,0,0,0,0,
11,수통골기점지 - 수통골기점지,14,휴먼시아4단지,0,0,0,0,0,4,0,0,0,0,0,0,0,0,0,0,0,0,0,0,0,0,0,0,
11,수통골기점지 - 수통골기점지,15,트리풀시티9단지,0,0,0,0,0,0,0,0,0,0,0,0,0,0,5,0,0,0,0,0,0,0,0,0,
11,수통골기점지 - 수통골기점지,16,상대네거리,0,0,0,0,0,0,0,0,0,0,0,0,0,0,0,0,0,2,0,0,0,0,0,0,
11,수통골기점지 - 수통골기점지,17,도안고등학교,0,0,0,0,0,0,0,0,0,0,0,0,0,0,3,0,0,1,0,0,0,0,0,0,
11,수통골기점지 - 수통골기점지,18,흥도초등학교,0,0,0,0,0,0,3,0,0,0,0,0,0,0,1,0,0,0,0,0,0,0,0,0,
11,수통골기점지 - 수통골기점지,19,법원등기국,0,0,0,0,0,0,1,0,0,0,0,0,0,0,0,0,0,0,0,0,0,0,0,0,
11,수통골기점지 - 수통골기점지,20,용계동,0,0,0,0,0,0,1,0,0,0,0,0,0,0,0,0,0,0,0,0,0,0,0,0,
11,수통골기점지 - 수통골기점지,21,용계동접수마을,0,0,0,0,0,0,1,0,0,0,0,0,0,0,0,0,0,0,0,0,0,0,0,0,
11,수통골기점지 - 수통골기점지,22,용계2통,0,1,0,0,0,0,0,0,0,0,0,0,0,0,0,0,0,0,0,0,0,0,0,0,
11,수통골기점지 - 수통골기점지,23,용계2통,0,1,0,0,0,0,0,0,0,0,0,0,0,0,0,0,0,0,0,0,0,0,0,0,
11,수통골기점지 - 수통골기점지,24,용계동접수마을,0,0,0,1,0,0,0,0,0,0,1,0,0,0,0,0,0,0,0,0,0,0,0,0,
11,수통골기점지 - 수통골기점지,25,용계동,0,0,0,1,0,0,0,0,0,0,1,0,0,0,0,0,0,0,0,0,0,0,0,0,
11,수통골기점지 - 수통골기점지,26,법원등기국,0,0,0,0,0,0,1,0,0,0,0,0,0,0,0,1,0,0,0,0,0,0,0,0,
11,수통골기점지 - 수통골기점지,27,흥도초등학교,0,0,0,0,0,0,1,0,0,0,0,0,0,0,0,1,0,0,0,0,0,0,0,0,
11,수통골기점지 - 수통골기점지,28,도안고등학교,0,0,0,0,2,0,0,0,0,0,3,0,0,0,0,0,0,0,0,0,0,0,0,0,
11,수통골기점지 - 수통골기점지,29,상대네거리,0,0,0,0,0,0,3,0,0,0,0,0,0,0,0,0,0,0,0,0,0,0,0,0,
11,수통골기점지 - 수통골기점지,30,트리풀시티9단지,0,0,0,0,3,0,0,0,0,0,0,0,0,0,0,0,0,0,0,0,0,0,0,0,
11,수통골기점지 - 수통골기점지,31,도안센트럴시티,0,0,0,0,3,0,0,0,0,0,0,0,0,0,0,0,0,0,0,0,0,0,0,0,
11,수통골기점지 - 수통골기점지,32,유성온천역2번출구,0,0,1,0,0,0,0,0,0,0,0,2,0,0,0,0,0,0,0,0,0,0,0,0,
11,수통골기점지 - 수통골기점지,33,유성온천역5번출구,0,0,0,0,1,0,0,0,0,0,0,0,0,0,0,0,0,0,0,0,0,0,0,0,
11,수통골기점지 - 수통골기점지,34,유성자이아파트,0,0,0,0,0,0,2,0,0,0,0,0,0,0,0,0,0,0,0,0,0,0,0,0,
11,수통골기점지 - 수통골기점지,35,유성시장,0,0,0,0,0,0,2,0,0,0,0,0,0,0,0,0,0,0,0,0,0,0,0,0,
11,수통골기점지 - 수통골기점지,36,천양원,0,0,0,0,0,0,0,0,0,0,0,0,0,0,0,0,0,0,0,0,0,0,0,0,
11,수통골기점지 - 수통골기점지,37,현충원역3번출구,0,0,0,0,0,0,4,0,1,0,0,0,0,5,0,0,0,0,0,0,0,0,0,0,
11,수통골기점지 - 수통골기점지,38,구암8통,0,0,0,0,0,0,4,0,1,0,0,0,0,5,0,0,0,0,0,0,0,0,0,0,
11,수통골기점지 - 수통골기점지,39,덕명네거리,0,0,0,0,0,0,3,0,0,0,0,0,0,4,0,0,0,0,0,0,0,0,0,0,
11,수통골기점지 - 수통골기점지,40,운암네오미아/신협연수원,0,0,0,0,0,0,0,0,0,0,0,0,0,0,0,0,0,0,0,0,0,0,0,0,
11,수통골기점지 - 수통골기점지,41,삼성화재연수원,0,0,0,0,0,0,0,0,0,0,0,0,0,0,0,0,0,0,0,0,0,0,0,0,
11,수통골기점지 - 수통골기점지,42,한밭대학교,0,0,0,0,0,0,0,0,0,0,0,0,0,0,0,0,0,0,0,0,0,0,0,0,
11,수통골기점지 - 수통골기점지,43,수통골삼거리,0,0,0,0,0,0,0,0,0,0,0,0,0,0,0,0,0,0,0,0,0,0,0,0,
11,수통골기점지 - 수통골기점지,44,수통골기점지,0,0,0,0,0,0,0,0,0,0,0,0,0,0,0,0,0,0,0,0,0,0,0,0,
113,서남부터미널기점 - 서남부터미널종점,1,서남부터미널기점,0,1,1,2,2,0,1,2,2,0,2,1,1,0,1,0,1,1,0,0,0,0,0,0,
113,서남부터미널기점 - 서남부터미널종점,2,도마시장,0,0,1,4,0,5,3,4,3,4,7,9,4,4,3,2,3,0,1,0,0,0,0,0,
113,서남부터미널기점 - 서남부터미널종점,3,도마네거리,0,2,0,0,0,6,0,0,6,8,0,8,5,7,4,0,4,0,0,0,0,0,0,0,
113,서남부터미널기점 - 서남부터미널종점,4,도마1동행정복지센터,0,5,0,4,3,4,10,9,8,15,8,11,13,10,5,2,2,0,3,0,0,0,0,0,
113,서남부터미널기점 - 서남부터미널종점,5,구농도원네거리,0,6,0,5,0,6,8,10,0,17,9,14,14,9,6,2,3,0,0,0,0,0,0,0,
113,서남부터미널기점 - 서남부터미널종점,6,구농도원,0,7,0,0,4,8,11,12,9,16,0,15,13,8,0,1,5,0,0,0,0,0,0,0,
113,서남부터미널기점 - 서남부터미널종점,7,향우네거리,0,10,2,7,4,8,17,14,9,0,10,16,12,0,2,2,0,0,4,0,0,0,0,0,
113,서남부터미널기점 - 서남부터미널종점,8,변동네거리,0,0,12,9,5,7,20,8,12,15,17,17,9,0,0,0,0,0,3,0,0,0,0,0,
113,서남부터미널기점 - 서남부터미널종점,9,변동오거리,0,0,3,0,0,8,22,14,12,15,15,16,8,5,5,0,4,0,2,0,0,0,0,0,
113,서남부터미널기점 - 서남부터미널종점,10,한민시장,0,0,13,10,7,10,27,22,21,25,27,19,10,14,10,3,3,0,1,0,0,0,0,0,
113,서남부터미널기점 - 서남부터미널종점,11,괴정네거리,0,0,0,0,0,12,30,25,25,24,29,24,15,0,10,2,2,3,3,0,0,0,0,0,
113,서남부터미널기점 - 서남부터미널종점,12,KT인재개발원,0,0,14,5,7,11,28,26,24,25,26,11,13,14,0,0,0,4,0,0,0,0,0,0,
113,서남부터미널기점 - 서남부터미널종점,13,푸른아파트,0,0,15,11,9,12,29,27,24,27,26,23,14,7,8,4,2,0,0,0,0,0,0,0,
113,서남부터미널기점 - 서남부터미널종점,14,둔산소방서,0,0,0,12,8,12,26,27,23,32,32,25,14,15,0,3,6,3,0,0,0,0,0,0,
113,서남부터미널기점 - 서남부터미널종점,15,동산아파트입구,0,0,0,10,0,9,25,20,22,33,33,26,12,15,0,6,0,0,0,0,0,0,0,0,
113,서남부터미널기점 - 서남부터미널종점,16,갈마초등학교,0,0,16,13,0,7,26,28,21,37,16,25,13,20,5,2,7,2,0,0,0,0,0,0,
113,서남부터미널기점 - 서남부터미널종점,17,진달래아파트,0,0,17,12,12,0,29,28,21,26,29,27,13,18,3,1,3,3,4,0,0,0,0,0,
113,서남부터미널기점 - 서남부터미널종점,18,월평역,0,0,0,10,0,6,26,25,23,23,25,28,12,20,0,2,7,0,5,1,0,0,0,0,
113,서남부터미널기점 - 서남부터미널종점,19,유림공원,0,0,15,7,7,7,10,8,15,16,12,9,13,12,5,2,6,3,3,0,0,0,0,0,
113,서남부터미널기점 - 서남부터미널종점,20,다솔아파트,0,0,14,0,4,8,7,9,5,12,6,10,14,11,4,3,3,2,0,0,0,0,0,0,
113,서남부터미널기점 - 서남부터미널종점,21,충남대학교,0,0,12,0,5,5,3,8,17,11,6,10,9,12,4,2,5,5,5,3,0,0,0,0,
113,서남부터미널기점 - 서남부터미널종점,22,한진오피스텔,0,0,5,6,4,0,6,9,14,7,0,9,9,11,6,2,6,3,4,0,0,0,0,0,
113,서남부터미널기점 - 서남부터미널종점,23,유성온천역5번출구,0,0,1,5,5,0,5,3,11,5,8,11,10,16,7,6,7,4,10,4,0,0,0,0,
113,서남부터미널기점 - 서남부터미널종점,24,봉명네거리,0,0,0,4,4,3,3,10,12,0,9,9,10,15,8,0,8,3,5,0,0,0,0,0,
113,서남부터미널기점 - 서남부터미널종점,25,구암역,0,0,4,0,0,4,4,9,11,2,7,11,15,22,9,11,9,6,11,0,0,0,0,0,
113,서남부터미널기점 - 서남부터미널종점,26,천양원,0,0,3,0,0,0,0,0,0,0,6,9,0,0,0,0,0,0,0,0,0,0,0,0,
113,서남부터미널기점 - 서남부터미널종점,27,현충원역3번출구,0,0,3,5,4,1,6,14,17,2,10,18,22,16,28,14,10,18,10,6,0,0,0,0,
113,서남부터미널기점 - 서남부터미널종점,28,구암8통,0,0,0,0,0,0,0,0,0,0,9,0,0,0,0,0,0,11,0,0,0,0,0,0,
113,서남부터미널기점 - 서남부터미널종점,29,덕명네거리,0,0,0,4,3,0,0,0,0,16,0,14,0,0,0,12,9,0,0,0,0,0,0,0,
113,서남부터미널기점 - 서남부터미널종점,30,운암네오미아/신협연수원,0,0,0,0,2,0,4,0,13,14,8,17,9,21,27,7,0,16,9,0,0,0,0,0,
113,서남부터미널기점 - 서남부터미널종점,31,삼성화재연수원,0,0,0,4,0,0,0,5,0,0,0,0,8,0,0,0,0,0,0,0,0,0,0,0,
113,서남부터미널기점 - 서남부터미널종점,32,한밭대학교,0,0,0,1,1,5,3,0,10,14,9,18,7,19,26,12,6,17,7,5,0,0,0,0,
113,서남부터미널기점 - 서남부터미널종점,33,수통골입구,0,0,2,2,0,4,0,4,7,12,0,16,11,12,25,10,9,15,9,0,0,0,0,0,
113,서남부터미널기점 - 서남부터미널종점,34,유성숲오투그란데,0,0,1,3,0,0,1,0,5,9,6,7,6,8,13,5,2,4,3,4,0,0,0,0,
113,서남부터미널기점 - 서남부터미널종점,35,미학아파트,0,0,0,0,0,3,0,3,3,4,3,4,3,4,3,4,0,1,2,1,0,0,0,0,
113,서남부터미널기점 - 서남부터미널종점,36,별밭공원,0,0,0,0,3,0,0,2,0,2,2,3,2,2,2,3,1,0,0,0,0,0,0,0,
113,서남부터미널기점 - 서남부터미널종점,37,학의뜰아파트,0,0,0,0,0,0,0,0,0,0,1,0,0,0,0,0,0,0,0,0,0,0,0,0,
113,서남부터미널기점 - 서남부터미널종점,38,학하동종점,0,4,1,0,2,2,1,2,0,4,5,0,0,1,3,0,0,2,0,0,0,0,0,0,
113,서남부터미널기점 - 서남부터미널종점,39,별밭공원,0,0,0,0,3,0,5,3,0,1,7,0,0,2,1,1,2,0,0,0,0,0,0,0,
113,서남부터미널기점 - 서남부터미널종점,40,리빙포레아파트,0,5,2,4,6,4,10,4,8,8,16,2,3,3,6,4,3,3,1,0,0,0,0,0,
113,서남부터미널기점 - 서남부터미널종점,41,덕명중학교,0,6,3,9,9,9,14,6,9,15,21,13,9,4,8,6,3,4,3,0,0,0,0,0,
113,서남부터미널기점 - 서남부터미널종점,42,수통골입구,0,0,0,0,0,5,16,7,12,16,21,15,7,7,6,5,3,2,0,0,0,0,0,0,
113,서남부터미널기점 - 서남부터미널종점,43,한밭대학교,0,0,0,2,10,7,17,8,10,18,16,20,11,9,12,4,4,3,6,0,0,0,0,0,
113,서남부터미널기점 - 서남부터미널종점,44,삼성화재연수원,0,0,0,0,0,0,0,0,0,0,0,21,0,0,0,0,0,0,0,0,0,0,0,0,
113,서남부터미널기점 - 서남부터미널종점,45,하우스토리/신협연수원,0,0,4,10,13,0,14,0,15,23,23,24,7,8,11,0,3,0,0,0,0,0,0,0,
113,서남부터미널기점 - 서남부터미널종점,46,덕명네거리,0,0,0,0,12,0,19,0,0,0,24,26,11,10,4,0,0,0,0,0,0,0,0,0,
113,서남부터미널기점 - 서남부터미널종점,47,주유소,0,0,0,11,14,7,0,0,12,9,18,0,0,0,13,0,0,4,0,0,0,0,0,0,
113,서남부터미널기점 - 서남부터미널종점,48,구암8통,0,0,3,0,0,0,0,0,0,0,17,0,0,0,0,0,0,0,0,0,0,0,0,0,
113,서남부터미널기점 - 서남부터미널종점,49,현충원역1번출구,0,5,0,10,9,6,12,3,8,12,18,23,9,6,8,3,4,5,5,0,0,0,0,0,
113,서남부터미널기점 - 서남부터미널종점,50,천양원,0,0,0,2,10,7,0,3,0,5,0,22,0,8,10,0,0,0,0,0,0,0,0,0,
113,서남부터미널기점 - 서남부터미널종점,51,구암역,0,4,1,8,7,8,11,8,4,12,18,20,4,6,11,5,1,4,5,0,0,0,0,0,
113,서남부터미널기점 - 서남부터미널종점,52,봉명네거리,0,0,0,6,8,0,12,7,9,6,19,18,5,10,13,3,2,3,4,0,0,0,0,0,
113,서남부터미널기점 - 서남부터미널종점,53,봉명동우체국,0,3,0,5,7,3,9,8,9,14,18,19,0,9,5,3,5,4,0,0,0,0,0,0,
113,서남부터미널기점 - 서남부터미널종점,54,유성온천역7번출구,0,2,1,3,6,3,14,7,10,13,12,18,3,11,11,5,8,4,6,0,0,0,0,0,
113,서남부터미널기점 - 서남부터미널종점,55,온천교,0,0,0,4,3,3,7,7,9,14,0,15,4,9,10,7,7,6,10,0,0,0,0,0,
113,서남부터미널기점 - 서남부터미널종점,56,충남대학교,0,4,2,4,4,4,13,8,7,16,11,14,0,10,10,8,0,4,11,7,0,0,0,0,
113,서남부터미널기점 - 서남부터미널종점,57,홈플러스유성점,0,0,0,5,4,5,7,6,11,18,23,27,10,10,16,12,13,8,12,0,0,0,0,0,
113,서남부터미널기점 - 서남부터미널종점,58,월평역,0,0,3,6,0,5,7,2,0,0,22,35,13,8,13,0,14,10,11,6,0,0,0,0,
113,서남부터미널기점 - 서남부터미널종점,59,월평중학교,0,0,5,7,1,6,4,5,18,19,29,33,12,9,19,18,10,11,12,0,0,0,0,0,
113,서남부터미널기점 - 서남부터미널종점,60,갈마초등학교,0,0,4,0,0,0,9,5,20,20,28,32,13,12,20,17,8,9,13,6,0,0,0,0,
113,서남부터미널기점 - 서남부터미널종점,61,갈마삼거리,0,0,1,0,5,3,5,0,22,0,25,32,14,10,18,0,15,14,14,0,0,0,0,0,
113,서남부터미널기점 - 서남부터미널종점,62,한밭고.갈마중입구,0,0,3,0,0,6,7,8,20,0,19,32,13,10,17,12,16,10,5,0,0,0,0,0,
113,서남부터미널기점 - 서남부터미널종점,63,갈마아파트3단지,0,0,3,5,0,5,8,7,19,16,27,28,9,9,16,10,14,0,13,5,0,0,0,0,
113,서남부터미널기점 - 서남부터미널종점,64,KT인재개발원,0,0,5,4,5,8,7,8,16,19,11,16,12,13,18,13,13,10,11,3,0,0,0,0,
113,서남부터미널기점 - 서남부터미널종점,65,괴정네거리,0,0,4,3,6,6,9,7,16,18,26,22,10,16,14,12,11,9,2,0,0,0,0,0,
113,서남부터미널기점 - 서남부터미널종점,66,한민시장,0,0,3,0,5,5,6,7,13,13,16,13,8,13,11,7,5,7,12,1,0,0,0,0,
113,서남부터미널기점 - 서남부터미널종점,67,맑은아침아파트,0,0,0,0,0,5,7,6,0,16,12,12,9,10,0,6,0,4,0,0,0,0,0,0,
113,서남부터미널기점 - 서남부터미널종점,68,변동오거리,0,0,0,0,3,2,8,7,0,17,0,13,0,11,0,8,4,6,11,0,0,0,0,0,
113,서남부터미널기점 - 서남부터미널종점,69,변동네거리,0,0,2,0,0,6,9,8,12,13,0,8,0,9,5,7,4,5,0,0,0,0,0,0,
113,서남부터미널기점 - 서남부터미널종점,70,향우네거리,0,0,4,0,5,0,4,10,15,17,16,0,14,9,13,0,0,4,8,0,0,0,0,0,
113,서남부터미널기점 - 서남부터미널종점,71,구농도원,0,0,0,2,0,6,10,9,16,14,13,7,11,8,1,4,3,0,6,0,0,0,0,0,
113,서남부터미널기점 - 서남부터미널종점,72,구농도원네거리,0,0,0,3,2,0,10,9,0,16,4,14,15,8,0,0,1,0,4,0,0,0,0,0,
113,서남부터미널기점 - 서남부터미널종점,73,도마1동행정복지센터,0,0,3,1,4,2,1,6,2,9,0,8,7,4,7,5,1,4,3,0,0,0,0,0,
113,서남부터미널기점 - 서남부터미널종점,74,도마e편한세상아파트,0,0,2,1,0,0,6,2,1,6,4,5,4,0,8,3,0,2,0,0,0,0,0,0,
113,서남부터미널기점 - 서남부터미널종점,75,도마시장,0,0,0,0,0,0,3,4,0,2,0,0,3,2,0,2,0,1,0,0,0,0,0,0,
113,서남부터미널기점 - 서남부터미널종점,76,버드내아파트,0,0,0,0,1,1,0,3,0,0,3,1,0,1,6,1,0,0,0,0,0,0,0,0,
113,서남부터미널기점 - 서남부터미널종점,77,서부종합시장,0,0,0,0,0,0,0,2,0,1,1,0,0,0,3,0,0,0,0,0,0,0,0,0,
113,서남부터미널기점 - 서남부터미널종점,78,서남부터미널,0,0,0,0,0,0,0,0,0,0,0,0,0,0,0,0,0,0,0,0,0,0,0,0,
113,서남부터미널기점 - 서남부터미널종점,79,서남부터미널종점,0,0,0,0,0,0,0,0,0,0,0,0,0,0,0,0,0,0,0,0,0,0,0,0,
114,원내동공영차고지 - 원내동공영차고지,1,원내동공영차고지,0,0,0,0,1,0,0,0,0,0,0,0,0,1,0,0,0,0,0,0,0,0,0,0,
114,원내동공영차고지 - 원내동공영차고지,2,서일고등학교,0,0,0,0,0,0,0,3,0,0,0,1,0,0,0,0,0,0,0,0,0,0,0,0,
114,원내동공영차고지 - 원내동공영차고지,3,진잠네거리,0,0,0,0,0,1,0,5,1,1,0,2,1,1,0,1,1,0,0,0,0,0,0,0,
114,원내동공영차고지 - 원내동공영차고지,4,구봉마을7단지,0,0,0,1,1,0,0,0,1,2,0,0,0,3,2,2,0,0,0,0,0,0,0,0,
114,원내동공영차고지 - 원내동공영차고지,5,구봉마을9단지,0,2,1,2,2,3,1,3,3,0,1,4,0,0,3,0,0,0,0,0,0,0,0,0,
114,원내동공영차고지 - 원내동공영차고지,6,선암초교네거리,0,0,1,1,1,0,0,3,2,3,1,5,0,5,3,0,3,1,1,0,0,0,0,0,
114,원내동공영차고지 - 원내동공영차고지,7,느리울13단지,0,0,2,0,2,3,2,5,5,5,4,3,0,2,7,2,0,0,1,0,0,0,0,0,
114,원내동공영차고지 - 원내동공영차고지,8,느리울12단지,0,0,0,2,3,4,0,4,7,6,2,6,3,7,6,3,2,2,4,0,0,0,0,0,
114,원내동공영차고지 - 원내동공영차고지,9,대자연아파트,0,3,3,0,6,7,3,7,6,7,5,5,4,6,0,0,0,0,5,0,0,0,0,0,
114,원내동공영차고지 - 원내동공영차고지,10,대자연마을,0,0,4,3,9,9,3,10,9,14,6,8,5,5,11,3,0,5,2,0,0,0,0,0,
114,원내동공영차고지 - 원내동공영차고지,11,대자연아파트후문,0,4,0,4,10,10,4,0,9,16,4,9,0,7,0,0,0,0,0,0,0,0,0,0,
114,원내동공영차고지 - 원내동공영차고지,12,관저중학교,0,0,0,5,11,6,5,3,0,0,14,11,6,10,12,4,6,5,0,0,0,0,0,0,
114,원내동공영차고지 - 원내동공영차고지,13,건양대병원네거리,0,0,5,5,17,11,6,12,14,13,18,12,9,11,0,0,6,5,6,0,0,0,0,0,
114,원내동공영차고지 - 원내동공영차고지,14,동방고등학교,0,0,0,0,20,12,8,11,16,16,26,14,6,11,12,0,0,6,7,0,0,0,0,0,
114,원내동공영차고지 - 원내동공영차고지,15,가수원파출소,0,0,5,6,8,23,11,14,14,20,28,16,15,9,18,11,9,8,10,0,0,0,0,0,
114,원내동공영차고지 - 원내동공영차고지,16,린풀하우스,0,0,4,7,14,12,13,15,17,24,29,17,14,11,18,12,10,5,15,0,0,0,0,0,
114,원내동공영차고지 - 원내동공영차고지,17,수목토아파트,0,0,3,0,15,26,14,16,14,22,31,20,16,13,20,11,0,8,7,0,0,0,0,0,
114,원내동공영차고지 - 원내동공영차고지,18,트리풀시티레이크포레,0,0,5,8,8,15,14,20,20,25,34,34,16,14,16,9,11,5,16,0,0,0,0,0,
114,원내동공영차고지 - 원내동공영차고지,19,옥녀봉네거리,0,0,0,5,13,0,13,22,21,26,35,35,16,17,18,9,14,0,0,0,0,0,0,0,
114,원내동공영차고지 - 원내동공영차고지,20,원신흥동,0,0,0,7,0,0,16,0,0,37,0,31,0,0,17,0,0,6,0,0,0,0,0,0,
114,원내동공영차고지 - 원내동공영차고지,21,신안인스빌,0,0,6,6,17,26,18,26,25,38,37,28,19,18,17,11,3,7,0,0,0,0,0,0,
114,원내동공영차고지 - 원내동공영차고지,22,예미지7단지,0,0,0,0,0,0,0,27,24,43,16,29,21,0,0,11,15,9,0,0,0,0,0,0,
114,원내동공영차고지 - 원내동공영차고지,23,봉명중학교,0,0,0,0,16,25,15,8,0,33,15,31,19,16,15,0,0,8,6,0,0,0,0,0,
114,원내동공영차고지 - 원내동공영차고지,24,봉명초등학교,0,0,8,8,12,14,14,0,22,42,36,0,19,0,17,10,0,13,14,0,0,0,0,0,
114,원내동공영차고지 - 원내동공영차고지,25,유성온천역2번출구,0,0,7,7,15,24,13,23,21,42,30,21,17,14,14,10,0,13,0,4,0,0,0,0,
114,원내동공영차고지 - 원내동공영차고지,26,유성온천역7번출구,0,1,3,3,6,9,12,9,11,26,21,16,9,13,15,7,11,16,11,4,0,0,0,0,
114,원내동공영차고지 - 원내동공영차고지,27,온천교,0,0,0,2,6,9,9,8,9,12,17,17,14,13,10,8,11,17,12,5,0,0,0,0,
114,원내동공영차고지 - 원내동공영차고지,28,충남대학교,0,0,0,4,3,10,9,6,5,22,15,14,10,13,8,7,11,20,11,7,0,0,0,0,
114,원내동공영차고지 - 원내동공영차고지,29,장대네거리,0,0,2,0,6,10,0,5,7,9,23,15,0,10,3,4,5,18,11,6,0,0,0,0,
114,원내동공영차고지 - 원내동공영차고지,30,죽동네거리,0,0,0,4,5,11,10,0,0,0,16,15,9,10,7,3,3,17,13,0,0,0,0,0,
114,원내동공영차고지 - 원내동공영차고지,31,노은농수산물시장,0,0,0,2,2,8,6,4,6,6,14,8,8,11,9,9,10,17,0,0,0,0,0,0,
114,원내동공영차고지 - 원내동공영차고지,32,월드컵경기장역,0,0,0,1,4,6,8,3,4,0,17,7,7,9,8,0,9,15,0,4,0,0,0,0,
114,원내동공영차고지 - 원내동공영차고지,33,노은역,0,0,2,3,5,9,7,7,10,7,10,8,11,9,14,11,11,17,12,4,0,0,0,0,
114,원내동공영차고지 - 원내동공영차고지,34,열매마을5.6단지,0,0,0,0,4,7,0,3,14,10,10,7,15,9,13,2,13,16,12,0,0,0,0,0,
114,원내동공영차고지 - 원내동공영차고지,35,유성여고,0,0,0,0,2,3,6,1,13,9,9,0,5,6,5,10,0,15,6,3,0,0,0,0,
114,원내동공영차고지 - 원내동공영차고지,36,유성장애인복지관,0,0,0,0,1,2,5,8,20,10,12,0,18,10,23,0,12,0,13,0,0,0,0,0,
114,원내동공영차고지 - 원내동공영차고지,37,반석마을3단지,0,0,0,2,2,1,5,0,17,9,12,6,19,9,17,1,12,14,13,5,0,0,0,0,
114,원내동공영차고지 - 원내동공영차고지,38,반석고등학교,0,0,0,0,0,0,6,0,15,0,13,0,0,8,0,9,0,0,8,6,0,0,0,0,
114,원내동공영차고지 - 원내동공영차고지,39,반석초등학교,0,0,1,1,0,2,3,6,12,11,12,7,17,10,21,13,13,13,10,9,0,0,0,0,
114,원내동공영차고지 - 원내동공영차고지,40,반석2통,0,0,0,0,3,0,0,7,0,0,0,6,16,12,20,11,0,5,0,0,0,0,0,0,
114,원내동공영차고지 - 원내동공영차고지,41,군수사령부,0,0,0,0,2,1,4,0,3,10,9,8,14,0,20,5,3,12,9,0,0,0,0,0,
114,원내동공영차고지 - 원내동공영차고지,42,꿈에그린아파트,0,0,0,0,3,0,2,4,9,4,7,7,13,11,16,3,7,7,7,2,0,0,0,0,
114,원내동공영차고지 - 원내동공영차고지,43,해랑숲마을5단지,0,0,0,0,0,0,2,2,0,0,6,5,11,6,0,0,6,6,5,6,0,0,0,0,
114,원내동공영차고지 - 원내동공영차고지,44,해랑숲마을6단지,0,0,2,0,1,1,3,0,11,1,7,5,8,5,15,3,0,3,2,4,0,0,0,0,
114,원내동공영차고지 - 원내동공영차고지,45,에코힐7단지,0,0,0,0,0,0,0,0,7,0,5,1,7,2,10,2,4,4,2,2,0,0,0,0,
114,원내동공영차고지 - 원내동공영차고지,46,새미래중학교,0,0,0,0,0,0,2,0,0,3,4,3,0,0,5,0,0,0,0,0,0,0,0,0,
114,원내동공영차고지 - 원내동공영차고지,47,노은3지구종점,0,0,0,0,0,0,0,0,3,0,2,0,2,0,1,0,3,0,0,0,0,0,0,0,
114,원내동공영차고지 - 원내동공영차고지,48,노은휴먼시아4단지,0,2,1,2,3,7,5,4,1,4,3,5,2,0,1,1,0,0,0,0,0,0,0,0,
114,원내동공영차고지 - 원내동공영차고지,49,노은휴먼시아4단지,0,2,1,2,3,7,5,4,1,4,3,5,2,0,1,1,0,0,0,0,0,0,0,0,
114,원내동공영차고지 - 원내동공영차고지,50,새미래중학교,0,0,0,0,0,0,0,0,0,0,1,0,0,0,0,0,0,0,0,0,0,0,0,0,
114,원내동공영차고지 - 원내동공영차고지,51,트리풀시티포레1단지,0,3,2,4,4,11,6,5,0,1,6,4,5,1,0,2,0,1,0,0,0,0,0,0,
114,원내동공영차고지 - 원내동공영차고지,52,계룡리슈빌아파트,0,4,0,0,5,0,7,7,6,3,0,6,2,3,3,2,0,1,0,0,0,0,0,0,
114,원내동공영차고지 - 원내동공영차고지,53,해랑숲마을5단지,0,5,0,0,0,11,8,0,7,5,7,6,6,4,4,0,1,0,0,0,0,0,0,0,
114,원내동공영차고지 - 원내동공영차고지,54,꿈에그린아파트,0,6,2,0,5,15,16,8,14,7,9,15,3,0,5,3,1,0,0,0,0,0,0,0,
114,원내동공영차고지 - 원내동공영차고지,55,군수사령부,0,6,2,0,5,15,16,8,14,7,9,15,3,0,5,3,1,0,0,0,0,0,0,0,
114,원내동공영차고지 - 원내동공영차고지,56,반석2통,0,0,3,0,6,16,12,9,8,6,9,17,0,0,0,2,0,2,0,0,0,0,0,0,
114,원내동공영차고지 - 원내동공영차고지,57,반석마을5단지,0,3,0,3,4,12,15,12,9,8,7,11,7,6,9,4,1,2,0,0,0,0,0,0,
114,원내동공영차고지 - 원내동공영차고지,58,반석고등학교,0,0,0,0,0,14,16,12,0,9,0,9,8,8,0,6,0,0,1,0,0,0,0,0,
114,원내동공영차고지 - 원내동공영차고지,59,반석네거리,0,0,1,0,0,14,15,12,10,8,8,8,7,7,4,0,0,0,0,0,0,0,0,0,
114,원내동공영차고지 - 원내동공영차고지,60,유성구청소년수련관,0,0,0,0,2,13,7,11,0,7,11,6,5,7,0,0,0,0,0,0,0,0,0,0,
114,원내동공영차고지 - 원내동공영차고지,61,유성여고,0,0,3,0,0,14,9,9,11,9,0,11,7,9,10,0,0,4,0,0,0,0,0,0,
114,원내동공영차고지 - 원내동공영차고지,62,유성경찰서,0,0,4,0,0,10,11,10,12,10,6,10,9,8,11,5,0,5,0,0,0,0,0,0,
114,원내동공영차고지 - 원내동공영차고지,63,열매마을5.6단지,0,0,0,1,3,10,12,8,9,0,11,12,7,8,6,2,0,3,0,0,0,0,0,0,
114,원내동공영차고지 - 원내동공영차고지,64,노은역,0,0,0,0,1,8,10,7,8,9,4,11,5,7,0,0,0,0,0,0,0,0,0,0,
114,원내동공영차고지 - 원내동공영차고지,65,월드컵경기장역,0,2,0,0,0,3,11,10,11,8,13,11,8,8,12,6,7,5,1,0,0,0,0,0,
114,원내동공영차고지 - 원내동공영차고지,66,노은농수산물시장,0,3,0,0,2,0,11,0,0,11,14,10,11,11,20,15,10,6,0,0,0,0,0,0,
114,원내동공영차고지 - 원내동공영차고지,67,죽동네거리,0,0,4,0,0,0,10,0,0,0,15,16,12,0,20,17,0,0,0,0,0,0,0,0,
114,원내동공영차고지 - 원내동공영차고지,68,온천2동주민센터,0,0,0,0,0,11,12,9,13,6,0,7,12,0,21,18,0,5,0,0,0,0,0,0,
114,원내동공영차고지 - 원내동공영차고지,69,충남대학교,0,0,3,4,2,12,14,15,11,9,13,15,15,11,23,16,14,7,9,0,0,0,0,0,
114,원내동공영차고지 - 원내동공영차고지,70,온천교,0,0,0,0,5,0,14,16,8,0,15,15,15,10,23,16,13,8,13,0,0,0,0,0,
114,원내동공영차고지 - 원내동공영차고지,71,유성온천역6번출구,0,1,1,6,4,14,14,14,10,11,19,18,23,11,28,26,22,11,17,0,0,0,0,0,
114,원내동공영차고지 - 원내동공영차고지,72,유성온천역3번출구,0,2,4,7,8,8,16,18,16,14,23,22,25,14,30,29,24,12,21,0,0,0,0,0,
114,원내동공영차고지 - 원내동공영차고지,73,도안센트럴시티,0,0,0,0,9,10,16,18,14,15,21,22,20,16,0,27,25,0,0,0,0,0,0,0,
114,원내동공영차고지 - 원내동공영차고지,74,예미지7단지,0,3,0,0,10,0,17,0,0,0,0,17,0,16,0,19,24,0,11,20,0,0,0,0,
114,원내동공영차고지 - 원내동공영차고지,75,신안인스빌,0,4,0,0,5,0,19,17,13,16,19,19,18,15,18,21,19,12,0,17,0,0,0,0,
114,원내동공영차고지 - 원내동공영차고지,76,원신흥동,0,0,3,8,0,0,17,15,11,17,0,0,0,16,0,0,17,0,0,0,0,0,0,0,
114,원내동공영차고지 - 원내동공영차고지,77,옥녀봉네거리,0,3,0,0,0,6,18,0,0,0,17,0,16,12,0,23,0,0,0,0,0,0,0,0,
114,원내동공영차고지 - 원내동공영차고지,78,트리풀시티레이크포레,0,1,4,7,11,8,19,14,13,17,15,22,0,14,18,22,0,13,10,13,0,0,0,0,
114,원내동공영차고지 - 원내동공영차고지,79,수목토아파트,0,3,0,0,0,9,14,15,18,17,0,24,16,15,0,21,11,7,0,10,0,0,0,0,
114,원내동공영차고지 - 원내동공영차고지,80,도안베르디움,0,0,0,6,10,5,18,12,18,14,16,22,15,9,16,0,16,0,0,9,0,0,0,0,
114,원내동공영차고지 - 원내동공영차고지,81,가수원파출소,0,3,4,0,7,9,11,14,15,12,17,19,13,13,14,20,14,14,0,0,0,0,0,0,
114,원내동공영차고지 - 원내동공영차고지,82,가수원육교.가수원시장,0,0,3,5,2,3,10,13,8,9,18,15,10,12,11,17,13,12,11,7,0,0,0,0,
114,원내동공영차고지 - 원내동공영차고지,83,동방고등학교,0,0,3,5,0,0,9,8,6,0,16,22,9,10,10,11,12,9,7,0,0,0,0,0,
114,원내동공영차고지 - 원내동공영차고지,84,건양대병원네거리,0,0,0,0,0,0,8,6,5,8,13,21,0,8,11,10,6,8,10,0,0,0,0,0,
114,원내동공영차고지 - 원내동공영차고지,85,건양대병원,0,0,1,4,0,0,8,4,4,6,0,19,7,7,10,8,3,7,7,0,0,0,0,0,
114,원내동공영차고지 - 원내동공영차고지,86,원앙1.2단지,0,0,1,3,0,1,6,3,4,7,11,21,0,7,9,7,2,6,6,0,0,0,0,0,
114,원내동공영차고지 - 원내동공영차고지,87,대자연아파트,0,0,0,2,0,4,1,4,5,5,9,15,4,7,9,8,0,6,5,6,0,0,0,0,
114,원내동공영차고지 - 원내동공영차고지,88,원앙4단지,0,0,0,1,2,0,7,0,3,4,8,7,14,6,0,0,0,5,0,0,0,0,0,0,
114,원내동공영차고지 - 원내동공영차고지,89,건양대병원네거리,0,0,0,0,0,3,6,3,4,0,6,7,13,0,7,7,0,4,0,0,0,0,0,0,
114,원내동공영차고지 - 원내동공영차고지,90,느리울12단지,0,0,0,0,1,2,7,1,0,2,2,5,4,4,5,6,0,3,3,0,0,0,0,0,
114,원내동공영차고지 - 원내동공영차고지,91,느리울13단지,0,0,0,0,0,1,0,0,4,1,7,0,0,0,0,4,0,0,1,5,0,0,0,0,
114,원내동공영차고지 - 원내동공영차고지,92,선암초교네거리,0,0,1,0,0,0,4,2,0,0,5,4,1,3,1,2,3,2,1,2,0,0,0,0,
114,원내동공영차고지 - 원내동공영차고지,93,구봉마을8단지,0,0,0,0,0,0,0,0,2,0,2,2,0,1,0,0,1,0,0,1,0,0,0,0,
114,원내동공영차고지 - 원내동공영차고지,94,금동초등학교,0,0,0,0,0,0,3,0,1,0,1,1,0,0,0,0,0,0,0,0,0,0,0,0,
114,원내동공영차고지 - 원내동공영차고지,95,샘물타운아파트,0,0,0,0,0,0,0,0,0,0,0,0,0,0,0,0,0,1,0,0,0,0,0,0,
114,원내동공영차고지 - 원내동공영차고지,96,진잠타운아파트,0,0,0,0,0,0,0,0,0,0,0,0,0,0,0,0,0,0,0,0,0,0,0,0,
114,원내동공영차고지 - 원내동공영차고지,97,서대전IC,0,0,0,0,0,0,0,0,0,0,0,0,0,0,0,0,0,0,0,0,0,0,0,0,
114,원내동공영차고지 - 원내동공영차고지,98,원내동공영차고지,0,0,0,0,0,0,0,0,0,0,0,0,0,0,0,0,0,0,0,0,0,0,0,0,
115,윗사정삼거리 - 오월드기점지,1,윗사정삼거리,0,0,6,0,0,0,0,0,0,0,0,0,0,0,0,0,0,0,0,0,0,0,0,0,
115,윗사정삼거리 - 오월드기점지,2,윗사정삼거리,0,0,0,0,0,0,2,1,0,0,1,1,1,1,0,0,0,0,0,0,0,0,0,0,
115,윗사정삼거리 - 오월드기점지,3,오월드,0,0,0,0,0,0,3,0,2,2,0,2,0,2,11,2,1,2,2,0,0,0,0,0,
115,윗사정삼거리 - 오월드기점지,4,오월드회전교차로,0,0,0,0,0,0,2,0,0,1,0,0,0,0,0,0,0,0,0,0,0,0,0,0,
115,윗사정삼거리 - 오월드기점지,5,상당,0,0,0,0,0,1,0,0,0,3,2,3,0,3,0,0,0,0,0,0,0,0,0,0,
115,윗사정삼거리 - 오월드기점지,6,산성어린이도서관,0,0,0,0,1,2,0,2,4,3,2,2,3,4,12,0,0,1,0,0,0,0,0,0,
115,윗사정삼거리 - 오월드기점지,7,사정동,0,1,1,1,3,2,5,4,6,5,4,4,4,7,13,4,4,4,0,0,0,0,0,0,
115,윗사정삼거리 - 오월드기점지,8,산성초등학교,0,0,1,2,3,3,7,5,0,7,4,1,0,0,14,4,2,0,0,0,0,0,0,0,
115,윗사정삼거리 - 오월드기점지,9,산성네거리,0,2,2,2,5,4,5,6,8,11,7,5,6,11,17,5,0,3,2,0,0,0,0,0,
115,윗사정삼거리 - 오월드기점지,10,산성시장,0,5,4,6,11,8,12,9,11,16,15,8,11,13,18,5,6,0,3,0,0,0,0,0,
115,윗사정삼거리 - 오월드기점지,11,도마e편한세상아파트,0,0,2,7,9,9,11,7,12,16,11,6,14,12,20,6,5,3,2,0,0,0,0,0,
115,윗사정삼거리 - 오월드기점지,12,도마삼거리,0,5,2,8,9,9,12,11,9,19,11,10,15,14,20,12,7,0,5,0,0,0,0,0,
115,윗사정삼거리 - 오월드기점지,13,서부소방서,0,7,3,0,10,9,15,10,10,24,12,12,11,10,19,13,6,2,5,0,0,0,0,0,
115,윗사정삼거리 - 오월드기점지,14,정림동,0,9,4,6,12,11,16,16,17,29,20,16,16,17,21,13,8,3,6,0,0,0,0,0,
115,윗사정삼거리 - 오월드기점지,15,가수원교,0,0,0,0,0,0,0,0,0,0,0,11,0,0,22,0,0,0,0,0,0,0,0,0,
115,윗사정삼거리 - 오월드기점지,16,가수원네거리,0,0,0,7,11,9,16,7,14,19,19,18,14,12,7,14,7,5,7,0,0,0,0,0,
115,윗사정삼거리 - 오월드기점지,17,가수원파출소,0,9,1,10,12,11,17,10,15,26,19,23,18,21,24,17,12,10,8,0,0,0,0,0,
115,윗사정삼거리 - 오월드기점지,18,린풀하우스,0,0,0,10,7,14,14,9,17,24,19,21,20,17,23,15,11,11,9,0,0,0,0,0,
115,윗사정삼거리 - 오월드기점지,19,수목토아파트,0,0,0,12,10,14,15,4,20,28,17,17,20,15,23,14,8,8,8,0,0,0,0,0,
115,윗사정삼거리 - 오월드기점지,20,트리풀시티레이크포레,0,0,1,3,9,14,14,8,19,26,19,23,17,18,9,11,7,8,6,0,0,0,0,0,
115,윗사정삼거리 - 오월드기점지,21,옥녀봉체육공원,0,0,0,0,8,15,13,9,9,25,17,25,19,17,7,12,8,7,9,0,0,0,0,0,
115,윗사정삼거리 - 오월드기점지,22,어울림하트12단지,0,0,0,13,0,11,15,10,0,20,0,13,11,11,0,8,0,0,0,0,0,0,0,0,
115,윗사정삼거리 - 오월드기점지,23,목원대네거리,0,0,7,11,10,15,17,6,11,24,21,21,16,17,9,9,10,9,8,4,0,0,0,0,
115,윗사정삼거리 - 오월드기점지,24,흥도초등학교,0,0,0,0,8,0,7,5,11,0,14,13,0,15,0,0,0,0,0,0,0,0,0,0,
115,윗사정삼거리 - 오월드기점지,25,도안고등학교,0,0,1,6,12,19,16,13,12,20,28,20,25,15,8,14,13,14,10,0,0,0,0,0,
115,윗사정삼거리 - 오월드기점지,26,상대네거리,0,0,0,0,0,22,0,15,13,21,27,23,0,15,14,13,13,16,11,0,0,0,0,0,
115,윗사정삼거리 - 오월드기점지,27,트리풀시티9단지,0,0,0,5,16,23,13,16,13,19,26,26,23,16,15,12,15,14,10,0,0,0,0,0,
115,윗사정삼거리 - 오월드기점지,28,도안센트럴시티,0,0,9,6,17,24,20,16,16,24,30,24,25,16,16,12,8,14,13,3,0,0,0,0,
115,윗사정삼거리 - 오월드기점지,29,유성온천역2번출구,0,0,8,0,14,19,16,14,14,22,25,16,19,14,12,11,10,13,11,0,0,0,0,0,
115,윗사정삼거리 - 오월드기점지,30,유성온천역7번출구,0,0,3,2,6,7,11,9,10,19,14,8,10,14,10,8,12,12,10,5,0,0,0,0,
115,윗사정삼거리 - 오월드기점지,31,온천교,0,0,1,1,0,4,10,4,4,16,11,5,8,10,9,9,13,10,8,6,0,0,0,0,
115,윗사정삼거리 - 오월드기점지,32,충남대학교,0,0,0,0,4,2,9,2,9,13,10,6,5,9,4,8,10,8,7,0,0,0,0,0,
115,윗사정삼거리 - 오월드기점지,33,궁동,0,0,0,0,1,1,8,1,4,5,5,4,2,7,3,4,7,4,6,4,0,0,0,0,
115,윗사정삼거리 - 오월드기점지,34,한빛아파트,0,0,0,0,0,0,0,4,3,0,1,3,1,3,2,1,4,0,0,0,0,0,0,0,
115,윗사정삼거리 - 오월드기점지,35,충대농대종점,0,0,0,1,0,0,0,0,1,1,3,2,0,1,0,0,0,0,0,0,0,0,0,0,
115,윗사정삼거리 - 오월드기점지,36,충대농대종점,0,0,0,0,0,1,0,0,0,2,2,0,0,0,0,0,0,1,0,0,0,0,0,0,
115,윗사정삼거리 - 오월드기점지,37,한빛아파트,0,1,2,3,7,5,9,5,2,7,5,8,6,6,2,7,5,3,2,0,0,0,0,0,
115,윗사정삼거리 - 오월드기점지,38,충대농대입구,0,0,0,4,2,0,12,0,4,10,8,9,6,6,5,9,8,0,0,0,0,0,0,0,
115,윗사정삼거리 - 오월드기점지,39,궁동,0,0,1,1,2,7,15,7,8,13,12,14,12,8,4,11,14,2,4,0,0,0,0,0,
115,윗사정삼거리 - 오월드기점지,40,충남대학교,0,0,2,5,9,7,18,14,9,21,12,11,17,13,10,14,15,8,9,0,0,0,0,0,
115,윗사정삼거리 - 오월드기점지,41,온천교,0,0,0,6,2,10,19,15,6,22,11,17,19,14,13,6,16,11,12,0,0,0,0,0,
115,윗사정삼거리 - 오월드기점지,42,유성온천역6번출구,0,2,3,7,8,13,18,19,16,20,15,23,26,31,23,16,19,26,17,0,0,0,0,0,
115,윗사정삼거리 - 오월드기점지,43,유성온천역3번출구,0,0,4,4,10,13,20,20,13,25,17,24,32,37,27,21,22,28,24,0,0,0,0,0,
115,윗사정삼거리 - 오월드기점지,44,휴먼시아4단지,0,3,4,5,12,16,20,15,17,23,17,20,29,28,26,17,20,25,23,0,0,0,0,0,
115,윗사정삼거리 - 오월드기점지,45,트리풀시티9단지,0,0,0,6,6,11,19,14,16,24,17,13,24,29,25,0,18,23,22,0,0,0,0,0,
115,윗사정삼거리 - 오월드기점지,46,상대네거리,0,0,0,3,8,17,20,16,15,0,13,22,23,27,24,13,16,17,18,0,0,0,0,0,
115,윗사정삼거리 - 오월드기점지,47,도안고등학교,0,0,0,4,13,11,18,14,12,22,21,9,28,24,21,14,15,20,16,0,0,0,0,0,
115,윗사정삼거리 - 오월드기점지,48,흥도초등학교,0,1,0,3,7,15,15,0,14,16,17,10,28,23,21,14,14,19,13,0,0,0,0,0,
115,윗사정삼거리 - 오월드기점지,49,목원대네거리,0,0,3,2,15,17,19,15,16,24,20,13,22,25,28,13,19,18,16,0,0,0,0,0,
115,윗사정삼거리 - 오월드기점지,50,도안동예미지아파트,0,0,0,3,16,19,22,17,15,15,20,13,20,28,28,9,18,0,15,0,0,0,0,0,
115,윗사정삼거리 - 오월드기점지,51,옥녀봉체육공원,0,0,2,0,0,12,16,8,0,14,0,17,0,27,10,14,15,0,0,0,0,0,0,0,
115,윗사정삼거리 - 오월드기점지,52,트리풀시티레이크포레,0,0,0,4,14,21,21,13,15,31,25,23,21,25,21,13,12,15,15,9,0,0,0,0,
115,윗사정삼거리 - 오월드기점지,53,수목토아파트,0,0,4,8,13,20,23,13,16,27,25,24,22,22,18,12,11,13,14,0,0,0,0,0,
115,윗사정삼거리 - 오월드기점지,54,도안베르디움,0,0,3,9,15,24,23,18,20,28,23,25,21,21,19,11,10,14,11,3,0,0,0,0,
115,윗사정삼거리 - 오월드기점지,55,가수원파출소,0,0,2,8,17,23,23,14,19,22,17,22,17,20,15,10,10,14,8,4,0,0,0,0,
115,윗사정삼거리 - 오월드기점지,56,가수원네거리,0,0,0,2,13,23,23,11,8,21,18,19,15,22,15,12,10,4,8,0,0,0,0,0,
115,윗사정삼거리 - 오월드기점지,57,정림삼거리,0,0,3,4,15,18,23,4,6,17,14,17,13,16,10,10,9,12,7,3,0,0,0,0,
115,윗사정삼거리 - 오월드기점지,58,정림동,0,0,0,3,14,13,25,10,5,13,15,15,11,0,8,12,7,11,6,0,0,0,0,0,
115,윗사정삼거리 - 오월드기점지,59,서부소방서,0,0,1,0,4,0,21,5,7,11,11,12,11,13,9,10,7,8,4,0,0,0,0,0,
115,윗사정삼거리 - 오월드기점지,60,도마삼거리,0,0,2,3,9,15,21,9,6,8,12,9,11,12,10,10,6,9,3,0,0,0,0,0,
115,윗사정삼거리 - 오월드기점지,61,도마네거리,0,0,0,4,10,17,12,8,7,12,12,11,12,13,8,8,5,8,4,0,0,0,0,0,
115,윗사정삼거리 - 오월드기점지,62,효성타운아파트,0,0,0,2,11,16,13,10,0,13,13,0,10,6,6,6,2,7,0,2,0,0,0,0,
115,윗사정삼거리 - 오월드기점지,63,머티네거리,0,0,1,3,8,10,12,8,5,10,2,9,4,12,5,2,3,6,0,0,0,0,0,0,
115,윗사정삼거리 - 오월드기점지,64,산성동행정복지센터,0,0,0,1,7,15,10,5,5,9,8,8,9,8,6,2,3,5,2,1,0,0,0,0,
115,윗사정삼거리 - 오월드기점지,65,산성네거리,0,0,0,1,3,11,11,4,4,10,5,4,4,5,5,1,2,3,1,0,0,0,0,0,
115,윗사정삼거리 - 오월드기점지,66,산성초등학교,0,0,0,1,2,4,10,0,1,5,0,4,0,4,3,0,1,3,0,0,0,0,0,0,
115,윗사정삼거리 - 오월드기점지,67,사정동,0,0,1,0,2,10,9,2,2,2,0,3,1,2,2,0,0,1,1,0,0,0,0,0,
115,윗사정삼거리 - 오월드기점지,68,산성어린이도서관,0,0,0,0,1,0,6,0,0,1,4,2,0,0,0,0,0,0,0,0,0,0,0,0,
115,윗사정삼거리 - 오월드기점지,69,상당,0,0,0,0,0,0,0,0,0,0,0,0,0,0,0,0,0,0,0,0,0,0,0,0,
115,윗사정삼거리 - 오월드기점지,70,오월드회전교차로,0,0,0,0,0,9,0,0,0,0,0,0,0,0,0,0,0,0,0,0,0,0,0,0,
115,윗사정삼거리 - 오월드기점지,71,오월드,0,0,0,0,0,0,2,1,1,0,0,0,0,0,0,0,0,0,0,0,0,0,0,0,
115,윗사정삼거리 - 오월드기점지,72,윗사정삼거리,0,0,0,0,0,0,0,0,0,0,0,0,0,0,0,0,0,0,0,0,0,0,0,0,
115,윗사정삼거리 - 오월드기점지,73,오월드기점지,0,0,0,0,0,0,0,0,0,0,0,0,0,0,0,0,0,0,0,0,0,0,0,0,
116,안산동 - 안산동,1,안산동,0,0,0,0,0,0,0,0,0,0,1,0,0,0,0,0,0,0,0,0,0,0,0,0,
116,안산동 - 안산동,2,안산산성,0,0,0,0,0,0,0,0,1,2,0,1,0,0,0,0,0,0,0,0,0,0,0,0,
116,안산동 - 안산동,3,안산1통,0,0,1,0,1,1,0,0,0,0,0,0,0,0,0,0,0,0,0,0,0,0,0,0,
116,안산동 - 안산동,4,국방과학연구소입구,0,0,0,0,0,0,0,0,0,0,0,0,1,0,2,0,0,0,0,0,0,0,0,0,
116,안산동 - 안산동,5,외삼1통,0,0,0,0,0,0,0,0,0,0,0,0,1,0,2,0,0,0,0,0,0,0,0,0,
116,안산동 - 안산동,6,외삼중학교,0,0,0,0,0,0,0,0,1,3,0,0,0,1,3,0,0,0,0,0,0,0,0,0,
116,안산동 - 안산동,7,반석마을5단지,0,0,0,0,0,0,0,3,1,2,0,0,3,0,4,1,1,0,1,0,0,0,0,0,
116,안산동 - 안산동,8,반석역,0,0,0,0,0,0,0,0,1,0,3,2,2,0,7,1,2,2,4,0,0,0,0,0,
116,안산동 - 안산동,9,반석네거리,0,0,0,0,0,0,0,0,2,3,5,0,0,0,0,2,0,0,0,0,0,0,0,0,
116,안산동 - 안산동,10,하기중학교,0,0,0,0,0,0,0,1,0,0,0,1,0,2,8,0,0,1,2,0,0,0,0,0,
116,안산동 - 안산동,11,송림마을4단지,0,0,0,0,0,0,2,2,2,2,1,1,2,3,0,1,1,2,0,0,0,0,0,0,
116,안산동 - 안산동,12,송림마을5단지,0,0,0,0,0,1,1,1,2,0,4,0,1,0,5,0,0,1,1,0,0,0,0,0,
116,안산동 - 안산동,13,송림마을5.6단지,0,0,0,0,2,5,2,2,3,5,0,2,3,4,7,0,1,1,1,0,0,0,0,0,
116,안산동 - 안산동,14,송림마을3단지,0,0,1,1,1,7,5,5,4,3,5,4,6,4,0,2,0,0,2,0,0,0,0,0,
116,안산동 - 안산동,15,송림마을2단지,0,0,0,0,0,8,4,3,3,0,6,0,0,3,1,0,0,0,0,0,0,0,0,0,
116,안산동 - 안산동,16,지족동,0,0,0,0,0,0,0,2,0,0,0,4,4,0,8,0,0,0,0,0,0,0,0,0,
116,안산동 - 안산동,17,유성경찰서,0,0,0,0,2,2,3,3,0,2,4,4,6,0,0,0,0,2,0,0,0,0,0,0,
116,안산동 - 안산동,18,열매마을5.6단지,0,0,0,0,3,4,0,0,2,7,3,8,5,0,7,0,2,0,0,0,0,0,0,0,
116,안산동 - 안산동,19,노은역,0,0,0,0,0,0,2,0,0,0,0,0,4,0,0,0,0,0,0,0,0,0,0,0,
116,안산동 - 안산동,20,월드컵경기장역,0,0,0,0,0,0,1,2,3,4,2,11,7,4,8,1,4,4,2,0,0,0,0,0,
116,안산동 - 안산동,21,노은농수산물시장,0,0,0,0,0,1,2,0,2,0,0,7,0,6,13,5,0,6,0,0,0,0,0,0,
116,안산동 - 안산동,22,죽동네거리,0,0,0,2,0,5,0,3,0,0,0,0,0,0,0,4,0,0,0,0,0,0,0,0,
116,안산동 - 안산동,23,온천2동주민센터,0,0,0,0,4,6,3,4,4,0,0,0,5,0,3,0,0,0,0,0,0,0,0,0,
116,안산동 - 안산동,24,장대네거리,0,0,1,0,0,1,1,5,0,3,2,6,4,0,10,3,0,2,2,0,0,0,0,0,
116,안산동 - 안산동,25,유성초네거리,0,0,0,1,0,0,0,7,0,0,0,6,0,5,8,2,3,1,1,0,0,0,0,0,
116,안산동 - 안산동,26,유성시장,0,0,0,0,3,7,2,0,3,0,0,8,0,6,0,3,1,1,2,0,0,0,0,0,
116,안산동 - 안산동,27,구암역,0,0,0,0,4,2,1,9,5,3,3,12,7,0,8,0,3,2,0,2,0,0,0,0,
116,안산동 - 안산동,28,봉명네거리,0,0,1,0,6,8,4,9,4,4,0,11,6,0,0,0,2,0,0,0,0,0,0,0,
116,안산동 - 안산동,29,봉명동우체국,0,0,0,1,5,7,0,0,5,6,0,0,7,4,0,2,4,2,0,3,0,0,0,0,
116,안산동 - 안산동,30,유성온천역4번출구,0,0,0,0,6,6,5,0,5,4,2,12,7,3,6,0,3,0,0,3,0,0,0,0,
116,안산동 - 안산동,31,만년교,0,0,0,0,4,5,0,2,0,0,7,1,8,1,7,3,0,7,3,0,0,0,0,0,
116,안산동 - 안산동,32,대전교통공사,0,0,0,0,0,4,3,8,0,0,0,0,9,0,9,0,0,6,0,0,0,0,0,0,
116,안산동 - 안산동,33,대전일보사,0,0,2,0,5,5,5,7,6,7,6,0,11,1,7,3,2,1,2,0,0,0,0,0,
116,안산동 - 안산동,34,갈마네거리,0,0,0,2,2,5,4,8,8,9,7,4,10,0,3,6,1,5,0,2,0,0,0,0,
116,안산동 - 안산동,35,갈마육교,0,0,0,0,8,0,4,0,11,7,6,0,8,3,0,5,0,3,0,0,0,0,0,0,
116,안산동 - 안산동,36,은하수네거리,0,0,0,2,5,4,4,4,2,6,3,1,8,2,2,4,1,3,2,0,0,0,0,0,
116,안산동 - 안산동,37,파랑새네거리,0,0,1,1,0,2,3,0,3,3,5,0,3,0,2,2,5,1,0,0,0,0,0,0,
116,안산동 - 안산동,38,선사유적지,0,0,0,0,2,1,1,0,0,1,4,0,2,0,2,0,0,0,0,1,0,0,0,0,
116,안산동 - 안산동,39,샛별아파트,0,0,0,0,1,0,0,0,0,0,5,0,0,0,1,0,4,0,0,0,0,0,0,0,
116,안산동 - 안산동,40,황실타운아파트,0,0,0,0,0,0,1,0,2,1,3,0,2,0,0,3,6,3,0,0,0,0,0,0,
116,안산동 - 안산동,41,월평주공아파트,0,1,0,4,1,4,5,2,1,3,2,2,1,1,0,1,0,0,0,0,0,0,0,0,
116,안산동 - 안산동,42,월평주공아파트,0,1,0,4,1,4,5,2,1,3,2,2,1,1,0,1,0,0,0,0,0,0,0,0,
116,안산동 - 안산동,43,성룡초등학교,0,0,0,0,0,0,0,0,0,6,4,0,0,0,0,2,0,0,0,0,0,0,0,0,
116,안산동 - 안산동,44,무지개아파트,0,2,0,0,0,0,6,1,0,0,2,0,0,0,0,0,1,0,0,0,0,0,0,0,
116,안산동 - 안산동,45,통계센터,0,0,1,0,0,4,0,0,0,2,0,5,3,1,3,1,2,1,0,0,0,0,0,0,
116,안산동 - 안산동,46,이마트,0,0,0,3,0,0,4,0,0,0,3,0,0,0,2,3,0,0,0,0,0,0,0,0,
116,안산동 - 안산동,47,갤러리아타임월드,0,3,0,0,0,0,0,4,0,7,2,6,5,0,6,8,3,2,1,0,0,0,0,0,
116,안산동 - 안산동,48,은하수네거리,0,2,0,2,0,4,3,5,0,7,1,0,8,2,8,0,3,0,0,0,0,0,0,0,
116,안산동 - 안산동,49,갈마육교,0,0,2,4,0,5,5,0,0,9,0,4,8,0,7,9,2,0,0,0,0,0,0,0,
116,안산동 - 안산동,50,갈마네거리,0,0,4,0,1,7,4,4,2,0,0,4,7,1,8,9,0,2,3,0,0,0,0,0,
116,안산동 - 안산동,51,대전일보사,0,0,1,0,0,8,5,0,4,7,1,4,6,3,4,8,0,1,3,0,0,0,0,0,
116,안산동 - 안산동,52,월평삼거리,0,0,0,0,0,9,4,0,0,0,0,3,7,2,0,0,0,0,0,0,0,0,0,0,
116,안산동 - 안산동,53,대전교통공사,0,0,0,3,0,0,0,0,0,8,4,0,0,0,0,0,0,0,0,0,0,0,0,0,
116,안산동 - 안산동,54,만년교,0,0,0,0,0,2,0,3,4,7,3,5,6,3,5,0,0,2,0,0,0,0,0,0,
116,안산동 - 안산동,55,유성온천역5번출구,0,0,0,2,0,2,3,2,2,6,4,5,6,2,0,10,0,1,3,0,0,0,0,0,
116,안산동 - 안산동,56,봉명네거리,0,0,0,0,0,3,0,1,3,5,5,4,4,1,0,9,2,0,2,0,0,0,0,0,
116,안산동 - 안산동,57,구암역,0,0,0,1,0,0,0,0,2,5,0,3,4,4,7,7,1,1,0,0,0,0,0,0,
116,안산동 - 안산동,58,유성시장,0,0,0,0,0,0,0,0,1,7,3,4,3,3,0,5,0,0,1,0,0,0,0,0,
116,안산동 - 안산동,59,유성초네거리,0,0,0,0,1,0,3,3,2,0,4,0,2,4,4,5,2,2,0,0,0,0,0,0,
116,안산동 - 안산동,60,장대네거리,0,0,0,2,0,0,1,1,0,10,0,0,0,3,0,0,3,0,0,0,0,0,0,0,
116,안산동 - 안산동,61,죽동네거리,0,0,0,0,0,0,0,0,0,0,4,3,4,2,3,4,1,1,0,0,0,0,0,0,
116,안산동 - 안산동,62,노은농수산물시장,0,0,0,0,1,0,0,0,1,9,2,3,3,0,5,0,0,0,0,0,0,0,0,0,
116,안산동 - 안산동,63,월드컵경기장역,0,0,0,0,0,0,0,0,0,0,3,0,0,0,0,1,0,0,1,0,0,0,0,0,
116,안산동 - 안산동,64,노은역,0,0,0,0,0,4,1,0,0,6,5,0,1,1,5,0,0,2,0,0,0,0,0,0,
116,안산동 - 안산동,65,열매마을5.6단지,0,0,0,0,0,0,0,0,0,0,5,0,0,0,5,2,0,0,0,0,0,0,0,0,
116,안산동 - 안산동,66,유성경찰서,0,0,0,0,0,0,0,0,0,1,6,0,0,0,0,0,0,0,2,0,0,0,0,0,
116,안산동 - 안산동,67,유성장애인복지관,0,0,0,0,0,0,0,0,0,0,0,0,1,0,0,0,0,0,0,0,0,0,0,0,
116,안산동 - 안산동,68,하기중학교,0,0,0,0,0,0,0,0,0,0,0,0,1,0,0,0,0,0,0,0,0,0,0,0,
116,안산동 - 안산동,69,송림마을4단지,0,0,0,0,0,0,0,0,0,0,0,0,1,0,0,0,0,0,0,0,0,0,0,0,
116,안산동 - 안산동,70,송림마을5단지,0,0,0,0,0,0,0,0,0,0,0,0,1,0,0,0,0,0,0,0,0,0,0,0,
116,안산동 - 안산동,71,송림마을5.6단지,0,0,0,0,0,0,0,0,0,0,0,0,1,0,0,0,0,0,0,0,0,0,0,0,
116,안산동 - 안산동,72,송림마을3단지,0,0,0,0,0,0,0,0,0,0,0,0,1,0,0,0,0,0,0,0,0,0,0,0,
116,안산동 - 안산동,73,송림마을2단지,0,0,0,0,0,0,0,0,0,0,0,0,1,0,0,0,0,0,0,0,0,0,0,0,
116,안산동 - 안산동,74,지족역,0,0,0,0,0,1,0,0,2,0,0,0,0,2,0,0,0,0,0,0,0,0,0,0,
116,안산동 - 안산동,75,송림마을1단지,0,0,0,0,0,0,1,0,0,0,0,0,0,0,0,0,0,0,0,0,0,0,0,0,
116,안산동 - 안산동,76,반석역3번출구,0,0,0,0,0,1,0,0,1,0,4,2,1,0,0,3,1,0,1,0,0,0,0,0,
116,안산동 - 안산동,77,외삼중학교,0,0,0,0,0,1,0,0,0,0,3,0,0,0,0,1,0,0,0,0,0,0,0,0,
116,안산동 - 안산동,78,외삼삼거리,0,0,0,0,0,1,0,0,0,0,3,0,0,0,0,1,0,0,0,0,0,0,0,0,
116,안산동 - 안산동,79,국방과학연구소입구,0,0,0,0,0,0,0,0,0,0,2,0,0,0,0,0,0,0,0,0,0,0,0,0,
116,안산동 - 안산동,80,안산1통,0,0,0,0,0,0,0,0,0,0,0,0,0,0,0,0,0,0,0,0,0,0,0,0,
116,안산동 - 안산동,81,안산산성,0,0,0,0,0,0,0,0,0,0,0,0,0,0,0,0,0,0,0,0,0,0,0,0,
116,안산동 - 안산동,82,안산동,0,0,0,0,0,0,0,0,0,0,0,0,0,0,0,0,0,0,0,0,0,0,0,0,
117,충대농대종점 - 충대농대종점,1,충대농대종점,0,0,0,0,0,0,0,0,0,0,0,0,0,1,0,0,0,0,0,0,0,0,0,0,
117,충대농대종점 - 충대농대종점,2,한빛아파트,0,0,0,2,0,2,2,4,1,2,1,2,3,7,3,4,1,0,0,0,0,0,0,0,
117,충대농대종점 - 충대농대종점,3,충대농대입구,0,0,0,0,0,3,0,4,3,0,3,0,0,0,5,0,2,1,0,0,0,0,0,0,
117,충대농대종점 - 충대농대종점,4,궁동,0,0,0,3,0,5,3,3,0,2,5,0,1,9,4,5,2,6,0,0,0,0,0,0,
117,충대농대종점 - 충대농대종점,5,충남대학교,0,1,0,4,0,3,2,0,4,0,4,0,4,4,2,7,4,9,0,0,0,0,0,0,
117,충대농대종점 - 충대농대종점,6,온천교,0,0,0,0,0,0,0,0,5,1,0,1,5,3,6,6,0,0,0,0,0,0,0,0,
117,충대농대종점 - 충대농대종점,7,유성온천역5번출구,0,0,0,0,2,1,1,4,13,4,5,5,6,10,9,5,9,11,2,0,0,0,0,0,
117,충대농대종점 - 충대농대종점,8,유성자이아파트,0,0,0,0,0,0,2,0,0,3,5,6,7,11,0,5,11,12,0,0,0,0,0,0,
117,충대농대종점 - 충대농대종점,9,유성고속터미널,0,0,0,2,0,0,0,0,2,3,0,0,7,10,7,5,0,0,0,0,0,0,0,0,
117,충대농대종점 - 충대농대종점,10,유성초네거리,0,0,0,0,1,0,0,0,16,2,2,7,5,8,8,6,10,14,3,0,0,0,0,0,
117,충대농대종점 - 충대농대종점,11,장대네거리,0,0,0,0,0,0,0,3,0,0,5,3,0,9,7,2,10,0,0,0,0,0,0,0,
117,충대농대종점 - 충대농대종점,12,죽동예미지아파트,0,0,0,3,0,2,0,0,11,1,6,5,4,4,6,5,0,12,1,0,0,0,0,0,
117,충대농대종점 - 충대농대종점,13,죽동천년나무아파트,0,0,0,2,0,1,3,0,7,3,4,0,7,2,3,3,1,12,0,0,0,0,0,0,
117,충대농대종점 - 충대농대종점,14,충대서문,0,0,0,2,2,2,0,1,7,7,4,4,9,3,4,3,0,13,4,0,0,0,0,0,
117,충대농대종점 - 충대농대종점,15,북대전세무서/보훈요양원,0,0,0,0,3,0,0,2,0,6,2,0,0,0,0,0,0,9,0,0,0,0,0,0,
117,충대농대종점 - 충대농대종점,16,충대수의대,0,0,0,0,0,3,4,5,1,5,3,0,9,3,0,0,0,0,0,0,0,0,0,0,
117,충대농대종점 - 충대농대종점,17,하기동,0,0,0,0,0,0,3,7,0,0,0,0,0,0,0,0,0,0,0,0,0,0,0,0,
117,충대농대종점 - 충대농대종점,18,송림마을5.6단지,0,0,0,0,3,0,2,7,3,7,5,2,7,5,4,3,0,0,3,0,0,0,0,0,
117,충대농대종점 - 충대농대종점,19,송림마을3단지,0,0,0,3,0,2,4,5,4,6,8,0,9,4,5,0,2,0,2,0,0,0,0,0,
117,충대농대종점 - 충대농대종점,20,송림마을2단지,0,0,0,0,4,0,0,6,5,0,0,2,8,5,9,1,0,0,1,0,0,0,0,0,
117,충대농대종점 - 충대농대종점,21,노은도서관,0,0,0,0,0,1,5,0,4,6,9,3,8,6,8,0,0,11,2,0,0,0,0,0,
117,충대농대종점 - 충대농대종점,22,지족초등학교,0,0,0,0,5,3,7,3,0,3,8,6,0,7,0,0,0,0,0,0,0,0,0,0,
117,충대농대종점 - 충대농대종점,23,노은역,0,0,0,2,4,2,6,4,0,5,7,0,7,4,6,0,1,0,10,0,0,0,0,0,
117,충대농대종점 - 충대농대종점,24,월드컵경기장역,0,0,0,2,4,3,0,3,4,10,7,11,14,9,10,9,7,10,14,3,0,0,0,0,
117,충대농대종점 - 충대농대종점,25,수정초등학교,0,0,0,0,0,4,4,4,5,10,0,8,0,8,11,0,7,0,0,0,0,0,0,0,
117,충대농대종점 - 충대농대종점,26,운암네오미아/신협연수원,0,0,0,1,3,0,0,3,6,8,6,10,5,12,9,4,0,8,9,0,0,0,0,0,
117,충대농대종점 - 충대농대종점,27,삼성화재연수원,0,0,0,0,2,0,5,0,5,7,5,0,0,0,0,0,0,0,0,0,0,0,0,0,
117,충대농대종점 - 충대농대종점,28,한밭대학교,0,0,0,2,3,5,4,1,6,8,4,8,6,10,8,3,8,7,6,4,0,0,0,0,
117,충대농대종점 - 충대농대종점,29,수통골입구,0,0,0,0,1,1,0,0,7,7,1,7,5,9,0,0,3,0,6,0,0,0,0,0,
117,충대농대종점 - 충대농대종점,30,유성숲오투그란데,0,0,0,1,0,4,2,0,5,3,5,6,4,5,4,2,4,3,3,3,0,0,0,0,
117,충대농대종점 - 충대농대종점,31,미학아파트,0,0,0,0,0,2,0,0,3,0,0,3,4,2,0,0,2,0,1,0,0,0,0,0,
117,충대농대종점 - 충대농대종점,32,별밭공원,0,0,0,0,0,0,0,0,1,0,0,1,3,0,0,0,0,2,0,0,0,0,0,0,
117,충대농대종점 - 충대농대종점,33,학의뜰아파트,0,0,0,0,0,0,0,0,0,0,0,0,0,0,0,0,0,0,0,0,0,0,0,0,
117,충대농대종점 - 충대농대종점,34,학하동종점,0,0,0,2,0,1,0,2,0,2,1,0,0,1,0,0,0,0,0,0,0,0,0,0,
117,충대농대종점 - 충대농대종점,35,별밭공원,0,0,0,0,0,0,2,0,1,3,2,0,0,0,0,0,0,0,0,0,0,0,0,0,
117,충대농대종점 - 충대농대종점,36,리빙포레아파트,0,0,0,3,2,2,10,5,8,6,8,8,1,4,2,0,2,1,2,0,0,0,0,0,
117,충대농대종점 - 충대농대종점,37,덕명중학교,0,0,1,0,6,3,14,8,9,10,16,9,6,6,8,0,1,2,3,0,0,0,0,0,
117,충대농대종점 - 충대농대종점,38,수통골입구,0,0,0,0,4,4,8,7,10,0,18,7,8,7,0,0,0,3,0,0,0,0,0,0,
117,충대농대종점 - 충대농대종점,39,한밭대학교,0,0,0,2,5,6,14,9,9,11,17,9,11,9,8,0,3,3,4,0,0,0,0,0,
117,충대농대종점 - 충대농대종점,40,삼성화재연수원,0,0,0,0,6,0,0,0,10,0,18,0,0,5,0,0,0,0,6,0,0,0,0,0,
117,충대농대종점 - 충대농대종점,41,하우스토리/신협연수원,0,1,0,0,7,7,19,9,11,8,20,11,13,10,8,7,4,0,5,0,0,0,0,0,
117,충대농대종점 - 충대농대종점,42,수정초등학교,0,0,0,0,0,0,17,8,0,12,19,10,0,7,0,9,5,2,0,0,0,0,0,0,
117,충대농대종점 - 충대농대종점,43,월드컵경기장역,0,0,0,0,0,6,15,7,10,11,12,10,6,5,7,5,6,1,4,0,0,0,0,0,
117,충대농대종점 - 충대농대종점,44,노은역,0,0,0,3,1,4,2,2,5,5,6,5,8,16,7,9,8,4,2,0,0,0,0,0,
117,충대농대종점 - 충대농대종점,45,지족초등학교,0,0,0,0,0,5,2,1,0,0,5,0,0,17,6,10,7,0,0,0,0,0,0,0,
117,충대농대종점 - 충대농대종점,46,노은도서관,0,0,0,2,0,4,1,1,3,5,4,1,0,0,0,12,0,0,0,0,0,0,0,0,
117,충대농대종점 - 충대농대종점,47,하기중학교,0,0,1,0,0,5,0,2,4,4,3,0,11,9,0,8,5,5,3,0,0,0,0,0,
117,충대농대종점 - 충대농대종점,48,송림마을4단지,0,0,0,1,2,6,1,4,6,2,1,0,7,13,5,10,6,3,0,0,0,0,0,0,
117,충대농대종점 - 충대농대종점,49,송림마을5.6단지,0,0,0,3,0,6,0,2,6,0,4,6,7,8,2,4,0,1,2,0,0,0,0,0,
117,충대농대종점 - 충대농대종점,50,하기동,0,0,0,0,0,0,0,0,3,0,0,0,0,0,0,0,5,0,0,0,0,0,0,0,
117,충대농대종점 - 충대농대종점,51,우주통신연구소,0,0,2,0,1,2,0,3,0,0,0,0,5,6,0,0,0,3,1,0,0,0,0,0,
117,충대농대종점 - 충대농대종점,52,북대전세무서/보훈요양원,0,0,0,0,0,0,0,0,0,5,0,1,0,0,7,0,0,0,1,0,0,0,0,0,
117,충대농대종점 - 충대농대종점,53,충대서문,0,0,0,0,1,4,0,3,0,6,3,0,4,4,9,3,2,0,0,0,0,0,0,0,
117,충대농대종점 - 충대농대종점,54,죽동천년나무아파트,0,0,0,0,2,0,0,3,4,4,2,1,5,0,5,0,4,0,0,0,0,0,0,0,
117,충대농대종점 - 충대농대종점,55,죽동칸타빌아파트,0,0,0,4,4,4,7,6,9,6,5,11,8,6,6,1,0,1,0,0,0,0,0,0,
117,충대농대종점 - 충대농대종점,56,온천2동주민센터,0,0,0,0,0,0,6,0,10,0,6,0,12,0,0,0,5,0,0,0,0,0,0,0,
117,충대농대종점 - 충대농대종점,57,장대네거리,0,0,0,0,2,0,7,7,0,7,0,12,0,0,2,0,6,0,0,0,0,0,0,0,
117,충대농대종점 - 충대농대종점,58,유성고속터미널,0,0,0,2,3,0,9,8,11,7,8,15,15,0,5,3,7,6,2,5,0,0,0,0,
117,충대농대종점 - 충대농대종점,59,봉명동우체국,0,0,0,1,1,0,8,0,10,0,0,13,12,4,2,0,0,0,0,0,0,0,0,0,
117,충대농대종점 - 충대농대종점,60,유성온천역7번출구,0,0,0,0,1,2,7,4,7,3,5,15,12,12,3,8,5,6,4,0,0,0,0,0,
117,충대농대종점 - 충대농대종점,61,온천교,0,0,0,0,0,0,0,2,3,2,4,0,0,11,0,7,3,5,4,4,0,0,0,0,
117,충대농대종점 - 충대농대종점,62,충남대학교,0,0,0,0,0,0,1,0,1,2,0,13,11,10,2,11,6,0,3,0,0,0,0,0,
117,충대농대종점 - 충대농대종점,63,궁동,0,0,0,0,0,0,4,1,4,0,3,4,9,7,1,7,4,4,2,3,0,0,0,0,
117,충대농대종점 - 충대농대종점,64,한빛아파트,0,0,0,0,0,0,0,0,0,0,1,3,0,0,0,5,3,1,0,0,0,0,0,0,
117,충대농대종점 - 충대농대종점,65,충대농대종점,0,0,0,0,0,0,0,0,0,0,0,0,0,0,0,0,1,0,0,0,0,0,0,0,
119,안산동 - 안산동,1,안산동,0,0,0,0,0,0,1,0,1,0,2,0,0,0,0,0,0,0,0,0,0,0,0,0,
119,안산동 - 안산동,2,안산산성,0,0,0,0,0,0,0,0,0,0,0,1,0,1,0,0,0,0,0,0,0,0,0,0,
119,안산동 - 안산동,3,안산1통,0,0,0,0,0,2,0,0,0,1,0,3,0,0,0,0,0,0,0,0,0,0,0,0,
119,안산동 - 안산동,4,국방과학연구소입구,0,0,0,0,0,0,0,1,0,0,0,0,0,0,0,0,0,0,0,0,0,0,0,0,
119,안산동 - 안산동,5,외삼1통,0,0,0,0,0,0,1,0,0,0,0,0,0,0,0,1,0,0,0,0,0,0,0,0,
119,안산동 - 안산동,6,외삼중학교,0,0,0,3,2,7,4,3,3,4,0,5,3,3,0,2,1,1,0,0,0,0,0,0,
119,안산동 - 안산동,7,반석마을5단지,0,1,0,4,2,10,0,5,2,4,3,0,5,5,3,4,1,2,3,0,0,0,0,0,
119,안산동 - 안산동,8,반석고등학교,0,0,1,5,3,14,16,8,4,5,2,0,7,6,6,7,2,3,0,0,0,0,0,0,
119,안산동 - 안산동,9,반석네거리,0,0,2,0,4,14,8,9,4,8,1,7,9,9,0,7,2,4,5,0,0,0,0,0,
119,안산동 - 안산동,10,지족역,0,0,0,0,0,0,16,8,6,0,2,5,10,0,0,5,0,0,0,0,0,0,0,0,
119,안산동 - 안산동,11,지족동,0,0,0,2,4,13,18,9,5,10,0,6,11,8,0,0,0,5,0,0,0,0,0,0,
119,안산동 - 안산동,12,유성선병원,0,0,0,6,5,8,15,10,6,13,3,8,18,12,10,9,3,6,6,0,0,0,0,0,
119,안산동 - 안산동,13,죽동네거리,0,0,2,5,0,12,10,6,5,8,5,9,20,14,11,11,4,2,5,0,0,0,0,0,
119,안산동 - 안산동,14,온천2동주민센터,0,0,3,6,4,14,11,10,7,12,5,0,21,14,12,0,0,3,0,0,0,0,0,0,
119,안산동 - 안산동,15,충남대학교,0,0,4,6,5,13,14,9,10,9,11,8,11,12,10,10,9,7,4,0,0,0,0,0,
119,안산동 - 안산동,16,한진오피스텔,0,0,3,9,5,12,16,11,16,14,12,15,13,12,9,11,0,7,5,0,0,0,0,0,
119,안산동 - 안산동,17,유성온천역1번출구,0,0,0,11,4,11,15,5,15,17,8,19,16,17,9,13,11,10,7,0,0,0,0,0,
119,안산동 - 안산동,18,만년교,0,0,3,14,5,13,15,13,17,20,9,24,21,18,15,14,13,16,5,0,0,0,0,0,
119,안산동 - 안산동,19,대전교통공사,0,0,0,0,0,12,15,14,9,25,8,23,14,11,17,13,0,5,0,0,0,0,0,0,
119,안산동 - 안산동,20,대전일보사,0,0,0,15,7,11,15,15,18,22,12,21,22,13,19,13,0,15,6,0,0,0,0,0,
119,안산동 - 안산동,21,갈마네거리,0,0,3,14,7,14,13,17,20,21,13,22,21,18,11,15,14,18,8,0,0,0,0,0,
119,안산동 - 안산동,22,갈마중학교입구,0,0,0,5,7,15,17,19,21,23,15,23,18,20,19,16,9,18,5,0,0,0,0,0,
119,안산동 - 안산동,23,상수도사업본부,0,0,1,14,5,14,16,17,21,22,15,23,19,16,17,14,15,16,8,0,0,0,0,0,
119,안산동 - 안산동,24,갈마도서관,0,0,0,0,9,15,18,14,22,16,14,23,17,15,18,14,11,8,7,8,0,0,0,0,
119,안산동 - 안산동,25,대전외국어고/롯데아파트,0,0,5,13,9,15,19,13,22,23,11,22,21,12,17,11,10,16,6,7,0,0,0,0,
119,안산동 - 안산동,26,서우아파트1단지,0,0,6,10,10,15,17,13,19,22,0,21,20,11,17,12,8,15,5,0,0,0,0,0,
119,안산동 - 안산동,27,서우아파트2단지,0,0,0,10,11,15,20,16,20,24,9,24,23,10,16,8,8,13,0,0,0,0,0,0,
119,안산동 - 안산동,28,봉산중학교,0,0,1,8,13,16,17,0,19,28,0,23,20,12,19,0,6,12,4,0,0,0,0,0,
119,안산동 - 안산동,29,내동초등학교,0,0,0,7,6,15,22,17,22,31,9,26,21,14,16,8,0,11,3,5,0,0,0,0,
119,안산동 - 안산동,30,변동오거리,0,0,0,11,13,0,17,16,24,28,0,24,16,7,14,8,9,0,3,0,0,0,0,0,
119,안산동 - 안산동,31,변동네거리,0,0,2,10,11,14,21,15,26,26,10,23,18,8,17,8,8,9,6,0,0,0,0,0,
119,안산동 - 안산동,32,향우네거리,0,0,0,11,13,17,20,16,27,29,13,23,19,13,16,10,10,7,4,4,0,0,0,0,
119,안산동 - 안산동,33,구농도원,0,0,7,12,13,18,20,17,28,30,12,25,19,12,17,8,9,8,0,0,0,0,0,0,
119,안산동 - 안산동,34,구농도원네거리,0,0,8,13,14,20,0,20,27,28,12,19,17,12,13,9,9,0,2,0,0,0,0,0,
119,안산동 - 안산동,35,도마1동행정복지센터,0,0,0,15,13,22,20,20,25,14,24,24,22,10,15,10,12,7,0,2,0,0,0,0,
119,안산동 - 안산동,36,도마e편한세상아파트,0,0,0,14,11,20,19,18,24,13,27,21,22,9,12,9,11,8,0,3,0,0,0,0,
119,안산동 - 안산동,37,도마시장,0,0,8,10,12,12,21,19,13,15,11,23,24,14,10,9,0,6,1,0,0,0,0,0,
119,안산동 - 안산동,38,버드내아파트,0,0,7,7,15,17,23,21,22,14,28,22,23,7,10,9,7,6,3,2,0,0,0,0,
119,안산동 - 안산동,39,버드내네거리,0,0,0,8,15,16,24,23,20,16,29,24,25,12,9,8,4,5,5,0,0,0,0,0,
119,안산동 - 안산동,40,유천시장,0,0,0,9,15,11,24,21,20,15,28,22,17,11,10,8,4,5,6,0,0,0,0,0,
119,안산동 - 안산동,41,서대전육교,0,0,5,0,15,19,26,13,20,18,23,21,15,20,8,9,0,4,6,0,0,0,0,0,
119,안산동 - 안산동,42,서대전역네거리,0,0,0,7,13,19,25,26,22,19,28,18,12,14,9,8,4,2,6,1,0,0,0,0,
119,안산동 - 안산동,43,서대전네거리역2번출구,0,0,4,7,14,21,21,29,23,19,33,16,15,11,5,7,5,3,0,0,0,0,0,0,
119,안산동 - 안산동,44,서대전네거리역1번출구,0,0,2,0,13,20,23,27,24,20,35,17,14,12,2,8,6,4,5,0,0,0,0,0,
119,안산동 - 안산동,45,충대병원네거리,0,0,0,7,9,19,22,28,26,20,32,18,12,8,0,0,4,3,4,0,0,0,0,0,
119,안산동 - 안산동,46,테미삼거리,0,0,3,8,10,18,6,28,27,20,15,20,13,6,3,7,5,2,0,0,0,0,0,0,
119,안산동 - 안산동,47,테미고개,0,0,0,7,8,0,18,27,20,0,14,13,8,0,0,6,0,0,0,0,0,0,0,0,
119,안산동 - 안산동,48,보문오거리,0,0,2,5,7,11,12,9,18,17,26,15,6,12,2,7,4,1,0,0,0,0,0,0,
119,안산동 - 안산동,49,남대전고등학교,0,0,0,2,5,10,14,8,9,9,20,10,12,11,2,6,3,0,3,0,0,0,0,0,
119,안산동 - 안산동,50,청란여자고등학교,0,0,1,2,3,7,12,4,9,4,13,8,11,8,1,5,1,3,2,0,0,0,0,0,
119,안산동 - 안산동,51,부사오거리,0,0,0,1,1,7,5,2,6,7,9,6,8,6,3,4,0,2,1,0,0,0,0,0,
119,안산동 - 안산동,52,문창시장,0,0,0,0,0,6,4,1,0,7,8,3,2,4,0,3,5,1,0,0,0,0,0,0,
119,안산동 - 안산동,53,효동네거리,0,0,0,0,0,0,6,1,1,4,4,2,5,2,4,2,2,1,0,0,0,0,0,0,
119,안산동 - 안산동,54,효동네거리,0,1,1,4,3,6,4,5,2,4,5,3,2,0,4,3,0,0,1,0,0,0,0,0,
119,안산동 - 안산동,55,인동현대아파트,0,2,2,1,5,7,7,6,2,6,5,4,3,3,0,3,0,1,1,0,0,0,0,0,
119,안산동 - 안산동,56,문창동보문교,0,3,0,1,6,6,11,9,7,11,6,5,6,6,2,5,1,0,0,0,0,0,0,0,
119,안산동 - 안산동,57,한화생명이글스파크,0,1,0,0,0,5,11,0,8,3,7,7,19,27,3,6,2,2,0,0,0,0,0,0,
119,안산동 - 안산동,58,보문오거리,0,3,3,5,6,8,13,8,9,19,13,14,24,40,8,7,4,2,0,0,0,0,0,0,
119,안산동 - 안산동,59,테미고개,0,0,0,5,6,11,14,0,8,20,11,15,26,42,9,0,0,0,0,0,0,0,0,0,
119,안산동 - 안산동,60,테미삼거리,0,0,0,6,4,11,15,8,9,18,12,17,24,43,7,0,0,0,0,0,0,0,0,0,
119,안산동 - 안산동,61,문화동하우스토리,0,0,0,6,6,9,13,10,15,16,13,16,27,42,9,7,5,3,0,0,0,0,0,0,
119,안산동 - 안산동,62,서대전네거리역3번출구,0,4,2,6,5,12,11,12,16,18,12,16,18,45,10,8,7,4,0,0,0,0,0,0,
119,안산동 - 안산동,63,서대전역네거리,0,5,3,2,5,9,10,12,12,15,14,12,18,43,13,13,11,6,1,0,0,0,0,0,
119,안산동 - 안산동,64,유천동현대아파트,0,6,4,6,7,11,9,11,13,18,17,14,8,38,13,15,11,6,2,0,0,0,0,0,
119,안산동 - 안산동,65,유천동서대전농협,0,9,0,6,7,11,7,11,19,20,19,15,10,36,6,14,10,5,7,0,0,0,0,0,
119,안산동 - 안산동,66,버드내아파트,0,11,5,8,8,14,11,11,9,22,20,12,11,37,13,12,9,0,0,0,0,0,0,0,
119,안산동 - 안산동,67,도마시장,0,10,6,7,9,2,10,9,19,21,22,11,11,37,15,13,10,0,6,0,0,0,0,0,
119,안산동 - 안산동,68,도마네거리,0,0,4,2,0,0,8,9,7,22,23,8,8,15,16,0,10,0,0,0,0,0,0,0,
119,안산동 - 안산동,69,도마1동행정복지센터,0,8,9,5,11,16,11,13,21,30,25,18,12,36,18,12,5,5,8,0,0,0,0,0,
119,안산동 - 안산동,70,구농도원네거리,0,0,3,0,10,15,5,10,25,30,19,20,14,33,11,13,3,7,7,0,0,0,0,0,
119,안산동 - 안산동,71,구농도원,0,0,8,2,5,17,12,13,24,26,23,20,13,27,14,12,4,5,2,0,0,0,0,0,
119,안산동 - 안산동,72,향우네거리,0,0,9,6,9,10,14,14,24,29,25,20,14,26,14,0,0,8,0,0,0,0,0,0,
119,안산동 - 안산동,73,변동네거리,0,0,11,4,8,16,15,13,23,13,24,19,10,23,15,13,5,9,7,0,0,0,0,0,
119,안산동 - 안산동,74,내동초등학교,0,0,9,5,8,18,15,12,22,26,23,21,13,20,19,13,6,6,6,0,0,0,0,0,
119,안산동 - 안산동,75,내동네거리,0,0,6,5,9,19,16,13,22,16,21,22,11,19,20,11,5,7,3,0,0,0,0,0,
119,안산동 - 안산동,76,서중학교입구,0,0,0,6,8,18,14,14,13,17,24,21,11,0,18,9,7,8,5,0,0,0,0,0,
119,안산동 - 안산동,77,코오롱아파트,0,0,14,7,10,19,17,13,15,21,25,23,11,12,18,8,6,8,6,0,0,0,0,0,
119,안산동 - 안산동,78,대전외국어고/롯데아파트,0,0,12,6,8,20,18,14,16,22,24,20,9,10,19,8,6,7,6,0,0,0,0,0,
119,안산동 - 안산동,79,갈마아파트2단지,0,0,15,6,12,16,19,16,20,21,25,19,11,11,20,7,5,7,7,0,0,0,0,0,
119,안산동 - 안산동,80,한마음동산,0,0,14,8,12,0,20,0,12,19,13,20,0,8,15,5,0,0,8,0,0,0,0,0,
119,안산동 - 안산동,81,상수도사업본부,0,0,12,7,11,19,0,16,17,16,20,19,0,8,16,7,6,5,7,0,0,0,0,0,
119,안산동 - 안산동,82,갈마중학교입구,0,0,12,3,11,17,18,13,18,20,18,17,9,12,16,7,6,5,9,0,0,0,0,0,
119,안산동 - 안산동,83,갈마네거리,0,0,15,6,13,18,19,13,18,22,16,16,11,7,15,7,4,6,9,5,0,0,0,0,
119,안산동 - 안산동,84,대전일보사,0,0,14,9,14,17,18,13,18,21,15,17,12,11,13,8,4,5,8,0,0,0,0,0,
119,안산동 - 안산동,85,월평삼거리,0,0,0,0,11,8,18,0,12,23,15,15,13,5,14,0,0,0,0,0,0,0,0,0,
119,안산동 - 안산동,86,대전교통공사,0,0,13,0,0,16,16,0,16,22,0,0,13,0,13,9,0,0,1,0,0,0,0,0,
119,안산동 - 안산동,87,만년교,0,0,10,7,8,11,15,7,9,20,12,16,11,9,9,7,2,4,9,0,0,0,0,0,
119,안산동 - 안산동,88,유성온천역7번출구,0,0,6,7,6,7,14,8,8,14,9,12,13,12,10,8,3,7,8,4,0,0,0,0,
119,안산동 - 안산동,89,온천교,0,0,2,6,3,6,14,6,3,13,10,9,18,9,10,8,4,5,8,2,0,0,0,0,
119,안산동 - 안산동,90,충남대학교,0,0,4,0,5,7,14,8,7,11,13,14,20,11,6,6,8,8,7,1,0,0,0,0,
119,안산동 - 안산동,91,장대네거리,0,0,4,0,2,8,13,6,0,12,8,15,13,10,7,5,3,7,6,0,0,0,0,0,
119,안산동 - 안산동,92,죽동네거리,0,0,0,0,6,3,0,5,0,9,10,15,9,4,6,3,7,0,5,0,0,0,0,0,
119,안산동 - 안산동,93,노은동화훼단지,0,0,0,0,2,0,12,0,0,0,0,0,0,0,0,0,0,0,0,0,0,0,0,0,
119,안산동 - 안산동,94,유성선병원,0,0,3,0,4,5,10,5,2,8,9,11,7,8,6,4,0,5,6,0,0,0,0,0,
119,안산동 - 안산동,95,반석마을3단지,0,0,0,2,3,4,8,0,0,6,5,10,5,8,8,0,5,3,4,2,0,0,0,0,
119,안산동 - 안산동,96,반석고등학교,0,0,1,1,0,3,5,0,1,4,4,7,4,6,4,6,4,1,3,1,0,0,0,0,
119,안산동 - 안산동,97,반석초등학교,0,0,0,0,0,1,2,4,0,2,5,5,1,4,1,4,1,1,2,0,0,0,0,0,
119,안산동 - 안산동,98,외삼중학교,0,0,0,0,0,2,0,1,0,1,0,1,0,0,0,1,0,0,0,0,0,0,0,0,
119,안산동 - 안산동,99,외삼삼거리,0,0,0,0,0,1,0,0,0,0,0,0,0,0,0,0,0,0,0,0,0,0,0,0,
119,안산동 - 안산동,100,국방과학연구소입구,0,0,0,0,0,0,0,0,0,0,0,0,0,0,0,0,0,0,0,0,0,0,0,0,
119,안산동 - 안산동,101,안산1통,0,0,0,0,0,0,0,0,0,0,0,0,0,0,0,0,0,0,0,0,0,0,0,0,
119,안산동 - 안산동,102,안산산성,0,0,0,0,0,0,0,0,0,0,0,0,0,0,0,0,0,0,0,0,0,0,0,0,
119,안산동 - 안산동,103,안산동,0,0,0,0,0,0,0,0,0,0,0,0,0,0,0,0,0,0,0,0,0,0,0,0,
121,탑립동 - 탑립동,1,탑립동,0,0,0,1,0,0,0,0,1,0,1,1,0,0,0,0,0,0,0,0,0,0,0,0,
121,탑립동 - 탑립동,2,탑립동,0,0,0,1,0,0,0,0,1,0,1,1,0,0,0,0,0,0,0,0,0,0,0,0,
121,탑립동 - 탑립동,3,탑립1통산의절,0,0,0,0,0,0,0,0,2,0,3,0,0,0,1,0,0,0,0,0,0,0,0,0,
121,탑립동 - 탑립동,4,탑립육교,0,0,0,0,0,1,0,0,2,0,4,0,0,0,0,0,1,0,0,0,0,0,0,0,
121,탑립동 - 탑립동,5,탑립1통,0,0,0,0,0,0,1,0,3,0,0,1,0,0,0,0,2,1,0,0,0,0,0,0,
121,탑립동 - 탑립동,6,k-water인재개발원,0,0,0,0,0,0,0,0,0,0,0,0,0,0,1,0,0,0,0,0,0,0,0,0,
121,탑립동 - 탑립동,7,대덕특구체육공원,0,0,0,0,0,0,0,0,0,0,1,0,0,1,2,0,0,0,0,0,0,0,0,0,
121,탑립동 - 탑립동,8,삼성푸른아파트,0,1,1,0,3,2,2,3,3,0,9,0,4,3,0,0,0,0,0,0,0,0,0,0,
121,탑립동 - 탑립동,9,전민동주민센터,0,0,0,1,5,3,5,4,4,1,7,2,7,4,0,0,0,0,2,0,0,0,0,0,
121,탑립동 - 탑립동,10,세종아파트,0,4,3,2,7,4,7,7,5,3,11,5,0,6,2,2,1,0,3,0,0,0,0,0,
121,탑립동 - 탑립동,11,엑스포아파트,0,0,4,5,9,5,10,10,7,9,16,7,10,8,3,5,0,1,4,0,0,0,0,0,
121,탑립동 - 탑립동,12,문지초등학교입구,0,0,6,0,10,9,12,13,9,11,18,0,11,0,5,4,6,2,0,0,0,0,0,0,
121,탑립동 - 탑립동,13,해링턴아파트,0,0,0,0,11,10,8,0,10,14,20,8,12,0,0,6,0,0,1,0,0,0,0,0,
121,탑립동 - 탑립동,14,문지네거리,0,0,0,0,0,0,9,0,0,0,18,0,13,0,0,0,0,0,0,0,0,0,0,0,
121,탑립동 - 탑립동,15,싸이언스빌3가,0,0,0,0,0,0,11,0,0,0,0,0,0,0,0,0,0,0,0,0,0,0,0,0,
121,탑립동 - 탑립동,16,원촌삼거리,0,0,0,6,0,0,13,11,17,0,19,0,16,9,0,4,8,3,0,0,0,0,0,0,
121,탑립동 - 탑립동,17,원촌동솔로몬로파크,0,0,0,0,0,0,12,0,0,0,23,9,0,0,0,0,11,4,0,0,0,0,0,0,
121,탑립동 - 탑립동,18,MBC/TJB방송국,0,0,0,5,12,0,13,0,7,16,21,10,16,7,15,6,13,5,8,0,0,0,0,0,
121,탑립동 - 탑립동,19,대전컨벤션센터,0,0,4,0,9,0,10,0,10,20,28,21,22,15,18,8,15,9,10,0,0,0,0,0,
121,탑립동 - 탑립동,20,한빛탑,0,0,0,0,0,0,7,0,9,18,0,20,0,0,0,0,13,0,0,0,0,0,0,0,
121,탑립동 - 탑립동,21,신세계백화점,0,0,3,4,12,10,4,13,13,24,28,31,48,35,49,34,30,21,17,0,0,0,0,0,
121,탑립동 - 탑립동,22,국립중앙과학관,0,0,4,0,13,0,0,0,14,29,28,30,49,36,50,35,34,14,17,0,0,0,0,0,
121,탑립동 - 탑립동,23,보건환경연구원,0,0,0,0,0,0,0,0,0,0,0,0,50,0,0,36,0,0,0,0,0,0,0,0,
121,탑립동 - 탑립동,24,대전지방기상청,0,0,0,0,14,0,5,12,15,0,29,29,0,0,0,37,0,0,6,0,0,0,0,0,
121,탑립동 - 탑립동,25,카이스트,0,0,0,0,15,11,4,11,16,20,29,26,50,46,34,34,33,20,18,0,0,0,0,0,
121,탑립동 - 탑립동,26,한빛아파트,0,0,1,0,11,12,5,12,14,23,30,28,47,45,44,33,33,18,17,0,0,0,0,0,
121,탑립동 - 탑립동,27,유성구청,0,0,0,0,4,12,0,9,14,19,33,32,48,47,40,33,36,19,0,0,0,0,0,0,
121,탑립동 - 탑립동,28,충대농대입구,0,0,0,0,0,11,0,10,13,20,38,29,38,44,39,30,34,18,15,0,0,0,0,0,
121,탑립동 - 탑립동,29,궁동,0,0,0,0,0,13,5,10,13,21,37,27,32,41,29,30,32,17,8,0,0,0,0,0,
121,탑립동 - 탑립동,30,충남대학교,0,0,4,3,1,8,6,7,10,15,32,24,23,34,21,11,22,11,5,0,0,0,0,0,
121,탑립동 - 탑립동,31,한진오피스텔,0,0,4,2,0,8,0,4,8,12,27,17,21,29,12,11,21,10,5,0,0,0,0,0,
121,탑립동 - 탑립동,32,유성온천역5번출구,0,0,3,2,0,4,5,3,0,10,20,15,14,24,12,8,15,8,6,3,0,0,0,0,
121,탑립동 - 탑립동,33,봉명네거리,0,0,1,1,0,2,4,0,0,0,18,16,12,5,0,4,0,6,5,0,0,0,0,0,
121,탑립동 - 탑립동,34,구암역,0,0,0,0,0,3,2,0,0,3,14,13,13,20,6,14,12,4,4,0,0,0,0,0,
121,탑립동 - 탑립동,35,천양원,0,0,0,0,0,0,0,0,2,0,3,0,0,6,5,0,0,0,0,0,0,0,0,0,
121,탑립동 - 탑립동,36,현충원역3번출구,0,0,0,0,0,4,0,0,7,10,5,12,14,19,4,13,10,0,3,0,0,0,0,0,
121,탑립동 - 탑립동,37,노은농수산시장,0,0,0,0,0,3,3,0,0,0,0,10,12,5,0,11,8,3,2,0,0,0,0,0,
121,탑립동 - 탑립동,38,월드컵경기장역,0,0,0,0,0,3,2,1,3,6,4,8,10,18,0,12,11,1,3,0,0,0,0,0,
121,탑립동 - 탑립동,39,노은역,0,0,0,0,0,2,3,0,5,10,7,9,9,13,8,10,13,2,8,6,0,0,0,0,
121,탑립동 - 탑립동,40,지족초등학교,0,0,0,0,0,3,2,0,0,0,0,9,0,10,9,0,12,11,0,3,0,0,0,0,
121,탑립동 - 탑립동,41,노은도서관,0,0,0,1,0,0,5,0,0,3,0,7,0,9,10,0,3,10,10,0,0,0,0,0,
121,탑립동 - 탑립동,42,하기중학교,0,0,0,0,1,4,0,3,6,2,0,8,9,7,8,0,5,11,6,0,0,0,0,0,
121,탑립동 - 탑립동,43,송림마을4단지,0,0,0,0,3,4,0,0,7,6,4,6,8,4,6,0,4,8,5,4,0,0,0,0,
121,탑립동 - 탑립동,44,송림마을5.6단지,0,0,0,0,0,3,0,4,4,0,3,0,7,1,6,8,3,3,3,3,0,0,0,0,
121,탑립동 - 탑립동,45,하기동,0,0,0,0,0,0,0,0,0,0,0,0,0,0,5,0,0,0,0,0,0,0,0,0,
121,탑립동 - 탑립동,46,KT&G연구소,0,0,0,0,0,2,3,3,5,2,1,0,1,5,2,7,1,2,0,2,0,0,0,0,
121,탑립동 - 탑립동,47,하나아파트,0,0,0,0,0,1,2,0,4,0,2,0,0,2,1,2,0,0,0,0,0,0,0,0,
121,탑립동 - 탑립동,48,한화솔루션중앙연구소,0,0,0,0,0,0,0,0,2,0,1,0,0,0,0,0,0,0,0,0,0,0,0,0,
121,탑립동 - 탑립동,49,한국에너지기술연구원,0,0,0,0,0,0,0,0,0,0,0,0,0,0,0,0,0,0,0,0,0,0,0,0,
121,탑립동 - 탑립동,50,KT북대전지사,0,0,0,0,0,0,0,0,0,0,0,0,0,0,0,0,0,0,0,0,0,0,0,0,
121,탑립동 - 탑립동,51,한국연구재단,0,0,0,0,0,0,0,0,0,0,0,0,0,0,0,0,0,0,0,0,0,0,0,0,
121,탑립동 - 탑립동,52,대덕대학,0,0,0,0,0,0,0,0,0,0,0,0,0,0,0,0,1,0,0,0,0,0,0,0,
121,탑립동 - 탑립동,53,대덕대학교,0,0,0,0,0,1,1,0,1,0,0,2,0,0,2,1,0,1,0,0,0,0,0,0,
121,탑립동 - 탑립동,54,LG생활건강기술연구원,0,0,0,0,0,0,0,0,0,0,0,3,0,1,0,0,0,0,0,0,0,0,0,0,
121,탑립동 - 탑립동,55,한국화학연구원,0,0,0,0,1,0,2,0,0,0,0,1,0,0,0,0,1,0,0,0,0,0,0,0,
121,탑립동 - 탑립동,56,한화솔루션중앙연구소,0,0,0,0,3,2,0,4,1,1,3,8,2,0,3,0,2,0,0,0,0,0,0,0,
121,탑립동 - 탑립동,57,하나아파트,0,0,0,0,0,2,0,6,5,6,0,9,4,6,4,2,3,0,1,0,0,0,0,0,
121,탑립동 - 탑립동,58,유성구노인복지관,0,0,0,0,4,0,0,7,6,2,4,10,2,0,2,0,0,0,0,0,0,0,0,0,
121,탑립동 - 탑립동,59,하기동,0,0,0,0,0,0,0,0,0,0,0,0,0,0,0,1,0,0,0,0,0,0,0,0,
121,탑립동 - 탑립동,60,송림마을5.6단지,0,0,0,0,0,0,4,5,7,3,10,16,3,7,3,2,3,0,0,0,0,0,0,0,
121,탑립동 - 탑립동,61,송림마을3단지,0,0,1,1,0,5,5,7,11,0,14,17,3,0,0,2,4,2,0,0,0,0,0,0,
121,탑립동 - 탑립동,62,송림마을2단지,0,0,0,0,1,7,6,9,15,4,13,16,3,6,3,0,0,0,2,0,0,0,0,0,
121,탑립동 - 탑립동,63,노은도서관,0,0,0,0,2,7,5,7,4,14,12,18,0,2,2,1,0,0,0,0,0,0,0,0,
121,탑립동 - 탑립동,64,지족초등학교,0,1,0,0,2,6,3,8,6,15,14,0,0,0,1,0,3,0,0,0,0,0,0,0,
121,탑립동 - 탑립동,65,노은역,0,0,0,0,0,4,2,7,0,14,10,16,0,4,0,0,2,1,0,0,0,0,0,0,
121,탑립동 - 탑립동,66,월드컵경기장역,0,2,2,1,5,7,3,8,5,11,11,8,4,7,2,6,3,3,3,0,0,0,0,0,
121,탑립동 - 탑립동,67,노은농수산시장,0,0,0,0,7,6,4,7,0,11,8,9,3,3,0,6,5,2,0,0,0,0,0,0,
121,탑립동 - 탑립동,68,현충원역1번출구,0,0,0,2,0,7,5,8,6,11,14,0,8,0,1,7,6,1,0,0,0,0,0,0,
121,탑립동 - 탑립동,69,천양원,0,0,0,0,0,0,0,0,0,0,10,0,0,0,0,10,7,2,0,0,0,0,0,0,
121,탑립동 - 탑립동,70,구암역,0,0,0,0,8,0,9,14,10,14,18,10,10,10,3,11,9,4,4,0,0,0,0,0,
121,탑립동 - 탑립동,71,봉명네거리,0,0,0,3,0,8,10,18,11,17,0,17,10,11,0,0,8,0,4,0,0,0,0,0,
121,탑립동 - 탑립동,72,봉명동우체국,0,0,0,4,9,11,12,22,13,19,22,19,0,6,0,0,7,5,5,0,0,0,0,0,
121,탑립동 - 탑립동,73,유성온천역7번출구,0,1,5,7,12,15,18,30,20,29,21,26,13,15,4,12,15,10,9,7,0,0,0,0,
121,탑립동 - 탑립동,74,온천교,0,0,6,2,15,18,10,32,19,35,26,29,20,15,8,13,16,11,8,8,0,0,0,0,
121,탑립동 - 탑립동,75,충남대학교,0,0,0,3,9,20,19,38,22,54,27,32,22,19,13,15,21,9,11,9,0,0,0,0,
121,탑립동 - 탑립동,76,궁동,0,0,0,5,17,22,14,47,24,58,41,37,25,18,11,14,18,8,10,8,0,0,0,0,
121,탑립동 - 탑립동,77,유성구청,0,0,7,0,14,22,15,46,37,59,44,42,24,18,15,15,18,0,8,7,0,0,0,0,
121,탑립동 - 탑립동,78,카이스트,0,0,0,0,0,21,18,45,38,58,45,40,27,15,16,17,0,5,6,9,0,0,0,0,
121,탑립동 - 탑립동,79,대전지방기상청,0,0,6,0,0,20,19,0,35,60,0,38,0,0,13,19,0,0,0,0,0,0,0,0,
121,탑립동 - 탑립동,80,금강유역환경청,0,0,0,0,0,0,0,44,0,0,0,0,0,0,0,9,0,0,0,0,0,0,0,0,
121,탑립동 - 탑립동,81,국립중앙과학관,0,0,0,0,12,16,0,38,32,52,42,36,26,0,13,17,15,0,0,7,0,0,0,0,
121,탑립동 - 탑립동,82,신세계백화점,0,0,7,4,8,11,17,24,22,43,35,32,23,15,14,18,10,16,0,10,0,0,0,0,
121,탑립동 - 탑립동,83,대전컨벤션센터,0,0,0,3,10,7,6,13,13,11,8,13,14,16,13,19,9,15,0,11,0,0,0,0,
121,탑립동 - 탑립동,84,MBC/TJB방송국,0,0,3,0,8,5,5,8,11,9,7,14,0,23,11,17,11,15,0,11,0,0,0,0,
121,탑립동 - 탑립동,85,원촌동솔로몬로파크,0,0,0,0,7,0,0,0,10,0,0,0,0,22,0,0,0,0,0,0,0,0,0,0,
121,탑립동 - 탑립동,86,원촌삼거리,0,0,0,0,4,4,4,7,8,8,0,0,0,23,10,13,0,14,0,0,0,0,0,0,
121,탑립동 - 탑립동,87,싸이언스빌3가,0,0,0,1,0,0,0,0,0,7,0,15,0,21,9,0,0,0,0,0,0,0,0,0,
121,탑립동 - 탑립동,88,문지네거리,0,0,0,0,0,0,0,6,0,0,0,14,8,20,8,12,8,0,0,0,0,0,0,0,
121,탑립동 - 탑립동,89,엑스포아파트,0,0,0,0,5,2,3,6,3,3,1,6,12,11,8,8,13,4,3,4,0,0,0,0,
121,탑립동 - 탑립동,90,세종아파트,0,0,1,3,3,0,0,0,4,5,1,6,4,5,3,4,7,1,0,2,0,0,0,0,
121,탑립동 - 탑립동,91,전민동주민센터,0,0,2,0,2,0,1,0,2,3,0,3,3,1,2,2,3,1,1,0,0,0,0,0,
121,탑립동 - 탑립동,92,선비마을,0,0,0,2,0,1,0,0,0,2,0,0,2,0,0,0,1,0,0,0,0,0,0,0,
121,탑립동 - 탑립동,93,대덕특구체육공원,0,0,0,0,0,0,0,0,1,0,0,2,0,0,0,0,0,0,0,0,0,0,0,0,
121,탑립동 - 탑립동,94,LH연구원,0,0,0,0,0,0,0,0,0,0,0,0,0,0,0,0,0,0,0,0,0,0,0,0,
121,탑립동 - 탑립동,95,탑립1통,0,0,0,0,0,0,0,0,0,0,0,0,1,0,0,0,0,0,0,0,0,0,0,0,
121,탑립동 - 탑립동,96,탑립육교,0,0,0,0,0,0,0,0,0,0,0,0,0,0,0,0,0,0,0,0,0,0,0,0,
121,탑립동 - 탑립동,97,탑립1통산의절,0,0,0,0,0,0,0,0,0,0,0,0,0,0,0,0,0,0,0,0,0,0,0,0,
121,탑립동 - 탑립동,98,탑립동,0,0,0,0,0,0,0,0,0,0,0,0,0,0,0,0,0,0,0,0,0,0,0,0,
123,안산동 - 안산동,1,안산동,0,0,0,0,0,0,0,0,0,0,0,0,0,0,0,0,0,0,0,0,0,0,0,0,
123,안산동 - 안산동,2,안산산성,0,0,0,0,0,0,0,0,0,1,0,0,0,0,0,0,0,0,0,0,0,0,0,0,
123,안산동 - 안산동,3,안산1통,0,0,0,0,0,0,0,0,0,1,0,0,0,0,0,0,0,0,0,0,0,0,0,0,
123,안산동 - 안산동,4,국방과학연구소입구,0,0,0,0,0,0,0,0,0,0,0,0,0,0,1,0,0,0,0,0,0,0,0,0,
123,안산동 - 안산동,5,외삼1통,0,0,0,0,0,0,0,0,0,0,0,0,0,0,1,0,0,0,0,0,0,0,0,0,
123,안산동 - 안산동,6,반석역,0,0,0,0,0,1,0,0,1,1,3,0,0,2,0,2,1,1,0,0,0,0,0,0,
123,안산동 - 안산동,7,반석네거리,0,0,0,0,0,1,0,0,1,1,3,0,0,2,0,2,1,1,0,0,0,0,0,0,
123,안산동 - 안산동,8,유성선병원,0,0,0,0,0,0,1,0,0,1,2,2,2,0,0,0,0,0,1,0,0,0,0,0,
123,안산동 - 안산동,9,대전월드컵경기장,0,0,0,0,0,0,1,1,0,2,0,0,0,2,2,1,0,0,0,0,0,0,0,0,
123,안산동 - 안산동,10,구암역,0,0,1,0,0,2,0,2,0,4,0,1,2,3,3,2,0,2,2,0,0,0,0,0,
123,안산동 - 안산동,11,봉명네거리,0,0,0,1,0,2,0,0,0,3,0,2,0,0,4,3,1,1,0,0,0,0,0,0,
123,안산동 - 안산동,12,봉명동우체국,0,0,0,2,0,0,0,0,1,0,0,3,3,4,0,5,3,4,0,0,0,0,0,0,
123,안산동 - 안산동,13,유성온천역7번출구,0,1,0,3,1,2,3,5,3,7,4,12,1,6,10,7,4,6,1,0,0,0,0,0,
123,안산동 - 안산동,14,온천교,0,0,1,0,1,0,3,0,0,8,0,15,3,7,11,8,0,5,4,1,0,0,0,0,
123,안산동 - 안산동,15,봉명동문화원로,0,0,0,1,0,0,2,3,0,7,5,14,4,8,9,10,0,5,6,0,0,0,0,0,
123,안산동 - 안산동,16,갑천근린공원,0,0,0,0,0,0,0,1,5,6,8,16,5,7,12,11,3,6,0,0,0,0,0,0,
123,안산동 - 안산동,17,봉명베르디움,0,0,0,0,0,0,0,2,0,4,6,15,5,6,10,6,4,5,7,0,0,0,0,0,
123,안산동 - 안산동,18,예미지7단지,0,0,0,0,0,0,0,0,2,0,5,3,0,6,11,0,0,0,0,0,0,0,0,0,
123,안산동 - 안산동,19,신안인스빌,0,2,0,2,0,3,0,0,3,7,6,13,4,0,9,8,2,0,6,0,0,0,0,0,
123,안산동 - 안산동,20,천년나무11단지,0,0,0,0,0,1,0,0,6,0,5,12,7,0,10,4,0,2,0,0,0,0,0,0,
123,안산동 - 안산동,21,휴먼시아10단지,0,0,0,3,0,0,0,0,0,7,0,0,6,8,10,7,1,4,5,0,0,0,0,0,
123,안산동 - 안산동,22,아이파크시티,0,0,0,2,3,4,0,1,8,13,6,4,8,0,11,6,3,5,0,2,0,0,0,0,
123,안산동 - 안산동,23,도샵도안트위넌스,0,0,0,0,0,0,0,0,0,0,0,0,9,7,0,0,0,0,0,0,0,0,0,0,
123,안산동 - 안산동,24,도안2-5지구,0,0,0,0,0,0,0,0,0,0,3,0,0,8,0,0,0,4,4,0,0,0,0,0,
123,안산동 - 안산동,25,도안2-3지구,0,0,0,0,0,0,0,0,0,0,3,0,0,8,0,0,0,4,4,0,0,0,0,0,
123,안산동 - 안산동,26,대정동원당마을,0,0,0,0,0,2,0,0,0,14,0,7,8,5,10,0,0,0,2,0,0,0,0,0,
123,안산동 - 안산동,27,대전공공어린이재활병원,0,0,1,1,2,1,0,0,7,5,4,6,4,5,6,3,0,3,4,1,0,0,0,0,
123,안산동 - 안산동,28,관저네거리,0,0,0,0,0,0,0,0,3,3,0,0,2,3,2,3,0,2,1,0,0,0,0,0,
123,안산동 - 안산동,29,신선마을아파트,0,0,1,0,0,1,0,0,3,4,3,4,2,1,3,2,0,1,3,0,0,0,0,0,
123,안산동 - 안산동,30,선암초등학교,0,0,0,0,0,0,0,0,0,3,0,1,2,0,2,2,2,0,0,0,0,0,0,0,
123,안산동 - 안산동,31,구봉마을8단지,0,0,0,0,0,0,0,0,2,1,1,0,0,0,1,1,1,0,0,0,0,0,0,0,
123,안산동 - 안산동,32,금동초등학교,0,0,0,0,0,0,0,0,1,2,0,0,1,0,0,1,0,0,0,0,0,0,0,0,
123,안산동 - 안산동,33,샘물타운아파트,0,0,0,0,0,0,0,0,0,0,0,0,0,0,0,0,0,0,0,0,0,0,0,0,
123,안산동 - 안산동,34,진잠타운아파트,0,0,0,0,0,0,0,0,0,0,0,0,0,0,0,0,0,0,0,0,0,0,0,0,
123,안산동 - 안산동,35,서대전IC,0,0,0,0,0,0,0,0,0,0,0,0,0,0,0,0,0,0,0,0,0,0,0,0,
123,안산동 - 안산동,36,원내동공영차고지,0,0,0,0,0,0,0,0,0,0,0,0,0,0,0,0,0,0,0,0,0,0,0,0,
123,안산동 - 안산동,37,원내동공영차고지,0,0,0,0,0,0,0,0,0,0,0,0,0,0,0,0,0,0,0,0,0,0,0,0,
123,안산동 - 안산동,38,서일고등학교,0,0,0,0,0,0,0,0,2,1,2,1,1,1,0,0,0,0,0,0,0,0,0,0,
123,안산동 - 안산동,39,진잠네거리,0,0,0,1,0,0,0,2,0,0,1,0,1,2,0,2,0,1,0,0,0,0,0,0,
123,안산동 - 안산동,40,구봉마을7단지,0,0,0,0,1,0,2,4,1,0,3,2,4,0,1,1,0,0,0,0,0,0,0,0,
123,안산동 - 안산동,41,구봉마을9단지,0,0,2,2,0,3,5,5,0,3,0,0,2,3,2,0,1,0,1,0,0,0,0,0,
123,안산동 - 안산동,42,선암초등학교,0,0,4,0,1,4,6,7,4,2,0,6,3,1,0,2,0,3,0,0,0,0,0,0,
123,안산동 - 안산동,43,관저2동행정복지센터,0,1,0,0,2,5,0,9,3,4,4,8,4,6,4,0,2,0,3,0,0,0,0,0,
123,안산동 - 안산동,44,봉우재네거리,0,0,0,3,3,1,0,11,5,8,2,7,0,7,0,2,0,4,0,0,0,0,0,0,
123,안산동 - 안산동,45,원앙마을아파트,0,2,3,5,5,7,7,13,8,9,5,5,6,9,0,3,0,4,4,0,0,0,0,0,
123,안산동 - 안산동,46,대정동원당마을,0,0,0,4,4,0,7,0,8,0,2,8,0,0,0,0,0,0,0,0,0,0,0,0,
123,안산동 - 안산동,47,도안2-3지구,0,0,0,0,0,0,0,0,0,0,0,0,6,0,0,0,0,0,0,0,0,0,0,0,
123,안산동 - 안산동,48,도안2-5지구,0,0,0,0,0,0,0,0,7,8,0,6,6,0,0,0,0,0,3,0,0,0,0,0,
123,안산동 - 안산동,49,힐스테이트도안퍼스트,0,0,0,0,0,0,0,0,7,8,0,6,6,0,0,0,0,0,3,0,0,0,0,0,
123,안산동 - 안산동,50,아이파크시티,0,1,0,0,0,4,8,12,12,6,4,9,7,8,3,0,0,4,4,0,0,0,0,0,
123,안산동 - 안산동,51,휴먼시아10단지,0,0,0,0,0,0,7,11,0,7,3,11,8,0,3,0,0,3,3,0,0,0,0,0,
123,안산동 - 안산동,52,천년나무11단지,0,0,0,0,0,2,9,13,13,0,0,10,7,0,2,0,2,0,2,0,0,0,0,0,
123,안산동 - 안산동,53,신안인스빌,0,0,0,4,4,3,9,14,14,8,9,0,10,7,7,0,0,5,0,0,0,0,0,0,
123,안산동 - 안산동,54,예미지7단지,0,0,0,0,0,0,8,15,14,7,1,11,0,0,7,0,0,0,0,0,0,0,0,0,
123,안산동 - 안산동,55,봉명베르디움,0,0,2,0,3,4,9,13,12,3,0,3,0,7,0,0,0,3,0,0,0,0,0,0,
123,안산동 - 안산동,56,갑천근린공원,0,0,1,0,0,5,9,9,13,5,7,0,15,4,0,0,0,0,0,0,0,0,0,0,
123,안산동 - 안산동,57,봉명동문화원로,0,0,0,3,0,6,10,7,14,1,7,8,12,6,1,2,1,8,4,0,0,0,0,0,
123,안산동 - 안산동,58,온천교,0,0,0,1,1,6,9,4,0,10,6,5,6,2,6,0,0,5,3,0,0,0,0,0,
123,안산동 - 안산동,59,유성온천역6번출구,0,0,2,0,0,4,6,3,1,4,3,4,5,2,2,0,2,0,1,0,0,0,0,0,
123,안산동 - 안산동,60,봉명네거리,0,0,1,0,1,2,4,1,0,1,0,3,2,1,1,1,0,3,1,0,0,0,0,0,
123,안산동 - 안산동,61,구암역,0,0,0,0,0,1,0,0,0,2,0,2,1,0,0,0,0,0,0,0,0,0,0,0,
123,안산동 - 안산동,62,대전월드컵경기장,0,0,0,0,0,0,0,0,0,0,0,1,0,0,3,0,0,0,0,0,0,0,0,0,
123,안산동 - 안산동,63,유성선병원,0,0,0,0,0,0,0,0,0,1,0,0,0,0,2,0,1,0,0,0,0,0,0,0,
123,안산동 - 안산동,64,반석네거리,0,0,0,0,0,0,0,0,0,0,0,0,0,0,0,0,0,0,0,0,0,0,0,0,
123,안산동 - 안산동,65,반석역,0,0,0,0,0,0,0,0,0,0,0,0,0,0,0,0,0,0,0,0,0,0,0,0,
123,안산동 - 안산동,66,외삼삼거리,0,0,0,0,0,0,0,0,0,0,0,0,0,0,0,0,0,0,0,0,0,0,0,0,
123,안산동 - 안산동,67,국방과학연구소입구,0,0,0,0,0,0,0,0,0,0,0,0,0,0,0,0,0,0,0,0,0,0,0,0,
123,안산동 - 안산동,68,안산1통,0,0,0,0,0,0,0,0,0,0,0,0,0,0,0,0,0,0,0,0,0,0,0,0,
123,안산동 - 안산동,69,안산산성,0,0,0,0,0,0,0,0,0,0,0,0,0,0,0,0,0,0,0,0,0,0,0,0,
123,안산동 - 안산동,70,안산동,0,0,0,0,0,0,0,0,0,0,0,0,0,0,0,0,0,0,0,0,0,0,0,0,
2,봉산동기점 - 봉산동기점,1,봉산동기점,0,1,0,0,0,1,0,0,0,2,0,0,0,1,2,0,1,0,0,0,0,0,0,0,
2,봉산동기점 - 봉산동기점,2,대광로제비앙아파트,0,0,0,1,1,3,0,1,0,3,2,1,2,4,0,2,2,2,0,0,0,0,0,0,
2,봉산동기점 - 봉산동기점,3,송강마을아파트,0,2,6,3,7,8,4,7,5,6,4,4,8,7,2,5,3,1,3,0,0,0,0,0,
2,봉산동기점 - 봉산동기점,4,송강전통시장,0,5,9,5,10,10,6,13,7,9,7,11,10,8,3,6,4,3,4,0,0,0,0,0,
2,봉산동기점 - 봉산동기점,5,송강초등학교,0,8,10,5,11,11,11,16,0,13,9,12,13,10,5,5,0,2,0,0,0,0,0,0,
2,봉산동기점 - 봉산동기점,6,그린아파트,0,0,9,6,11,8,15,17,5,14,10,10,11,12,6,7,0,4,2,0,0,0,0,0,
2,봉산동기점 - 봉산동기점,7,한마을아파트,0,9,12,7,14,15,16,8,6,15,10,11,12,12,5,8,5,0,3,0,0,0,0,0,
2,봉산동기점 - 봉산동기점,8,북부여성가족원,0,2,13,9,11,16,9,21,7,18,15,14,14,8,9,10,6,5,0,0,0,0,0,0,
2,봉산동기점 - 봉산동기점,9,신구교,0,8,0,12,15,13,17,20,9,19,14,11,16,10,11,8,8,7,0,0,0,0,0,0,
2,봉산동기점 - 봉산동기점,10,기흥기계,0,0,12,4,14,0,0,18,0,11,0,12,0,0,0,0,9,0,0,0,0,0,0,0,
2,봉산동기점 - 봉산동기점,11,효성신탄진공장,0,7,0,13,16,0,18,0,0,17,8,13,14,11,0,7,6,5,0,0,0,0,0,0,
2,봉산동기점 - 봉산동기점,12,목상동주민센터,0,0,11,6,0,12,17,0,0,15,0,0,15,10,0,6,0,5,0,0,0,0,0,0,
2,봉산동기점 - 봉산동기점,13,금강엑슬루타워,0,3,15,17,24,17,20,18,15,19,17,17,20,13,16,13,11,6,4,0,0,0,0,0,
2,봉산동기점 - 봉산동기점,14,신탄진시장,0,4,16,16,26,16,24,20,22,21,18,16,19,12,17,13,13,7,6,0,0,0,0,0,
2,봉산동기점 - 봉산동기점,15,신탄진역,0,8,25,12,22,22,30,23,30,19,19,27,24,20,20,20,17,18,9,0,0,0,0,0,
2,봉산동기점 - 봉산동기점,16,남경마을,0,0,26,10,22,23,32,24,32,21,21,25,26,19,15,5,16,16,0,0,0,0,0,0,
2,봉산동기점 - 봉산동기점,17,덕암동주민센터,0,0,27,8,21,26,32,25,31,21,22,28,18,17,11,18,11,15,7,0,0,0,0,0,
2,봉산동기점 - 봉산동기점,18,신탄진한일병원,0,0,17,7,22,27,35,24,31,24,22,29,24,17,22,12,18,14,6,0,0,0,0,0,
2,봉산동기점 - 봉산동기점,19,신대아파트/한국수자원공사,0,0,20,30,20,21,39,26,34,27,27,26,25,20,17,13,16,12,7,0,0,0,0,0,
2,봉산동기점 - 봉산동기점,20,읍내동현대아파트,0,0,17,32,13,24,38,27,33,24,26,24,26,19,16,14,15,11,8,0,0,0,0,0,
2,봉산동기점 - 봉산동기점,21,대전지방국세청,0,0,22,38,19,26,43,32,35,28,30,26,32,23,15,14,19,8,9,0,0,0,0,0,
2,봉산동기점 - 봉산동기점,22,법동전통시장,0,0,23,37,22,28,41,33,37,26,34,20,35,23,18,12,17,13,8,0,0,0,0,0,
2,봉산동기점 - 봉산동기점,23,중리동,0,0,24,38,23,29,41,33,23,27,31,34,37,21,17,13,10,11,7,0,0,0,0,0,
2,봉산동기점 - 봉산동기점,24,한국전력공사,0,0,21,37,29,30,28,39,38,30,32,32,35,18,16,14,13,10,8,0,0,0,0,0,
2,봉산동기점 - 봉산동기점,25,복합터미널,0,0,10,10,15,19,15,30,29,25,22,15,21,17,15,10,5,6,9,6,0,0,0,0,
2,봉산동기점 - 봉산동기점,26,성남네거리,0,0,8,8,15,12,14,30,26,24,20,14,23,10,12,8,6,4,2,0,0,0,0,0,
2,봉산동기점 - 봉산동기점,27,대전여상,0,0,0,0,10,11,14,18,24,23,19,6,22,9,7,6,3,5,4,8,0,0,0,0,
2,봉산동기점 - 봉산동기점,28,으능정이거리,0,0,1,5,4,5,8,11,12,22,11,11,8,9,5,6,1,1,3,1,0,0,0,0,
2,봉산동기점 - 봉산동기점,29,대전역,0,0,0,0,2,1,6,5,5,0,5,2,4,7,2,4,2,0,0,0,0,0,0,0,
2,봉산동기점 - 봉산동기점,30,대전역동광장,0,0,0,0,0,0,1,0,0,0,1,0,1,6,1,0,0,0,0,0,0,0,0,0,
2,봉산동기점 - 봉산동기점,31,대전역동광장,0,0,0,0,0,1,0,1,3,3,2,3,4,4,3,3,1,7,2,0,0,0,0,0,
2,봉산동기점 - 봉산동기점,32,대전역네거리,0,0,0,3,4,2,5,5,8,9,15,16,16,16,8,10,8,12,5,0,0,0,0,0,
2,봉산동기점 - 봉산동기점,33,으능정이거리,0,2,2,6,0,8,3,6,12,13,18,25,22,23,17,16,10,12,9,0,0,0,0,0,
2,봉산동기점 - 봉산동기점,34,대전여상,0,3,5,7,6,9,6,9,13,11,19,26,25,24,19,16,15,9,10,5,0,0,0,0,
2,봉산동기점 - 봉산동기점,35,성남네거리,0,0,8,4,9,10,8,10,15,12,22,30,30,20,25,18,16,9,0,0,0,0,0,0,
2,봉산동기점 - 봉산동기점,36,복합터미널,0,7,14,10,15,12,13,21,27,20,30,34,38,46,30,28,28,20,16,8,0,0,0,0,
2,봉산동기점 - 봉산동기점,37,한국전력공사,0,8,13,11,14,15,12,18,26,28,31,32,39,44,29,25,29,20,17,7,0,0,0,0,
2,봉산동기점 - 봉산동기점,38,중리동,0,0,14,12,17,15,12,17,28,20,33,31,36,41,26,23,28,19,21,0,0,0,0,0,
2,봉산동기점 - 봉산동기점,39,법동전통시장,0,0,13,12,18,16,14,18,24,26,34,32,32,32,25,22,25,17,19,7,0,0,0,0,
2,봉산동기점 - 봉산동기점,40,대덕소방서,0,0,16,10,19,18,18,24,25,24,36,33,31,30,25,22,20,18,20,7,0,0,0,0,
2,봉산동기점 - 봉산동기점,41,제월당,0,0,13,13,19,16,16,18,22,25,36,33,29,29,25,18,21,19,14,0,0,0,0,0,
2,봉산동기점 - 봉산동기점,42,와동현대아파트,0,0,17,16,18,19,17,19,13,21,35,29,29,27,25,18,18,15,17,4,0,0,0,0,
2,봉산동기점 - 봉산동기점,43,신탄진한일병원,0,0,10,16,18,17,16,18,13,19,34,27,31,25,23,11,17,17,16,5,0,0,0,0,
2,봉산동기점 - 봉산동기점,44,덕암동주민센터,0,0,9,14,18,19,16,16,4,15,20,33,30,23,24,15,16,19,13,6,0,0,0,0,
2,봉산동기점 - 봉산동기점,45,남경마을,0,0,0,12,16,10,16,14,12,18,18,30,29,21,23,15,15,14,11,0,0,0,0,0,
2,봉산동기점 - 봉산동기점,46,신탄진역,0,0,7,11,12,11,8,8,11,9,17,28,28,29,23,25,33,15,28,22,0,0,0,0,
2,봉산동기점 - 봉산동기점,47,신탄진시장,0,0,8,10,10,6,7,7,14,10,17,28,29,28,23,19,30,11,27,23,0,0,0,0,
2,봉산동기점 - 봉산동기점,48,금강엑슬루타워,0,0,7,6,11,10,8,4,15,9,19,30,29,26,21,24,31,11,26,22,0,0,0,0,
2,봉산동기점 - 봉산동기점,49,목상동주민센터,0,0,5,8,9,6,8,8,10,12,16,27,23,21,16,17,28,8,17,16,0,0,0,0,
2,봉산동기점 - 봉산동기점,50,효성신탄진공장,0,0,3,0,7,0,0,0,12,0,0,13,0,0,0,16,27,0,15,0,0,0,0,0,
2,봉산동기점 - 봉산동기점,51,기흥기계,0,0,0,5,0,0,0,0,0,0,0,0,0,0,0,15,0,0,0,0,0,0,0,0,
2,봉산동기점 - 봉산동기점,52,신구교,0,0,0,0,6,3,6,7,0,13,16,16,7,18,17,16,28,7,16,14,0,0,0,0,
2,봉산동기점 - 봉산동기점,53,북부여성가족원,0,0,5,0,4,5,5,4,10,12,14,20,17,15,14,13,17,6,9,11,0,0,0,0,
2,봉산동기점 - 봉산동기점,54,한마을아파트후문,0,0,4,1,7,2,3,2,6,8,10,11,14,13,14,10,9,6,6,7,0,0,0,0,
2,봉산동기점 - 봉산동기점,55,한마을아파트,0,0,0,0,6,0,1,0,5,7,2,10,10,9,9,6,6,4,2,6,0,0,0,0,
2,봉산동기점 - 봉산동기점,56,송강전통시장,0,0,3,0,4,1,0,1,3,2,5,7,7,4,6,3,2,3,5,3,0,0,0,0,
2,봉산동기점 - 봉산동기점,57,송강마을아파트,0,0,0,0,2,0,1,0,0,1,1,3,2,2,3,1,0,1,1,1,0,0,0,0,
2,봉산동기점 - 봉산동기점,58,대광로제비앙아파트,0,0,0,2,0,0,0,0,0,0,0,1,0,0,1,0,0,0,0,0,0,0,0,0,
2,봉산동기점 - 봉산동기점,59,봉산동기점,0,0,0,0,0,0,0,0,0,0,0,0,0,0,0,0,0,0,0,0,0,0,0,0,
20,대전역동광장종점 - 대전역동광장종점,1,대전역동광장종점,0,0,1,0,1,1,0,0,0,0,0,0,0,0,0,0,0,0,0,0,0,0,0,0,
20,대전역동광장종점 - 대전역동광장종점,2,대전역동광장종점,0,0,1,0,1,1,0,0,0,0,0,0,0,0,0,0,0,0,0,0,0,0,0,0,
20,대전역동광장종점 - 대전역동광장종점,3,신안동,0,0,0,0,0,0,0,0,0,1,0,0,0,0,0,0,0,0,0,0,0,0,0,0,
20,대전역동광장종점 - 대전역동광장종점,4,대동역3번출구,0,0,0,0,3,3,0,0,0,0,0,2,0,0,0,0,0,0,0,0,0,0,0,0,
20,대전역동광장종점 - 대전역동광장종점,5,대전화병원,0,0,0,0,0,2,0,0,0,0,0,0,0,0,0,0,0,0,0,0,0,0,0,0,
20,대전역동광장종점 - 대전역동광장종점,6,대전역/역전시장,0,0,0,0,5,0,0,0,3,2,0,0,5,4,0,0,0,0,0,0,0,0,0,0,
20,대전역동광장종점 - 대전역동광장종점,7,목척교,0,0,2,0,0,0,9,0,5,5,0,0,6,7,0,0,0,3,0,0,0,0,0,0,
20,대전역동광장종점 - 대전역동광장종점,8,중앙로역6번출구,0,0,0,0,0,0,0,0,6,6,0,0,7,8,0,0,0,0,0,0,0,0,0,0,
20,대전역동광장종점 - 대전역동광장종점,9,중구청역,0,0,0,0,0,0,0,0,0,0,0,0,5,0,0,0,0,0,0,0,0,0,0,0,
20,대전역동광장종점 - 대전역동광장종점,10,대전충남병무청,0,0,0,0,0,0,0,0,7,0,0,0,7,0,0,0,0,0,0,0,0,0,0,0,
20,대전역동광장종점 - 대전역동광장종점,11,서대전네거리역3번출구,0,0,0,0,0,0,10,0,11,0,7,0,8,7,0,0,0,4,0,0,0,0,0,0,
20,대전역동광장종점 - 대전역동광장종점,12,서대전역네거리,0,0,5,0,0,0,0,0,8,0,0,0,9,7,0,0,0,0,0,0,0,0,0,0,
20,대전역동광장종점 - 대전역동광장종점,13,유천동현대아파트,0,0,0,0,0,0,0,0,0,0,9,0,8,6,0,0,0,0,0,0,0,0,0,0,
20,대전역동광장종점 - 대전역동광장종점,14,유천동서대전농협,0,0,0,0,0,0,0,0,0,0,0,0,6,0,0,0,0,0,0,0,0,0,0,0,
20,대전역동광장종점 - 대전역동광장종점,15,버드내아파트,0,0,0,0,0,0,0,0,0,0,0,0,5,0,0,0,0,2,0,0,0,0,0,0,
20,대전역동광장종점 - 대전역동광장종점,16,도마시장,0,0,0,0,6,0,0,0,14,0,11,0,4,0,4,0,0,0,0,0,0,0,0,0,
20,대전역동광장종점 - 대전역동광장종점,17,도마네거리,0,0,0,0,0,0,11,0,15,0,0,0,0,0,0,0,0,0,0,0,0,0,0,0,
20,대전역동광장종점 - 대전역동광장종점,18,도마삼거리,0,0,0,0,8,0,13,0,17,0,9,0,5,0,0,0,1,0,0,0,0,0,0,0,
20,대전역동광장종점 - 대전역동광장종점,19,서부소방서,0,0,0,0,0,0,14,0,16,0,0,0,0,0,0,0,0,0,0,0,0,0,0,0,
20,대전역동광장종점 - 대전역동광장종점,20,정림동,0,0,0,0,9,0,18,0,18,0,0,0,7,0,3,0,0,0,0,0,0,0,0,0,
20,대전역동광장종점 - 대전역동광장종점,21,가수원교,0,0,0,0,9,0,18,0,18,0,0,0,7,0,3,0,0,0,0,0,0,0,0,0,
20,대전역동광장종점 - 대전역동광장종점,22,가수원시장,0,0,6,0,10,0,24,0,20,0,8,0,4,0,0,0,4,0,0,0,0,0,0,0,
20,대전역동광장종점 - 대전역동광장종점,23,가수원역,0,0,7,0,0,0,23,0,19,0,7,0,0,0,1,0,0,1,0,0,0,0,0,0,
20,대전역동광장종점 - 대전역동광장종점,24,GS칼텍스저유소,0,0,0,0,0,0,21,0,0,0,4,0,0,0,0,0,0,0,0,0,0,0,0,0,
20,대전역동광장종점 - 대전역동광장종점,25,괴곡동.고리골,0,0,0,0,0,0,21,0,0,0,4,0,0,0,0,0,0,0,0,0,0,0,0,0,
20,대전역동광장종점 - 대전역동광장종점,26,고릿골구름다리,0,0,0,0,0,0,21,0,0,0,4,0,0,0,0,0,0,0,0,0,0,0,0,0,
20,대전역동광장종점 - 대전역동광장종점,27,벌말,0,0,0,0,0,0,21,0,0,0,4,0,0,0,0,0,0,0,0,0,0,0,0,0,
20,대전역동광장종점 - 대전역동광장종점,28,상보안,0,0,6,0,0,0,0,0,18,0,0,0,0,0,0,0,0,0,0,0,0,0,0,0,
20,대전역동광장종점 - 대전역동광장종점,29,사진개,0,0,6,0,0,0,0,0,18,0,0,0,0,0,0,0,0,0,0,0,0,0,0,0,
20,대전역동광장종점 - 대전역동광장종점,30,흑석네거리,0,0,5,0,10,0,19,0,17,0,0,0,5,0,0,0,2,0,0,0,0,0,0,0,
20,대전역동광장종점 - 대전역동광장종점,31,기성농협,0,0,4,0,0,0,0,0,0,0,0,0,6,0,0,0,0,0,0,0,0,0,0,0,
20,대전역동광장종점 - 대전역동광장종점,32,기성중학교,0,0,0,0,0,0,0,0,13,0,0,0,0,0,0,0,0,0,0,0,0,0,0,0,
20,대전역동광장종점 - 대전역동광장종점,33,매노동,0,0,0,0,9,0,0,0,0,0,0,0,5,0,0,0,0,0,0,0,0,0,0,0,
20,대전역동광장종점 - 대전역동광장종점,34,밤갈미,0,0,0,0,0,0,18,0,0,0,0,0,0,0,0,0,0,0,0,0,0,0,0,0,
20,대전역동광장종점 - 대전역동광장종점,35,토옥골,0,0,3,0,0,0,17,0,0,0,2,0,4,0,0,0,0,0,0,0,0,0,0,0,
20,대전역동광장종점 - 대전역동광장종점,36,용태울,0,0,0,0,8,0,0,0,0,0,0,0,0,0,0,0,0,0,0,0,0,0,0,0,
20,대전역동광장종점 - 대전역동광장종점,37,용바위,0,0,0,0,0,7,0,0,0,0,0,0,3,0,0,0,0,0,0,0,0,0,0,0,
20,대전역동광장종점 - 대전역동광장종점,38,장안저수지,0,0,0,0,0,5,0,0,0,12,0,0,0,2,0,0,0,0,0,0,0,0,0,0,
20,대전역동광장종점 - 대전역동광장종점,39,장태산길곡길입구,0,0,0,0,0,5,0,0,0,12,0,0,0,2,0,0,0,0,0,0,0,0,0,0,
20,대전역동광장종점 - 대전역동광장종점,40,장태산자연휴양림,0,0,0,0,0,2,1,0,0,0,0,0,0,0,0,0,0,0,0,0,0,0,0,0,
20,대전역동광장종점 - 대전역동광장종점,41,장안동,0,0,1,0,0,0,0,0,0,0,0,0,0,1,0,0,0,0,0,0,0,0,0,0,
20,대전역동광장종점 - 대전역동광장종점,42,장태산자연휴양림,0,0,0,0,0,1,0,7,0,9,0,9,0,6,0,0,0,0,0,0,0,0,0,0,
20,대전역동광장종점 - 대전역동광장종점,43,장태산길곡길입구,0,0,0,0,0,1,0,7,0,9,0,9,0,6,0,0,0,0,0,0,0,0,0,0,
20,대전역동광장종점 - 대전역동광장종점,44,장안저수지,0,0,0,0,0,0,0,0,0,0,0,11,0,10,0,1,0,0,0,0,0,0,0,0,
20,대전역동광장종점 - 대전역동광장종점,45,용바위,0,0,2,1,0,0,0,0,0,10,0,0,0,0,0,0,0,0,0,0,0,0,0,0,
20,대전역동광장종점 - 대전역동광장종점,46,용태울,0,0,0,0,0,0,0,0,0,0,0,12,0,0,0,0,0,0,0,0,0,0,0,0,
20,대전역동광장종점 - 대전역동광장종점,47,토옥골,0,0,0,0,0,0,0,8,0,11,0,0,0,12,0,0,0,0,0,0,0,0,0,0,
20,대전역동광장종점 - 대전역동광장종점,48,밤갈미,0,0,0,0,0,0,0,8,0,11,0,0,0,12,0,0,0,0,0,0,0,0,0,0,
20,대전역동광장종점 - 대전역동광장종점,49,매노동,0,0,0,0,0,0,0,9,0,0,0,0,0,0,0,0,0,0,0,0,0,0,0,0,
20,대전역동광장종점 - 대전역동광장종점,50,기성중학교,0,0,0,0,0,0,0,0,0,0,0,13,0,0,0,0,0,0,0,0,0,0,0,0,
20,대전역동광장종점 - 대전역동광장종점,51,기성농협,0,0,0,0,0,0,0,0,0,10,0,0,0,0,0,0,0,0,0,0,0,0,0,0,
20,대전역동광장종점 - 대전역동광장종점,52,흑석네거리,0,0,0,2,0,0,0,0,0,0,0,14,0,13,0,0,0,0,3,0,0,0,0,0,
20,대전역동광장종점 - 대전역동광장종점,53,사진개,0,0,0,0,0,0,0,0,0,0,0,13,0,15,0,0,0,0,0,0,0,0,0,0,
20,대전역동광장종점 - 대전역동광장종점,54,상보안,0,0,0,0,0,0,0,0,0,0,0,13,0,15,0,0,0,0,0,0,0,0,0,0,
20,대전역동광장종점 - 대전역동광장종점,55,벌말,0,0,0,0,0,0,0,0,0,0,0,13,0,15,0,0,0,0,0,0,0,0,0,0,
20,대전역동광장종점 - 대전역동광장종점,56,고릿골구름다리,0,0,0,0,0,0,0,0,0,0,0,13,0,15,0,0,0,0,0,0,0,0,0,0,
20,대전역동광장종점 - 대전역동광장종점,57,괴곡동.고리골,0,0,0,0,0,0,0,0,0,0,0,13,0,15,0,0,0,0,0,0,0,0,0,0,
20,대전역동광장종점 - 대전역동광장종점,58,가수원역,0,0,0,0,3,0,2,9,0,0,11,15,0,0,0,0,0,0,0,0,0,0,0,0,
20,대전역동광장종점 - 대전역동광장종점,59,가수원시장,0,0,0,0,0,0,0,0,0,0,0,0,0,13,0,0,0,0,0,0,0,0,0,0,
20,대전역동광장종점 - 대전역동광장종점,60,가수원네거리,0,0,0,0,0,0,0,8,0,0,0,0,0,12,0,0,0,0,0,0,0,0,0,0,
20,대전역동광장종점 - 대전역동광장종점,61,정림삼거리,0,0,0,0,4,0,0,0,0,0,0,0,0,10,0,0,0,0,2,0,0,0,0,0,
20,대전역동광장종점 - 대전역동광장종점,62,정림동,0,0,0,0,5,0,0,0,0,0,0,0,0,0,0,0,0,0,0,0,0,0,0,0,
20,대전역동광장종점 - 대전역동광장종점,63,서부소방서,0,0,0,0,0,0,0,0,0,0,13,0,0,0,0,0,0,0,0,0,0,0,0,0,
20,대전역동광장종점 - 대전역동광장종점,64,도마삼거리,0,0,0,0,6,0,0,0,0,0,13,0,0,0,0,2,0,0,0,0,0,0,0,0,
20,대전역동광장종점 - 대전역동광장종점,65,도마e편한세상아파트,0,0,0,0,0,0,3,0,0,0,14,0,0,0,8,3,0,0,1,0,0,0,0,0,
20,대전역동광장종점 - 대전역동광장종점,66,도마시장,0,0,0,0,0,0,4,0,0,0,13,0,0,0,0,0,0,0,0,0,0,0,0,0,
20,대전역동광장종점 - 대전역동광장종점,67,버드내아파트,0,0,0,0,0,0,0,0,0,0,0,0,0,0,0,2,0,0,0,0,0,0,0,0,
20,대전역동광장종점 - 대전역동광장종점,68,버드내네거리,0,0,0,0,0,0,0,0,0,0,14,0,0,0,6,0,0,0,0,0,0,0,0,0,
20,대전역동광장종점 - 대전역동광장종점,69,유천시장,0,0,0,0,0,0,0,0,0,0,14,0,0,0,6,0,0,0,0,0,0,0,0,0,
20,대전역동광장종점 - 대전역동광장종점,70,서대전육교,0,0,3,0,0,0,2,0,9,0,0,16,0,0,5,0,0,0,0,0,0,0,0,0,
20,대전역동광장종점 - 대전역동광장종점,71,서대전역네거리,0,0,0,0,5,0,0,0,0,0,0,0,0,0,3,0,0,0,0,0,0,0,0,0,
20,대전역동광장종점 - 대전역동광장종점,72,서대전네거리역2번출구,0,0,0,0,4,0,3,0,0,0,10,12,0,0,2,0,0,0,0,0,0,0,0,0,
20,대전역동광장종점 - 대전역동광장종점,73,대전충남병무청,0,0,0,0,3,0,2,0,0,0,9,11,0,0,0,0,0,0,0,0,0,0,0,0,
20,대전역동광장종점 - 대전역동광장종점,74,중구청,0,0,0,0,2,0,3,0,10,0,0,0,0,0,0,1,0,0,0,0,0,0,0,0,
20,대전역동광장종점 - 대전역동광장종점,75,중앙로역4번출구,0,0,0,0,0,0,0,0,6,0,8,0,7,0,0,0,0,1,0,0,0,0,0,0,
20,대전역동광장종점 - 대전역동광장종점,76,대전역,0,0,0,0,0,0,0,0,5,0,2,0,4,0,0,0,0,0,0,0,0,0,0,0,
20,대전역동광장종점 - 대전역동광장종점,77,중앙시장,0,0,0,0,0,0,0,0,4,0,0,0,3,0,0,0,0,0,0,0,0,0,0,0,
20,대전역동광장종점 - 대전역동광장종점,78,이스트시티아파트,0,0,0,0,0,0,0,0,1,0,0,0,0,0,0,0,0,0,0,0,0,0,0,0,
20,대전역동광장종점 - 대전역동광장종점,79,대동역2번출구,0,0,0,0,0,0,0,0,0,0,0,0,1,0,0,0,0,0,0,0,0,0,0,0,
20,대전역동광장종점 - 대전역동광장종점,80,신안동,0,0,0,0,0,0,0,0,0,0,0,0,0,0,0,0,0,0,0,0,0,0,0,0,
20,대전역동광장종점 - 대전역동광장종점,81,대전역동광장종점,0,0,0,0,0,0,0,0,0,0,0,0,0,0,0,0,0,0,0,0,0,0,0,0,
2002,대전역동광장종점 - 대전역동광장종점,1,대전역동광장종점,0,0,0,0,1,0,0,0,0,1,2,0,0,1,1,0,1,1,0,0,0,0,0,0,
2002,대전역동광장종점 - 대전역동광장종점,2,대전역동광장종점,0,0,0,0,1,0,0,0,0,1,2,0,0,1,1,0,1,1,0,0,0,0,0,0,
2002,대전역동광장종점 - 대전역동광장종점,3,대성여자고등학교,0,1,0,0,0,0,0,1,0,0,1,1,0,0,0,2,0,0,0,0,0,0,0,0,
2002,대전역동광장종점 - 대전역동광장종점,4,성남네거리,0,2,0,2,0,3,0,0,0,0,0,2,3,0,0,1,0,2,0,0,0,0,0,0,
2002,대전역동광장종점 - 대전역동광장종점,5,삼성초등학교,0,3,0,1,0,0,0,2,2,0,0,0,4,2,0,0,0,0,0,0,0,0,0,0,
2002,대전역동광장종점 - 대전역동광장종점,6,대전역,0,0,0,3,2,2,0,6,5,2,0,3,8,8,0,3,1,5,1,0,0,0,0,0,
2002,대전역동광장종점 - 대전역동광장종점,7,대전역네거리,0,4,0,5,3,3,0,7,7,8,6,7,14,14,5,5,7,7,6,0,0,0,0,0,
2002,대전역동광장종점 - 대전역동광장종점,8,으능정이거리,0,0,0,0,4,0,4,8,8,9,7,0,16,21,7,11,0,10,8,0,0,0,0,0,
2002,대전역동광장종점 - 대전역동광장종점,9,중앙로역6번출구,0,0,0,6,0,0,0,10,9,10,0,11,22,22,10,14,0,13,13,0,0,0,0,0,
2002,대전역동광장종점 - 대전역동광장종점,10,중구청역,0,5,0,0,4,4,0,0,10,0,11,14,23,0,0,0,0,0,14,0,0,0,0,0,
2002,대전역동광장종점 - 대전역동광장종점,11,대전충남병무청,0,0,1,0,5,5,3,9,0,0,0,0,0,21,0,0,15,0,0,0,0,0,0,0,
2002,대전역동광장종점 - 대전역동광장종점,12,서대전네거리역3번출구,0,6,0,0,2,0,3,0,11,6,14,15,22,24,14,11,16,14,17,0,0,0,0,0,
2002,대전역동광장종점 - 대전역동광장종점,13,서대전역네거리,0,0,0,0,6,6,0,7,12,0,17,16,20,25,16,13,15,0,22,0,0,0,0,0,
2002,대전역동광장종점 - 대전역동광장종점,14,유천동현대아파트,0,0,2,0,0,7,2,6,0,0,18,15,19,24,0,0,0,0,0,0,0,0,0,0,
2002,대전역동광장종점 - 대전역동광장종점,15,버드내아파트,0,0,7,0,5,0,3,0,0,0,17,0,17,24,0,0,0,0,18,8,0,0,0,0,
2002,대전역동광장종점 - 대전역동광장종점,16,도마시장,0,0,8,0,3,0,0,0,11,7,16,14,14,19,0,0,14,13,0,0,0,0,0,0,
2002,대전역동광장종점 - 대전역동광장종점,17,도마네거리,0,0,0,0,4,0,0,0,0,0,0,16,16,0,14,0,0,14,0,0,0,0,0,0,
2002,대전역동광장종점 - 대전역동광장종점,18,도마삼거리,0,0,7,8,4,8,0,4,14,10,0,0,13,23,0,12,15,15,0,0,0,0,0,0,
2002,대전역동광장종점 - 대전역동광장종점,19,정림동,0,0,0,0,5,0,4,6,17,5,0,18,0,20,22,12,0,0,16,0,0,0,0,0,
2002,대전역동광장종점 - 대전역동광장종점,20,가수원육교.가수원시장,0,0,10,0,0,7,5,6,6,6,19,18,17,14,21,20,18,20,17,8,0,0,0,0,
2002,대전역동광장종점 - 대전역동광장종점,21,건양대병원네거리,0,0,10,0,3,8,7,6,0,16,18,16,15,13,22,8,17,21,13,7,0,0,0,0,
2002,대전역동광장종점 - 대전역동광장종점,22,관저네거리,0,0,7,0,2,7,0,0,0,0,0,0,14,0,21,19,15,0,0,4,0,0,0,0,
2002,대전역동광장종점 - 대전역동광장종점,23,신선마을아파트,0,0,6,0,0,7,8,0,6,0,20,23,0,0,23,21,13,22,15,3,0,0,0,0,
2002,대전역동광장종점 - 대전역동광장종점,24,롯데마트서대전점,0,0,0,2,0,7,9,0,0,18,0,0,0,0,0,20,0,24,0,0,0,0,0,0,
2002,대전역동광장종점 - 대전역동광장종점,25,샘물타운아파트,0,0,0,4,0,6,0,0,7,0,21,20,13,12,0,0,0,0,0,4,0,0,0,0,
2002,대전역동광장종점 - 대전역동광장종점,26,진잠타운아파트,0,0,0,0,0,8,10,5,0,19,0,18,0,0,24,0,0,23,0,0,0,0,0,0,
2002,대전역동광장종점 - 대전역동광장종점,27,서대전IC,0,0,5,10,0,0,0,7,9,0,0,0,15,13,0,21,0,24,0,0,0,0,0,0,
2002,대전역동광장종점 - 대전역동광장종점,28,방동저수지,0,0,5,10,0,0,0,7,9,0,0,0,15,13,0,21,0,24,0,0,0,0,0,0,
2002,대전역동광장종점 - 대전역동광장종점,29,방동4통,0,0,5,10,0,0,0,7,9,0,0,0,15,13,0,21,0,24,0,0,0,0,0,0,
2002,대전역동광장종점 - 대전역동광장종점,30,방동3통,0,0,0,0,0,0,0,0,0,0,0,0,0,12,0,0,0,0,0,0,0,0,0,0,
2002,대전역동광장종점 - 대전역동광장종점,31,삿갓집,0,0,0,0,0,0,0,0,0,0,0,0,0,12,0,0,0,0,0,0,0,0,0,0,
2002,대전역동광장종점 - 대전역동광장종점,32,알로에농장,0,0,0,9,0,0,9,6,0,0,0,0,0,0,0,0,0,0,0,0,0,0,0,0,
2002,대전역동광장종점 - 대전역동광장종점,33,계룡과선교,0,0,0,0,0,0,8,0,8,0,0,0,0,0,0,0,0,12,0,0,0,0,0,0,
2002,대전역동광장종점 - 대전역동광장종점,34,왕대고개,0,0,0,0,0,0,8,0,7,0,0,15,0,12,0,0,20,0,0,0,0,0,0,0,
2002,대전역동광장종점 - 대전역동광장종점,35,국민체육센터,0,0,0,7,0,9,0,0,0,0,0,0,0,0,0,0,0,0,0,0,0,0,0,0,
2002,대전역동광장종점 - 대전역동광장종점,36,두마면사무소,0,0,0,0,0,8,0,0,0,20,21,17,14,9,22,0,19,23,0,0,0,0,0,0,
2002,대전역동광장종점 - 대전역동광장종점,37,두마초등학교,0,0,0,6,0,7,9,6,7,22,19,18,0,14,20,5,0,20,0,0,0,0,0,0,
2002,대전역동광장종점 - 대전역동광장종점,38,이편한세상아파트,0,0,0,5,0,3,7,0,5,20,18,15,15,8,20,0,18,19,0,3,0,0,0,0,
2002,대전역동광장종점 - 대전역동광장종점,39,계룡역,0,0,0,0,0,0,7,7,6,0,17,18,19,7,11,0,17,23,23,0,0,0,0,0,
2002,대전역동광장종점 - 대전역동광장종점,40,홈플러스계룡점,0,0,0,4,0,0,6,0,5,21,14,13,19,13,0,0,0,22,22,2,0,0,0,0,
2002,대전역동광장종점 - 대전역동광장종점,41,노인종합복지관,0,0,0,0,0,0,0,0,0,20,9,0,0,0,19,0,13,0,0,0,0,0,0,0,
2002,대전역동광장종점 - 대전역동광장종점,42,신성2차아파트,0,0,4,0,3,0,3,0,0,16,13,0,17,11,18,9,12,19,17,0,0,0,0,0,
2002,대전역동광장종점 - 대전역동광장종점,43,진들,0,0,0,0,0,0,0,6,6,0,0,10,0,12,17,0,0,0,17,0,0,0,0,0,
2002,대전역동광장종점 - 대전역동광장종점,44,계룡대실LH4단지아파트,0,0,0,0,3,4,5,6,7,14,10,10,17,14,0,8,11,0,17,0,0,0,0,0,
2002,대전역동광장종점 - 대전역동광장종점,45,계룡대실초등학교,0,0,0,0,0,0,0,0,5,0,0,0,0,0,0,0,0,0,0,0,0,0,0,0,
2002,대전역동광장종점 - 대전역동광장종점,46,계룡푸르지오아파트,0,0,0,0,5,7,0,7,7,14,13,11,20,13,0,8,11,4,15,0,0,0,0,0,
2002,대전역동광장종점 - 대전역동광장종점,47,한라비발디아파트,0,0,0,0,2,0,0,6,11,15,12,10,12,14,18,0,0,0,0,0,0,0,0,0,
2002,대전역동광장종점 - 대전역동광장종점,48,계룡고등학교,0,0,0,3,0,0,5,7,12,17,14,0,0,16,19,7,12,3,0,0,0,0,0,0,
2002,대전역동광장종점 - 대전역동광장종점,49,쉐리움오피스텔,0,0,0,0,0,0,0,4,6,0,0,0,0,14,20,8,0,0,14,0,0,0,0,0,
2002,대전역동광장종점 - 대전역동광장종점,50,계룡시보건소,0,0,0,0,3,5,0,10,9,19,14,11,16,13,18,9,12,0,9,1,0,0,0,0,
2002,대전역동광장종점 - 대전역동광장종점,51,계룡시청,0,0,0,0,0,0,0,11,13,0,18,0,15,0,0,0,0,0,12,2,0,0,0,0,
2002,대전역동광장종점 - 대전역동광장종점,52,금암삼거리,0,0,0,0,0,0,0,0,12,0,0,0,0,0,0,0,0,0,0,0,0,0,0,0,
2002,대전역동광장종점 - 대전역동광장종점,53,금암2통,0,0,3,0,0,0,0,0,10,0,0,0,0,0,0,0,0,0,0,0,0,0,0,0,
2002,대전역동광장종점 - 대전역동광장종점,54,천마사,0,0,0,0,2,0,0,0,0,0,0,10,0,0,0,0,0,0,0,0,0,0,0,0,
2002,대전역동광장종점 - 대전역동광장종점,55,양정,0,0,0,2,0,3,0,1,4,16,16,0,14,0,0,0,0,0,11,0,0,0,0,0,
2002,대전역동광장종점 - 대전역동광장종점,56,삼진아파트,0,0,2,1,2,2,3,9,3,11,12,5,8,10,16,8,5,7,10,0,0,0,0,0,
2002,대전역동광장종점 - 대전역동광장종점,57,성원아파트,0,0,0,1,2,0,0,5,4,9,7,3,4,7,8,9,4,4,5,0,0,0,0,0,
2002,대전역동광장종점 - 대전역동광장종점,58,엄사네거리,0,0,0,0,1,0,0,0,2,6,3,3,1,2,3,2,6,2,4,1,0,0,0,0,
2002,대전역동광장종점 - 대전역동광장종점,59,평리,0,0,0,0,0,1,0,0,0,5,2,0,0,0,0,0,0,0,0,0,0,0,0,0,
2002,대전역동광장종점 - 대전역동광장종점,60,계룡대제2문,0,0,0,0,0,0,0,0,0,3,0,0,0,0,1,0,0,1,0,0,0,0,0,0,
2002,대전역동광장종점 - 대전역동광장종점,61,신도안면사무소,0,0,0,0,0,0,0,0,0,4,1,1,0,0,0,0,3,1,1,3,0,0,0,0,
2002,대전역동광장종점 - 대전역동광장종점,62,계룡대쇼핑센터,0,0,0,0,0,0,0,0,0,1,0,0,3,0,0,0,3,1,0,0,0,0,0,0,
2002,대전역동광장종점 - 대전역동광장종점,63,용남고등학교,0,0,0,0,0,0,3,1,9,2,3,3,2,2,0,1,0,3,0,0,0,0,0,0,
2002,대전역동광장종점 - 대전역동광장종점,64,계룡복지센터,0,0,0,0,0,0,4,0,0,0,2,0,0,3,0,0,0,0,0,0,0,0,0,0,
2002,대전역동광장종점 - 대전역동광장종점,65,해미르아파트,0,0,0,0,2,0,0,0,6,0,4,0,4,4,1,0,0,0,0,0,0,0,0,0,
2002,대전역동광장종점 - 대전역동광장종점,66,무궁화동산,0,0,0,0,3,0,0,0,0,0,0,4,4,0,0,0,0,0,0,0,0,0,0,0,
2002,대전역동광장종점 - 대전역동광장종점,67,엄사입구,0,0,0,0,4,3,1,2,10,0,6,0,6,6,1,3,4,5,3,0,0,0,0,0,
2002,대전역동광장종점 - 대전역동광장종점,68,두산아파트,0,0,1,3,7,7,4,7,5,14,13,12,9,8,6,2,6,4,4,0,0,0,0,0,
2002,대전역동광장종점 - 대전역동광장종점,69,삼진아파트,0,0,0,4,10,11,8,11,9,16,17,15,11,8,7,4,0,5,5,0,0,0,0,0,
2002,대전역동광장종점 - 대전역동광장종점,70,양정,0,0,0,4,0,0,0,0,10,9,0,0,0,0,8,4,0,0,0,0,0,0,0,0,
2002,대전역동광장종점 - 대전역동광장종점,71,천마사,0,0,0,0,0,0,0,0,0,0,0,0,11,0,0,0,0,6,0,0,0,0,0,0,
2002,대전역동광장종점 - 대전역동광장종점,72,금암2통,0,0,0,0,0,0,0,12,0,15,0,0,0,0,0,0,0,0,0,0,0,0,0,0,
2002,대전역동광장종점 - 대전역동광장종점,73,금암삼거리,0,0,0,0,0,9,7,0,0,0,0,12,12,0,0,0,0,0,0,0,0,0,0,0,
2002,대전역동광장종점 - 대전역동광장종점,74,계룡시청,0,0,0,0,0,10,6,0,0,10,0,11,10,7,0,0,8,0,6,0,0,0,0,0,
2002,대전역동광장종점 - 대전역동광장종점,75,계룡시보건소,0,0,2,6,11,11,13,13,10,12,0,17,0,0,8,0,4,7,6,0,0,0,0,0,
2002,대전역동광장종점 - 대전역동광장종점,76,쉐리움오피스텔,0,0,0,0,10,10,0,0,0,14,0,0,13,6,0,0,4,0,0,0,0,0,0,0,
2002,대전역동광장종점 - 대전역동광장종점,77,계룡고등학교,0,0,0,0,11,11,15,12,8,13,0,16,0,0,10,0,0,2,5,0,0,0,0,0,
2002,대전역동광장종점 - 대전역동광장종점,78,한라비발디아파트,0,0,0,0,0,12,0,11,0,18,0,13,8,4,8,5,0,8,4,0,0,0,0,0,
2002,대전역동광장종점 - 대전역동광장종점,79,계룡리슈빌아파트,0,0,3,0,12,14,18,14,9,19,0,12,9,13,11,6,6,8,0,0,0,0,0,0,
2002,대전역동광장종점 - 대전역동광장종점,80,계룡대실초등학교,0,0,0,0,0,0,0,0,0,0,0,7,0,0,0,0,0,7,0,0,0,0,0,0,
2002,대전역동광장종점 - 대전역동광장종점,81,계룡자이아파트,0,0,0,0,13,0,19,13,9,21,0,10,9,10,10,6,6,8,0,0,0,0,0,0,
2002,대전역동광장종점 - 대전역동광장종점,82,진들,0,0,0,0,0,14,20,0,15,14,0,11,0,0,12,0,0,0,0,0,0,0,0,0,
2002,대전역동광장종점 - 대전역동광장종점,83,신성2차아파트,0,0,0,0,9,0,22,15,18,0,11,0,12,0,0,9,0,3,0,0,0,0,0,0,
2002,대전역동광장종점 - 대전역동광장종점,84,노인종합복지관,0,0,0,0,12,0,0,0,0,0,0,0,0,0,0,0,0,0,0,0,0,0,0,0,
2002,대전역동광장종점 - 대전역동광장종점,85,홈플러스계룡점,0,0,0,5,13,17,14,17,0,0,14,0,14,13,12,12,7,9,5,0,0,0,0,0,
2002,대전역동광장종점 - 대전역동광장종점,86,신계룡변전소,0,0,0,0,16,0,0,0,0,22,0,9,0,0,0,0,0,0,0,0,0,0,0,0,
2002,대전역동광장종점 - 대전역동광장종점,87,계룡역,0,0,0,6,0,20,26,20,16,24,15,9,14,15,9,15,6,10,7,0,0,0,0,0,
2002,대전역동광장종점 - 대전역동광장종점,88,두마초등학교,0,0,2,0,0,0,23,0,17,22,17,10,0,16,10,16,5,7,0,0,0,0,0,0,
2002,대전역동광장종점 - 대전역동광장종점,89,두마면사무소,0,0,0,7,0,0,17,21,15,0,16,10,15,15,0,0,0,0,0,0,0,0,0,0,
2002,대전역동광장종점 - 대전역동광장종점,90,국민체육센터,0,0,0,0,0,0,0,0,0,23,0,0,0,0,11,0,0,0,0,0,0,0,0,0,
2002,대전역동광장종점 - 대전역동광장종점,91,왕대고개,0,0,3,0,17,0,24,0,16,0,19,0,17,12,12,17,0,0,0,0,0,0,0,0,
2002,대전역동광장종점 - 대전역동광장종점,92,계룡과선교,0,0,0,0,0,0,0,0,0,0,0,0,0,0,0,19,0,0,0,0,0,0,0,0,
2002,대전역동광장종점 - 대전역동광장종점,93,알로에농장,0,0,0,0,0,0,0,0,0,0,0,0,18,0,0,0,0,0,0,0,0,0,0,0,
2002,대전역동광장종점 - 대전역동광장종점,94,삿갓집,0,0,0,0,0,0,0,0,0,0,0,0,18,0,0,0,0,0,0,0,0,0,0,0,
2002,대전역동광장종점 - 대전역동광장종점,95,방동3통,0,0,0,0,0,0,19,0,0,0,0,0,0,0,0,0,0,0,0,0,0,0,0,0,
2002,대전역동광장종점 - 대전역동광장종점,96,엉고개,0,0,0,0,0,0,19,0,0,0,0,0,0,0,0,0,0,0,0,0,0,0,0,0,
2002,대전역동광장종점 - 대전역동광장종점,97,방동4통,0,0,0,0,0,0,19,0,0,0,0,0,0,0,0,0,0,0,0,0,0,0,0,0,
2002,대전역동광장종점 - 대전역동광장종점,98,방동대교,0,0,0,0,0,0,19,0,0,0,0,0,0,0,0,0,0,0,0,0,0,0,0,0,
2002,대전역동광장종점 - 대전역동광장종점,99,서일고등학교,0,0,0,8,9,17,26,0,16,0,18,9,18,9,11,16,2,0,0,0,0,0,0,0,
2002,대전역동광장종점 - 대전역동광장종점,100,샘물타운아파트,0,0,0,0,0,0,10,26,0,0,14,10,0,7,10,14,0,0,6,0,0,0,0,0,
2002,대전역동광장종점 - 대전역동광장종점,101,구봉마을5단지,0,0,0,0,9,18,0,25,13,22,19,12,0,0,9,0,6,0,8,0,0,0,0,0,
2002,대전역동광장종점 - 대전역동광장종점,102,신선마을아파트,0,0,4,4,0,17,0,23,0,20,0,0,0,0,0,0,0,0,7,0,0,0,0,0,
2002,대전역동광장종점 - 대전역동광장종점,103,관저네거리,0,0,0,5,8,18,7,26,14,14,18,16,13,13,11,10,9,4,7,0,0,0,0,0,
2002,대전역동광장종점 - 대전역동광장종점,104,건양대병원네거리,0,0,0,7,0,19,7,24,0,0,16,19,0,14,6,0,6,3,5,0,0,0,0,0,
2002,대전역동광장종점 - 대전역동광장종점,105,가수원육교.가수원시장,0,0,5,8,10,20,4,25,12,12,0,20,13,14,13,6,7,4,8,0,0,0,0,0,
2002,대전역동광장종점 - 대전역동광장종점,106,정림삼거리,0,0,5,7,10,23,0,26,0,13,15,9,14,11,12,5,6,3,0,0,0,0,0,0,
2002,대전역동광장종점 - 대전역동광장종점,107,도마삼거리,0,0,4,0,0,18,0,25,14,12,12,18,11,10,11,3,8,0,4,0,0,0,0,0,
2002,대전역동광장종점 - 대전역동광장종점,108,도마e편한세상아파트,0,0,0,0,9,0,5,27,0,11,10,0,9,13,0,0,4,0,6,0,0,0,0,0,
2002,대전역동광장종점 - 대전역동광장종점,109,도마시장,0,1,0,7,0,24,0,0,0,13,11,0,0,14,7,0,0,0,0,0,0,0,0,0,
2002,대전역동광장종점 - 대전역동광장종점,110,버드내아파트,0,0,0,0,8,25,0,25,13,10,0,6,0,0,5,0,0,0,5,0,0,0,0,0,
2002,대전역동광장종점 - 대전역동광장종점,111,서대전육교,0,0,0,0,0,23,0,22,22,0,10,18,0,13,4,0,7,2,3,0,0,0,0,0,
2002,대전역동광장종점 - 대전역동광장종점,112,서대전역네거리,0,2,3,0,7,19,13,20,20,0,7,16,5,10,0,10,6,0,1,0,0,0,0,0,
2002,대전역동광장종점 - 대전역동광장종점,113,서대전네거리역2번출구,0,3,0,0,4,0,12,17,19,9,12,15,0,8,0,9,0,3,0,0,0,0,0,0,
2002,대전역동광장종점 - 대전역동광장종점,114,대전충남병무청,0,2,0,0,8,0,11,0,0,7,10,14,0,0,6,0,5,2,2,0,0,0,0,0,
2002,대전역동광장종점 - 대전역동광장종점,115,중구청,0,0,0,0,7,17,0,0,6,0,9,0,0,9,0,0,3,0,0,0,0,0,0,0,
2002,대전역동광장종점 - 대전역동광장종점,116,중앙로역1번출구,0,0,1,0,6,12,6,13,10,4,6,7,3,5,5,8,0,0,0,1,0,0,0,0,
2002,대전역동광장종점 - 대전역동광장종점,117,목척교,0,0,0,5,3,8,4,7,5,1,2,0,2,3,4,7,0,0,0,0,0,0,0,0,
2002,대전역동광장종점 - 대전역동광장종점,118,대전역,0,0,1,0,1,1,1,1,2,0,0,3,0,0,2,3,2,0,0,0,0,0,0,0,
2002,대전역동광장종점 - 대전역동광장종점,119,삼성네거리,0,0,0,0,0,0,0,0,1,0,0,2,0,0,0,0,0,0,0,0,0,0,0,0,
2002,대전역동광장종점 - 대전역동광장종점,120,성남네거리,0,0,0,0,0,0,0,0,0,0,0,0,0,0,0,0,0,0,0,0,0,0,0,0,
2002,대전역동광장종점 - 대전역동광장종점,121,대성여자고등학교,0,0,0,0,0,0,0,0,0,0,0,0,0,0,0,0,0,0,0,0,0,0,0,0,
2002,대전역동광장종점 - 대전역동광장종점,122,대전역동광장종점,0,0,0,0,0,0,0,0,0,0,0,0,0,0,0,0,0,0,0,0,0,0,0,0,
201,원내동공영차고지 - 원내동공영차고지,1,원내동공영차고지,0,0,0,0,0,1,0,0,0,0,1,0,0,1,1,0,0,1,0,0,0,0,0,0,
201,원내동공영차고지 - 원내동공영차고지,2,서대전IC,0,0,0,0,0,0,0,1,0,1,0,1,0,1,0,0,0,0,0,0,0,0,0,0,
201,원내동공영차고지 - 원내동공영차고지,3,진잠중학교,0,0,0,1,1,1,0,0,1,0,0,1,1,1,0,0,0,0,1,0,0,0,0,0,
201,원내동공영차고지 - 원내동공영차고지,4,원내동,0,0,1,1,1,0,2,0,0,2,0,4,0,0,0,0,0,0,0,0,0,0,0,0,
201,원내동공영차고지 - 원내동공영차고지,5,원내네거리,0,1,0,2,0,4,3,3,3,3,6,7,5,3,3,2,1,2,2,0,0,0,0,0,
201,원내동공영차고지 - 원내동공영차고지,6,샘물타운아파트,0,2,0,0,2,5,5,6,4,1,5,8,6,3,4,3,2,2,2,0,0,0,0,0,
201,원내동공영차고지 - 원내동공영차고지,7,진잠네거리,0,0,1,0,1,3,5,5,4,1,6,7,7,3,2,3,0,3,0,0,0,0,0,0,
201,원내동공영차고지 - 원내동공영차고지,8,구봉마을7단지,0,0,1,3,2,5,1,6,5,6,8,8,0,2,2,1,2,4,2,0,0,0,0,0,
201,원내동공영차고지 - 원내동공영차고지,9,구봉마을9단지,0,5,3,4,4,7,5,7,9,6,7,9,7,2,3,2,3,1,2,0,0,0,0,0,
201,원내동공영차고지 - 원내동공영차고지,10,선암초교네거리,0,6,4,2,4,8,5,6,8,8,7,8,8,4,6,5,2,3,1,0,0,0,0,0,
201,원내동공영차고지 - 원내동공영차고지,11,느리울13단지,0,8,4,4,9,13,14,11,9,11,6,10,9,9,7,8,3,2,3,0,0,0,0,0,
201,원내동공영차고지 - 원내동공영차고지,12,느리울12단지,0,10,5,8,10,11,8,10,8,17,8,16,12,9,8,8,8,5,4,0,0,0,0,0,
201,원내동공영차고지 - 원내동공영차고지,13,대자연아파트,0,0,6,7,12,12,19,10,11,20,10,17,14,10,10,8,7,6,3,0,0,0,0,0,
201,원내동공영차고지 - 원내동공영차고지,14,대자연마을,0,0,11,8,16,13,22,13,13,26,10,20,13,17,15,14,7,8,4,0,0,0,0,0,
201,원내동공영차고지 - 원내동공영차고지,15,대자연아파트후문,0,0,12,11,16,16,27,17,15,29,11,21,12,15,12,15,7,7,4,0,0,0,0,0,
201,원내동공영차고지 - 원내동공영차고지,16,관저중학교,0,0,10,11,17,18,26,18,18,19,14,16,16,21,16,16,8,6,6,0,0,0,0,0,
201,원내동공영차고지 - 원내동공영차고지,17,건양대병원네거리,0,0,13,15,17,18,28,20,18,27,15,22,17,19,19,16,8,9,5,0,0,0,0,0,
201,원내동공영차고지 - 원내동공영차고지,18,동방고등학교,0,0,0,8,11,20,16,19,17,21,17,24,16,21,20,11,0,5,8,0,0,0,0,0,
201,원내동공영차고지 - 원내동공영차고지,19,가수원육교.가수원시장,0,0,16,15,21,25,31,19,18,33,18,22,15,21,25,18,10,11,8,0,0,0,0,0,
201,원내동공영차고지 - 원내동공영차고지,20,가수원네거리,0,0,15,12,20,24,29,19,19,33,18,19,17,14,27,14,11,5,0,0,0,0,0,0,
201,원내동공영차고지 - 원내동공영차고지,21,정림삼거리,0,0,9,15,20,24,21,19,25,33,18,21,19,16,29,13,7,6,7,0,0,0,0,0,
201,원내동공영차고지 - 원내동공영차고지,22,정림동,0,0,0,13,19,29,28,21,22,34,20,24,23,16,28,13,11,10,8,0,0,0,0,0,
201,원내동공영차고지 - 원내동공영차고지,23,서부소방서,0,0,18,16,18,9,27,22,25,34,22,18,23,16,27,23,0,4,9,0,0,0,0,0,
201,원내동공영차고지 - 원내동공영차고지,24,도마삼거리,0,0,8,15,20,33,28,27,26,33,23,25,24,23,27,22,12,8,7,0,0,0,0,0,
201,원내동공영차고지 - 원내동공영차고지,25,도마e편한세상아파트,0,0,22,14,25,36,31,27,22,34,25,27,28,24,26,22,14,9,5,6,0,0,0,0,
201,원내동공영차고지 - 원내동공영차고지,26,도마시장,0,0,24,16,24,38,23,30,24,34,27,26,30,23,28,10,15,9,0,0,0,0,0,0,
201,원내동공영차고지 - 원내동공영차고지,27,버드내아파트,0,0,25,18,19,39,30,34,24,37,31,24,28,26,26,24,16,10,3,5,0,0,0,0,
201,원내동공영차고지 - 원내동공영차고지,28,버드내네거리,0,0,13,12,23,40,32,38,27,27,34,26,27,23,25,24,10,10,4,0,0,0,0,0,
201,원내동공영차고지 - 원내동공영차고지,29,유천시장,0,0,27,16,24,38,28,40,28,39,31,30,27,24,27,22,16,11,6,4,0,0,0,0,
201,원내동공영차고지 - 원내동공영차고지,30,서대전육교,0,0,26,19,25,37,32,33,37,38,36,37,30,31,26,20,18,11,8,0,0,0,0,0,
201,원내동공영차고지 - 원내동공영차고지,31,서대전역네거리,0,0,27,18,23,26,28,35,39,38,39,34,29,30,24,16,12,11,11,0,0,0,0,0,
201,원내동공영차고지 - 원내동공영차고지,32,서대전네거리역2번출구,0,0,27,16,26,24,25,40,39,41,31,31,33,29,25,16,10,9,9,0,0,0,0,0,
201,원내동공영차고지 - 원내동공영차고지,33,대전충남병무청,0,0,26,14,25,22,27,42,40,41,34,30,34,30,29,20,12,11,10,0,0,0,0,0,
201,원내동공영차고지 - 원내동공영차고지,34,중구청,0,0,23,15,27,20,26,43,36,41,32,29,34,29,21,21,7,9,11,3,0,0,0,0,
201,원내동공영차고지 - 원내동공영차고지,35,중앙로역4번출구,0,0,22,16,31,19,22,39,30,27,28,31,38,30,26,19,18,12,13,3,0,0,0,0,
201,원내동공영차고지 - 원내동공영차고지,36,으능정이거리,0,0,23,15,31,20,26,34,28,26,28,34,35,38,33,34,30,13,15,4,0,0,0,0,
201,원내동공영차고지 - 원내동공영차고지,37,목척교,0,0,22,15,28,15,26,33,22,25,26,30,39,45,27,35,33,14,12,0,0,0,0,0,
201,원내동공영차고지 - 원내동공영차고지,38,대전역,0,0,17,12,29,16,19,33,31,27,36,40,48,54,36,35,32,17,15,6,0,0,0,0,
201,원내동공영차고지 - 원내동공영차고지,39,삼성네거리,0,0,16,0,16,15,19,26,32,26,28,38,47,53,34,29,0,8,0,0,0,0,0,0,
201,원내동공영차고지 - 원내동공영차고지,40,계룡디지텍고입구,0,0,0,13,27,16,19,30,22,23,26,38,45,53,31,29,32,14,14,0,0,0,0,0,
201,원내동공영차고지 - 원내동공영차고지,41,성남네거리,0,0,13,11,13,17,22,25,27,22,35,34,43,52,29,34,27,13,13,5,0,0,0,0,
201,원내동공영차고지 - 원내동공영차고지,42,효촌마을아파트,0,0,10,12,25,16,20,27,26,19,23,30,40,49,31,33,24,8,9,4,0,0,0,0,
201,원내동공영차고지 - 원내동공영차고지,43,복합터미널,0,0,7,5,7,4,4,7,7,7,4,13,14,17,8,10,8,7,3,2,0,0,0,0,
201,원내동공영차고지 - 원내동공영차고지,44,동부네거리,0,0,4,2,6,3,3,4,7,5,3,6,10,16,6,6,6,5,0,0,0,0,0,0,
201,원내동공영차고지 - 원내동공영차고지,45,가양중학교입구,0,0,2,0,4,2,3,4,6,4,2,9,7,11,3,5,4,2,4,0,0,0,0,0,
201,원내동공영차고지 - 원내동공영차고지,46,한신휴플러스,0,0,2,3,4,1,2,3,4,2,2,4,4,6,2,3,2,0,2,0,0,0,0,0,
201,원내동공영차고지 - 원내동공영차고지,47,비래동노인회관,0,0,3,1,2,0,1,1,4,0,1,3,2,2,0,1,0,0,1,0,0,0,0,0,
201,원내동공영차고지 - 원내동공영차고지,48,비래검문소,0,0,0,1,1,2,0,2,3,1,3,2,2,2,2,2,2,0,0,0,0,0,0,0,
201,원내동공영차고지 - 원내동공영차고지,49,비래검문소,0,2,3,2,3,4,3,3,2,3,4,4,1,1,7,3,0,2,0,0,0,0,0,0,
201,원내동공영차고지 - 원내동공영차고지,50,한신휴플러스,0,0,2,3,6,5,8,6,8,6,8,5,6,4,8,6,4,6,0,0,0,0,0,0,
201,원내동공영차고지 - 원내동공영차고지,51,적십자혈액원,0,0,4,3,3,6,8,8,12,5,10,7,7,5,4,7,2,7,1,0,0,0,0,0,
201,원내동공영차고지 - 원내동공영차고지,52,동부네거리,0,3,3,3,6,8,12,12,17,9,12,14,11,12,13,10,12,11,4,0,0,0,0,0,
201,원내동공영차고지 - 원내동공영차고지,53,복합터미널,0,4,4,10,13,20,25,24,34,33,24,31,33,41,29,28,29,22,15,0,0,0,0,0,
201,원내동공영차고지 - 원내동공영차고지,54,효촌마을아파트,0,5,5,4,11,16,23,21,33,35,22,27,21,43,30,29,28,0,6,0,0,0,0,0,
201,원내동공영차고지 - 원내동공영차고지,55,스마트뷰아파트,0,8,8,8,16,18,25,26,33,35,24,35,23,44,11,29,30,18,14,0,0,0,0,0,
201,원내동공영차고지 - 원내동공영차고지,56,성남네거리,0,0,8,9,18,23,27,33,33,37,26,26,35,41,29,28,31,21,5,0,0,0,0,0,
201,원내동공영차고지 - 원내동공영차고지,57,삼성초등학교,0,9,7,10,18,22,27,28,33,35,24,25,37,39,29,27,29,19,0,0,0,0,0,0,
201,원내동공영차고지 - 원내동공영차고지,58,대전역,0,0,9,8,16,20,29,30,33,36,23,37,31,38,28,33,29,23,18,0,0,0,0,0,
201,원내동공영차고지 - 원내동공영차고지,59,대전역네거리,0,0,8,8,16,15,29,27,27,34,31,39,36,39,30,33,35,30,29,0,0,0,0,0,
201,원내동공영차고지 - 원내동공영차고지,60,으능정이거리,0,0,6,9,14,15,27,22,20,31,27,39,42,40,41,35,44,34,32,0,0,0,0,0,
201,원내동공영차고지 - 원내동공영차고지,61,중앙로역6번출구,0,0,9,7,13,14,20,19,20,32,25,34,35,39,45,36,46,33,29,0,0,0,0,0,
201,원내동공영차고지 - 원내동공영차고지,62,중구청역,0,0,5,7,11,14,21,18,16,25,26,38,33,36,44,35,43,32,28,0,0,0,0,0,
201,원내동공영차고지 - 원내동공영차고지,63,대전충남병무청,0,0,10,4,14,16,20,17,21,29,26,35,43,38,39,33,38,41,27,0,0,0,0,0,
201,원내동공영차고지 - 원내동공영차고지,64,서대전네거리역3번출구,0,0,11,5,14,17,20,17,22,27,28,33,38,35,36,29,37,40,28,0,0,0,0,0,
201,원내동공영차고지 - 원내동공영차고지,65,서대전역네거리,0,0,9,4,16,14,20,17,24,27,28,32,36,36,38,37,37,38,33,0,0,0,0,0,
201,원내동공영차고지 - 원내동공영차고지,66,유천동현대아파트,0,0,14,9,12,15,21,18,24,26,24,31,35,35,38,36,36,37,32,0,0,0,0,0,
201,원내동공영차고지 - 원내동공영차고지,67,유천동서대전농협,0,0,7,9,13,16,20,14,20,25,22,30,35,33,34,29,33,32,28,0,0,0,0,0,
201,원내동공영차고지 - 원내동공영차고지,68,버드내아파트,0,0,6,4,10,15,20,17,17,25,21,28,34,31,34,37,31,29,29,0,0,0,0,0,
201,원내동공영차고지 - 원내동공영차고지,69,도마시장,0,0,13,4,14,13,15,17,16,26,20,30,30,26,32,35,27,28,28,0,0,0,0,0,
201,원내동공영차고지 - 원내동공영차고지,70,도마네거리,0,0,12,3,12,15,13,16,19,25,17,32,31,29,31,29,23,28,26,0,0,0,0,0,
201,원내동공영차고지 - 원내동공영차고지,71,도마삼거리,0,0,11,6,13,15,13,17,22,24,21,31,30,29,32,27,28,27,26,0,0,0,0,0,
201,원내동공영차고지 - 원내동공영차고지,72,서부소방서,0,0,10,5,12,15,13,13,19,24,23,28,29,32,31,26,23,22,25,0,0,0,0,0,
201,원내동공영차고지 - 원내동공영차고지,73,정림동,0,0,12,4,11,14,13,16,22,23,24,21,27,31,30,25,27,21,26,0,0,0,0,0,
201,원내동공영차고지 - 원내동공영차고지,74,가수원교,0,0,0,0,0,0,0,0,17,0,0,20,26,0,0,15,0,0,0,0,0,0,0,0,
201,원내동공영차고지 - 원내동공영차고지,75,가수원육교.가수원시장,0,0,12,7,10,13,10,15,19,22,20,22,29,31,26,25,24,24,26,11,0,0,0,0,
201,원내동공영차고지 - 원내동공영차고지,76,동방고등학교,0,0,9,3,7,12,8,11,16,20,17,20,27,19,22,19,22,20,20,6,0,0,0,0,
201,원내동공영차고지 - 원내동공영차고지,77,건양대병원네거리,0,0,8,0,9,11,7,9,12,14,13,17,25,29,18,18,21,16,7,5,0,0,0,0,
201,원내동공영차고지 - 원내동공영차고지,78,건양대병원,0,0,5,4,5,4,10,8,13,15,11,17,19,24,18,16,15,15,13,0,0,0,0,0,
201,원내동공영차고지 - 원내동공영차고지,79,원앙1.2단지,0,0,4,0,6,11,8,0,10,12,9,13,17,18,16,11,9,13,12,0,0,0,0,0,
201,원내동공영차고지 - 원내동공영차고지,80,대자연아파트,0,0,1,5,4,9,5,6,7,11,12,11,12,16,13,9,7,11,8,0,0,0,0,0,
201,원내동공영차고지 - 원내동공영차고지,81,원앙4단지,0,0,0,0,2,3,7,0,5,15,10,7,13,9,0,7,7,11,7,0,0,0,0,0,
201,원내동공영차고지 - 원내동공영차고지,82,건양대병원네거리,0,0,0,3,0,0,6,7,7,14,11,10,12,10,14,6,7,10,6,6,0,0,0,0,
201,원내동공영차고지 - 원내동공영차고지,83,느리울12단지,0,0,1,0,5,4,8,7,3,11,9,9,9,8,16,6,6,9,7,0,0,0,0,0,
201,원내동공영차고지 - 원내동공영차고지,84,느리울13단지,0,0,0,0,0,6,7,5,0,6,6,6,9,7,15,4,6,8,6,4,0,0,0,0,
201,원내동공영차고지 - 원내동공영차고지,85,선암초교네거리,0,0,3,4,6,6,6,5,4,7,6,6,7,5,9,4,11,9,5,1,0,0,0,0,
201,원내동공영차고지 - 원내동공영차고지,86,구봉마을8단지,0,0,2,1,7,0,7,4,2,6,5,5,5,3,6,4,6,8,3,1,0,0,0,0,
201,원내동공영차고지 - 원내동공영차고지,87,금동초등학교,0,0,0,0,6,4,6,3,2,5,4,5,4,4,5,1,4,5,2,0,0,0,0,0,
201,원내동공영차고지 - 원내동공영차고지,88,진잠네거리,0,0,0,0,1,3,2,3,0,3,3,0,2,0,0,0,0,0,0,0,0,0,0,0,
201,원내동공영차고지 - 원내동공영차고지,89,샘물타운아파트,0,0,1,0,4,1,2,2,0,2,3,1,2,2,4,1,2,0,2,0,0,0,0,0,
201,원내동공영차고지 - 원내동공영차고지,90,원내네거리,0,0,0,0,2,0,1,1,1,1,1,0,2,0,1,0,0,0,0,0,0,0,0,0,
201,원내동공영차고지 - 원내동공영차고지,91,원내동,0,0,0,0,1,0,0,0,0,0,0,0,0,0,0,0,0,0,0,0,0,0,0,0,
201,원내동공영차고지 - 원내동공영차고지,92,진잠중학교,0,0,0,0,0,0,0,0,0,0,0,0,1,0,0,0,0,0,0,0,0,0,0,0,
201,원내동공영차고지 - 원내동공영차고지,93,서대전IC,0,0,0,0,0,0,0,0,0,0,0,0,0,0,0,0,0,0,0,0,0,0,0,0,
201,원내동공영차고지 - 원내동공영차고지,94,원내동공영차고지,0,0,0,0,0,0,0,0,0,0,0,0,0,0,0,0,0,0,0,0,0,0,0,0,
202,대전역동광장종점 - 대전역동광장종점,1,대전역동광장종점,0,0,0,0,0,0,0,0,0,0,2,0,0,0,1,1,0,0,4,0,0,0,0,0,
202,대전역동광장종점 - 대전역동광장종점,2,대전역동광장종점,0,0,0,0,0,0,0,0,0,0,2,0,0,0,1,1,0,0,4,0,0,0,0,0,
202,대전역동광장종점 - 대전역동광장종점,3,대전역동광장,0,0,0,0,0,0,0,0,0,0,2,0,0,0,1,1,0,0,4,0,0,0,0,0,
202,대전역동광장종점 - 대전역동광장종점,4,중앙동주민센터,0,0,0,0,0,0,0,0,0,0,3,0,0,0,0,0,0,0,0,0,0,0,0,0,
202,대전역동광장종점 - 대전역동광장종점,5,대성여자고등학교,0,0,0,0,1,1,0,0,0,0,0,0,0,0,2,0,0,0,0,0,0,0,0,0,
202,대전역동광장종점 - 대전역동광장종점,6,성남네거리,0,0,1,0,3,6,1,0,2,1,0,2,3,2,0,3,0,0,0,0,0,0,0,0,
202,대전역동광장종점 - 대전역동광장종점,7,삼성초등학교,0,0,0,1,1,6,0,0,0,0,4,1,5,4,0,4,0,0,0,0,0,0,0,0,
202,대전역동광장종점 - 대전역동광장종점,8,대전역,0,0,2,0,0,12,2,0,3,2,6,4,8,9,5,8,1,5,5,0,0,0,0,0,
202,대전역동광장종점 - 대전역동광장종점,9,대전역네거리,0,0,4,2,4,16,7,2,4,6,13,7,18,13,11,12,4,11,12,0,0,0,0,0,
202,대전역동광장종점 - 대전역동광장종점,10,중앙로역6번출구,0,0,3,0,0,17,0,4,0,10,14,12,19,3,15,16,9,15,0,0,0,0,0,0,
202,대전역동광장종점 - 대전역동광장종점,11,중구청역,0,0,0,0,3,18,0,8,0,0,0,0,20,0,16,18,9,0,0,0,0,0,0,0,
202,대전역동광장종점 - 대전역동광장종점,12,대전충남병무청,0,0,0,0,2,16,5,9,4,10,18,15,21,4,19,21,0,15,0,0,0,0,0,0,
202,대전역동광장종점 - 대전역동광장종점,13,서대전네거리역3번출구,0,0,3,3,0,15,0,10,9,14,24,15,0,8,22,23,11,0,13,0,0,0,0,0,
202,대전역동광장종점 - 대전역동광장종점,14,서대전역네거리,0,0,0,0,0,14,6,12,11,16,21,23,6,22,23,30,14,16,14,0,0,0,0,0,
202,대전역동광장종점 - 대전역동광장종점,15,유천동현대아파트,0,0,0,0,0,12,0,13,8,16,20,20,0,18,22,29,13,14,12,0,0,0,0,0,
202,대전역동광장종점 - 대전역동광장종점,16,유천동서대전농협,0,0,0,0,0,0,0,10,8,15,0,19,0,18,23,30,0,15,0,0,0,0,0,0,
202,대전역동광장종점 - 대전역동광장종점,17,버드내아파트,0,0,0,2,0,12,0,14,0,16,0,17,0,19,22,0,6,0,0,0,0,0,0,0,
202,대전역동광장종점 - 대전역동광장종점,18,도마시장,0,0,0,3,0,14,0,13,0,14,0,14,6,20,20,27,12,14,0,0,0,0,0,0,
202,대전역동광장종점 - 대전역동광장종점,19,도마네거리,0,0,4,4,0,16,0,12,0,15,21,14,8,0,19,0,17,13,0,0,0,0,0,0,
202,대전역동광장종점 - 대전역동광장종점,20,도마삼거리,0,0,0,4,7,10,9,13,0,12,19,11,11,19,20,25,18,13,11,0,0,0,0,0,
202,대전역동광장종점 - 대전역동광장종점,21,서부소방서,0,0,0,5,6,10,0,14,0,13,16,10,10,18,21,24,17,14,0,0,0,0,0,0,
202,대전역동광장종점 - 대전역동광장종점,22,정림동,0,0,0,7,8,11,16,13,0,14,14,11,11,11,21,25,16,7,12,0,0,0,0,0,
202,대전역동광장종점 - 대전역동광장종점,23,가수원교,0,0,0,0,4,0,0,0,0,0,0,0,0,0,0,24,0,0,0,0,0,0,0,0,
202,대전역동광장종점 - 대전역동광장종점,24,가수원육교.가수원시장,0,0,5,0,0,11,14,12,6,16,16,13,12,20,22,24,12,14,14,0,0,0,0,0,
202,대전역동광장종점 - 대전역동광장종점,25,동방고등학교,0,0,0,0,7,9,8,0,8,15,14,0,11,19,0,20,13,12,12,0,0,0,0,0,
202,대전역동광장종점 - 대전역동광장종점,26,건양대병원네거리,0,0,0,0,0,10,13,0,10,16,14,13,10,17,20,20,11,6,13,0,0,0,0,0,
202,대전역동광장종점 - 대전역동광장종점,27,관저네거리,0,0,0,8,3,8,12,0,8,15,13,0,8,0,0,18,16,0,14,0,0,0,0,0,
202,대전역동광장종점 - 대전역동광장종점,28,신선마을아파트,0,0,0,0,0,6,13,13,9,15,15,6,14,19,0,18,14,9,10,0,0,0,0,0,
202,대전역동광장종점 - 대전역동광장종점,29,롯데마트서대전점,0,0,0,0,8,0,0,12,8,0,14,0,15,18,0,17,15,0,0,0,0,0,0,0,
202,대전역동광장종점 - 대전역동광장종점,30,샘물타운아파트,0,0,0,0,0,0,0,0,7,15,0,0,0,0,0,16,0,0,14,0,0,0,0,0,
202,대전역동광장종점 - 대전역동광장종점,31,진잠타운아파트,0,0,0,9,4,0,12,14,0,14,11,7,0,16,19,0,15,0,8,0,0,0,0,0,
202,대전역동광장종점 - 대전역동광장종점,32,서대전IC,0,0,0,10,7,7,0,10,8,15,16,8,0,17,23,0,14,10,0,0,0,0,0,0,
202,대전역동광장종점 - 대전역동광장종점,33,방동저수지,0,0,0,0,0,0,10,0,0,0,0,0,0,0,0,0,0,0,0,0,0,0,0,0,
202,대전역동광장종점 - 대전역동광장종점,34,방동4통,0,0,0,0,0,0,10,0,0,0,0,0,0,0,0,0,0,0,0,0,0,0,0,0,
202,대전역동광장종점 - 대전역동광장종점,35,방동3통,0,0,0,0,0,7,0,0,0,0,0,0,0,0,0,0,0,0,0,0,0,0,0,0,
202,대전역동광장종점 - 대전역동광장종점,36,삿갓집,0,0,0,0,0,0,0,0,0,0,15,0,0,0,0,0,0,0,0,0,0,0,0,0,
202,대전역동광장종점 - 대전역동광장종점,37,알로에농장,0,0,0,9,0,0,0,0,0,0,0,0,0,0,0,0,0,0,0,0,0,0,0,0,
202,대전역동광장종점 - 대전역동광장종점,38,계룡과선교,0,0,0,0,0,0,8,9,0,0,13,0,13,15,0,0,0,0,0,0,0,0,0,0,
202,대전역동광장종점 - 대전역동광장종점,39,왕대고개,0,0,4,7,0,0,0,15,0,0,0,0,0,0,0,19,0,9,0,0,0,0,0,0,
202,대전역동광장종점 - 대전역동광장종점,40,국민체육센터,0,0,4,7,0,0,0,15,0,0,0,0,0,0,0,19,0,9,0,0,0,0,0,0,
202,대전역동광장종점 - 대전역동광장종점,41,두마면사무소,0,0,0,6,0,8,0,13,0,15,14,0,12,14,0,0,13,0,0,7,0,0,0,0,
202,대전역동광장종점 - 대전역동광장종점,42,두마초등학교,0,0,0,0,0,0,7,0,0,0,13,0,15,15,22,18,12,0,0,0,0,0,0,0,
202,대전역동광장종점 - 대전역동광장종점,43,이편한세상아파트,0,0,0,0,0,8,7,9,0,15,12,7,13,14,24,14,11,12,12,0,0,0,0,0,
202,대전역동광장종점 - 대전역동광장종점,44,계룡역,0,0,0,5,0,9,8,7,0,14,16,11,14,20,25,20,0,11,14,0,0,0,0,0,
202,대전역동광장종점 - 대전역동광장종점,45,홈플러스계룡점,0,0,0,4,1,8,6,8,0,13,0,10,12,0,23,15,0,0,12,0,0,0,0,0,
202,대전역동광장종점 - 대전역동광장종점,46,노인종합복지관,0,0,0,0,0,0,0,0,9,0,0,0,0,0,24,0,14,0,0,0,0,0,0,0,
202,대전역동광장종점 - 대전역동광장종점,47,신성2차아파트,0,0,3,0,0,6,5,7,0,11,0,0,10,0,21,12,13,7,10,6,0,0,0,0,
202,대전역동광장종점 - 대전역동광장종점,48,진들,0,0,0,0,0,0,6,3,0,0,0,9,14,19,0,0,0,8,0,0,0,0,0,0,
202,대전역동광장종점 - 대전역동광장종점,49,계룡대실LH4단지아파트,0,0,0,0,2,7,8,8,6,10,16,8,10,17,17,10,11,0,9,5,0,0,0,0,
202,대전역동광장종점 - 대전역동광장종점,50,계룡대실초등학교,0,0,0,0,0,0,0,0,0,9,15,0,0,0,0,0,0,0,8,0,0,0,0,0,
202,대전역동광장종점 - 대전역동광장종점,51,계룡푸르지오아파트,0,0,0,0,3,4,10,5,5,9,15,9,9,16,12,18,7,0,7,4,0,0,0,0,
202,대전역동광장종점 - 대전역동광장종점,52,한라비발디아파트,0,0,0,0,4,0,0,6,9,5,16,12,0,7,13,17,0,9,0,0,0,0,0,0,
202,대전역동광장종점 - 대전역동광장종점,53,계룡고등학교,0,0,0,0,0,0,0,7,10,5,16,13,0,6,14,0,8,0,6,0,0,0,0,0,
202,대전역동광장종점 - 대전역동광장종점,54,쉐리움오피스텔,0,3,0,0,0,6,9,6,12,0,0,0,8,17,0,0,0,10,0,0,0,0,0,0,
202,대전역동광장종점 - 대전역동광장종점,55,계룡시보건소,0,0,4,3,4,0,10,4,14,3,14,7,6,14,12,15,6,9,0,0,0,0,0,0,
202,대전역동광장종점 - 대전역동광장종점,56,계룡시청,0,0,0,0,0,0,0,0,15,5,0,0,22,0,0,14,7,0,0,0,0,0,0,0,
202,대전역동광장종점 - 대전역동광장종점,57,금암삼거리,0,0,0,0,0,0,0,3,0,0,0,7,0,0,0,0,0,0,0,0,0,0,0,0,
202,대전역동광장종점 - 대전역동광장종점,58,금암2통,0,0,0,0,0,0,0,3,0,0,0,7,0,0,0,0,0,0,0,0,0,0,0,0,
202,대전역동광장종점 - 대전역동광장종점,59,천마사,0,0,0,2,0,6,4,0,0,0,6,9,0,0,0,13,0,0,0,0,0,0,0,0,
202,대전역동광장종점 - 대전역동광장종점,60,양정,0,0,0,1,0,5,7,4,0,0,13,8,5,0,0,12,5,8,5,0,0,0,0,0,
202,대전역동광장종점 - 대전역동광장종점,61,삼진아파트,0,0,3,0,5,4,6,0,11,0,11,8,21,4,12,9,4,5,3,3,0,0,0,0,
202,대전역동광장종점 - 대전역동광장종점,62,성원아파트,0,0,1,2,1,2,2,3,6,4,6,5,12,3,7,7,3,3,1,1,0,0,0,0,
202,대전역동광장종점 - 대전역동광장종점,63,엄사네거리,0,0,0,0,0,0,1,1,3,3,4,1,3,2,7,8,2,3,0,0,0,0,0,0,
202,대전역동광장종점 - 대전역동광장종점,64,평리,0,0,0,0,2,0,0,0,0,0,0,0,0,0,6,0,0,0,0,0,0,0,0,0,
202,대전역동광장종점 - 대전역동광장종점,65,계룡대제2문,0,0,0,1,1,0,0,0,0,0,0,2,0,0,4,7,0,2,0,0,0,0,0,0,
202,대전역동광장종점 - 대전역동광장종점,66,신도안면사무소,0,0,0,0,0,0,0,0,0,0,0,1,0,0,2,3,0,0,0,0,0,0,0,0,
202,대전역동광장종점 - 대전역동광장종점,67,계룡대쇼핑센터,0,0,0,0,0,2,2,0,1,1,2,0,0,1,0,0,1,0,0,0,0,0,0,0,
202,대전역동광장종점 - 대전역동광장종점,68,신도안아파트,0,0,0,0,0,2,2,0,1,1,2,0,0,1,0,0,1,0,0,0,0,0,0,0,
202,대전역동광장종점 - 대전역동광장종점,69,용남고등학교,0,0,0,0,0,0,3,0,3,5,4,1,2,0,1,1,2,1,0,0,0,0,0,0,
202,대전역동광장종점 - 대전역동광장종점,70,계룡복지센터,0,0,0,0,0,0,0,0,5,2,5,0,0,0,0,0,0,0,1,0,0,0,0,0,
202,대전역동광장종점 - 대전역동광장종점,71,해미르아파트,0,0,0,0,0,3,4,0,7,7,6,3,0,2,2,0,0,0,0,0,0,0,0,0,
202,대전역동광장종점 - 대전역동광장종점,72,무궁화동산,0,0,0,0,0,0,0,0,10,0,8,0,3,0,0,0,0,0,0,0,0,0,0,0,
202,대전역동광장종점 - 대전역동광장종점,73,엄사입구,0,4,1,0,2,2,6,1,12,4,9,4,6,3,7,2,6,2,5,0,0,0,0,0,
202,대전역동광장종점 - 대전역동광장종점,74,두산아파트,0,6,2,1,3,3,10,5,11,10,9,10,7,11,11,4,9,0,0,0,0,0,0,0,
202,대전역동광장종점 - 대전역동광장종점,75,삼진아파트,0,9,4,0,6,0,4,12,13,11,12,9,8,13,12,5,7,0,0,0,0,0,0,0,
202,대전역동광장종점 - 대전역동광장종점,76,양정,0,0,0,0,0,0,0,0,14,0,0,10,0,0,0,0,0,0,0,0,0,0,0,0,
202,대전역동광장종점 - 대전역동광장종점,77,천마사,0,0,0,0,0,0,0,0,0,10,10,11,0,0,0,0,0,0,0,0,0,0,0,0,
202,대전역동광장종점 - 대전역동광장종점,78,금암2통,0,0,0,3,0,0,0,0,0,0,0,0,6,0,13,0,0,0,0,0,0,0,0,0,
202,대전역동광장종점 - 대전역동광장종점,79,금암삼거리,0,0,0,2,0,0,0,0,0,0,8,10,4,12,0,0,0,0,0,0,0,0,0,0,
202,대전역동광장종점 - 대전역동광장종점,80,계룡시청,0,0,0,0,0,0,0,0,17,9,11,9,3,0,12,0,8,0,0,0,0,0,0,0,
202,대전역동광장종점 - 대전역동광장종점,81,계룡시보건소,0,0,3,6,7,9,10,12,19,9,12,14,10,10,14,6,9,0,5,0,0,0,0,0,
202,대전역동광장종점 - 대전역동광장종점,82,쉐리움오피스텔,0,0,0,7,6,10,0,0,0,10,13,15,0,0,0,6,4,0,6,0,0,0,0,0,
202,대전역동광장종점 - 대전역동광장종점,83,계룡고등학교,0,11,0,0,0,11,6,0,18,0,13,14,12,6,13,0,0,0,3,0,0,0,0,0,
202,대전역동광장종점 - 대전역동광장종점,84,한라비발디아파트,0,0,11,6,0,10,9,11,16,0,11,12,10,10,14,0,8,0,4,0,0,0,0,0,
202,대전역동광장종점 - 대전역동광장종점,85,계룡리슈빌아파트,0,0,10,0,5,12,11,0,17,11,12,13,9,0,13,0,7,0,2,0,0,0,0,0,
202,대전역동광장종점 - 대전역동광장종점,86,계룡대실초등학교,0,0,2,0,0,13,12,12,0,0,0,0,0,0,0,0,0,0,0,0,0,0,0,0,
202,대전역동광장종점 - 대전역동광장종점,87,계룡자이아파트,0,0,12,4,8,15,16,12,20,13,13,12,10,14,12,2,3,0,0,0,0,0,0,0,
202,대전역동광장종점 - 대전역동광장종점,88,진들,0,0,0,7,9,0,0,0,21,0,12,0,0,0,0,5,0,0,0,0,0,0,0,0,
202,대전역동광장종점 - 대전역동광장종점,89,신성2차아파트,0,0,4,0,0,0,12,17,23,14,4,13,11,0,15,0,0,0,0,0,0,0,0,0,
202,대전역동광장종점 - 대전역동광장종점,90,노인종합복지관,0,0,0,0,0,0,0,14,24,0,6,0,0,0,0,0,0,0,0,0,0,0,0,0,
202,대전역동광장종점 - 대전역동광장종점,91,홈플러스계룡점,0,0,0,5,0,10,0,17,25,17,14,0,0,17,16,7,0,5,3,0,0,0,0,0,
202,대전역동광장종점 - 대전역동광장종점,92,신계룡변전소,0,0,0,6,0,0,0,0,0,16,13,0,0,0,0,0,0,0,0,0,0,0,0,0,
202,대전역동광장종점 - 대전역동광장종점,93,계룡역,0,0,9,9,3,17,13,15,25,17,14,14,16,25,13,0,12,4,0,0,0,0,0,0,
202,대전역동광장종점 - 대전역동광장종점,94,두마초등학교,0,0,10,6,0,0,0,15,25,16,13,0,15,26,12,0,0,3,0,0,0,0,0,0,
202,대전역동광장종점 - 대전역동광장종점,95,두마면사무소,0,0,0,0,8,18,0,18,26,15,15,0,0,27,0,0,0,2,0,0,0,0,0,0,
202,대전역동광장종점 - 대전역동광장종점,96,국민체육센터,0,0,9,0,0,0,0,0,0,0,0,0,0,0,0,0,0,0,0,0,0,0,0,0,
202,대전역동광장종점 - 대전역동광장종점,97,왕대고개,0,0,0,0,0,21,0,0,27,0,0,0,0,26,12,0,0,4,0,0,0,0,0,0,
202,대전역동광장종점 - 대전역동광장종점,98,계룡과선교,0,0,0,0,0,0,0,18,26,16,0,0,0,0,0,0,0,0,0,0,0,0,0,0,
202,대전역동광장종점 - 대전역동광장종점,99,알로에농장,0,0,0,0,0,0,0,0,0,0,0,0,8,0,0,0,0,0,0,0,0,0,0,0,
202,대전역동광장종점 - 대전역동광장종점,100,삿갓집,0,0,0,0,0,0,0,0,0,0,0,0,8,0,0,0,0,0,0,0,0,0,0,0,
202,대전역동광장종점 - 대전역동광장종점,101,방동3통,0,0,0,0,0,0,0,0,0,0,0,0,8,0,0,0,0,0,0,0,0,0,0,0,
202,대전역동광장종점 - 대전역동광장종점,102,엉고개,0,0,0,0,0,0,0,0,0,0,0,0,8,0,0,0,0,0,0,0,0,0,0,0,
202,대전역동광장종점 - 대전역동광장종점,103,방동4통,0,0,0,0,0,0,0,0,0,0,0,0,8,0,0,0,0,0,0,0,0,0,0,0,
202,대전역동광장종점 - 대전역동광장종점,104,방동대교,0,0,0,0,0,9,0,0,0,0,0,0,0,0,0,0,0,0,0,0,0,0,0,0,
202,대전역동광장종점 - 대전역동광장종점,105,서일고등학교,0,0,6,7,2,14,8,16,24,18,0,12,0,23,11,8,11,2,2,0,0,0,0,0,
202,대전역동광장종점 - 대전역동광장종점,106,샘물타운아파트,0,0,2,0,9,11,7,18,26,0,0,11,0,20,10,7,0,1,3,0,0,0,0,0,
202,대전역동광장종점 - 대전역동광장종점,107,구봉마을5단지,0,0,7,0,1,0,0,0,0,18,0,12,14,10,11,10,12,0,0,0,0,0,0,0,
202,대전역동광장종점 - 대전역동광장종점,108,신선마을아파트,0,0,6,0,0,0,0,17,17,0,18,0,0,11,14,0,0,0,0,0,0,0,0,0,
202,대전역동광장종점 - 대전역동광장종점,109,관저네거리,0,0,7,6,8,12,13,11,24,19,16,17,15,16,13,11,10,3,1,0,0,0,0,0,
202,대전역동광장종점 - 대전역동광장종점,110,건양대병원네거리,0,0,9,0,7,13,14,0,22,18,0,8,16,14,0,9,6,3,0,0,0,0,0,0,
202,대전역동광장종점 - 대전역동광장종점,111,동방고등학교,0,0,8,0,6,0,0,0,23,20,15,10,15,12,0,0,0,4,0,0,0,0,0,0,
202,대전역동광장종점 - 대전역동광장종점,112,가수원육교.가수원시장,0,0,7,7,4,16,13,9,22,24,17,11,18,11,0,11,5,5,0,4,0,0,0,0,
202,대전역동광장종점 - 대전역동광장종점,113,가수원네거리,0,0,0,0,0,0,11,0,0,23,0,0,19,0,0,9,0,6,0,3,0,0,0,0,
202,대전역동광장종점 - 대전역동광장종점,114,정림삼거리,0,0,8,8,6,0,0,10,19,23,18,10,17,10,0,0,5,4,0,0,0,0,0,0,
202,대전역동광장종점 - 대전역동광장종점,115,정림동,0,0,0,0,0,0,0,11,0,22,18,0,16,10,0,0,0,0,0,0,0,0,0,0,
202,대전역동광장종점 - 대전역동광장종점,116,서부소방서,0,0,0,9,5,0,10,0,0,20,17,9,17,0,10,0,2,0,0,0,0,0,0,0,
202,대전역동광장종점 - 대전역동광장종점,117,도마삼거리,0,0,9,10,4,18,11,12,21,25,20,11,18,8,9,9,0,0,0,0,0,0,0,0,
202,대전역동광장종점 - 대전역동광장종점,118,도마e편한세상아파트,0,0,11,12,5,19,19,0,23,21,20,12,19,6,9,9,0,5,0,0,0,0,0,0,
202,대전역동광장종점 - 대전역동광장종점,119,도마시장,0,0,12,0,0,20,20,0,26,23,19,0,22,8,0,0,0,0,0,0,0,0,0,0,
202,대전역동광장종점 - 대전역동광장종점,120,버드내아파트,0,0,0,10,5,21,0,0,28,24,18,0,24,0,8,10,0,0,0,0,0,0,0,0,
202,대전역동광장종점 - 대전역동광장종점,121,버드내네거리,0,0,13,11,6,22,22,0,30,23,0,21,24,0,0,8,0,6,0,0,0,0,0,0,
202,대전역동광장종점 - 대전역동광장종점,122,유천시장,0,0,0,0,5,19,0,0,0,25,15,0,25,0,0,0,0,6,0,0,0,0,0,0,
202,대전역동광장종점 - 대전역동광장종점,123,서대전육교,0,0,14,0,7,17,27,12,0,24,15,22,20,7,0,8,0,5,3,0,0,0,0,0,
202,대전역동광장종점 - 대전역동광장종점,124,서대전역네거리,0,0,0,9,0,12,24,0,26,21,18,20,8,0,7,7,0,4,1,0,0,0,0,0,
202,대전역동광장종점 - 대전역동광장종점,125,서대전네거리역2번출구,0,0,0,0,0,11,21,11,24,17,17,16,16,0,7,9,0,4,3,0,0,0,0,0,
202,대전역동광장종점 - 대전역동광장종점,126,대전충남병무청,0,0,0,0,0,10,19,7,20,16,16,16,16,6,7,8,0,2,0,2,0,0,0,0,
202,대전역동광장종점 - 대전역동광장종점,127,중구청,0,0,10,8,0,9,0,0,18,17,13,11,0,0,6,6,3,0,0,0,0,0,0,0,
202,대전역동광장종점 - 대전역동광장종점,128,중앙로역4번출구,0,0,9,8,0,4,18,8,9,8,8,6,7,5,4,3,2,0,0,0,0,0,0,0,
202,대전역동광장종점 - 대전역동광장종점,129,목척교,0,0,0,5,0,2,9,3,0,5,6,6,4,4,2,0,1,0,0,0,0,0,0,0,
202,대전역동광장종점 - 대전역동광장종점,130,대전역,0,0,0,0,0,0,3,2,2,1,1,1,1,2,0,4,1,2,1,3,0,0,0,0,
202,대전역동광장종점 - 대전역동광장종점,131,삼성네거리,0,0,0,0,0,0,0,0,0,0,0,0,0,3,0,0,0,0,0,0,0,0,0,0,
202,대전역동광장종점 - 대전역동광장종점,132,계룡디지텍고입구,0,0,0,0,0,0,0,0,0,0,0,0,0,0,0,2,0,1,0,2,0,0,0,0,
202,대전역동광장종점 - 대전역동광장종점,133,성남네거리,0,0,0,0,0,0,0,0,0,0,0,0,0,2,0,1,0,0,0,0,0,0,0,0,
202,대전역동광장종점 - 대전역동광장종점,134,대성여자고등학교,0,0,0,0,0,0,0,0,0,0,0,0,0,0,0,0,0,0,0,0,0,0,0,0,
202,대전역동광장종점 - 대전역동광장종점,135,중앙동주민센터,0,0,0,0,0,0,0,0,1,0,0,0,0,0,0,0,0,0,0,0,0,0,0,0,
202,대전역동광장종점 - 대전역동광장종점,136,대전역동광장종점,0,0,0,0,0,0,0,0,0,0,0,0,0,0,0,0,0,0,0,0,0,0,0,0,
203,원내동공영차고지 - 원내동공영차고지,1,원내동공영차고지,0,0,0,0,0,0,0,0,0,0,0,0,0,0,2,1,0,0,0,0,0,0,0,0,
203,원내동공영차고지 - 원내동공영차고지,2,서일고등학교,0,0,0,1,1,0,1,1,1,1,2,0,0,0,0,0,0,1,0,0,0,0,0,0,
203,원내동공영차고지 - 원내동공영차고지,3,진잠네거리,0,0,0,0,0,1,0,0,2,2,5,0,0,1,0,0,0,2,1,0,0,0,0,0,
203,원내동공영차고지 - 원내동공영차고지,4,구봉마을7단지,0,0,0,1,0,2,1,0,0,1,1,0,3,0,1,0,0,1,0,0,0,0,0,0,
203,원내동공영차고지 - 원내동공영차고지,5,구봉고등학교,0,0,0,1,2,3,3,3,3,0,3,1,0,0,1,2,1,0,0,0,0,0,0,0,
203,원내동공영차고지 - 원내동공영차고지,6,관저동예미지아파트,0,0,0,0,2,5,4,4,5,3,5,0,0,2,2,0,0,0,0,0,0,0,0,0,
203,원내동공영차고지 - 원내동공영차고지,7,다온숲아파트,0,1,0,2,2,8,5,6,6,4,4,1,2,3,0,0,0,1,0,0,0,0,0,0,
203,원내동공영차고지 - 원내동공영차고지,8,천년나무아파트,0,4,0,4,7,14,9,11,9,7,8,2,4,3,4,5,0,0,0,0,0,0,0,0,
203,원내동공영차고지 - 원내동공영차고지,9,느리울초등학교,0,5,1,5,9,16,10,11,9,7,9,3,3,4,0,3,3,0,1,0,0,0,0,0,
203,원내동공영차고지 - 원내동공영차고지,10,느리울12단지,0,7,1,7,15,17,12,13,13,13,11,11,7,8,3,7,6,4,3,0,0,0,0,0,
203,원내동공영차고지 - 원내동공영차고지,11,건양대병원,0,11,2,9,16,19,19,19,21,21,14,14,9,13,5,12,11,6,4,0,0,0,0,0,
203,원내동공영차고지 - 원내동공영차고지,12,도솔초등학교,0,0,2,10,17,23,21,12,22,32,15,16,11,10,10,0,10,0,0,0,0,0,0,0,
203,원내동공영차고지 - 원내동공영차고지,13,수목토아파트,0,0,3,8,16,19,23,17,22,33,14,15,14,11,7,11,6,1,3,0,0,0,0,0,
203,원내동공영차고지 - 원내동공영차고지,14,트리풀시티레이크포레,0,0,5,10,18,22,23,20,26,25,18,16,15,13,12,10,8,5,5,2,0,0,0,0,
203,원내동공영차고지 - 원내동공영차고지,15,옥녀봉네거리,0,0,9,4,20,23,24,23,28,25,16,18,22,12,15,0,0,7,3,3,0,0,0,0,
203,원내동공영차고지 - 원내동공영차고지,16,도솔네거리,0,0,0,3,19,0,21,0,0,24,17,16,14,11,11,0,4,6,2,0,0,0,0,0,
203,원내동공영차고지 - 원내동공영차고지,17,안골네거리,0,0,10,7,17,21,20,25,28,23,23,16,17,11,11,0,8,0,2,2,0,0,0,0,
203,원내동공영차고지 - 원내동공영차고지,18,둔원초등학교,0,0,0,9,13,19,20,23,19,24,24,14,15,10,0,9,7,5,0,1,0,0,0,0,
203,원내동공영차고지 - 원내동공영차고지,19,큰마을아파트,0,0,9,8,12,16,13,19,25,23,17,14,17,10,9,8,3,5,1,0,0,0,0,0,
203,원내동공영차고지 - 원내동공영차고지,20,은하수네거리,0,0,6,6,10,13,10,7,11,9,13,8,9,9,5,2,5,3,2,0,0,0,0,0,
203,원내동공영차고지 - 원내동공영차고지,21,파랑새네거리,0,0,2,5,6,3,7,5,7,5,7,6,4,7,6,1,4,2,3,0,0,0,0,0,
203,원내동공영차고지 - 원내동공영차고지,22,정부청사역,0,0,1,0,3,1,2,1,2,0,1,2,1,5,2,0,0,1,0,0,0,0,0,0,
203,원내동공영차고지 - 원내동공영차고지,23,서구청,0,0,0,0,0,0,1,0,1,0,0,0,0,3,1,0,0,0,0,0,0,0,0,0,
203,원내동공영차고지 - 원내동공영차고지,24,시청환승지,0,0,0,0,0,0,2,1,0,2,2,2,3,2,1,1,1,1,2,0,0,0,0,0,
203,원내동공영차고지 - 원내동공영차고지,25,시청환승지,0,0,0,0,0,0,2,1,0,2,2,2,3,2,1,1,1,1,2,0,0,0,0,0,
203,원내동공영차고지 - 원내동공영차고지,26,시청.교육청,0,0,0,0,1,2,2,1,2,2,4,8,2,4,5,4,0,3,4,0,0,0,0,0,
203,원내동공영차고지 - 원내동공영차고지,27,을지대학병원,0,0,0,0,0,0,0,0,0,1,3,0,0,0,3,4,5,0,0,0,0,0,0,0,
203,원내동공영차고지 - 원내동공영차고지,28,정부청사역,0,0,0,3,9,11,4,5,5,8,6,14,8,13,8,10,11,6,5,0,0,0,0,0,
203,원내동공영차고지 - 원내동공영차고지,29,이마트,0,0,1,4,10,9,2,0,6,9,11,16,7,13,7,11,10,9,6,0,0,0,0,0,
203,원내동공영차고지 - 원내동공영차고지,30,갤러리아타임월드,0,0,2,0,7,7,4,5,6,12,17,22,10,21,12,12,18,13,7,0,0,0,0,0,
203,원내동공영차고지 - 원내동공영차고지,31,은하수네거리,0,1,3,4,7,10,5,8,8,13,20,24,21,32,17,17,24,18,14,0,0,0,0,0,
203,원내동공영차고지 - 원내동공영차고지,32,갈마2동주민센터/충청투데이,0,0,2,5,8,9,9,8,9,16,21,24,22,30,16,15,22,20,13,0,0,0,0,0,
203,원내동공영차고지 - 원내동공영차고지,33,둔원고등학교,0,0,0,0,0,8,10,9,9,18,11,23,12,25,15,18,15,19,11,0,0,0,0,0,
203,원내동공영차고지 - 원내동공영차고지,34,안골네거리,0,0,1,4,0,5,4,5,0,8,19,10,11,0,11,15,0,21,0,0,0,0,0,0,
203,원내동공영차고지 - 원내동공영차고지,35,코오롱아파트,0,2,4,3,8,9,12,11,12,19,18,22,14,26,14,19,14,20,4,0,0,0,0,0,
203,원내동공영차고지 - 원내동공영차고지,36,옥녀봉네거리,0,0,0,0,0,4,11,0,0,0,17,19,0,25,0,0,0,0,0,0,0,0,0,0,
203,원내동공영차고지 - 원내동공영차고지,37,트리풀시티레이크포레,0,0,3,6,6,7,10,10,12,18,24,18,19,22,24,17,15,18,7,0,0,0,0,0,
203,원내동공영차고지 - 원내동공영차고지,38,수목토아파트,0,0,2,5,5,0,5,9,13,16,20,15,18,23,23,14,14,11,6,0,0,0,0,0,
203,원내동공영차고지 - 원내동공영차고지,39,도솔초등학교,0,0,0,2,4,6,6,8,7,17,15,16,13,21,19,13,13,16,5,1,0,0,0,0,
203,원내동공영차고지 - 원내동공영차고지,40,관저중학교,0,0,0,4,0,5,1,8,12,13,13,10,7,17,13,11,8,13,5,0,0,0,0,0,
203,원내동공영차고지 - 원내동공영차고지,41,건양대병원네거리,0,0,0,2,0,4,4,8,10,6,12,11,8,16,12,12,7,11,4,0,0,0,0,0,
203,원내동공영차고지 - 원내동공영차고지,42,느리울12단지,0,0,1,1,0,5,2,3,7,7,6,10,6,17,12,13,6,10,4,0,0,0,0,0,
203,원내동공영차고지 - 원내동공영차고지,43,느리울13단지,0,0,0,0,0,1,3,2,5,6,5,8,5,14,10,9,5,8,3,0,0,0,0,0,
203,원내동공영차고지 - 원내동공영차고지,44,어반힐스아파트,0,0,1,1,0,5,3,1,2,4,3,7,2,9,8,5,3,5,2,0,0,0,0,0,
203,원내동공영차고지 - 원내동공영차고지,45,다온숲아파트,0,0,1,0,0,3,0,3,1,2,2,5,1,4,5,3,2,2,0,0,0,0,0,0,
203,원내동공영차고지 - 원내동공영차고지,46,관저체육공원,0,0,0,0,0,4,0,0,0,1,0,0,4,0,3,0,0,4,0,0,0,0,0,0,
203,원내동공영차고지 - 원내동공영차고지,47,관저동예미지아파트,0,0,0,0,0,0,2,2,0,2,1,0,0,3,3,2,1,1,0,0,0,0,0,0,
203,원내동공영차고지 - 원내동공영차고지,48,구봉고등학교,0,0,0,0,0,0,0,0,0,1,0,4,3,1,2,1,1,1,0,0,0,0,0,0,
203,원내동공영차고지 - 원내동공영차고지,49,금동초등학교,0,0,0,0,0,1,0,0,0,0,0,3,2,0,0,0,0,0,0,0,0,0,0,0,
203,원내동공영차고지 - 원내동공영차고지,50,샘물타운아파트,0,0,0,0,0,0,0,0,0,0,0,2,0,0,0,0,0,0,0,0,0,0,0,0,
203,원내동공영차고지 - 원내동공영차고지,51,진잠타운아파트,0,0,0,0,0,0,0,0,0,0,0,0,0,0,0,0,0,0,0,0,0,0,0,0,
203,원내동공영차고지 - 원내동공영차고지,52,서대전IC,0,0,0,0,0,0,0,0,0,0,0,0,0,0,0,0,0,0,0,0,0,0,0,0,
203,원내동공영차고지 - 원내동공영차고지,53,원내동공영차고지,0,0,0,0,0,0,0,0,0,0,0,0,0,0,0,0,0,0,0,0,0,0,0,0,
21,서남부터미널기점 - 서남부터미널종점,1,서남부터미널기점,0,0,0,0,2,1,6,3,0,0,1,3,0,0,0,0,0,0,0,0,0,0,0,0,
21,서남부터미널기점 - 서남부터미널종점,2,도마시장,0,0,2,0,6,4,17,15,0,4,10,7,1,6,3,0,3,2,0,0,0,0,0,0,
21,서남부터미널기점 - 서남부터미널종점,3,도마네거리,0,0,3,2,0,5,19,0,0,0,13,9,0,7,0,0,0,0,0,0,0,0,0,0,
21,서남부터미널기점 - 서남부터미널종점,4,도마삼거리,0,0,4,6,10,12,21,18,0,5,0,0,0,10,0,0,0,3,0,0,0,0,0,0,
21,서남부터미널기점 - 서남부터미널종점,5,서부소방서,0,0,0,8,0,0,23,17,0,7,0,0,0,9,0,0,0,5,0,0,0,0,0,0,
21,서남부터미널기점 - 서남부터미널종점,6,정림동,0,0,0,9,11,14,0,18,0,12,19,11,3,10,0,4,0,0,0,0,0,0,0,0,
21,서남부터미널기점 - 서남부터미널종점,7,가수원교,0,0,0,9,11,14,0,18,0,12,19,11,3,10,0,4,0,0,0,0,0,0,0,0,
21,서남부터미널기점 - 서남부터미널종점,8,가수원도서관,0,0,3,10,12,15,25,0,0,12,21,6,4,8,0,6,4,0,0,0,0,0,0,0,
21,서남부터미널기점 - 서남부터미널종점,9,가수원동,0,0,0,12,11,0,0,0,21,11,20,0,2,0,0,0,5,3,0,0,0,0,0,0,
21,서남부터미널기점 - 서남부터미널종점,10,가수원중학교,0,0,0,13,10,0,24,0,20,0,19,0,0,7,0,0,5,0,0,0,0,0,0,0,
21,서남부터미널기점 - 서남부터미널종점,11,은아아파트,0,0,4,0,0,0,26,0,0,10,20,4,0,6,0,0,4,2,0,0,0,0,0,0,
21,서남부터미널기점 - 서남부터미널종점,12,GS칼텍스저유소,0,0,0,14,0,0,0,0,0,0,0,0,0,0,0,0,0,0,0,0,0,0,0,0,
21,서남부터미널기점 - 서남부터미널종점,13,괴곡동.고리골,0,0,0,0,0,0,0,0,0,0,0,0,0,5,0,0,0,0,0,0,0,0,0,0,
21,서남부터미널기점 - 서남부터미널종점,14,고릿골구름다리,0,0,0,0,0,0,0,0,0,0,0,0,0,5,0,0,0,0,0,0,0,0,0,0,
21,서남부터미널기점 - 서남부터미널종점,15,벌말,0,0,0,0,0,0,0,0,0,0,0,0,0,5,0,0,0,0,0,0,0,0,0,0,
21,서남부터미널기점 - 서남부터미널종점,16,대전추모공원입구,0,0,0,0,0,0,0,0,0,0,0,0,0,5,0,0,0,0,0,0,0,0,0,0,
21,서남부터미널기점 - 서남부터미널종점,17,대전추모공원,0,0,0,12,4,11,24,0,12,7,17,0,0,0,0,0,0,0,0,0,0,0,0,0,
21,서남부터미널기점 - 서남부터미널종점,18,상보안,0,0,0,12,4,11,24,0,12,7,17,0,0,0,0,0,0,0,0,0,0,0,0,0,
21,서남부터미널기점 - 서남부터미널종점,19,노루벌,0,0,0,12,4,11,24,0,12,7,17,0,0,0,0,0,0,0,0,0,0,0,0,0,
21,서남부터미널기점 - 서남부터미널종점,20,장평보유원지,0,0,0,0,0,0,23,0,0,0,16,0,0,0,0,0,0,0,0,0,0,0,0,0,
21,서남부터미널기점 - 서남부터미널종점,21,사진개,0,0,0,0,3,0,0,0,0,0,0,0,0,0,4,0,0,0,0,0,0,0,0,0,
21,서남부터미널기점 - 서남부터미널종점,22,흑석네거리,0,0,5,13,2,8,0,0,13,0,15,5,0,0,3,7,0,0,0,0,0,0,0,0,
21,서남부터미널기점 - 서남부터미널종점,23,기성초등학교,0,0,5,13,2,8,0,0,13,0,15,5,0,0,3,7,0,0,0,0,0,0,0,0,
21,서남부터미널기점 - 서남부터미널종점,24,새터,0,0,5,13,2,8,0,0,13,0,15,5,0,0,3,7,0,0,0,0,0,0,0,0,
21,서남부터미널기점 - 서남부터미널종점,25,사기점골,0,0,0,0,0,0,0,0,0,0,0,0,0,1,0,0,0,0,0,0,0,0,0,0,
21,서남부터미널기점 - 서남부터미널종점,26,평촌1통마을회관,0,0,0,0,0,0,0,0,12,0,0,0,0,0,0,0,2,0,0,0,0,0,0,0,
21,서남부터미널기점 - 서남부터미널종점,27,장전,0,0,0,10,0,0,0,21,0,0,13,0,0,0,0,0,0,0,0,0,0,0,0,0,
21,서남부터미널기점 - 서남부터미널종점,28,영골,0,0,0,0,0,0,0,20,0,0,0,0,0,0,0,0,0,0,0,0,0,0,0,0,
21,서남부터미널기점 - 서남부터미널종점,29,오동,0,0,0,0,0,0,0,19,0,0,0,0,0,0,0,0,0,0,0,0,0,0,0,0,
21,서남부터미널기점 - 서남부터미널종점,30,우명교,0,0,0,0,0,0,0,19,0,0,0,0,0,0,0,0,0,0,0,0,0,0,0,0,
21,서남부터미널기점 - 서남부터미널종점,31,어곡교,0,0,0,0,0,7,0,0,7,0,9,0,0,0,0,0,0,0,0,0,0,0,0,0,
21,서남부터미널기점 - 서남부터미널종점,32,조동1리,0,0,0,7,0,0,0,0,0,0,0,0,4,0,0,0,0,0,0,0,0,0,0,0,
21,서남부터미널기점 - 서남부터미널종점,33,신양리,0,0,0,0,0,0,0,0,0,6,0,0,3,0,0,0,0,0,0,0,0,0,0,0,
21,서남부터미널기점 - 서남부터미널종점,34,신양1리,0,0,4,0,0,0,0,0,5,0,0,0,0,0,0,0,0,0,0,0,0,0,0,0,
21,서남부터미널기점 - 서남부터미널종점,35,신양2리,0,0,3,0,0,0,0,17,0,3,8,0,0,0,0,0,0,0,0,0,0,0,0,0,
21,서남부터미널기점 - 서남부터미널종점,36,신양2리,0,0,0,6,0,0,0,16,0,0,0,0,0,0,0,0,0,0,0,0,0,0,0,0,
21,서남부터미널기점 - 서남부터미널종점,37,신양3리,0,0,0,0,0,0,0,0,0,0,0,6,0,0,0,6,0,0,0,0,0,0,0,0,
21,서남부터미널기점 - 서남부터미널종점,38,조령리입구,0,0,0,0,0,0,0,0,0,0,0,6,0,0,0,6,0,0,0,0,0,0,0,0,
21,서남부터미널기점 - 서남부터미널종점,39,고도리,0,0,0,0,0,0,0,0,0,0,0,0,2,0,2,0,0,0,0,0,0,0,0,0,
21,서남부터미널기점 - 서남부터미널종점,40,수정리,0,0,0,0,0,0,0,0,4,0,0,0,0,0,1,0,0,0,0,0,0,0,0,0,
21,서남부터미널기점 - 서남부터미널종점,41,양산교,0,0,2,0,0,1,0,0,0,2,0,4,0,0,0,0,1,0,0,0,0,0,0,0,
21,서남부터미널기점 - 서남부터미널종점,42,벌곡,0,0,0,5,0,0,0,0,0,1,0,3,0,0,0,0,0,0,0,0,0,0,0,0,
21,서남부터미널기점 - 서남부터미널종점,43,한삼천2리,0,0,0,2,0,0,0,0,3,0,0,3,0,0,0,6,0,0,0,0,0,0,0,0,
21,서남부터미널기점 - 서남부터미널종점,44,한삼천교,0,0,0,2,0,0,0,0,3,0,0,3,0,0,0,6,0,0,0,0,0,0,0,0,
21,서남부터미널기점 - 서남부터미널종점,45,새한주유소,0,0,0,0,0,0,6,0,0,0,0,0,0,0,0,0,0,0,0,0,0,0,0,0,
21,서남부터미널기점 - 서남부터미널종점,46,사정2리,0,0,0,0,0,0,6,0,0,0,0,0,0,0,0,0,0,0,0,0,0,0,0,0,
21,서남부터미널기점 - 서남부터미널종점,47,부엉골교,0,0,1,0,0,0,0,0,0,0,0,0,1,0,0,0,0,0,0,0,0,0,0,0,
21,서남부터미널기점 - 서남부터미널종점,48,사정1리,0,0,1,0,0,0,0,0,0,0,0,0,1,0,0,0,0,0,0,0,0,0,0,0,
21,서남부터미널기점 - 서남부터미널종점,49,대덕리,0,0,1,0,0,0,0,0,0,0,0,0,1,0,0,0,0,0,0,0,0,0,0,0,
21,서남부터미널기점 - 서남부터미널종점,50,대덕리,0,0,0,0,0,0,0,15,0,0,0,0,0,0,0,0,0,0,0,0,0,0,0,0,
21,서남부터미널기점 - 서남부터미널종점,51,대덕가정리,0,0,1,0,0,0,0,0,0,0,0,0,0,0,0,0,0,0,0,0,0,0,0,0,
21,서남부터미널기점 - 서남부터미널종점,52,검천리,0,0,1,0,0,0,0,0,0,0,0,0,0,0,0,0,0,0,0,0,0,0,0,0,
21,서남부터미널기점 - 서남부터미널종점,53,덕곡리,0,0,0,0,0,0,0,0,0,0,0,1,0,0,0,4,0,0,0,0,0,0,0,0,
21,서남부터미널기점 - 서남부터미널종점,54,덕곡삼거리,0,0,0,0,0,0,0,12,0,0,0,0,0,0,0,0,0,0,0,0,0,0,0,0,
21,서남부터미널기점 - 서남부터미널종점,55,도산리,0,0,0,0,0,0,0,11,0,0,0,0,0,0,0,0,0,0,0,0,0,0,0,0,
21,서남부터미널기점 - 서남부터미널종점,56,도산2리,0,0,0,0,0,0,5,9,2,0,0,0,0,0,0,0,0,0,0,0,0,0,0,0,
21,서남부터미널기점 - 서남부터미널종점,57,수락1리,0,0,0,0,0,0,0,0,0,0,0,0,0,0,0,2,0,0,0,0,0,0,0,0,
21,서남부터미널기점 - 서남부터미널종점,58,수락저수지,0,0,0,0,0,0,0,0,0,0,0,0,0,0,0,0,1,0,0,0,0,0,0,0,
21,서남부터미널기점 - 서남부터미널종점,59,대둔산수락계곡,0,0,0,0,0,0,0,1,0,1,8,4,0,0,0,0,0,0,0,0,0,0,0,0,
21,서남부터미널기점 - 서남부터미널종점,60,수락저수지,0,0,0,0,0,0,0,1,0,1,8,4,0,0,0,0,0,0,0,0,0,0,0,0,
21,서남부터미널기점 - 서남부터미널종점,61,수락1리,0,0,0,0,0,0,1,0,0,0,0,0,0,0,2,1,0,0,0,0,0,0,0,0,
21,서남부터미널기점 - 서남부터미널종점,62,도산2리,0,0,0,1,1,0,0,0,0,0,0,0,2,0,0,0,0,0,0,0,0,0,0,0,
21,서남부터미널기점 - 서남부터미널종점,63,도산리,0,0,0,0,0,0,0,0,0,0,0,0,3,0,3,0,0,0,0,0,0,0,0,0,
21,서남부터미널기점 - 서남부터미널종점,64,덕곡삼거리,0,0,0,0,0,0,2,0,0,0,10,0,0,0,0,0,0,0,0,0,0,0,0,0,
21,서남부터미널기점 - 서남부터미널종점,65,덕곡리,0,0,0,0,0,0,0,0,0,2,0,5,0,0,0,2,0,0,0,0,0,0,0,0,
21,서남부터미널기점 - 서남부터미널종점,66,검천리,0,0,0,0,0,0,0,0,2,0,0,0,0,0,0,0,0,0,0,0,0,0,0,0,
21,서남부터미널기점 - 서남부터미널종점,67,대덕가정리,0,0,0,0,0,0,0,0,2,0,0,0,0,0,0,0,0,0,0,0,0,0,0,0,
21,서남부터미널기점 - 서남부터미널종점,68,대덕리,0,0,0,0,0,0,0,0,3,3,8,0,0,0,0,0,0,0,0,0,0,0,0,0,
21,서남부터미널기점 - 서남부터미널종점,69,대덕리,0,0,0,0,0,0,0,0,3,3,8,0,0,0,0,0,0,0,0,0,0,0,0,0,
21,서남부터미널기점 - 서남부터미널종점,70,사정1리,0,0,0,0,0,0,0,0,0,0,0,7,0,0,0,0,0,0,0,0,0,0,0,0,
21,서남부터미널기점 - 서남부터미널종점,71,부엉골교,0,0,0,0,2,1,0,0,0,0,0,8,0,0,0,0,0,0,0,0,0,0,0,0,
21,서남부터미널기점 - 서남부터미널종점,72,사정2리,0,0,0,0,2,1,0,0,0,0,0,8,0,0,0,0,0,0,0,0,0,0,0,0,
21,서남부터미널기점 - 서남부터미널종점,73,새한주유소,0,0,0,0,2,1,0,0,0,0,0,8,0,0,0,0,0,0,0,0,0,0,0,0,
21,서남부터미널기점 - 서남부터미널종점,74,한삼천교,0,0,0,0,0,0,0,0,0,0,0,10,0,0,0,0,0,0,0,0,0,0,0,0,
21,서남부터미널기점 - 서남부터미널종점,75,한삼천2리,0,0,0,0,3,0,0,0,0,2,0,0,0,0,0,0,0,0,0,0,0,0,0,0,
21,서남부터미널기점 - 서남부터미널종점,76,벌곡,0,0,0,0,2,0,0,5,2,4,9,0,0,4,0,0,0,0,0,0,0,0,0,0,
21,서남부터미널기점 - 서남부터미널종점,77,양산교,0,0,2,0,0,3,0,0,0,5,0,0,0,0,4,0,0,0,0,0,0,0,0,0,
21,서남부터미널기점 - 서남부터미널종점,78,수정리,0,0,2,0,0,3,0,0,0,5,0,0,0,0,4,0,0,0,0,0,0,0,0,0,
21,서남부터미널기점 - 서남부터미널종점,79,고도리,0,0,0,0,0,0,0,0,0,7,0,0,0,0,0,0,0,0,0,0,0,0,0,0,
21,서남부터미널기점 - 서남부터미널종점,80,조령리입구,0,0,0,0,0,0,0,0,0,7,0,0,0,0,0,0,0,0,0,0,0,0,0,0,
21,서남부터미널기점 - 서남부터미널종점,81,신양3리,0,0,0,2,4,0,0,0,0,0,10,0,0,0,0,0,0,0,0,0,0,0,0,0,
21,서남부터미널기점 - 서남부터미널종점,82,신양2리,0,0,0,2,4,0,0,0,0,0,10,0,0,0,0,0,0,0,0,0,0,0,0,0,
21,서남부터미널기점 - 서남부터미널종점,83,신양2리,0,0,0,0,5,0,4,0,0,0,0,12,0,6,0,0,0,0,0,0,0,0,0,0,
21,서남부터미널기점 - 서남부터미널종점,84,신양1리,0,0,0,0,7,0,0,0,0,9,11,0,0,0,5,3,0,0,0,0,0,0,0,0,
21,서남부터미널기점 - 서남부터미널종점,85,신양리,0,0,0,0,7,0,0,0,0,9,11,0,0,0,5,3,0,0,0,0,0,0,0,0,
21,서남부터미널기점 - 서남부터미널종점,86,조동1리,0,0,0,3,0,0,0,0,0,0,13,0,0,0,0,0,0,0,0,0,0,0,0,0,
21,서남부터미널기점 - 서남부터미널종점,87,어곡교,0,0,0,0,17,0,0,6,0,0,0,0,0,0,0,0,0,0,0,0,0,0,0,0,
21,서남부터미널기점 - 서남부터미널종점,88,우명교,0,0,0,0,17,0,0,6,0,0,0,0,0,0,0,0,0,0,0,0,0,0,0,0,
21,서남부터미널기점 - 서남부터미널종점,89,오동,0,0,0,0,17,0,0,6,0,0,0,0,0,0,0,0,0,0,0,0,0,0,0,0,
21,서남부터미널기점 - 서남부터미널종점,90,영골,0,0,0,0,0,0,0,0,0,11,14,0,0,9,0,0,0,0,0,0,0,0,0,0,
21,서남부터미널기점 - 서남부터미널종점,91,장전,0,0,0,5,19,0,0,7,4,0,0,0,15,10,0,0,0,0,0,0,0,0,0,0,
21,서남부터미널기점 - 서남부터미널종점,92,평촌1통마을회관,0,0,0,0,0,0,0,0,0,0,0,0,16,0,0,0,0,0,0,0,0,0,0,0,
21,서남부터미널기점 - 서남부터미널종점,93,사기점골,0,0,0,0,0,0,0,0,0,0,0,0,16,0,0,0,0,0,0,0,0,0,0,0,
21,서남부터미널기점 - 서남부터미널종점,94,새터,0,0,0,0,0,0,0,0,0,0,0,0,0,11,0,0,0,0,0,0,0,0,0,0,
21,서남부터미널기점 - 서남부터미널종점,95,기성초등학교,0,0,0,0,0,0,0,0,0,0,0,0,0,11,0,0,0,0,0,0,0,0,0,0,
21,서남부터미널기점 - 서남부터미널종점,96,흑석네거리,0,0,0,4,0,18,5,6,7,0,13,0,19,13,0,4,0,0,0,0,0,0,0,0,
21,서남부터미널기점 - 서남부터미널종점,97,사진개,0,0,0,4,0,18,5,6,7,0,13,0,19,13,0,4,0,0,0,0,0,0,0,0,
21,서남부터미널기점 - 서남부터미널종점,98,장평보유원지,0,0,0,0,0,0,0,0,6,0,14,0,0,0,0,0,0,0,0,0,0,0,0,0,
21,서남부터미널기점 - 서남부터미널종점,99,노루벌,0,0,0,0,0,0,0,0,0,0,0,0,0,0,6,0,0,0,0,0,0,0,0,0,
21,서남부터미널기점 - 서남부터미널종점,100,상보안,0,0,0,0,0,0,0,0,0,0,0,0,0,0,6,0,0,0,0,0,0,0,0,0,
21,서남부터미널기점 - 서남부터미널종점,101,대전추모공원,0,0,0,0,0,0,8,9,12,16,0,0,19,0,0,0,0,0,0,0,0,0,0,0,
21,서남부터미널기점 - 서남부터미널종점,102,대전추모공원입구,0,0,0,0,0,0,8,9,12,16,0,0,19,0,0,0,0,0,0,0,0,0,0,0,
21,서남부터미널기점 - 서남부터미널종점,103,벌말,0,0,0,0,0,0,0,0,0,0,17,0,0,0,7,0,0,0,0,0,0,0,0,0,
21,서남부터미널기점 - 서남부터미널종점,104,고릿골구름다리,0,0,0,0,0,0,0,0,0,0,17,0,0,0,7,0,0,0,0,0,0,0,0,0,
21,서남부터미널기점 - 서남부터미널종점,105,괴곡동.고리골,0,0,0,0,0,0,0,0,0,0,17,0,0,0,7,0,0,0,0,0,0,0,0,0,
21,서남부터미널기점 - 서남부터미널종점,106,은아아파트,0,0,3,0,5,21,0,0,13,0,0,0,16,0,0,0,0,0,0,0,0,0,0,0,
21,서남부터미널기점 - 서남부터미널종점,107,가수원중학교,0,0,0,0,0,21,0,10,9,0,0,0,0,0,0,0,0,0,0,0,0,0,0,0,
21,서남부터미널기점 - 서남부터미널종점,108,가수원동,0,0,0,0,4,19,0,0,0,0,18,0,0,0,7,5,0,0,0,0,0,0,0,0,
21,서남부터미널기점 - 서남부터미널종점,109,가수원도서관,0,0,0,0,5,17,9,10,12,0,0,0,15,13,6,5,0,0,0,0,0,0,0,0,
21,서남부터미널기점 - 서남부터미널종점,110,가수원육교.가수원시장,0,0,0,0,4,13,0,7,13,0,17,13,14,10,11,2,0,0,0,0,0,0,0,0,
21,서남부터미널기점 - 서남부터미널종점,111,가수원네거리,0,0,0,0,0,0,0,0,12,0,15,0,0,9,0,0,0,0,0,0,0,0,0,0,
21,서남부터미널기점 - 서남부터미널종점,112,정림삼거리,0,0,0,0,0,7,8,4,0,0,12,14,12,0,9,0,0,0,0,0,0,0,0,0,
21,서남부터미널기점 - 서남부터미널종점,113,정림동,0,0,0,0,0,0,0,0,0,0,9,0,0,6,0,0,0,0,0,0,0,0,0,0,
21,서남부터미널기점 - 서남부터미널종점,114,서부소방서,0,0,0,0,3,0,7,0,0,0,7,13,6,3,0,0,0,0,0,0,0,0,0,0,
21,서남부터미널기점 - 서남부터미널종점,115,도마삼거리,0,0,0,0,0,2,5,3,11,0,0,9,3,0,6,0,0,0,0,0,0,0,0,0,
21,서남부터미널기점 - 서남부터미널종점,116,도마e편한세상아파트,0,0,0,0,0,0,2,0,10,4,4,2,1,1,0,5,0,0,0,0,0,0,0,0,
21,서남부터미널기점 - 서남부터미널종점,117,도마시장,0,0,0,0,0,0,1,1,0,1,2,0,0,0,0,4,0,0,0,0,0,0,0,0,
21,서남부터미널기점 - 서남부터미널종점,118,버드내아파트,0,0,0,0,0,0,0,0,0,0,1,0,0,0,0,0,0,0,0,0,0,0,0,0,
21,서남부터미널기점 - 서남부터미널종점,119,서부종합시장,0,0,0,0,0,0,0,0,0,0,0,0,0,0,0,0,0,0,0,0,0,0,0,0,
21,서남부터미널기점 - 서남부터미널종점,120,서남부터미널,0,0,0,0,0,0,0,0,0,0,0,0,0,0,0,0,0,0,0,0,0,0,0,0,
21,서남부터미널기점 - 서남부터미널종점,121,서남부터미널종점,0,0,0,0,0,0,0,0,0,0,0,0,0,0,0,0,0,0,0,0,0,0,0,0,
211,화물터미널 - 한샘근린공원,1,화물터미널,0,0,0,0,0,0,0,0,0,0,1,0,0,1,0,0,0,0,0,0,0,0,0,0,
211,화물터미널 - 한샘근린공원,2,한샘근린공원,0,1,0,0,1,1,0,2,0,1,2,0,2,2,1,1,0,0,0,0,0,0,0,0,
211,화물터미널 - 한샘근린공원,3,드리움아파트,0,0,2,0,2,5,5,3,3,8,10,5,7,11,4,3,6,20,0,0,0,0,0,0,
211,화물터미널 - 한샘근린공원,4,교촌3통,0,0,2,0,2,5,5,3,3,8,10,5,7,11,4,3,6,20,0,0,0,0,0,0,
211,화물터미널 - 한샘근린공원,5,교도소입구,0,0,2,0,2,5,5,3,3,8,10,5,7,11,4,3,6,20,0,0,0,0,0,0,
211,화물터미널 - 한샘근린공원,6,한승미메이드아파트,0,1,0,1,3,6,6,7,4,9,13,8,0,0,5,0,4,0,1,0,0,0,0,0,
211,화물터미널 - 한샘근린공원,7,제이파크아파트,0,3,2,2,0,7,7,0,5,0,15,6,5,11,5,4,5,0,0,0,0,0,0,0,
211,화물터미널 - 한샘근린공원,8,진잠향교,0,0,0,3,5,6,10,8,6,8,14,7,7,6,7,6,4,0,0,0,0,0,0,0,
211,화물터미널 - 한샘근린공원,9,진잠초등학교,0,0,0,0,0,8,0,9,6,0,0,0,0,7,10,0,0,4,0,0,0,0,0,0,
211,화물터미널 - 한샘근린공원,10,원내네거리,0,4,3,1,5,9,8,8,4,7,11,14,6,7,7,5,5,16,2,0,0,0,0,0,
211,화물터미널 - 한샘근린공원,11,샘물타운아파트,0,6,1,3,3,8,9,7,10,9,14,0,7,4,0,0,3,15,4,0,0,0,0,0,
211,화물터미널 - 한샘근린공원,12,진잠네거리,0,0,2,2,6,8,9,0,11,4,13,14,0,6,0,6,1,0,4,0,0,0,0,0,
211,화물터미널 - 한샘근린공원,13,구봉마을7단지,0,7,3,0,7,10,7,8,6,8,18,4,8,7,7,5,3,13,0,0,0,0,0,0,
211,화물터미널 - 한샘근린공원,14,구봉마을8단지,0,8,4,7,9,11,11,10,12,11,18,16,8,6,6,6,2,2,4,0,0,0,0,0,
211,화물터미널 - 한샘근린공원,15,봉우중학교,0,0,9,8,11,14,12,14,12,8,13,17,10,0,7,7,3,12,2,0,0,0,0,0,
211,화물터미널 - 한샘근린공원,16,관저2동행정복지센터,0,0,6,3,11,15,14,14,10,10,20,15,10,13,8,11,5,12,6,0,0,0,0,0,
211,화물터미널 - 한샘근린공원,17,관저네거리,0,0,7,8,13,11,17,19,13,17,18,13,11,16,10,10,8,14,9,0,0,0,0,0,
211,화물터미널 - 한샘근린공원,18,건양대병원네거리,0,0,7,10,14,16,20,19,14,16,20,10,12,16,13,10,9,14,9,0,0,0,0,0,
211,화물터미널 - 한샘근린공원,19,동방고등학교,0,0,0,5,0,9,21,16,15,17,21,13,14,15,0,11,0,2,0,0,0,0,0,0,
211,화물터미널 - 한샘근린공원,20,가수원육교.가수원시장,0,1,7,9,16,20,28,21,18,22,27,13,13,15,15,15,11,15,12,0,0,0,0,0,
211,화물터미널 - 한샘근린공원,21,가수원네거리,0,0,0,0,15,20,27,0,12,19,15,14,17,15,16,16,10,15,0,0,0,0,0,0,
211,화물터미널 - 한샘근린공원,22,정림삼거리,0,0,6,8,17,21,26,20,19,20,27,14,12,14,15,15,13,0,11,0,0,0,0,0,
211,화물터미널 - 한샘근린공원,23,정림동,0,0,0,9,15,22,26,14,20,21,16,15,17,11,16,13,14,14,7,0,0,0,0,0,
211,화물터미널 - 한샘근린공원,24,서부소방서,0,0,6,10,16,13,27,23,19,20,28,12,14,10,16,10,13,13,13,0,0,0,0,0,
211,화물터미널 - 한샘근린공원,25,도마삼거리,0,0,6,14,19,22,24,25,20,20,27,19,17,10,15,11,15,13,14,0,0,0,0,0,
211,화물터미널 - 한샘근린공원,26,도마1동행정복지센터,0,0,9,14,22,22,29,28,24,22,21,22,17,11,15,13,17,12,14,0,0,0,0,0,
211,화물터미널 - 한샘근린공원,27,구농도원네거리,0,0,10,15,17,19,29,30,24,23,21,20,16,12,17,8,16,10,10,4,0,0,0,0,
211,화물터미널 - 한샘근린공원,28,구농도원,0,0,11,13,23,18,28,32,25,23,21,23,14,6,11,12,9,9,4,0,0,0,0,0,
211,화물터미널 - 한샘근린공원,29,향우네거리,0,2,8,16,27,18,31,33,27,22,21,24,15,13,17,14,13,7,15,3,0,0,0,0,
211,화물터미널 - 한샘근린공원,30,변동네거리,0,3,7,16,26,17,26,34,28,21,23,19,14,11,18,13,13,7,7,0,0,0,0,0,
211,화물터미널 - 한샘근린공원,31,변동오거리,0,0,0,16,25,16,28,37,31,23,25,23,13,14,17,12,14,6,4,2,0,0,0,0,
211,화물터미널 - 한샘근린공원,32,래미안아파트1단지,0,4,10,9,27,20,30,36,35,23,23,22,15,13,17,12,13,5,5,0,0,0,0,0,
211,화물터미널 - 한샘근린공원,33,래미안아파트2단지,0,0,0,8,26,21,30,38,35,26,23,22,18,0,19,3,11,0,13,0,0,0,0,0,
211,화물터미널 - 한샘근린공원,34,대전산업정보고,0,0,7,17,25,22,30,40,32,27,24,25,20,11,21,13,14,6,12,1,0,0,0,0,
211,화물터미널 - 한샘근린공원,35,용문역5번출구,0,0,5,10,9,14,15,24,23,28,27,17,15,8,14,6,13,5,5,0,0,0,0,0,
211,화물터미널 - 한샘근린공원,36,서부농협본점,0,0,0,5,9,9,13,20,25,27,28,14,15,7,12,10,0,5,4,0,0,0,0,0,
211,화물터미널 - 한샘근린공원,37,개나리아파트,0,0,3,9,8,14,12,19,26,27,26,13,15,5,7,5,6,16,0,0,0,0,0,0,
211,화물터미널 - 한샘근린공원,38,대전상공회의소,0,0,2,8,9,11,7,14,16,25,21,12,5,3,6,9,5,2,0,3,0,0,0,0,
211,화물터미널 - 한샘근린공원,39,은하수네거리,0,0,2,7,4,8,4,10,11,9,12,8,11,4,8,3,3,10,0,1,0,0,0,0,
211,화물터미널 - 한샘근린공원,40,파랑새네거리,0,0,1,6,4,7,2,5,7,4,5,4,6,3,3,5,2,6,0,0,0,0,0,0,
211,화물터미널 - 한샘근린공원,41,둔산경찰서,0,0,0,1,2,2,0,1,3,1,2,2,5,1,1,3,0,5,0,0,0,0,0,0,
211,화물터미널 - 한샘근린공원,42,정부대전청사남문,0,0,0,0,0,1,0,2,2,0,1,1,1,0,1,2,0,2,0,0,0,0,0,0,
211,화물터미널 - 한샘근린공원,43,정부청사광장,0,0,0,0,1,2,0,1,0,0,0,1,0,0,2,0,2,1,0,0,0,0,0,0,
211,화물터미널 - 한샘근린공원,44,정부청사광장,0,0,0,1,3,0,0,0,0,0,4,0,2,0,6,2,0,1,0,0,0,0,0,0,
211,화물터미널 - 한샘근린공원,45,정부청사역,0,0,0,0,2,6,2,2,6,5,4,1,6,4,3,3,0,3,2,0,0,0,0,0,
211,화물터미널 - 한샘근린공원,46,이마트,0,0,0,2,4,5,7,3,8,7,8,8,2,9,7,10,4,5,2,0,0,0,0,0,
211,화물터미널 - 한샘근린공원,47,갤러리아타임월드,0,0,0,3,4,3,8,9,5,10,10,16,7,15,10,18,14,9,5,0,0,0,0,0,
211,화물터미널 - 한샘근린공원,48,은하수네거리,0,0,2,4,7,5,7,11,7,16,10,20,12,17,13,25,19,14,4,0,0,0,0,0,
211,화물터미널 - 한샘근린공원,49,큰마을아파트,0,1,2,3,8,11,11,12,8,17,13,20,15,13,16,24,0,13,9,0,0,0,0,0,
211,화물터미널 - 한샘근린공원,50,유승기업사,0,2,3,2,9,8,12,13,10,16,15,22,16,17,17,0,0,12,10,0,0,0,0,0,
211,화물터미널 - 한샘근린공원,51,탄방네거리,0,3,2,5,11,10,10,13,13,10,19,23,20,18,14,22,18,12,11,0,0,0,0,0,
211,화물터미널 - 한샘근린공원,52,롯데백화점,0,0,2,6,12,8,10,17,14,16,23,28,25,22,16,23,17,12,14,0,0,0,0,0,
211,화물터미널 - 한샘근린공원,53,용문역3번출구,0,2,5,6,13,9,16,21,21,21,38,44,28,33,20,28,18,19,12,0,0,0,0,0,
211,화물터미널 - 한샘근린공원,54,대전산업정보고,0,0,4,9,15,7,17,23,20,20,36,43,24,37,19,24,13,7,13,0,0,0,0,0,
211,화물터미널 - 한샘근린공원,55,래미안아파트2단지,0,4,6,10,18,10,18,24,18,17,31,40,26,36,18,23,17,19,10,0,0,0,0,0,
211,화물터미널 - 한샘근린공원,56,래미안아파트1단지,0,5,8,12,9,11,18,27,16,20,33,40,21,36,19,21,15,10,0,0,0,0,0,0,
211,화물터미널 - 한샘근린공원,57,맑은아침아파트,0,0,5,6,20,10,19,27,18,20,32,36,23,34,12,21,12,9,9,0,0,0,0,0,
211,화물터미널 - 한샘근린공원,58,변동오거리,0,6,8,13,21,10,21,16,28,20,31,32,19,36,11,22,11,0,0,0,0,0,0,0,
211,화물터미널 - 한샘근린공원,59,변동네거리,0,0,4,12,10,9,21,11,27,20,28,33,22,34,18,21,12,10,5,0,0,0,0,0,
211,화물터미널 - 한샘근린공원,60,향우네거리,0,5,9,8,10,24,23,0,26,20,26,29,21,33,0,18,10,18,2,0,0,0,0,0,
211,화물터미널 - 한샘근린공원,61,구농도원,0,8,6,13,10,25,21,17,25,21,23,30,20,23,33,19,8,17,0,0,0,0,0,0,
211,화물터미널 - 한샘근린공원,62,구농도원네거리,0,0,8,0,10,25,18,10,24,20,23,30,19,21,34,20,11,11,0,0,0,0,0,0,
211,화물터미널 - 한샘근린공원,63,도마1동행정복지센터,0,9,0,9,11,18,14,17,17,14,19,33,19,23,33,21,8,14,7,0,0,0,0,0,
211,화물터미널 - 한샘근린공원,64,도마삼거리,0,10,6,8,14,17,13,14,17,12,20,29,24,21,27,16,7,6,13,0,0,0,0,0,
211,화물터미널 - 한샘근린공원,65,서부소방서,0,9,7,7,0,6,10,11,15,10,21,25,25,19,27,15,6,8,13,0,0,0,0,0,
211,화물터미널 - 한샘근린공원,66,정림동,0,8,6,9,14,15,14,16,15,10,23,26,24,20,28,11,4,9,7,0,0,0,0,0,
211,화물터미널 - 한샘근린공원,67,가수원교,0,0,0,0,0,0,8,0,0,5,0,0,0,0,8,0,0,0,0,0,0,0,0,0,
211,화물터미널 - 한샘근린공원,68,가수원육교.가수원시장,0,7,4,5,10,13,13,12,15,11,23,25,16,19,24,9,10,8,12,1,0,0,0,0,
211,화물터미널 - 한샘근린공원,69,동방고등학교,0,6,3,4,9,12,11,9,14,10,24,22,15,17,23,8,9,5,11,0,0,0,0,0,
211,화물터미널 - 한샘근린공원,70,건양대병원네거리,0,0,2,6,8,0,9,8,11,13,21,16,14,16,18,10,6,4,9,2,0,0,0,0,
211,화물터미널 - 한샘근린공원,71,관저지하차도,0,0,5,0,7,11,8,11,7,12,20,3,13,13,10,0,0,3,5,0,0,0,0,0,
211,화물터미널 - 한샘근린공원,72,신선마을아파트,0,0,4,0,6,10,5,12,7,11,18,10,10,10,17,12,10,9,11,3,0,0,0,0,
211,화물터미널 - 한샘근린공원,73,봉우중학교,0,0,5,7,5,11,6,10,7,8,12,10,9,6,14,10,6,8,9,0,0,0,0,0,
211,화물터미널 - 한샘근린공원,74,구봉마을7단지,0,0,5,8,0,3,6,7,7,8,11,8,6,3,12,8,3,7,8,2,0,0,0,0,
211,화물터미널 - 한샘근린공원,75,금동초등학교,0,0,4,5,5,4,5,0,9,0,10,0,5,6,11,5,5,1,6,3,0,0,0,0,
211,화물터미널 - 한샘근린공원,76,진잠네거리,0,0,0,0,2,5,3,0,5,0,7,3,3,0,4,0,4,0,5,0,0,0,0,0,
211,화물터미널 - 한샘근린공원,77,샘물타운아파트,0,0,0,6,4,0,4,3,0,7,9,6,7,7,10,6,3,6,2,0,0,0,0,0,
211,화물터미널 - 한샘근린공원,78,원내네거리,0,0,3,6,3,9,4,3,8,10,8,5,4,8,8,8,4,7,7,0,0,0,0,0,
211,화물터미널 - 한샘근린공원,79,진잠초등학교,0,0,0,4,0,8,0,2,6,9,4,7,3,6,0,7,0,0,3,0,0,0,0,0,
211,화물터미널 - 한샘근린공원,80,진잠향교,0,0,2,3,5,0,3,0,1,6,5,0,4,7,8,5,2,5,2,0,0,0,0,0,
211,화물터미널 - 한샘근린공원,81,제이파크아파트,0,0,0,0,1,4,0,0,3,0,3,6,1,5,10,0,3,2,5,1,0,0,0,0,
211,화물터미널 - 한샘근린공원,82,한승미메이드아파트,0,0,0,0,0,0,0,0,0,5,4,5,0,6,5,0,0,0,2,0,0,0,0,0,
211,화물터미널 - 한샘근린공원,83,교도소입구,0,0,0,0,0,7,0,0,0,0,0,0,0,0,0,0,0,0,0,0,0,0,0,0,
211,화물터미널 - 한샘근린공원,84,교촌3통,0,0,0,0,1,6,0,0,2,4,5,4,3,3,6,1,1,1,0,0,0,0,0,0,
211,화물터미널 - 한샘근린공원,85,드리움아파트,0,0,1,0,0,1,0,0,0,0,0,0,0,0,2,0,0,1,2,0,0,0,0,0,
211,화물터미널 - 한샘근린공원,86,한샘근린공원,0,0,0,0,0,0,0,0,0,0,0,0,0,0,0,0,0,0,0,0,0,0,0,0,
212,화물터미널 - 한샘근린공원,1,화물터미널,0,0,0,0,0,0,0,0,0,1,0,0,0,0,0,0,0,0,0,0,0,0,0,0,
212,화물터미널 - 한샘근린공원,2,한샘근린공원,0,0,0,0,0,0,0,0,0,0,0,1,0,0,0,0,0,0,0,0,0,0,0,0,
212,화물터미널 - 한샘근린공원,3,드리움아파트,0,0,0,2,0,1,0,2,0,0,3,0,4,1,2,1,2,2,1,0,0,0,0,0,
212,화물터미널 - 한샘근린공원,4,교촌3통,0,0,0,2,0,1,0,2,0,0,3,0,4,1,2,1,2,2,1,0,0,0,0,0,
212,화물터미널 - 한샘근린공원,5,교도소,0,0,0,0,1,0,1,3,1,1,0,0,5,0,0,3,0,3,0,0,0,0,0,0,
212,화물터미널 - 한샘근린공원,6,교도소입구,0,0,0,0,0,0,0,0,3,0,0,0,0,0,0,0,0,0,0,0,0,0,0,0,
212,화물터미널 - 한샘근린공원,7,한승미메이드아파트,0,1,2,0,1,1,2,0,4,0,0,0,0,0,0,0,0,0,2,0,0,0,0,0,
212,화물터미널 - 한샘근린공원,8,제이파크아파트,0,0,0,3,0,0,1,4,0,2,0,2,0,0,1,0,0,0,1,0,0,0,0,0,
212,화물터미널 - 한샘근린공원,9,진잠향교,0,0,0,0,2,0,2,5,0,0,0,0,0,0,0,0,0,0,0,0,0,0,0,0,
212,화물터미널 - 한샘근린공원,10,진잠초등학교,0,0,0,0,0,0,0,0,0,0,0,0,0,0,0,0,0,4,0,0,0,0,0,0,
212,화물터미널 - 한샘근린공원,11,원내네거리,0,2,0,1,0,1,1,3,0,1,4,2,3,0,0,4,1,4,0,0,0,0,0,0,
212,화물터미널 - 한샘근린공원,12,샘물타운아파트,0,0,0,0,0,0,0,2,1,2,5,2,4,1,0,0,1,3,0,0,0,0,0,0,
212,화물터미널 - 한샘근린공원,13,진잠네거리,0,0,0,0,0,0,0,0,0,0,0,0,1,1,0,5,0,2,2,0,0,0,0,0,
212,화물터미널 - 한샘근린공원,14,서일고/서일여고,0,0,0,0,0,0,0,2,0,0,2,0,5,0,0,0,0,0,0,0,0,0,0,0,
212,화물터미널 - 한샘근린공원,15,관저더샵2단지,0,0,0,0,3,1,1,0,2,0,3,1,6,0,3,3,0,3,1,0,0,0,0,0,
212,화물터미널 - 한샘근린공원,16,관저동예미지아파트,0,0,0,0,0,0,0,3,0,4,2,2,0,0,0,0,0,5,2,0,0,0,0,0,
212,화물터미널 - 한샘근린공원,17,다온숲아파트,0,0,0,2,4,1,0,0,3,0,0,1,7,2,1,0,4,2,0,0,0,0,0,0,
212,화물터미널 - 한샘근린공원,18,천년나무아파트,0,0,1,3,8,9,3,4,4,3,5,3,9,3,4,3,1,0,1,0,0,0,0,0,
212,화물터미널 - 한샘근린공원,19,느리울초등학교,0,0,2,2,0,8,0,0,5,1,4,0,8,0,2,2,0,0,0,0,0,0,0,0,
212,화물터미널 - 한샘근린공원,20,느리울12단지,0,0,0,0,6,0,8,0,0,7,4,3,0,0,0,0,3,4,1,0,0,0,0,0,
212,화물터미널 - 한샘근린공원,21,건양대병원네거리,0,0,1,1,3,1,2,1,4,6,3,0,4,0,3,0,1,2,0,0,0,0,0,0,
212,화물터미널 - 한샘근린공원,22,동방고등학교,0,0,0,0,2,0,0,0,0,5,0,0,0,2,0,1,0,0,0,0,0,0,0,0,
212,화물터미널 - 한샘근린공원,23,가수원육교.가수원시장,0,0,0,0,1,1,0,2,0,2,1,1,2,1,2,0,0,2,0,0,0,0,0,0,
212,화물터미널 - 한샘근린공원,24,가수원시장,0,0,0,0,0,0,0,0,0,1,0,2,0,0,1,0,0,0,0,0,0,0,0,0,
212,화물터미널 - 한샘근린공원,25,가수원역,0,0,0,0,0,0,0,0,0,0,0,0,0,0,0,0,0,0,0,0,0,0,0,0,
212,화물터미널 - 한샘근린공원,26,가수원역,0,0,0,1,1,2,1,1,0,0,1,3,3,1,2,0,0,0,0,0,0,0,0,0,
212,화물터미널 - 한샘근린공원,27,가수원역,0,0,0,1,1,2,1,1,0,0,1,3,3,1,2,0,0,0,0,0,0,0,0,0,
212,화물터미널 - 한샘근린공원,28,가수원육교.가수원시장,0,0,1,1,2,1,3,3,2,0,8,8,6,6,6,7,2,2,3,0,0,0,0,0,
212,화물터미널 - 한샘근린공원,29,동방고등학교,0,0,0,0,0,0,0,0,0,0,2,0,4,0,0,0,0,0,0,0,0,0,0,0,
212,화물터미널 - 한샘근린공원,30,건양대병원네거리,0,0,0,0,0,0,0,1,0,0,9,2,6,6,6,5,3,4,0,0,0,0,0,0,
212,화물터미널 - 한샘근린공원,31,느리울12단지,0,0,0,0,2,0,0,1,2,3,7,9,7,5,7,7,4,5,2,2,0,0,0,0,
212,화물터미널 - 한샘근린공원,32,느리울13단지,0,0,0,2,0,2,3,2,1,0,0,8,5,4,5,8,0,3,2,0,0,0,0,0,
212,화물터미널 - 한샘근린공원,33,어반힐스아파트,0,0,0,0,3,3,4,3,1,1,6,8,3,3,4,4,3,1,1,0,0,0,0,0,
212,화물터미널 - 한샘근린공원,34,다온숲아파트,0,0,0,1,2,2,0,4,0,0,5,6,0,0,0,3,5,0,0,0,0,0,0,0,
212,화물터미널 - 한샘근린공원,35,관저체육공원,0,0,0,0,3,0,0,0,0,0,0,1,4,0,1,5,0,0,0,0,0,0,0,0,
212,화물터미널 - 한샘근린공원,36,관저동예미지아파트,0,0,0,2,0,2,2,0,0,0,6,6,0,0,0,0,3,0,0,0,0,0,0,0,
212,화물터미널 - 한샘근린공원,37,관저더샵1단지,0,0,0,0,4,3,3,1,2,0,2,5,3,1,3,4,1,0,0,0,0,0,0,0,
212,화물터미널 - 한샘근린공원,38,서일고/서일여고,0,0,0,0,0,0,4,3,0,0,4,0,0,2,0,0,0,0,0,0,0,0,0,0,
212,화물터미널 - 한샘근린공원,39,진잠네거리,0,0,0,0,3,4,1,4,0,0,1,0,0,0,4,0,0,0,0,0,0,0,0,0,
212,화물터미널 - 한샘근린공원,40,샘물타운아파트,0,0,0,1,1,2,3,4,5,1,3,0,3,0,3,2,0,1,0,0,0,0,0,0,
212,화물터미널 - 한샘근린공원,41,원내네거리,0,0,0,0,0,0,2,3,0,2,3,2,3,0,4,3,2,3,1,0,0,0,0,0,
212,화물터미널 - 한샘근린공원,42,진잠초등학교,0,0,0,0,0,3,0,4,0,0,0,0,2,0,3,1,0,0,0,0,0,0,0,0,
212,화물터미널 - 한샘근린공원,43,진잠향교,0,0,0,0,0,2,1,3,0,0,0,0,0,0,0,0,0,2,0,0,0,0,0,0,
212,화물터미널 - 한샘근린공원,44,제이파크아파트,0,0,0,0,0,1,0,2,0,1,1,1,1,0,0,0,0,1,0,0,0,0,0,0,
212,화물터미널 - 한샘근린공원,45,한승미메이드아파트,0,0,0,0,0,0,0,2,4,0,0,2,4,1,0,0,0,0,0,0,0,0,0,0,
212,화물터미널 - 한샘근린공원,46,교도소,0,0,0,0,0,0,0,2,4,0,0,2,4,1,0,0,0,0,0,0,0,0,0,0,
212,화물터미널 - 한샘근린공원,47,교도소입구,0,0,0,0,0,0,0,2,4,0,0,2,4,1,0,0,0,0,0,0,0,0,0,0,
212,화물터미널 - 한샘근린공원,48,교촌3통,0,0,0,0,0,1,0,0,0,0,0,1,0,0,0,0,0,0,0,0,0,0,0,0,
212,화물터미널 - 한샘근린공원,49,드리움아파트,0,0,0,0,0,0,0,0,0,0,0,0,0,0,0,1,0,0,0,0,0,0,0,0,
212,화물터미널 - 한샘근린공원,50,한샘근린공원,0,0,0,0,0,0,0,0,0,0,0,0,0,0,0,0,0,0,0,0,0,0,0,0,
213,원내동공영차고지 - 원내동공영차고지,1,원내동공영차고지,0,0,0,0,0,0,0,0,0,0,0,0,0,0,0,0,0,0,0,0,0,0,0,0,
213,원내동공영차고지 - 원내동공영차고지,2,서일고등학교,0,0,2,0,2,0,0,0,1,0,1,2,0,1,1,1,2,0,0,0,0,0,0,0,
213,원내동공영차고지 - 원내동공영차고지,3,서일여고,0,0,0,0,0,0,0,0,0,1,2,4,0,0,2,0,0,0,0,0,0,0,0,0,
213,원내동공영차고지 - 원내동공영차고지,4,관저더샵2단지,0,0,0,1,0,1,0,2,0,0,4,1,2,0,2,0,1,0,0,0,0,0,0,0,
213,원내동공영차고지 - 원내동공영차고지,5,관저체육공원,0,0,0,0,0,0,2,5,1,1,5,5,6,3,0,0,0,0,0,0,0,0,0,0,
213,원내동공영차고지 - 원내동공영차고지,6,선암초등학교,0,0,0,0,0,0,1,3,0,2,4,6,1,0,3,2,0,0,0,0,0,0,0,0,
213,원내동공영차고지 - 원내동공영차고지,7,관저2동행정복지센터,0,0,3,2,3,2,6,7,2,5,4,7,4,6,6,0,5,2,2,0,0,0,0,0,
213,원내동공영차고지 - 원내동공영차고지,8,봉우재네거리,0,0,0,0,2,0,0,9,0,4,8,9,5,0,7,0,4,0,3,0,0,0,0,0,
213,원내동공영차고지 - 원내동공영차고지,9,원앙4단지,0,2,4,3,0,0,1,4,4,4,5,6,0,4,0,1,2,3,0,0,0,0,0,0,
213,원내동공영차고지 - 원내동공영차고지,10,건양대병원,0,4,1,1,0,5,13,5,13,6,9,10,7,7,9,2,6,6,5,0,0,0,0,0,
213,원내동공영차고지 - 원내동공영차고지,11,도안리슈빌,0,0,0,4,1,7,14,8,4,4,11,5,7,3,0,5,3,5,0,0,0,0,0,0,
213,원내동공영차고지 - 원내동공영차고지,12,도안중학교,0,0,0,5,1,0,14,5,0,5,12,8,6,6,0,3,7,2,4,0,0,0,0,0,
213,원내동공영차고지 - 원내동공영차고지,13,수목토아파트,0,0,0,8,5,7,8,9,12,5,0,6,3,7,9,0,6,6,0,0,0,0,0,0,
213,원내동공영차고지 - 원내동공영차고지,14,도안아이파크,0,0,3,7,6,6,10,8,10,7,11,11,4,5,8,2,5,0,0,0,0,0,0,0,
213,원내동공영차고지 - 원내동공영차고지,15,트리풀시티레이크포레,0,0,0,5,3,0,12,0,5,8,12,0,5,7,0,2,8,0,0,0,0,0,0,0,
213,원내동공영차고지 - 원내동공영차고지,16,옥녀봉체육공원,0,0,6,0,7,4,0,0,0,7,6,12,1,0,0,3,6,0,3,0,0,0,0,0,
213,원내동공영차고지 - 원내동공영차고지,17,어울림하트12단지,0,0,7,6,9,5,0,0,0,8,7,0,6,0,7,0,0,0,0,0,0,0,0,0,
213,원내동공영차고지 - 원내동공영차고지,18,목원대네거리,0,0,6,0,6,4,10,8,6,11,6,10,8,6,10,4,6,5,4,0,0,0,0,0,
213,원내동공영차고지 - 원내동공영차고지,19,법원등기국,0,0,3,2,5,3,8,9,8,18,8,10,11,4,9,3,4,0,0,0,0,0,0,0,
213,원내동공영차고지 - 원내동공영차고지,20,아이파크시티,0,0,1,0,0,4,11,12,10,21,8,8,13,7,8,0,4,3,0,5,0,0,0,0,
213,원내동공영차고지 - 원내동공영차고지,21,휴먼시아10단지,0,0,0,3,6,5,14,16,13,8,8,8,16,8,11,4,5,0,0,0,0,0,0,0,
213,원내동공영차고지 - 원내동공영차고지,22,천년나무11단지,0,0,0,8,6,6,17,19,14,22,8,10,15,10,7,7,3,4,0,0,0,0,0,0,
213,원내동공영차고지 - 원내동공영차고지,23,트리풀시티엘리프,0,0,0,7,0,0,0,10,15,24,9,0,0,5,6,0,0,1,0,6,0,0,0,0,
213,원내동공영차고지 - 원내동공영차고지,24,도솔대교,0,0,0,8,0,7,4,0,14,0,11,8,0,11,0,0,0,3,2,0,0,0,0,0,
213,원내동공영차고지 - 원내동공영차고지,25,월평자동차전시장,0,0,0,0,0,0,16,19,15,26,14,9,0,0,0,8,8,0,0,0,0,0,0,0,
213,원내동공영차고지 - 원내동공영차고지,26,대전교통공사,0,0,0,2,0,6,3,18,0,24,12,7,0,0,0,0,0,0,0,0,0,0,0,0,
213,원내동공영차고지 - 원내동공영차고지,27,대전일보사,0,0,2,0,6,8,9,17,14,24,14,8,15,10,7,1,7,0,0,0,0,0,0,0,
213,원내동공영차고지 - 원내동공영차고지,28,갈마네거리,0,0,0,2,7,10,6,16,12,26,17,7,14,9,8,7,6,4,1,0,0,0,0,0,
213,원내동공영차고지 - 원내동공영차고지,29,갈마육교,0,0,3,2,8,11,8,14,8,22,17,0,12,8,6,0,3,1,1,5,0,0,0,0,
213,원내동공영차고지 - 원내동공영차고지,30,은하수네거리,0,0,0,1,9,8,5,10,8,15,13,7,6,8,9,8,3,0,2,7,0,0,0,0,
213,원내동공영차고지 - 원내동공영차고지,31,SK브로드밴드,0,0,0,0,7,7,0,9,10,14,15,2,5,6,8,11,5,0,4,8,0,0,0,0,
213,원내동공영차고지 - 원내동공영차고지,32,대전광역시청,0,0,1,0,8,0,4,6,9,12,14,4,7,6,8,12,5,0,0,0,0,0,0,0,
213,원내동공영차고지 - 원내동공영차고지,33,시청역,0,0,0,0,5,3,3,5,5,9,12,6,5,5,10,11,10,2,6,8,0,0,0,0,
213,원내동공영차고지 - 원내동공영차고지,34,법원.검찰청,0,0,0,0,5,0,0,2,6,8,0,3,5,3,9,1,9,0,4,0,0,0,0,0,
213,원내동공영차고지 - 원내동공영차고지,35,사학연금회관,0,0,0,0,5,1,2,2,5,4,7,1,4,0,8,0,7,1,2,0,0,0,0,0,
213,원내동공영차고지 - 원내동공영차고지,36,샘머리아파트,0,0,0,0,3,3,1,1,2,1,0,4,3,3,3,0,2,0,1,4,0,0,0,0,
213,원내동공영차고지 - 원내동공영차고지,37,공구백화점,0,0,0,0,0,0,0,0,0,0,0,0,0,0,0,0,0,0,0,3,0,0,0,0,
213,원내동공영차고지 - 원내동공영차고지,38,펜타플렉스,0,0,0,0,1,2,0,0,0,0,0,0,0,1,0,0,0,0,0,0,0,0,0,0,
213,원내동공영차고지 - 원내동공영차고지,39,롯데택배,0,0,0,0,0,0,0,0,0,0,0,0,0,0,2,0,0,0,0,0,0,0,0,0,
213,원내동공영차고지 - 원내동공영차고지,40,세원화성,0,0,0,0,0,0,0,0,0,0,0,2,0,0,0,0,0,0,0,0,0,0,0,0,
213,원내동공영차고지 - 원내동공영차고지,41,동아교재,0,0,0,0,0,0,0,0,0,0,0,0,0,0,0,0,0,0,0,0,0,0,0,0,
213,원내동공영차고지 - 원내동공영차고지,42,당아래,0,0,0,0,0,0,0,0,2,0,0,1,0,0,0,0,0,0,0,0,0,0,0,0,
213,원내동공영차고지 - 원내동공영차고지,43,회덕동주민센터,0,0,0,0,0,1,0,0,0,0,0,0,0,0,0,0,0,0,0,1,0,0,0,0,
213,원내동공영차고지 - 원내동공영차고지,44,대한통운,0,0,0,0,0,0,0,0,0,0,0,0,0,0,0,0,0,0,0,0,0,0,0,0,
213,원내동공영차고지 - 원내동공영차고지,45,대한통운종점,0,0,0,0,0,0,0,0,0,0,0,0,0,0,0,0,0,0,0,0,0,0,0,0,
213,원내동공영차고지 - 원내동공영차고지,46,대한통운종점,0,0,0,0,0,0,0,0,0,0,0,0,0,0,0,0,0,0,0,0,0,0,0,0,
213,원내동공영차고지 - 원내동공영차고지,47,대한통운종점,0,0,0,0,0,0,0,0,0,0,0,0,0,0,0,0,0,0,0,0,0,0,0,0,
213,원내동공영차고지 - 원내동공영차고지,48,대한통운,0,0,2,0,0,2,0,1,5,1,1,1,3,0,1,1,0,0,0,0,0,0,0,0,
213,원내동공영차고지 - 원내동공영차고지,49,회덕동주민센터,0,0,0,0,0,0,0,2,7,0,2,2,0,2,0,0,0,0,0,0,0,0,0,0,
213,원내동공영차고지 - 원내동공영차고지,50,당아래,0,0,0,1,0,0,0,0,0,0,0,1,2,2,2,1,0,0,0,0,0,0,0,0,
213,원내동공영차고지 - 원내동공영차고지,51,동아교재,0,0,3,0,0,0,0,0,7,0,0,0,0,2,0,0,0,0,0,0,0,0,0,0,
213,원내동공영차고지 - 원내동공영차고지,52,세원화성,0,0,3,0,0,0,0,0,7,0,0,0,0,2,0,0,0,0,0,0,0,0,0,0,
213,원내동공영차고지 - 원내동공영차고지,53,디엔에프,0,0,0,0,1,0,0,0,0,0,1,1,0,0,0,0,0,0,0,0,0,0,0,0,
213,원내동공영차고지 - 원내동공영차고지,54,제일사료,0,0,0,0,0,0,0,0,0,0,3,0,0,0,1,0,0,0,0,0,0,0,0,0,
213,원내동공영차고지 - 원내동공영차고지,55,동아연필,0,0,1,1,0,0,0,0,0,0,0,0,0,3,0,0,0,0,0,0,0,0,0,0,
213,원내동공영차고지 - 원내동공영차고지,56,정부대전청사동문,0,0,2,0,4,2,5,4,12,3,5,3,6,4,7,4,1,8,1,0,0,0,0,0,
213,원내동공영차고지 - 원내동공영차고지,57,사학연금회관,0,2,1,0,4,4,4,4,13,4,7,2,8,5,12,5,3,0,2,0,0,0,0,0,
213,원내동공영차고지 - 원내동공영차고지,58,법원.검찰청,0,0,0,0,5,6,1,2,2,3,9,4,0,0,3,0,0,0,3,0,0,0,0,0,
213,원내동공영차고지 - 원내동공영차고지,59,시청역,0,3,3,2,6,5,6,3,19,12,7,9,11,16,13,9,7,10,15,0,0,0,0,0,
213,원내동공영차고지 - 원내동공영차고지,60,시청.교육청,0,0,0,3,7,4,0,0,4,13,9,0,0,0,16,5,0,8,15,0,0,0,0,0,
213,원내동공영차고지 - 원내동공영차고지,61,아이빌딩,0,0,0,0,0,3,4,3,3,6,13,7,12,13,18,8,6,12,17,0,0,0,0,0,
213,원내동공영차고지 - 원내동공영차고지,62,은하수네거리,0,0,0,2,5,4,5,3,4,9,13,13,13,14,16,8,12,14,20,0,0,0,0,0,
213,원내동공영차고지 - 원내동공영차고지,63,갈마육교,0,0,0,0,7,6,4,4,6,11,13,17,15,12,9,8,11,13,19,0,0,0,0,0,
213,원내동공영차고지 - 원내동공영차고지,64,갈마네거리,0,0,0,1,7,7,5,6,0,13,15,15,17,15,15,11,12,14,20,0,0,0,0,0,
213,원내동공영차고지 - 원내동공영차고지,65,대전일보사,0,0,2,2,8,0,11,4,0,12,12,16,16,15,17,12,13,17,18,0,0,0,0,0,
213,원내동공영차고지 - 원내동공영차고지,66,월평삼거리,0,0,4,0,0,0,6,0,0,10,16,4,0,0,18,0,8,0,0,0,0,0,0,0,
213,원내동공영차고지 - 원내동공영차고지,67,월평자동차전시장,0,0,0,0,7,3,4,2,5,0,17,0,15,0,0,9,0,18,0,0,0,0,0,0,
213,원내동공영차고지 - 원내동공영차고지,68,도솔대교,0,0,0,0,0,0,10,0,0,10,0,0,14,15,8,0,0,0,0,0,0,0,0,0,
213,원내동공영차고지 - 원내동공영차고지,69,트리풀시티힐스테이트,0,0,0,0,8,1,3,0,6,12,8,0,16,13,16,7,4,17,4,0,0,0,0,0,
213,원내동공영차고지 - 원내동공영차고지,70,천년나무11단지,0,0,1,0,7,4,11,1,5,12,16,9,14,12,15,0,6,16,17,0,0,0,0,0,
213,원내동공영차고지 - 원내동공영차고지,71,휴먼시아10단지,0,0,5,0,7,2,10,4,6,10,12,8,11,6,15,7,5,15,15,0,0,0,0,0,
213,원내동공영차고지 - 원내동공영차고지,72,아이파크시티,0,0,4,2,5,2,4,3,4,14,12,9,10,12,14,5,7,13,10,3,0,0,0,0,
213,원내동공영차고지 - 원내동공영차고지,73,법원등기국,0,0,2,4,5,0,7,1,4,12,10,7,9,0,12,6,6,3,8,0,0,0,0,0,
213,원내동공영차고지 - 원내동공영차고지,74,목원대네거리,0,0,3,3,3,3,8,3,4,15,11,9,13,12,14,7,7,11,9,2,0,0,0,0,
213,원내동공영차고지 - 원내동공영차고지,75,도안동예미지아파트,0,0,0,0,3,0,0,0,3,10,0,8,11,9,0,0,6,12,0,0,0,0,0,0,
213,원내동공영차고지 - 원내동공영차고지,76,옥녀봉체육공원,0,0,0,2,0,0,10,3,4,10,13,9,10,10,6,0,0,0,0,0,0,0,0,0,
213,원내동공영차고지 - 원내동공영차고지,77,도안아이파크,0,0,3,3,0,0,9,6,3,11,11,11,14,12,13,6,5,10,1,0,0,0,0,0,
213,원내동공영차고지 - 원내동공영차고지,78,수목토아파트,0,0,0,3,5,3,7,5,0,0,11,10,13,10,10,6,5,8,7,1,0,0,0,0,
213,원내동공영차고지 - 원내동공영차고지,79,도안중학교,0,0,0,0,4,0,0,0,4,0,10,11,12,9,10,7,4,9,0,0,0,0,0,0,
213,원내동공영차고지 - 원내동공영차고지,80,도안리슈빌,0,0,0,0,5,0,4,5,0,11,11,10,0,0,8,5,0,0,6,0,0,0,0,0,
213,원내동공영차고지 - 원내동공영차고지,81,관저중학교,0,0,2,2,4,4,3,0,2,9,7,6,10,7,9,6,3,8,4,0,0,0,0,0,
213,원내동공영차고지 - 원내동공영차고지,82,대자연아파트,0,0,0,0,0,1,0,4,0,0,4,3,7,6,7,0,2,7,0,0,0,0,0,0,
213,원내동공영차고지 - 원내동공영차고지,83,관저네거리,0,0,0,0,3,0,0,0,0,0,2,2,0,0,0,0,2,0,3,0,0,0,0,0,
213,원내동공영차고지 - 원내동공영차고지,84,신선마을아파트,0,0,0,1,4,0,2,1,1,7,5,1,5,6,5,2,2,5,1,0,0,0,0,0,
213,원내동공영차고지 - 원내동공영차고지,85,선암초등학교,0,0,0,0,3,0,1,0,0,0,0,0,0,0,2,0,0,4,0,0,0,0,0,0,
213,원내동공영차고지 - 원내동공영차고지,86,관저체육공원,0,0,0,0,1,0,0,0,0,6,4,0,3,4,1,0,1,2,0,0,0,0,0,0,
213,원내동공영차고지 - 원내동공영차고지,87,관저동예미지아파트,0,0,0,0,0,0,0,0,0,0,3,0,0,0,0,0,0,0,0,0,0,0,0,0,
213,원내동공영차고지 - 원내동공영차고지,88,관저더샵1단지,0,0,0,0,0,3,0,0,0,2,2,0,0,3,1,1,0,0,0,0,0,0,0,0,
213,원내동공영차고지 - 원내동공영차고지,89,서일여고,0,0,0,0,1,0,0,0,0,0,0,0,0,1,0,0,0,0,0,0,0,0,0,0,
213,원내동공영차고지 - 원내동공영차고지,90,서대전IC,0,0,0,0,0,0,0,0,0,0,0,0,0,0,0,0,0,0,0,0,0,0,0,0,
213,원내동공영차고지 - 원내동공영차고지,91,원내동공영차고지,0,0,0,0,0,0,0,0,0,0,0,0,0,0,0,0,0,0,0,0,0,0,0,0,
216,원내동공영차고지 - 원내동공영차고지,1,원내동공영차고지,0,0,0,1,0,0,0,0,0,0,0,0,0,0,0,0,0,0,0,0,0,0,0,0,
216,원내동공영차고지 - 원내동공영차고지,2,서대전IC,0,0,0,1,0,0,0,0,0,0,0,0,0,0,0,0,0,0,0,0,0,0,0,0,
216,원내동공영차고지 - 원내동공영차고지,3,진잠중학교,0,0,0,2,0,0,1,0,0,0,0,1,1,0,0,1,0,0,1,0,0,0,0,0,
216,원내동공영차고지 - 원내동공영차고지,4,원내동,0,0,0,1,0,1,0,0,0,0,0,0,2,0,0,0,0,0,0,0,0,0,0,0,
216,원내동공영차고지 - 원내동공영차고지,5,원내네거리,0,0,0,1,3,2,2,1,7,4,1,2,0,4,2,5,2,1,3,0,0,0,0,0,
216,원내동공영차고지 - 원내동공영차고지,6,샘물타운아파트,0,0,0,0,4,3,3,0,10,4,2,2,3,0,3,5,1,0,0,0,0,0,0,0,
216,원내동공영차고지 - 원내동공영차고지,7,진잠네거리,0,0,0,0,0,3,2,0,1,0,0,3,0,4,0,0,0,0,0,0,0,0,0,0,
216,원내동공영차고지 - 원내동공영차고지,8,구봉마을7단지,0,0,0,3,4,0,4,3,3,0,0,0,0,4,3,6,3,0,0,0,0,0,0,0,
216,원내동공영차고지 - 원내동공영차고지,9,구봉마을8단지,0,0,1,4,9,4,6,4,9,6,3,4,1,0,3,7,0,2,1,0,0,0,0,0,
216,원내동공영차고지 - 원내동공영차고지,10,봉우중학교,0,2,0,6,10,8,8,5,6,12,3,5,0,5,0,6,2,0,0,0,0,0,0,0,
216,원내동공영차고지 - 원내동공영차고지,11,관저2동행정복지센터,0,0,0,2,8,10,9,4,7,10,4,6,5,6,4,7,7,4,3,0,0,0,0,0,
216,원내동공영차고지 - 원내동공영차고지,12,관저네거리,0,3,2,0,9,11,10,8,9,10,9,5,5,6,6,8,8,5,5,0,0,0,0,0,
216,원내동공영차고지 - 원내동공영차고지,13,건양대병원네거리,0,4,2,3,9,10,9,9,8,11,10,7,8,7,7,6,9,7,5,0,0,0,0,0,
216,원내동공영차고지 - 원내동공영차고지,14,동방고등학교,0,0,0,0,0,9,0,0,9,7,9,7,5,8,9,0,0,8,0,0,0,0,0,0,
216,원내동공영차고지 - 원내동공영차고지,15,가수원육교.가수원시장,0,0,5,4,10,9,11,7,11,12,14,10,10,13,10,10,15,13,11,0,0,0,0,0,
216,원내동공영차고지 - 원내동공영차고지,16,가수원네거리,0,0,0,0,11,8,10,8,9,13,17,14,9,14,8,11,16,14,0,0,0,0,0,0,
216,원내동공영차고지 - 원내동공영차고지,17,정림삼거리,0,0,5,5,9,10,11,9,10,15,26,15,8,16,13,14,16,13,12,0,0,0,0,0,
216,원내동공영차고지 - 원내동공영차고지,18,정림동,0,0,0,0,11,0,8,10,12,17,29,11,10,0,10,13,11,0,0,0,0,0,0,0,
216,원내동공영차고지 - 원내동공영차고지,19,서부소방서,0,0,6,0,9,12,0,9,13,16,0,11,11,10,0,12,20,14,13,0,0,0,0,0,
216,원내동공영차고지 - 원내동공영차고지,20,목화아파트,0,0,4,0,0,14,9,9,12,17,26,16,12,16,11,0,16,13,8,0,0,0,0,0,
216,원내동공영차고지 - 원내동공영차고지,21,복수자이아파트,0,2,5,6,10,12,8,9,11,17,23,14,11,15,10,11,13,11,11,0,0,0,0,0,
216,원내동공영차고지 - 원내동공영차고지,22,대청병원,0,0,2,8,9,13,11,10,11,18,24,0,0,13,5,0,8,12,0,0,0,0,0,0,
216,원내동공영차고지 - 원내동공영차고지,23,공굴안,0,0,6,7,8,0,12,9,0,17,22,14,12,0,0,10,14,7,1,0,0,0,0,0,
216,원내동공영차고지 - 원내동공영차고지,24,복음양지아파트,0,5,8,9,9,17,13,11,12,20,20,14,14,12,8,9,13,10,9,0,0,0,0,0,
216,원내동공영차고지 - 원내동공영차고지,25,경남아파트,0,6,7,11,8,19,14,15,10,16,19,17,17,14,7,7,10,6,7,0,0,0,0,0,
216,원내동공영차고지 - 원내동공영차고지,26,배재대학교,0,0,9,13,13,25,17,21,14,20,17,24,21,15,9,8,10,7,6,0,0,0,0,0,
216,원내동공영차고지 - 원내동공영차고지,27,목운주택입구,0,0,0,14,10,26,18,20,13,24,17,24,20,16,8,7,11,7,0,0,0,0,0,0,
216,원내동공영차고지 - 원내동공영차고지,28,내동중학교,0,0,11,13,11,26,0,19,11,18,0,23,21,15,9,10,0,3,0,0,0,0,0,0,
216,원내동공영차고지 - 원내동공영차고지,29,안골네거리,0,7,0,12,8,26,21,21,13,22,0,23,24,13,17,3,5,6,0,0,0,0,0,0,
216,원내동공영차고지 - 원내동공영차고지,30,둔원초등학교,0,0,0,11,10,28,20,0,12,23,14,17,23,11,15,0,8,4,5,0,0,0,0,0,
216,원내동공영차고지 - 원내동공영차고지,31,큰마을아파트,0,6,5,10,10,29,13,17,13,19,16,22,19,10,11,2,8,2,0,0,0,0,0,0,
216,원내동공영차고지 - 원내동공영차고지,32,은하수네거리,0,5,7,5,7,16,12,5,6,10,12,3,8,2,9,1,4,1,1,0,0,0,0,0,
216,원내동공영차고지 - 원내동공영차고지,33,파랑새네거리,0,0,4,4,4,11,3,4,4,4,7,4,4,1,7,2,4,0,0,0,0,0,0,0,
216,원내동공영차고지 - 원내동공영차고지,34,정부청사역,0,0,0,1,2,2,3,1,1,1,4,1,0,0,3,1,0,0,0,0,0,0,0,0,
216,원내동공영차고지 - 원내동공영차고지,35,서구청,0,0,0,0,0,1,2,0,0,0,2,0,0,0,0,0,0,0,0,0,0,0,0,0,
216,원내동공영차고지 - 원내동공영차고지,36,시청환승지,0,0,0,0,0,0,0,0,2,1,0,1,3,1,2,0,0,0,0,0,0,0,0,0,
216,원내동공영차고지 - 원내동공영차고지,37,시청환승지,0,0,0,0,0,0,0,0,2,1,0,1,3,1,2,0,0,0,0,0,0,0,0,0,
216,원내동공영차고지 - 원내동공영차고지,38,시청.교육청,0,1,1,0,0,0,0,1,2,1,0,4,4,3,0,2,2,3,2,0,0,0,0,0,
216,원내동공영차고지 - 원내동공영차고지,39,을지대학병원,0,0,0,0,0,0,0,0,0,3,0,2,0,0,0,3,0,2,3,0,0,0,0,0,
216,원내동공영차고지 - 원내동공영차고지,40,정부청사역,0,2,1,1,0,7,5,2,8,7,8,14,9,7,9,8,12,7,9,0,0,0,0,0,
216,원내동공영차고지 - 원내동공영차고지,41,이마트,0,0,2,0,3,10,0,5,7,9,9,16,12,11,12,10,16,17,11,0,0,0,0,0,
216,원내동공영차고지 - 원내동공영차고지,42,갤러리아타임월드,0,0,0,0,0,5,5,6,6,8,12,18,16,15,16,15,16,26,16,0,0,0,0,0,
216,원내동공영차고지 - 원내동공영차고지,43,은하수네거리,0,4,6,1,7,6,6,7,8,10,14,24,17,18,23,20,25,32,27,0,0,0,0,0,
216,원내동공영차고지 - 원내동공영차고지,44,갈마2동주민센터/충청투데이,0,4,5,3,9,9,8,8,0,10,16,25,16,18,20,23,24,33,28,0,0,0,0,0,
216,원내동공영차고지 - 원내동공영차고지,45,안골네거리,0,0,0,0,8,8,5,8,7,0,8,24,15,16,19,20,20,30,26,0,0,0,0,0,
216,원내동공영차고지 - 원내동공영차고지,46,내동중학교,0,0,0,0,7,0,0,9,0,11,15,24,16,15,0,18,19,29,25,0,0,0,0,0,
216,원내동공영차고지 - 원내동공영차고지,47,목운주택입구,0,0,4,1,8,9,9,9,1,6,8,23,15,23,19,18,22,28,0,0,0,0,0,0,
216,원내동공영차고지 - 원내동공영차고지,48,대아아파트,0,0,8,0,10,9,6,9,3,11,15,20,0,19,16,17,22,23,26,0,0,0,0,0,
216,원내동공영차고지 - 원내동공영차고지,49,배재대학교,0,0,4,3,9,9,12,16,7,14,12,14,13,12,13,11,14,19,11,0,0,0,0,0,
216,원내동공영차고지 - 원내동공영차고지,50,대전지방조달청,0,0,4,1,7,10,14,12,0,6,10,14,15,9,11,0,11,16,8,0,0,0,0,0,
216,원내동공영차고지 - 원내동공영차고지,51,복음양지아파트,0,0,5,7,9,13,17,12,6,17,0,15,18,10,9,7,15,13,7,0,0,0,0,0,
216,원내동공영차고지 - 원내동공영차고지,52,공굴안,0,0,0,1,11,12,9,11,0,18,9,0,13,11,8,6,14,12,0,0,0,0,0,0,
216,원내동공영차고지 - 원내동공영차고지,53,대청병원,0,0,0,0,0,0,0,10,7,16,14,0,0,11,4,0,13,0,5,0,0,0,0,0,
216,원내동공영차고지 - 원내동공영차고지,54,계룡아파트,0,0,4,5,11,12,11,19,10,16,16,16,21,13,7,5,9,10,7,0,0,0,0,0,
216,원내동공영차고지 - 원내동공영차고지,55,서부경찰서,0,0,6,0,8,13,13,13,0,19,8,14,9,0,0,6,9,8,6,0,0,0,0,0,
216,원내동공영차고지 - 원내동공영차고지,56,정림동,0,0,4,4,6,14,10,14,7,17,13,11,19,14,12,2,8,6,6,0,0,0,0,0,
216,원내동공영차고지 - 원내동공영차고지,57,가수원교,0,0,0,0,5,0,0,0,0,0,0,0,0,0,0,0,0,0,0,0,0,0,0,0,
216,원내동공영차고지 - 원내동공영차고지,58,가수원육교.가수원시장,0,0,3,2,7,9,7,13,4,13,14,11,14,8,13,7,5,9,9,0,0,0,0,0,
216,원내동공영차고지 - 원내동공영차고지,59,동방고등학교,0,0,0,0,0,7,6,11,3,13,11,0,13,7,12,0,0,0,4,0,0,0,0,0,
216,원내동공영차고지 - 원내동공영차고지,60,건양대병원네거리,0,0,2,0,4,6,5,8,6,10,10,8,11,5,11,6,4,7,8,0,0,0,0,0,
216,원내동공영차고지 - 원내동공영차고지,61,관저지하차도,0,0,0,1,0,3,0,7,0,8,4,0,0,0,9,5,2,0,0,0,0,0,0,0,
216,원내동공영차고지 - 원내동공영차고지,62,신선마을아파트,0,0,0,0,0,1,4,4,0,7,6,8,7,4,5,4,1,7,0,0,0,0,0,0,
216,원내동공영차고지 - 원내동공영차고지,63,봉우중학교,0,0,0,0,0,1,3,2,6,6,6,6,5,0,3,2,0,3,6,1,0,0,0,0,
216,원내동공영차고지 - 원내동공영차고지,64,구봉마을7단지,0,0,0,1,0,3,2,3,3,4,5,5,3,1,2,1,0,3,4,0,0,0,0,0,
216,원내동공영차고지 - 원내동공영차고지,65,금동초등학교,0,0,0,0,0,0,0,0,0,2,2,3,1,0,0,1,0,0,3,0,0,0,0,0,
216,원내동공영차고지 - 원내동공영차고지,66,진잠네거리,0,0,0,2,0,0,0,0,0,0,0,0,0,0,0,0,0,0,1,0,0,0,0,0,
216,원내동공영차고지 - 원내동공영차고지,67,샘물타운아파트,0,0,0,0,2,0,0,1,0,3,4,1,0,3,0,0,0,1,2,0,0,0,0,0,
216,원내동공영차고지 - 원내동공영차고지,68,원내네거리,0,0,0,0,0,0,0,0,0,0,0,0,0,0,0,0,0,0,1,0,0,0,0,0,
216,원내동공영차고지 - 원내동공영차고지,69,원내동,0,0,0,0,0,0,0,0,0,0,0,0,0,0,0,0,0,0,0,0,0,0,0,0,
216,원내동공영차고지 - 원내동공영차고지,70,진잠중학교,0,0,0,0,0,0,0,0,0,0,0,0,0,0,0,0,0,0,0,0,0,0,0,0,
216,원내동공영차고지 - 원내동공영차고지,71,서대전IC,0,0,0,0,0,0,0,0,0,0,0,0,0,0,0,0,0,0,0,0,0,0,0,0,
216,원내동공영차고지 - 원내동공영차고지,72,원내동공영차고지,0,0,0,0,0,0,0,0,0,0,0,0,0,0,0,0,0,0,0,0,0,0,0,0,
22,서남부터미널기점 - 서남부터미널종점,1,서남부터미널기점,0,0,0,0,0,0,0,0,1,0,0,0,0,0,0,0,0,0,0,0,0,0,0,0,
22,서남부터미널기점 - 서남부터미널종점,2,도마시장,0,0,2,2,0,4,0,0,2,0,4,0,0,0,0,3,0,0,0,0,0,0,0,0,
22,서남부터미널기점 - 서남부터미널종점,3,도마네거리,0,0,0,0,0,0,0,0,0,0,0,1,0,1,0,0,0,2,0,0,0,0,0,0,
22,서남부터미널기점 - 서남부터미널종점,4,도마삼거리,0,0,0,4,0,10,0,2,2,0,12,0,0,0,1,0,0,0,0,0,0,0,0,0,
22,서남부터미널기점 - 서남부터미널종점,5,서부소방서,0,0,0,3,1,0,0,0,0,0,15,0,0,0,0,0,0,0,0,0,0,0,0,0,
22,서남부터미널기점 - 서남부터미널종점,6,정림동,0,0,0,0,0,0,0,7,0,0,16,3,1,0,4,5,0,0,0,0,0,0,0,0,
22,서남부터미널기점 - 서남부터미널종점,7,가수원교,0,0,0,0,0,0,0,7,0,0,16,3,1,0,4,5,0,0,0,0,0,0,0,0,
22,서남부터미널기점 - 서남부터미널종점,8,가수원시장,0,0,0,5,2,0,16,9,0,0,20,4,0,0,4,5,0,1,1,0,0,0,0,0,
22,서남부터미널기점 - 서남부터미널종점,9,가수원역,0,0,0,0,0,0,15,0,0,0,18,3,0,0,2,4,0,0,0,0,0,0,0,0,
22,서남부터미널기점 - 서남부터미널종점,10,GS칼텍스저유소,0,0,0,6,0,0,0,0,0,0,20,0,0,0,0,0,0,0,0,0,0,0,0,0,
22,서남부터미널기점 - 서남부터미널종점,11,괴곡동.고리골,0,0,0,6,0,0,0,0,0,0,20,0,0,0,0,0,0,0,0,0,0,0,0,0,
22,서남부터미널기점 - 서남부터미널종점,12,고릿골구름다리,0,0,0,0,0,0,0,0,0,0,0,0,0,1,0,0,0,0,0,0,0,0,0,0,
22,서남부터미널기점 - 서남부터미널종점,13,벌말,0,0,0,0,0,0,14,0,0,0,0,0,0,0,0,0,0,0,0,0,0,0,0,0,
22,서남부터미널기점 - 서남부터미널종점,14,상보안,0,0,0,0,0,0,11,0,0,0,0,0,0,0,0,0,0,0,0,0,0,0,0,0,
22,서남부터미널기점 - 서남부터미널종점,15,사진개,0,0,0,0,0,1,10,0,0,0,0,0,0,0,0,0,0,0,0,0,0,0,0,0,
22,서남부터미널기점 - 서남부터미널종점,16,흑석네거리,0,0,0,0,0,0,8,0,1,0,17,2,0,0,0,1,0,0,0,0,0,0,0,0,
22,서남부터미널기점 - 서남부터미널종점,17,기성농협,0,0,0,0,7,0,0,0,0,0,15,0,0,0,0,0,0,0,0,0,0,0,0,0,
22,서남부터미널기점 - 서남부터미널종점,18,기성중학교,0,0,0,0,0,0,0,0,0,0,11,0,0,0,0,0,0,0,0,0,0,0,0,0,
22,서남부터미널기점 - 서남부터미널종점,19,매노동,0,0,0,0,6,0,6,0,0,0,0,0,0,0,0,0,0,0,0,0,0,0,0,0,
22,서남부터미널기점 - 서남부터미널종점,20,오룡골,0,0,0,0,6,0,6,0,0,0,0,0,0,0,0,0,0,0,0,0,0,0,0,0,
22,서남부터미널기점 - 서남부터미널종점,21,산직2동종점,0,0,0,3,5,1,0,0,0,0,0,0,0,0,0,0,0,0,0,0,0,0,0,0,
22,서남부터미널기점 - 서남부터미널종점,22,오룡골,0,0,0,3,5,1,0,0,0,0,0,0,0,0,0,0,0,0,0,0,0,0,0,0,
22,서남부터미널기점 - 서남부터미널종점,23,밤갈미,0,0,0,0,4,0,0,0,0,0,0,0,0,0,0,0,0,0,0,0,0,0,0,0,
22,서남부터미널기점 - 서남부터미널종점,24,토옥골,0,0,0,0,0,0,5,0,0,0,0,0,0,0,0,0,0,0,0,0,0,0,0,0,
22,서남부터미널기점 - 서남부터미널종점,25,용태울,0,0,0,0,0,0,0,0,0,0,10,0,0,0,0,0,0,0,0,0,0,0,0,0,
22,서남부터미널기점 - 서남부터미널종점,26,용바위,0,0,0,0,0,0,0,0,0,0,10,0,0,0,0,0,0,0,0,0,0,0,0,0,
22,서남부터미널기점 - 서남부터미널종점,27,장안저수지,0,0,0,0,0,0,3,0,0,0,0,0,0,0,0,0,0,0,0,0,0,0,0,0,
22,서남부터미널기점 - 서남부터미널종점,28,장태산길곡길입구,0,0,0,0,0,0,0,0,0,0,8,0,0,1,0,0,0,0,0,0,0,0,0,0,
22,서남부터미널기점 - 서남부터미널종점,29,장태산자연휴양림,0,0,0,0,1,0,0,0,0,0,0,0,0,0,0,0,0,0,0,0,0,0,0,0,
22,서남부터미널기점 - 서남부터미널종점,30,장안동,0,0,0,1,0,0,0,0,0,0,0,0,0,0,0,0,0,0,0,0,0,0,0,0,
22,서남부터미널기점 - 서남부터미널종점,31,목련농원,0,0,0,1,0,0,0,0,0,0,0,0,0,0,0,0,0,0,0,0,0,0,0,0,
22,서남부터미널기점 - 서남부터미널종점,32,하산막골,0,0,0,1,0,0,0,0,0,0,0,0,0,0,0,0,0,0,0,0,0,0,0,0,
22,서남부터미널기점 - 서남부터미널종점,33,산막골,0,0,0,0,0,0,0,0,0,0,0,0,0,0,0,0,0,0,0,0,0,0,0,0,
22,서남부터미널기점 - 서남부터미널종점,34,장안동종점,0,0,0,0,0,0,0,0,0,0,0,0,0,0,0,0,0,0,0,0,0,0,0,0,
22,서남부터미널기점 - 서남부터미널종점,35,산막골,0,0,0,0,0,0,0,0,0,0,0,0,0,0,0,0,0,0,0,0,0,0,0,0,
22,서남부터미널기점 - 서남부터미널종점,36,하산막골,0,0,0,0,0,0,0,0,0,0,0,0,0,0,0,0,0,0,0,0,0,0,0,0,
22,서남부터미널기점 - 서남부터미널종점,37,목련농원,0,0,0,0,0,0,0,0,0,0,0,0,0,0,0,0,0,0,0,0,0,0,0,0,
22,서남부터미널기점 - 서남부터미널종점,38,장안동,0,0,1,0,0,0,0,0,0,0,0,0,1,4,1,0,0,0,0,0,0,0,0,0,
22,서남부터미널기점 - 서남부터미널종점,39,장태산자연휴양림,0,0,0,0,4,2,0,0,5,6,0,14,17,0,3,0,1,0,0,0,0,0,0,0,
22,서남부터미널기점 - 서남부터미널종점,40,장태산길곡길입구,0,0,0,0,0,0,0,0,0,0,0,0,0,0,4,0,0,0,0,0,0,0,0,0,
22,서남부터미널기점 - 서남부터미널종점,41,장안저수지,0,0,0,0,0,0,0,0,0,0,0,0,18,0,0,0,0,0,0,0,0,0,0,0,
22,서남부터미널기점 - 서남부터미널종점,42,용바위,0,0,0,0,0,0,0,0,0,0,0,0,18,0,0,0,0,0,0,0,0,0,0,0,
22,서남부터미널기점 - 서남부터미널종점,43,용태울,0,0,0,0,5,4,0,1,0,7,0,0,0,0,0,0,0,0,0,0,0,0,0,0,
22,서남부터미널기점 - 서남부터미널종점,44,토옥골,0,0,0,0,6,5,0,2,6,0,0,0,19,0,0,0,0,0,0,0,0,0,0,0,
22,서남부터미널기점 - 서남부터미널종점,45,밤갈미,0,0,0,0,7,0,0,0,0,0,0,0,0,0,0,0,0,0,0,0,0,0,0,0,
22,서남부터미널기점 - 서남부터미널종점,46,오룡골,0,0,0,0,7,0,0,0,0,0,0,0,0,0,0,0,0,0,0,0,0,0,0,0,
22,서남부터미널기점 - 서남부터미널종점,47,산직2동종점,0,0,0,0,7,0,0,0,0,0,0,0,0,0,0,0,0,0,0,0,0,0,0,0,
22,서남부터미널기점 - 서남부터미널종점,48,오룡골,0,0,0,0,7,0,0,0,0,0,0,0,0,0,0,0,0,0,0,0,0,0,0,0,
22,서남부터미널기점 - 서남부터미널종점,49,매노동,0,0,0,0,7,0,0,0,0,0,0,0,0,0,0,0,0,0,0,0,0,0,0,0,
22,서남부터미널기점 - 서남부터미널종점,50,기성중학교,0,0,0,0,0,0,0,3,0,0,0,16,24,0,0,5,0,0,0,0,0,0,0,0,
22,서남부터미널기점 - 서남부터미널종점,51,기성농협,0,0,0,0,0,0,0,3,0,0,0,16,24,0,0,5,0,0,0,0,0,0,0,0,
22,서남부터미널기점 - 서남부터미널종점,52,흑석네거리,0,0,0,2,0,0,0,5,10,9,0,0,22,0,6,0,0,0,0,0,0,0,0,0,
22,서남부터미널기점 - 서남부터미널종점,53,사진개,0,0,0,2,0,0,0,5,10,9,0,0,22,0,6,0,0,0,0,0,0,0,0,0,
22,서남부터미널기점 - 서남부터미널종점,54,상보안,0,0,0,2,0,0,0,5,10,9,0,0,22,0,6,0,0,0,0,0,0,0,0,0,
22,서남부터미널기점 - 서남부터미널종점,55,벌말,0,0,0,0,0,0,0,0,0,0,0,0,0,0,0,0,0,1,0,0,0,0,0,0,
22,서남부터미널기점 - 서남부터미널종점,56,고릿골구름다리,0,0,0,0,0,0,0,0,0,0,0,0,0,0,0,0,0,1,0,0,0,0,0,0,
22,서남부터미널기점 - 서남부터미널종점,57,괴곡동.고리골,0,0,0,0,0,0,0,0,0,0,0,0,0,0,0,0,0,1,0,0,0,0,0,0,
22,서남부터미널기점 - 서남부터미널종점,58,가수원역,0,0,0,3,8,0,4,7,0,6,0,15,18,0,7,0,0,0,0,0,0,0,0,0,
22,서남부터미널기점 - 서남부터미널종점,59,가수원시장,0,0,0,0,4,0,2,6,8,5,0,0,15,0,3,2,0,0,0,0,0,0,0,0,
22,서남부터미널기점 - 서남부터미널종점,60,가수원네거리,0,0,0,0,0,0,0,0,9,2,0,14,8,0,2,0,0,0,0,0,0,0,0,0,
22,서남부터미널기점 - 서남부터미널종점,61,정림삼거리,0,0,0,2,3,3,1,2,3,0,0,13,5,0,1,0,0,0,0,0,0,0,0,0,
22,서남부터미널기점 - 서남부터미널종점,62,정림동,0,0,0,1,0,0,0,0,0,0,0,9,0,0,0,0,1,0,0,0,0,0,0,0,
22,서남부터미널기점 - 서남부터미널종점,63,서부소방서,0,0,0,0,0,0,0,0,2,0,0,0,0,0,0,0,0,0,0,0,0,0,0,0,
22,서남부터미널기점 - 서남부터미널종점,64,도마삼거리,0,0,0,0,0,0,0,1,1,0,0,6,2,0,0,0,0,0,0,0,0,0,0,0,
22,서남부터미널기점 - 서남부터미널종점,65,도마e편한세상아파트,0,0,0,0,0,0,0,0,0,0,0,4,0,0,0,0,0,0,0,0,0,0,0,0,
22,서남부터미널기점 - 서남부터미널종점,66,도마시장,0,0,0,0,0,0,0,0,0,0,0,3,0,0,0,0,0,0,0,0,0,0,0,0,
22,서남부터미널기점 - 서남부터미널종점,67,버드내아파트,0,0,0,0,0,0,0,0,0,0,0,0,0,0,0,0,0,0,0,0,0,0,0,0,
22,서남부터미널기점 - 서남부터미널종점,68,서부종합시장,0,0,0,0,0,0,0,0,0,0,0,0,0,0,0,0,0,0,0,0,0,0,0,0,
22,서남부터미널기점 - 서남부터미널종점,69,서남부터미널,0,0,0,0,0,0,0,0,0,0,0,2,0,0,0,0,0,0,0,0,0,0,0,0,
22,서남부터미널기점 - 서남부터미널종점,70,서남부터미널종점,0,0,0,0,0,0,0,0,0,0,0,0,0,0,0,0,0,0,0,0,0,0,0,0,
23,서남부터미널기점 - 서남부터미널종점,1,서남부터미널기점,0,0,0,0,0,0,0,0,0,0,0,0,0,0,0,0,0,0,0,0,0,0,0,0,
23,서남부터미널기점 - 서남부터미널종점,2,도마시장,0,0,0,4,1,0,1,0,0,1,0,0,1,0,0,0,1,0,0,0,0,0,0,0,
23,서남부터미널기점 - 서남부터미널종점,3,도마네거리,0,0,0,0,0,0,0,0,0,0,0,3,4,0,0,0,0,0,0,0,0,0,0,0,
23,서남부터미널기점 - 서남부터미널종점,4,도마삼거리,0,0,1,7,2,0,0,0,0,0,0,0,0,0,1,0,0,0,0,0,0,0,0,0,
23,서남부터미널기점 - 서남부터미널종점,5,서부소방서,0,0,0,8,0,0,0,0,0,0,0,0,0,0,0,0,0,0,0,0,0,0,0,0,
23,서남부터미널기점 - 서남부터미널종점,6,정림동,0,0,2,0,0,0,0,0,0,2,0,0,5,0,0,0,0,0,0,0,0,0,0,0,
23,서남부터미널기점 - 서남부터미널종점,7,가수원교,0,0,2,0,0,0,0,0,0,2,0,0,5,0,0,0,0,0,0,0,0,0,0,0,
23,서남부터미널기점 - 서남부터미널종점,8,가수원시장,0,0,3,11,0,0,3,0,0,3,0,4,4,0,0,3,0,1,0,0,0,0,0,0,
23,서남부터미널기점 - 서남부터미널종점,9,가수원역,0,0,0,0,0,0,0,0,1,0,0,3,2,0,0,0,0,0,0,0,0,0,0,0,
23,서남부터미널기점 - 서남부터미널종점,10,GS칼텍스저유소,0,0,0,12,0,0,0,0,0,0,0,2,0,0,0,0,0,1,0,0,0,0,0,0,
23,서남부터미널기점 - 서남부터미널종점,11,괴곡동.고리골,0,0,0,12,0,0,0,0,0,0,0,2,0,0,0,0,0,1,0,0,0,0,0,0,
23,서남부터미널기점 - 서남부터미널종점,12,고릿골구름다리,0,0,0,0,0,0,2,0,0,0,0,0,0,0,0,0,0,0,0,0,0,0,0,0,
23,서남부터미널기점 - 서남부터미널종점,13,벌말,0,0,0,0,0,0,0,0,0,0,0,0,1,0,0,0,0,0,0,0,0,0,0,0,
23,서남부터미널기점 - 서남부터미널종점,14,상보안,0,0,0,0,0,0,0,0,0,0,0,0,0,0,0,2,0,0,0,0,0,0,0,0,
23,서남부터미널기점 - 서남부터미널종점,15,사진개,0,0,2,0,0,0,0,0,0,0,0,0,0,0,0,0,0,0,0,0,0,0,0,0,
23,서남부터미널기점 - 서남부터미널종점,16,흑석네거리,0,0,1,0,10,3,1,0,1,0,4,1,0,0,0,0,0,0,0,0,0,0,0,0,
23,서남부터미널기점 - 서남부터미널종점,17,기성초등학교,0,0,0,0,0,0,0,0,0,0,3,0,0,0,0,0,0,0,0,0,0,0,0,0,
23,서남부터미널기점 - 서남부터미널종점,18,야실,0,0,0,0,0,0,0,0,0,0,3,0,0,0,0,0,0,0,0,0,0,0,0,0,
23,서남부터미널기점 - 서남부터미널종점,19,용촌1통,0,0,0,0,0,0,0,0,0,0,0,0,0,0,0,0,0,0,0,0,0,0,0,0,
23,서남부터미널기점 - 서남부터미널종점,20,정방마을입구,0,0,0,0,0,0,0,0,0,0,0,0,0,0,0,1,0,0,0,0,0,0,0,0,
23,서남부터미널기점 - 서남부터미널종점,21,용촌교,0,0,0,0,9,0,0,0,0,0,0,0,0,0,0,0,0,0,0,0,0,0,0,0,
23,서남부터미널기점 - 서남부터미널종점,22,용촌2통,0,0,0,0,6,0,0,0,0,0,2,0,0,0,0,0,0,0,0,0,0,0,0,0,
23,서남부터미널기점 - 서남부터미널종점,23,원정역,0,0,0,0,0,2,0,0,0,0,0,0,0,0,0,0,0,0,0,0,0,0,0,0,
23,서남부터미널기점 - 서남부터미널종점,24,뒷골,0,0,0,0,0,1,0,0,0,0,0,0,0,0,0,0,0,0,0,0,0,0,0,0,
23,서남부터미널기점 - 서남부터미널종점,25,원정1통마을회관,0,0,0,0,0,0,0,0,0,0,0,0,0,0,0,0,0,0,0,0,0,0,0,0,
23,서남부터미널기점 - 서남부터미널종점,26,원정동,0,0,0,0,3,0,0,0,0,0,0,0,1,0,0,0,0,0,0,0,0,0,0,0,
23,서남부터미널기점 - 서남부터미널종점,27,구만리,0,0,0,0,0,0,0,0,0,0,0,0,0,0,0,0,0,0,0,0,0,0,0,0,
23,서남부터미널기점 - 서남부터미널종점,28,중리마을,0,0,0,0,0,0,0,0,0,0,0,0,0,0,0,0,0,0,0,0,0,0,0,0,
23,서남부터미널기점 - 서남부터미널종점,29,무도리종점,0,0,0,0,0,0,0,0,0,0,0,0,0,0,0,0,0,0,0,0,0,0,0,0,
23,서남부터미널기점 - 서남부터미널종점,30,중리마을,0,0,0,0,0,0,0,1,0,0,1,0,0,0,0,0,0,0,0,0,0,0,0,0,
23,서남부터미널기점 - 서남부터미널종점,31,구만리,0,0,0,0,0,0,0,1,0,0,1,0,0,0,0,0,0,0,0,0,0,0,0,0,
23,서남부터미널기점 - 서남부터미널종점,32,원정동,0,0,0,0,0,0,0,1,0,0,1,0,0,0,0,0,0,0,0,0,0,0,0,0,
23,서남부터미널기점 - 서남부터미널종점,33,원정1통마을회관,0,0,0,0,0,0,0,0,0,1,0,0,2,0,0,0,0,0,0,0,0,0,0,0,
23,서남부터미널기점 - 서남부터미널종점,34,뒷골,0,0,0,0,0,0,0,0,0,0,0,0,0,0,0,1,0,0,0,0,0,0,0,0,
23,서남부터미널기점 - 서남부터미널종점,35,원정역,0,0,0,0,3,0,0,0,0,0,0,0,0,0,0,0,0,0,0,0,0,0,0,0,
23,서남부터미널기점 - 서남부터미널종점,36,용촌2통,0,0,0,0,0,0,0,0,1,0,0,0,3,0,0,0,0,0,0,0,0,0,0,0,
23,서남부터미널기점 - 서남부터미널종점,37,용촌교,0,0,1,0,0,0,0,0,0,0,0,0,0,0,0,0,0,0,0,0,0,0,0,0,
23,서남부터미널기점 - 서남부터미널종점,38,정방마을입구,0,0,2,0,0,0,0,0,0,0,0,0,0,0,0,0,0,0,0,0,0,0,0,0,
23,서남부터미널기점 - 서남부터미널종점,39,용촌1통,0,0,0,0,4,0,0,0,0,0,0,0,0,0,0,0,0,0,0,0,0,0,0,0,
23,서남부터미널기점 - 서남부터미널종점,40,야실,0,0,0,0,4,0,0,0,0,0,0,0,0,0,0,0,0,0,0,0,0,0,0,0,
23,서남부터미널기점 - 서남부터미널종점,41,기성초등학교,0,0,0,0,4,0,0,0,0,0,0,0,0,0,0,0,0,0,0,0,0,0,0,0,
23,서남부터미널기점 - 서남부터미널종점,42,흑석네거리,0,0,0,0,0,6,0,0,0,0,2,0,3,1,0,0,0,0,0,0,0,0,0,0,
23,서남부터미널기점 - 서남부터미널종점,43,사진개,0,0,0,0,0,6,0,0,0,0,2,0,3,1,0,0,0,0,0,0,0,0,0,0,
23,서남부터미널기점 - 서남부터미널종점,44,상보안,0,0,0,0,0,0,0,2,0,0,3,0,0,0,0,0,0,0,0,0,0,0,0,0,
23,서남부터미널기점 - 서남부터미널종점,45,벌말,0,0,0,0,0,0,0,0,0,0,4,0,0,0,0,0,1,0,0,0,0,0,0,0,
23,서남부터미널기점 - 서남부터미널종점,46,고릿골구름다리,0,0,0,0,0,0,0,0,0,0,4,0,0,0,0,0,1,0,0,0,0,0,0,0,
23,서남부터미널기점 - 서남부터미널종점,47,괴곡동.고리골,0,0,0,0,0,0,0,0,0,0,0,0,0,0,0,0,0,0,0,0,0,0,0,0,
23,서남부터미널기점 - 서남부터미널종점,48,가수원역,0,0,0,0,0,8,0,5,0,2,3,0,0,0,0,0,0,0,0,0,0,0,0,0,
23,서남부터미널기점 - 서남부터미널종점,49,가수원시장,0,0,1,0,0,7,0,0,0,0,0,3,0,0,0,0,0,0,0,0,0,0,0,0,
23,서남부터미널기점 - 서남부터미널종점,50,가수원네거리,0,0,0,0,0,0,0,0,0,0,2,0,0,0,0,0,0,0,0,0,0,0,0,0,
23,서남부터미널기점 - 서남부터미널종점,51,정림삼거리,0,0,0,0,0,5,0,4,1,0,1,0,2,0,0,0,0,0,0,0,0,0,0,0,
23,서남부터미널기점 - 서남부터미널종점,52,정림동,0,0,0,0,0,3,0,0,0,0,0,0,1,0,0,0,0,0,0,0,0,0,0,0,
23,서남부터미널기점 - 서남부터미널종점,53,서부소방서,0,0,0,1,0,0,0,2,0,0,0,2,0,0,0,0,0,0,0,0,0,0,0,0,
23,서남부터미널기점 - 서남부터미널종점,54,도마삼거리,0,0,0,0,0,0,0,0,0,0,0,0,0,0,0,0,0,0,0,0,0,0,0,0,
23,서남부터미널기점 - 서남부터미널종점,55,도마e편한세상아파트,0,0,0,0,0,1,0,1,0,0,0,0,0,0,0,0,0,0,0,0,0,0,0,0,
23,서남부터미널기점 - 서남부터미널종점,56,도마시장,0,0,0,0,0,0,0,0,0,0,0,0,0,0,0,0,0,0,0,0,0,0,0,0,
23,서남부터미널기점 - 서남부터미널종점,57,버드내아파트,0,0,0,0,0,0,0,0,0,0,0,0,0,0,0,0,0,0,0,0,0,0,0,0,
23,서남부터미널기점 - 서남부터미널종점,58,서부종합시장,0,0,0,0,0,0,0,0,0,0,0,0,0,0,0,0,0,0,0,0,0,0,0,0,
23,서남부터미널기점 - 서남부터미널종점,59,서남부터미널,0,0,0,0,0,0,0,0,0,0,0,0,0,0,0,0,0,0,0,0,0,0,0,0,
23,서남부터미널기점 - 서남부터미널종점,60,서남부터미널종점,0,0,0,0,0,0,0,0,0,0,0,0,0,0,0,0,0,0,0,0,0,0,0,0,
24,서남부터미널기점 - 서남부터미널종점,1,서남부터미널기점,0,0,0,0,1,0,0,0,0,0,0,0,0,0,0,0,0,0,0,0,0,0,0,0,
24,서남부터미널기점 - 서남부터미널종점,2,도마시장,0,0,1,4,8,0,2,0,0,2,2,4,3,0,1,0,0,0,0,0,0,0,0,0,
24,서남부터미널기점 - 서남부터미널종점,3,도마네거리,0,0,0,0,9,0,0,0,1,0,0,0,0,0,0,0,0,0,0,0,0,0,0,0,
24,서남부터미널기점 - 서남부터미널종점,4,도마삼거리,0,0,0,5,11,2,0,0,3,0,0,5,0,0,2,0,0,0,0,0,0,0,0,0,
24,서남부터미널기점 - 서남부터미널종점,5,서부소방서,0,0,0,0,0,0,0,0,6,0,0,0,0,0,0,0,0,0,0,0,0,0,0,0,
24,서남부터미널기점 - 서남부터미널종점,6,정림동,0,0,0,0,0,3,3,0,8,4,3,0,0,0,0,0,0,0,0,0,0,0,0,0,
24,서남부터미널기점 - 서남부터미널종점,7,가수원교,0,0,0,0,0,3,3,0,8,4,3,0,0,0,0,0,0,0,0,0,0,0,0,0,
24,서남부터미널기점 - 서남부터미널종점,8,가수원시장,0,0,2,6,10,4,5,0,9,5,2,6,0,0,3,3,0,0,0,0,0,0,0,0,
24,서남부터미널기점 - 서남부터미널종점,9,가수원역,0,0,0,5,0,0,0,0,8,0,0,0,0,0,2,2,0,0,0,0,0,0,0,0,
24,서남부터미널기점 - 서남부터미널종점,10,GS칼텍스저유소,0,0,0,4,0,0,0,0,0,0,0,0,0,0,0,1,0,0,0,0,0,0,0,0,
24,서남부터미널기점 - 서남부터미널종점,11,괴곡동.고리골,0,0,0,0,9,0,0,0,0,0,0,0,0,0,0,0,0,0,0,0,0,0,0,0,
24,서남부터미널기점 - 서남부터미널종점,12,고릿골구름다리,0,0,0,0,9,0,0,0,0,0,0,0,0,0,0,0,0,0,0,0,0,0,0,0,
24,서남부터미널기점 - 서남부터미널종점,13,벌말,0,0,0,5,0,3,0,0,0,0,0,0,0,0,0,0,0,0,0,0,0,0,0,0,
24,서남부터미널기점 - 서남부터미널종점,14,상보안,0,0,0,0,0,0,0,4,5,4,0,0,0,0,0,0,0,0,0,0,0,0,0,0,
24,서남부터미널기점 - 서남부터미널종점,15,사진개,0,0,0,0,0,2,0,0,0,0,0,0,0,0,0,0,0,0,0,0,0,0,0,0,
24,서남부터미널기점 - 서남부터미널종점,16,흑석네거리,0,0,0,3,8,0,0,0,1,4,2,0,4,4,1,0,1,0,0,0,0,0,0,0,
24,서남부터미널기점 - 서남부터미널종점,17,기성초등학교,0,0,0,3,8,0,0,0,1,4,2,0,4,4,1,0,1,0,0,0,0,0,0,0,
24,서남부터미널기점 - 서남부터미널종점,18,새터,0,0,0,3,8,0,0,0,1,4,2,0,4,4,1,0,1,0,0,0,0,0,0,0,
24,서남부터미널기점 - 서남부터미널종점,19,사기점골,0,0,0,2,7,0,0,0,0,0,0,0,0,0,0,0,0,0,0,0,0,0,0,0,
24,서남부터미널기점 - 서남부터미널종점,20,평촌1통마을회관,0,0,0,0,0,0,0,0,0,3,0,0,0,0,0,0,0,0,0,0,0,0,0,0,
24,서남부터미널기점 - 서남부터미널종점,21,장전,0,0,0,0,6,0,0,0,0,0,0,0,0,2,0,0,0,0,0,0,0,0,0,0,
24,서남부터미널기점 - 서남부터미널종점,22,영골,0,0,0,0,4,0,0,3,0,0,0,0,0,0,0,0,0,0,0,0,0,0,0,0,
24,서남부터미널기점 - 서남부터미널종점,23,오동,0,0,0,0,3,0,0,0,0,0,0,0,3,0,0,0,0,0,0,0,0,0,0,0,
24,서남부터미널기점 - 서남부터미널종점,24,우명교,0,0,0,0,0,0,0,0,0,0,0,0,0,0,0,0,0,0,0,0,0,0,0,0,
24,서남부터미널기점 - 서남부터미널종점,25,어곡교,0,0,0,0,2,0,0,0,0,2,0,0,0,0,0,0,0,0,0,0,0,0,0,0,
24,서남부터미널기점 - 서남부터미널종점,26,조동1리,0,0,0,0,1,0,0,1,0,1,1,0,0,0,0,0,0,0,0,0,0,0,0,0,
24,서남부터미널기점 - 서남부터미널종점,27,우명2구,0,0,0,0,0,0,0,0,0,0,0,0,1,0,0,0,0,0,0,0,0,0,0,0,
24,서남부터미널기점 - 서남부터미널종점,28,우명동,0,0,0,0,0,0,0,0,0,0,0,0,0,0,0,0,0,0,0,0,0,0,0,0,
24,서남부터미널기점 - 서남부터미널종점,29,우명동낚시터,0,0,0,0,0,0,0,0,0,0,0,0,0,0,0,0,0,0,0,0,0,0,0,0,
24,서남부터미널기점 - 서남부터미널종점,30,짐밭골,0,0,0,0,0,0,1,0,0,0,0,0,0,0,0,0,0,0,0,0,0,0,0,0,
24,서남부터미널기점 - 서남부터미널종점,31,반송마을입구,0,0,0,0,0,0,1,0,0,0,0,0,0,0,0,0,0,0,0,0,0,0,0,0,
24,서남부터미널기점 - 서남부터미널종점,32,우명동종점,0,1,0,0,0,0,0,0,1,0,0,0,0,0,0,0,0,0,0,0,0,0,0,0,
24,서남부터미널기점 - 서남부터미널종점,33,반송마을입구,0,1,0,0,0,0,0,0,1,0,0,0,0,0,0,0,0,0,0,0,0,0,0,0,
24,서남부터미널기점 - 서남부터미널종점,34,짐밭골,0,1,0,0,0,0,0,0,1,0,0,0,0,0,0,0,0,0,0,0,0,0,0,0,
24,서남부터미널기점 - 서남부터미널종점,35,우명동낚시터,0,0,0,0,0,0,0,0,0,1,0,0,0,0,0,0,0,0,0,0,0,0,0,0,
24,서남부터미널기점 - 서남부터미널종점,36,우명동,0,0,0,0,0,0,1,0,2,0,0,0,1,0,1,0,0,0,0,0,0,0,0,0,
24,서남부터미널기점 - 서남부터미널종점,37,우명2구,0,0,0,0,0,1,0,0,0,0,0,0,0,0,0,0,0,0,0,0,0,0,0,0,
24,서남부터미널기점 - 서남부터미널종점,38,조동1리,0,0,2,0,2,0,0,0,0,0,0,0,3,0,0,0,0,0,0,0,0,0,0,0,
24,서남부터미널기점 - 서남부터미널종점,39,어곡교,0,0,0,0,3,0,3,0,0,0,2,0,0,1,0,0,0,0,0,0,0,0,0,0,
24,서남부터미널기점 - 서남부터미널종점,40,우명교,0,0,0,0,0,0,0,0,0,0,0,0,4,0,0,0,0,0,0,0,0,0,0,0,
24,서남부터미널기점 - 서남부터미널종점,41,오동,0,0,0,0,0,0,0,0,0,0,0,0,4,0,0,0,0,0,0,0,0,0,0,0,
24,서남부터미널기점 - 서남부터미널종점,42,영골,0,0,0,0,0,0,5,2,0,0,0,0,0,0,0,0,0,0,0,0,0,0,0,0,
24,서남부터미널기점 - 서남부터미널종점,43,장전,0,0,0,0,0,0,7,0,0,0,0,0,5,0,0,0,0,0,0,0,0,0,0,0,
24,서남부터미널기점 - 서남부터미널종점,44,평촌1통마을회관,0,0,2,0,0,0,8,0,0,4,0,0,0,0,0,1,0,0,0,0,0,0,0,0,
24,서남부터미널기점 - 서남부터미널종점,45,사기점골,0,0,2,0,0,0,8,0,0,4,0,0,0,0,0,1,0,0,0,0,0,0,0,0,
24,서남부터미널기점 - 서남부터미널종점,46,새터,0,0,0,0,0,0,9,0,0,0,0,0,0,0,0,0,0,0,0,0,0,0,0,0,
24,서남부터미널기점 - 서남부터미널종점,47,기성초등학교,0,0,0,0,0,0,9,0,0,0,0,0,0,0,0,0,0,0,0,0,0,0,0,0,
24,서남부터미널기점 - 서남부터미널종점,48,흑석네거리,0,0,0,0,7,2,10,3,0,0,0,0,11,0,0,0,0,1,0,0,0,0,0,0,
24,서남부터미널기점 - 서남부터미널종점,49,사진개,0,0,0,0,7,2,10,3,0,0,0,0,11,0,0,0,0,1,0,0,0,0,0,0,
24,서남부터미널기점 - 서남부터미널종점,50,상보안,0,0,0,0,0,0,0,0,0,5,3,0,0,0,0,0,0,0,0,0,0,0,0,0,
24,서남부터미널기점 - 서남부터미널종점,51,벌말,0,0,0,0,0,0,0,0,0,5,3,0,0,0,0,0,0,0,0,0,0,0,0,0,
24,서남부터미널기점 - 서남부터미널종점,52,고릿골구름다리,0,0,0,0,0,0,0,0,0,5,3,0,0,0,0,0,0,0,0,0,0,0,0,0,
24,서남부터미널기점 - 서남부터미널종점,53,괴곡동.고리골,0,0,0,0,0,0,0,0,0,5,3,0,0,0,0,0,0,0,0,0,0,0,0,0,
24,서남부터미널기점 - 서남부터미널종점,54,가수원역,0,0,0,0,11,0,10,3,0,6,4,0,8,0,0,0,0,0,0,0,0,0,0,0,
24,서남부터미널기점 - 서남부터미널종점,55,가수원시장,0,0,2,0,7,2,8,0,0,8,3,1,4,0,0,0,0,0,0,0,0,0,0,0,
24,서남부터미널기점 - 서남부터미널종점,56,가수원네거리,0,0,0,0,0,0,0,4,0,0,2,0,0,0,0,0,0,0,0,0,0,0,0,0,
24,서남부터미널기점 - 서남부터미널종점,57,정림삼거리,0,0,1,0,4,2,5,2,0,4,0,0,0,0,0,0,0,1,0,0,0,0,0,0,
24,서남부터미널기점 - 서남부터미널종점,58,정림동,0,0,0,0,3,0,4,0,0,0,0,0,0,0,0,0,0,0,0,0,0,0,0,0,
24,서남부터미널기점 - 서남부터미널종점,59,서부소방서,0,0,0,0,2,0,2,0,0,2,1,0,2,0,0,0,0,0,0,0,0,0,0,0,
24,서남부터미널기점 - 서남부터미널종점,60,도마삼거리,0,0,0,0,1,0,1,0,0,0,0,0,0,0,0,0,0,0,0,0,0,0,0,0,
24,서남부터미널기점 - 서남부터미널종점,61,도마e편한세상아파트,0,0,0,0,0,0,0,0,1,1,0,0,0,1,0,0,0,0,0,0,0,0,0,0,
24,서남부터미널기점 - 서남부터미널종점,62,도마시장,0,0,0,0,0,0,0,0,0,0,0,0,0,0,0,0,0,0,0,0,0,0,0,0,
24,서남부터미널기점 - 서남부터미널종점,63,버드내아파트,0,0,0,0,0,0,0,0,0,0,0,0,0,0,0,0,0,0,0,0,0,0,0,0,
24,서남부터미널기점 - 서남부터미널종점,64,서부종합시장,0,0,0,0,0,0,0,0,0,0,0,0,0,0,0,0,0,0,0,0,0,0,0,0,
24,서남부터미널기점 - 서남부터미널종점,65,서남부터미널,0,0,0,0,0,0,0,0,0,0,0,0,0,0,0,0,0,0,0,0,0,0,0,0,
24,서남부터미널기점 - 서남부터미널종점,66,서남부터미널종점,0,0,0,0,0,0,0,0,0,0,0,0,0,0,0,0,0,0,0,0,0,0,0,0,
25,서남부터미널기점 - 서남부터미널종점,1,서남부터미널기점,0,0,0,0,0,0,0,0,1,0,0,0,0,0,0,0,0,0,0,0,0,0,0,0,
25,서남부터미널기점 - 서남부터미널종점,2,도마시장,0,0,1,0,1,0,3,0,1,0,1,2,1,4,1,0,4,0,0,0,0,0,0,0,
25,서남부터미널기점 - 서남부터미널종점,3,도마네거리,0,0,3,0,0,0,4,0,0,2,0,4,0,0,0,0,0,0,0,0,0,0,0,0,
25,서남부터미널기점 - 서남부터미널종점,4,도마삼거리,0,0,0,2,2,0,6,0,0,0,0,3,0,5,0,0,5,0,0,0,0,0,0,0,
25,서남부터미널기점 - 서남부터미널종점,5,서부소방서,0,0,0,3,0,0,0,0,2,0,0,4,0,7,0,0,0,0,0,0,0,0,0,0,
25,서남부터미널기점 - 서남부터미널종점,6,정림동,0,0,0,0,0,0,5,0,0,3,0,0,0,0,0,0,4,0,0,0,0,0,0,0,
25,서남부터미널기점 - 서남부터미널종점,7,가수원교,0,0,0,0,0,0,5,0,0,3,0,0,0,0,0,0,4,0,0,0,0,0,0,0,
25,서남부터미널기점 - 서남부터미널종점,8,가수원시장,0,0,0,0,5,0,8,6,0,5,2,0,2,4,0,0,3,0,0,0,0,0,0,0,
25,서남부터미널기점 - 서남부터미널종점,9,가수원역,0,0,0,0,3,0,0,0,0,4,0,11,0,0,0,0,0,0,0,0,0,0,0,0,
25,서남부터미널기점 - 서남부터미널종점,10,GS칼텍스저유소,0,0,0,0,4,0,0,0,0,5,0,12,0,0,0,0,0,0,0,0,0,0,0,0,
25,서남부터미널기점 - 서남부터미널종점,11,괴곡동.고리골,0,0,0,0,4,0,0,0,0,5,0,12,0,0,0,0,0,0,0,0,0,0,0,0,
25,서남부터미널기점 - 서남부터미널종점,12,고릿골구름다리,0,0,0,0,4,0,0,0,0,5,0,12,0,0,0,0,0,0,0,0,0,0,0,0,
25,서남부터미널기점 - 서남부터미널종점,13,벌말,0,0,0,0,0,0,9,0,0,0,0,0,0,0,0,0,0,0,0,0,0,0,0,0,
25,서남부터미널기점 - 서남부터미널종점,14,대전추모공원입구,0,0,0,0,0,0,0,5,0,0,0,0,0,0,0,0,0,0,0,0,0,0,0,0,
25,서남부터미널기점 - 서남부터미널종점,15,대전추모공원,0,0,1,0,3,0,2,0,0,2,1,11,0,0,0,0,0,0,0,0,0,0,0,0,
25,서남부터미널기점 - 서남부터미널종점,16,상보안,0,0,0,0,0,0,0,0,0,0,0,0,1,0,0,0,0,0,0,0,0,0,0,0,
25,서남부터미널기점 - 서남부터미널종점,17,노루벌,0,0,0,0,0,0,0,0,0,0,0,10,0,0,0,0,0,0,0,0,0,0,0,0,
25,서남부터미널기점 - 서남부터미널종점,18,장평보유원지,0,0,0,0,0,0,0,0,0,0,0,10,0,0,0,0,0,0,0,0,0,0,0,0,
25,서남부터미널기점 - 서남부터미널종점,19,사진개,0,0,0,0,2,0,0,0,0,0,0,0,0,0,0,0,0,0,0,0,0,0,0,0,
25,서남부터미널기점 - 서남부터미널종점,20,흑석네거리,0,0,2,0,1,0,4,0,0,0,0,0,0,0,0,0,0,0,0,0,0,0,0,0,
25,서남부터미널기점 - 서남부터미널종점,21,흑석리역,0,0,0,0,0,0,0,0,0,1,0,0,0,0,0,0,0,0,0,0,0,0,0,0,
25,서남부터미널기점 - 서남부터미널종점,22,수영장,0,0,1,0,0,0,0,2,0,0,0,0,0,0,0,0,0,0,0,0,0,0,0,0,
25,서남부터미널기점 - 서남부터미널종점,23,대추벌,0,0,1,0,0,0,0,2,0,0,0,0,0,0,0,0,0,0,0,0,0,0,0,0,
25,서남부터미널기점 - 서남부터미널종점,24,봉곡,0,0,0,0,0,0,2,0,0,0,0,0,0,0,0,0,0,0,0,0,0,0,0,0,
25,서남부터미널기점 - 서남부터미널종점,25,봉곡1통,0,0,0,0,0,0,0,0,0,0,0,0,0,0,0,0,0,0,0,0,0,0,0,0,
25,서남부터미널기점 - 서남부터미널종점,26,봉곡동종점,0,0,0,0,0,0,0,0,2,1,0,0,0,0,0,0,0,0,0,0,0,0,0,0,
25,서남부터미널기점 - 서남부터미널종점,27,봉곡1통,0,0,0,0,0,1,0,0,0,2,0,0,0,0,0,0,0,0,0,0,0,0,0,0,
25,서남부터미널기점 - 서남부터미널종점,28,봉곡,0,0,0,0,0,3,0,0,0,0,0,4,0,1,0,0,0,0,0,0,0,0,0,0,
25,서남부터미널기점 - 서남부터미널종점,29,대추벌,0,0,0,0,0,3,0,0,0,0,0,4,0,1,0,0,0,0,0,0,0,0,0,0,
25,서남부터미널기점 - 서남부터미널종점,30,수영장,0,0,0,0,0,3,0,0,0,4,0,0,0,0,1,0,0,0,0,0,0,0,0,0,
25,서남부터미널기점 - 서남부터미널종점,31,흑석리역,0,0,0,0,0,1,0,0,0,1,0,0,0,0,0,0,0,0,0,0,0,0,0,0,
25,서남부터미널기점 - 서남부터미널종점,32,흑석네거리,0,0,0,0,2,2,1,0,0,0,0,8,0,0,0,0,0,0,0,0,0,0,0,0,
25,서남부터미널기점 - 서남부터미널종점,33,사진개,0,0,0,0,2,2,1,0,0,0,0,8,0,0,0,0,0,0,0,0,0,0,0,0,
25,서남부터미널기점 - 서남부터미널종점,34,장평보유원지,0,0,0,0,2,2,1,0,0,0,0,8,0,0,0,0,0,0,0,0,0,0,0,0,
25,서남부터미널기점 - 서남부터미널종점,35,노루벌,0,0,0,0,2,2,1,0,0,0,0,8,0,0,0,0,0,0,0,0,0,0,0,0,
25,서남부터미널기점 - 서남부터미널종점,36,상보안,0,0,0,0,0,0,0,0,0,0,0,0,3,0,0,0,0,0,0,0,0,0,0,0,
25,서남부터미널기점 - 서남부터미널종점,37,대전추모공원,0,0,0,0,3,10,0,5,0,9,0,10,5,0,2,0,0,0,0,0,0,0,0,0,
25,서남부터미널기점 - 서남부터미널종점,38,대전추모공원입구,0,0,0,0,3,10,0,5,0,9,0,10,5,0,2,0,0,0,0,0,0,0,0,0,
25,서남부터미널기점 - 서남부터미널종점,39,벌말,0,0,0,0,0,0,0,0,0,0,0,0,6,0,0,0,0,0,0,0,0,0,0,0,
25,서남부터미널기점 - 서남부터미널종점,40,고릿골구름다리,0,0,0,0,0,0,0,0,0,0,0,0,6,0,0,0,0,0,0,0,0,0,0,0,
25,서남부터미널기점 - 서남부터미널종점,41,괴곡동.고리골,0,0,0,0,0,0,0,0,0,0,0,0,6,0,0,0,0,0,0,0,0,0,0,0,
25,서남부터미널기점 - 서남부터미널종점,42,가수원역,0,0,0,2,2,8,0,8,0,10,0,9,5,0,0,0,0,0,0,0,0,0,0,0,
25,서남부터미널기점 - 서남부터미널종점,43,가수원시장,0,0,0,0,0,0,0,5,0,0,4,0,4,0,0,0,0,0,0,0,0,0,0,0,
25,서남부터미널기점 - 서남부터미널종점,44,가수원네거리,0,0,0,0,0,0,0,0,0,8,0,0,0,0,0,0,0,0,0,0,0,0,0,0,
25,서남부터미널기점 - 서남부터미널종점,45,정림삼거리,0,0,0,0,0,7,0,2,0,0,0,8,0,0,1,0,0,0,0,0,0,0,0,0,
25,서남부터미널기점 - 서남부터미널종점,46,정림동,0,0,0,0,0,2,0,0,0,0,0,7,0,0,0,0,0,0,0,0,0,0,0,0,
25,서남부터미널기점 - 서남부터미널종점,47,서부소방서,0,0,0,0,0,0,0,0,0,0,0,6,0,0,0,0,0,0,0,0,0,0,0,0,
25,서남부터미널기점 - 서남부터미널종점,48,도마삼거리,0,0,0,0,0,1,0,0,1,3,0,2,1,0,0,0,0,0,0,0,0,0,0,0,
25,서남부터미널기점 - 서남부터미널종점,49,도마e편한세상아파트,0,0,0,1,0,0,0,0,0,1,1,0,0,0,0,0,0,0,0,0,0,0,0,0,
25,서남부터미널기점 - 서남부터미널종점,50,도마시장,0,0,0,0,0,0,0,0,0,1,0,0,0,0,0,0,0,0,0,0,0,0,0,0,
25,서남부터미널기점 - 서남부터미널종점,51,버드내아파트,0,0,0,0,0,0,0,0,0,0,0,0,0,0,0,0,0,0,0,0,0,0,0,0,
25,서남부터미널기점 - 서남부터미널종점,52,서부종합시장,0,0,0,0,0,0,0,0,0,0,0,0,0,0,0,0,0,0,0,0,0,0,0,0,
25,서남부터미널기점 - 서남부터미널종점,53,서남부터미널,0,0,0,0,0,0,0,0,0,0,0,0,0,0,0,0,0,0,0,0,0,0,0,0,
25,서남부터미널기점 - 서남부터미널종점,54,서남부터미널종점,0,0,0,0,0,0,0,0,0,0,0,0,0,0,0,0,0,0,0,0,0,0,0,0,
26,서남부터미널기점 - 서남부터미널종점,1,서남부터미널기점,0,0,1,0,1,0,1,0,0,0,0,0,0,1,0,0,0,0,0,0,0,0,0,0,
26,서남부터미널기점 - 서남부터미널종점,2,도마시장,0,0,3,0,4,1,2,0,4,2,3,2,1,0,0,0,0,0,1,0,0,0,0,0,
26,서남부터미널기점 - 서남부터미널종점,3,도마네거리,0,0,0,0,0,0,5,0,0,0,0,0,0,2,0,0,0,0,0,0,0,0,0,0,
26,서남부터미널기점 - 서남부터미널종점,4,도마삼거리,0,0,5,0,0,2,6,0,0,1,4,0,0,3,0,0,0,0,3,0,0,0,0,0,
26,서남부터미널기점 - 서남부터미널종점,5,서부소방서,0,0,0,0,5,0,0,0,6,2,0,0,0,2,0,0,0,0,0,0,0,0,0,0,
26,서남부터미널기점 - 서남부터미널종점,6,정림동,0,0,0,6,0,0,8,0,0,4,6,0,0,0,0,0,0,0,0,0,0,0,0,0,
26,서남부터미널기점 - 서남부터미널종점,7,가수원교,0,0,0,6,0,0,8,0,0,4,6,0,0,0,0,0,0,0,0,0,0,0,0,0,
26,서남부터미널기점 - 서남부터미널종점,8,가수원시장,0,0,0,5,0,0,6,1,6,0,0,7,0,2,0,0,0,1,3,0,0,0,0,0,
26,서남부터미널기점 - 서남부터미널종점,9,가수원역,0,0,0,4,3,1,7,0,0,0,0,3,0,0,0,0,0,0,0,0,0,0,0,0,
26,서남부터미널기점 - 서남부터미널종점,10,GS칼텍스저유소,0,0,0,4,3,1,7,0,0,0,0,3,0,0,0,0,0,0,0,0,0,0,0,0,
26,서남부터미널기점 - 서남부터미널종점,11,괴곡동.고리골,0,0,0,0,0,0,0,0,0,0,0,2,0,1,0,0,0,0,0,0,0,0,0,0,
26,서남부터미널기점 - 서남부터미널종점,12,고릿골구름다리,0,0,0,0,0,0,0,0,0,0,0,2,0,1,0,0,0,0,0,0,0,0,0,0,
26,서남부터미널기점 - 서남부터미널종점,13,벌말,0,0,0,3,0,0,0,0,0,0,0,0,0,0,0,0,0,0,0,0,0,0,0,0,
26,서남부터미널기점 - 서남부터미널종점,14,상보안,0,0,0,3,0,0,0,0,0,0,0,0,0,0,0,0,0,0,0,0,0,0,0,0,
26,서남부터미널기점 - 서남부터미널종점,15,사진개,0,0,0,0,0,0,0,0,0,0,0,3,0,0,0,0,0,0,0,0,0,0,0,0,
26,서남부터미널기점 - 서남부터미널종점,16,흑석네거리,0,0,0,1,4,2,7,2,0,2,0,2,0,1,0,0,0,0,2,0,0,0,0,0,
26,서남부터미널기점 - 서남부터미널종점,17,기성초등학교,0,0,0,0,0,1,0,0,0,0,0,0,0,0,0,0,0,0,0,0,0,0,0,0,
26,서남부터미널기점 - 서남부터미널종점,18,새터,0,0,0,0,0,0,5,0,0,4,0,0,0,0,0,0,0,0,0,0,0,0,0,0,
26,서남부터미널기점 - 서남부터미널종점,19,사기점골,0,0,0,0,0,0,0,0,0,3,0,0,0,0,0,0,0,0,0,0,0,0,0,0,
26,서남부터미널기점 - 서남부터미널종점,20,평촌1통마을회관,0,0,0,0,0,0,0,1,0,1,1,0,1,0,0,0,0,0,0,0,0,0,0,0,
26,서남부터미널기점 - 서남부터미널종점,21,평촌2통마을회관,0,0,0,0,3,0,4,0,0,0,0,0,0,0,0,0,0,0,0,0,0,0,0,0,
26,서남부터미널기점 - 서남부터미널종점,22,평촌2통아래뜸,0,0,0,0,2,0,0,0,0,0,0,1,0,0,0,0,0,0,0,0,0,0,0,0,
26,서남부터미널기점 - 서남부터미널종점,23,평촌동종점,0,0,1,1,2,2,0,1,0,1,0,4,3,1,0,0,0,0,0,0,0,0,0,0,
26,서남부터미널기점 - 서남부터미널종점,24,평촌동종점,0,0,1,1,2,2,0,1,0,1,0,4,3,1,0,0,0,0,0,0,0,0,0,0,
26,서남부터미널기점 - 서남부터미널종점,25,평촌2통아래뜸,0,0,0,0,0,0,0,0,0,0,0,0,4,2,0,0,0,0,0,0,0,0,0,0,
26,서남부터미널기점 - 서남부터미널종점,26,평촌2통마을회관,0,0,0,0,0,4,0,2,0,3,0,5,0,4,0,0,0,0,0,0,0,0,0,0,
26,서남부터미널기점 - 서남부터미널종점,27,평촌1통마을회관,0,0,0,2,0,5,0,0,2,0,0,0,6,0,0,0,0,0,0,0,0,0,0,0,
26,서남부터미널기점 - 서남부터미널종점,28,사기점골,0,0,0,2,0,5,0,0,2,0,0,0,6,0,0,0,0,0,0,0,0,0,0,0,
26,서남부터미널기점 - 서남부터미널종점,29,새터,0,0,0,0,0,0,0,0,3,0,0,7,0,0,0,0,0,0,0,0,0,0,0,0,
26,서남부터미널기점 - 서남부터미널종점,30,기성초등학교,0,0,0,0,0,0,0,0,3,0,0,7,0,0,0,0,0,0,0,0,0,0,0,0,
26,서남부터미널기점 - 서남부터미널종점,31,흑석네거리,0,0,2,1,0,3,0,0,5,0,4,9,5,0,4,0,0,0,0,0,0,0,0,0,
26,서남부터미널기점 - 서남부터미널종점,32,사진개,0,0,0,0,0,0,0,0,0,0,0,0,6,0,0,0,0,0,0,0,0,0,0,0,
26,서남부터미널기점 - 서남부터미널종점,33,상보안,0,0,0,3,0,0,0,0,0,0,0,12,0,0,0,0,0,0,0,0,0,0,0,0,
26,서남부터미널기점 - 서남부터미널종점,34,벌말,0,0,0,0,0,0,0,0,0,4,0,0,0,0,0,0,0,0,0,0,0,0,0,0,
26,서남부터미널기점 - 서남부터미널종점,35,고릿골구름다리,0,0,0,0,0,0,0,0,4,0,0,13,0,0,0,0,0,0,0,0,0,0,0,0,
26,서남부터미널기점 - 서남부터미널종점,36,괴곡동.고리골,0,0,0,0,0,0,0,0,4,0,0,13,0,0,0,0,0,0,0,0,0,0,0,0,
26,서남부터미널기점 - 서남부터미널종점,37,가수원역,0,0,0,6,0,7,5,0,0,5,4,12,8,5,0,0,0,0,0,0,0,0,0,0,
26,서남부터미널기점 - 서남부터미널종점,38,가수원시장,0,0,0,5,0,2,0,0,0,0,4,11,0,4,0,0,0,0,0,0,0,0,0,0,
26,서남부터미널기점 - 서남부터미널종점,39,가수원네거리,0,0,0,0,0,0,0,0,0,0,3,0,0,0,0,0,0,0,0,0,0,0,0,0,
26,서남부터미널기점 - 서남부터미널종점,40,정림삼거리,0,0,0,5,0,0,0,2,3,3,0,10,4,3,0,0,0,0,0,0,0,0,0,0,
26,서남부터미널기점 - 서남부터미널종점,41,정림동,0,0,0,4,0,0,0,0,0,0,2,0,3,0,3,0,0,0,0,0,0,0,0,0,
26,서남부터미널기점 - 서남부터미널종점,42,서부소방서,0,0,0,0,0,1,0,0,0,2,0,0,8,0,0,0,0,0,0,0,0,0,0,0,
26,서남부터미널기점 - 서남부터미널종점,43,도마삼거리,0,0,0,3,0,2,0,1,0,1,3,0,4,0,1,0,0,0,0,0,0,0,0,0,
26,서남부터미널기점 - 서남부터미널종점,44,도마e편한세상아파트,0,0,0,0,0,1,0,0,1,0,1,0,1,0,2,0,0,0,0,0,0,0,0,0,
26,서남부터미널기점 - 서남부터미널종점,45,도마시장,0,0,0,2,0,0,0,0,0,0,1,0,0,0,1,0,0,0,0,0,0,0,0,0,
26,서남부터미널기점 - 서남부터미널종점,46,버드내아파트,0,0,0,0,0,0,0,0,0,0,0,0,0,0,0,0,0,0,0,0,0,0,0,0,
26,서남부터미널기점 - 서남부터미널종점,47,서부종합시장,0,0,0,0,0,0,0,0,0,0,0,0,0,0,0,0,0,0,0,0,0,0,0,0,
26,서남부터미널기점 - 서남부터미널종점,48,서남부터미널,0,0,0,0,0,0,0,0,0,0,0,0,0,0,0,0,0,0,0,0,0,0,0,0,
26,서남부터미널기점 - 서남부터미널종점,49,서남부터미널종점,0,0,0,0,0,0,0,0,0,0,0,0,0,0,0,0,0,0,0,0,0,0,0,0,
27,서남부터미널기점 - 서남부터미널종점,1,서남부터미널기점,0,0,0,0,0,0,0,0,0,0,0,1,0,0,0,0,0,0,0,0,0,0,0,0,
27,서남부터미널기점 - 서남부터미널종점,2,도마시장,0,0,1,0,3,0,0,0,0,0,0,0,2,0,0,0,1,0,0,0,0,0,0,0,
27,서남부터미널기점 - 서남부터미널종점,3,도마네거리,0,0,0,0,4,0,0,0,1,0,0,0,0,0,0,0,0,0,0,0,0,0,0,0,
27,서남부터미널기점 - 서남부터미널종점,4,도마삼거리,0,0,0,0,5,0,2,0,0,0,0,0,3,0,1,0,0,0,0,0,0,0,0,0,
27,서남부터미널기점 - 서남부터미널종점,5,서부소방서,0,0,0,0,5,0,2,0,0,0,0,0,3,0,1,0,0,0,0,0,0,0,0,0,
27,서남부터미널기점 - 서남부터미널종점,6,정림삼거리,0,0,0,0,7,0,0,0,0,0,0,0,0,0,0,0,0,0,2,0,0,0,0,0,
27,서남부터미널기점 - 서남부터미널종점,7,정림초등학교,0,0,0,0,0,0,3,0,0,0,0,0,0,0,0,0,0,0,0,0,0,0,0,0,
27,서남부터미널기점 - 서남부터미널종점,8,정림공원,0,0,5,0,0,0,4,0,0,0,1,0,1,0,0,0,0,0,1,0,0,0,0,0,
27,서남부터미널기점 - 서남부터미널종점,9,백목련아파트,0,0,0,0,0,0,3,0,0,0,0,0,0,0,0,0,0,0,0,0,0,0,0,0,
27,서남부터미널기점 - 서남부터미널종점,10,정림중학교,0,0,0,0,0,0,3,0,0,0,0,0,0,0,0,0,0,0,0,0,0,0,0,0,
27,서남부터미널기점 - 서남부터미널종점,11,원정림,0,0,4,0,0,0,0,0,0,0,0,0,0,0,0,0,0,0,0,0,0,0,0,0,
27,서남부터미널기점 - 서남부터미널종점,12,모세골,0,0,2,0,0,0,0,0,0,0,0,0,0,0,0,0,0,0,0,0,0,0,0,0,
27,서남부터미널기점 - 서남부터미널종점,13,반지리,0,0,2,0,0,0,0,0,0,0,0,0,0,0,0,0,0,0,0,0,0,0,0,0,
27,서남부터미널기점 - 서남부터미널종점,14,선골,0,0,0,0,6,0,2,0,0,0,0,0,0,0,0,0,0,0,0,0,0,0,0,0,
27,서남부터미널기점 - 서남부터미널종점,15,암뱀골,0,0,0,0,5,0,1,0,0,0,0,0,0,0,0,0,0,0,0,0,0,0,0,0,
27,서남부터미널기점 - 서남부터미널종점,16,등골,0,0,1,0,4,0,0,0,0,0,0,0,0,0,0,0,0,0,0,0,0,0,0,0,
27,서남부터미널기점 - 서남부터미널종점,17,사진개,0,0,0,0,2,0,0,0,0,0,0,0,0,0,0,0,0,0,0,0,0,0,0,0,
27,서남부터미널기점 - 서남부터미널종점,18,흑석네거리,0,0,0,0,1,0,0,0,0,0,0,0,0,0,0,0,0,0,0,0,0,0,0,0,
27,서남부터미널기점 - 서남부터미널종점,19,기성농협,0,0,0,0,0,0,0,0,0,0,0,0,0,0,0,0,0,0,0,0,0,0,0,0,
27,서남부터미널기점 - 서남부터미널종점,20,기성농협,0,0,0,0,0,0,0,0,0,0,0,0,0,0,0,0,0,0,0,0,0,0,0,0,
27,서남부터미널기점 - 서남부터미널종점,21,흑석네거리,0,0,0,0,0,0,0,0,5,0,4,0,0,0,0,0,0,0,0,0,0,0,0,0,
27,서남부터미널기점 - 서남부터미널종점,22,사진개,0,0,0,0,0,0,0,0,0,0,5,0,0,0,0,0,0,0,0,0,0,0,0,0,
27,서남부터미널기점 - 서남부터미널종점,23,등골,0,0,0,0,0,0,0,1,0,0,0,0,0,0,0,0,0,0,0,0,0,0,0,0,
27,서남부터미널기점 - 서남부터미널종점,24,암뱀골,0,0,0,0,0,0,0,0,0,0,6,0,0,0,0,0,0,0,0,0,0,0,0,0,
27,서남부터미널기점 - 서남부터미널종점,25,선골,0,0,0,0,0,0,0,0,0,0,7,0,0,0,0,0,0,0,0,0,0,0,0,0,
27,서남부터미널기점 - 서남부터미널종점,26,반지리,0,0,0,0,0,0,0,0,0,0,7,0,0,0,0,0,0,0,0,0,0,0,0,0,
27,서남부터미널기점 - 서남부터미널종점,27,모세골,0,0,0,0,0,1,0,0,0,0,0,0,0,0,0,0,0,0,0,0,0,0,0,0,
27,서남부터미널기점 - 서남부터미널종점,28,원정림,0,0,0,0,0,1,0,0,0,0,0,0,0,0,0,0,0,0,0,0,0,0,0,0,
27,서남부터미널기점 - 서남부터미널종점,29,정림중학교,0,0,0,0,0,1,0,0,0,0,0,0,0,0,0,0,0,0,0,0,0,0,0,0,
27,서남부터미널기점 - 서남부터미널종점,30,코스모스아파트,0,0,0,0,0,2,0,0,0,0,0,0,1,0,0,0,0,1,0,0,0,0,0,0,
27,서남부터미널기점 - 서남부터미널종점,31,정림공원,0,0,0,0,0,4,0,1,0,0,0,8,0,0,0,0,0,0,0,0,0,0,0,0,
27,서남부터미널기점 - 서남부터미널종점,32,정림초등학교,0,0,0,0,0,5,0,0,0,4,0,9,0,0,0,0,0,0,0,0,0,0,0,0,
27,서남부터미널기점 - 서남부터미널종점,33,정림삼거리,0,0,0,0,0,6,0,0,0,0,0,0,0,0,0,0,0,0,0,0,0,0,0,0,
27,서남부터미널기점 - 서남부터미널종점,34,정림동,0,0,0,0,0,0,0,0,0,0,0,9,0,0,0,0,0,0,0,0,0,0,0,0,
27,서남부터미널기점 - 서남부터미널종점,35,서부소방서,0,0,0,0,0,0,0,0,0,3,0,7,0,0,0,1,0,0,0,0,0,0,0,0,
27,서남부터미널기점 - 서남부터미널종점,36,도마삼거리,0,0,0,0,0,5,0,0,0,0,0,4,0,0,0,0,0,0,0,0,0,0,0,0,
27,서남부터미널기점 - 서남부터미널종점,37,도마e편한세상아파트,0,0,0,0,0,0,0,0,0,0,0,2,0,0,0,0,0,0,0,0,0,0,0,0,
27,서남부터미널기점 - 서남부터미널종점,38,도마시장,0,0,0,0,0,3,0,0,0,0,0,0,0,0,0,0,0,0,0,0,0,0,0,0,
27,서남부터미널기점 - 서남부터미널종점,39,버드내아파트,0,0,0,0,0,1,0,0,0,0,0,1,0,0,0,0,0,0,0,0,0,0,0,0,
27,서남부터미널기점 - 서남부터미널종점,40,서부종합시장,0,0,0,0,0,0,0,0,0,0,0,0,0,0,0,0,0,0,0,0,0,0,0,0,
27,서남부터미널기점 - 서남부터미널종점,41,서남부터미널,0,0,0,0,0,0,0,0,0,0,0,0,0,0,0,0,0,0,0,0,0,0,0,0,
27,서남부터미널기점 - 서남부터미널종점,42,서남부터미널종점,0,0,0,0,0,0,0,0,0,0,0,0,0,0,0,0,0,0,0,0,0,0,0,0,
3,군인아파트종점 - 군인아파트종점,1,군인아파트종점,0,0,0,0,1,0,0,1,0,0,0,0,0,0,1,2,0,0,0,0,0,0,0,0,
3,군인아파트종점 - 군인아파트종점,2,군인아파트노인정,0,0,0,1,2,0,0,0,1,0,2,0,2,0,0,0,0,0,0,0,0,0,0,0,
3,군인아파트종점 - 군인아파트종점,3,자운상가,0,0,0,0,0,1,1,2,4,0,0,0,1,0,0,0,0,0,0,0,0,0,0,0,
3,군인아파트종점 - 군인아파트종점,4,군인아파트,0,0,0,2,0,0,0,3,5,0,0,0,0,0,3,7,0,1,0,0,0,0,0,0,
3,군인아파트종점 - 군인아파트종점,5,복지관,0,0,1,0,4,0,3,0,8,0,5,0,3,0,4,8,0,0,0,0,0,0,0,0,
3,군인아파트종점 - 군인아파트종점,6,육군정보통신학교,0,0,0,0,0,0,4,0,0,0,0,0,0,0,0,0,0,0,0,0,0,0,0,0,
3,군인아파트종점 - 군인아파트종점,7,국군대전병원,0,0,0,0,5,0,2,4,10,0,7,0,0,1,4,0,0,0,0,0,0,0,0,0,
3,군인아파트종점 - 군인아파트종점,8,자운대네거리,0,0,0,0,0,0,0,0,11,0,3,0,0,0,3,3,0,0,0,0,0,0,0,0,
3,군인아파트종점 - 군인아파트종점,9,신성동주민센터,0,0,0,0,6,3,1,6,9,0,0,0,4,0,4,1,0,0,0,0,0,0,0,0,
3,군인아파트종점 - 군인아파트종점,10,성덕중학교,0,0,0,0,0,0,0,0,7,0,0,0,2,0,3,0,0,0,0,0,0,0,0,0,
3,군인아파트종점 - 군인아파트종점,11,유성구노인복지관,0,0,0,0,5,0,0,0,0,0,2,0,5,0,5,0,0,0,0,0,0,0,0,0,
3,군인아파트종점 - 군인아파트종점,12,우주통신연구소,0,0,0,0,3,0,2,0,0,0,0,0,0,0,0,0,0,0,0,0,0,0,0,0,
3,군인아파트종점 - 군인아파트종점,13,북대전세무서/보훈요양원,0,0,0,0,6,0,3,8,0,1,0,0,0,2,0,0,0,0,0,0,0,0,0,0,
3,군인아파트종점 - 군인아파트종점,14,충대서문,0,0,0,3,0,2,4,7,4,0,4,8,0,3,7,0,2,2,0,0,0,0,0,0,
3,군인아파트종점 - 군인아파트종점,15,궁동교,0,0,0,0,0,0,0,8,0,0,0,7,3,0,0,0,0,0,0,0,0,0,0,0,
3,군인아파트종점 - 군인아파트종점,16,장대네거리,0,0,0,3,7,3,0,0,0,0,0,6,4,0,0,0,0,0,0,0,0,0,0,0,
3,군인아파트종점 - 군인아파트종점,17,유성초네거리,0,0,0,0,0,0,5,5,5,0,5,0,4,4,0,1,0,2,0,0,0,0,0,0,
3,군인아파트종점 - 군인아파트종점,18,유성시장,0,0,0,0,0,5,0,3,6,2,0,0,7,0,6,7,0,0,0,0,0,0,0,0,
3,군인아파트종점 - 군인아파트종점,19,구암역,0,0,0,0,3,4,2,0,4,1,1,1,3,5,0,5,0,3,0,0,0,0,0,0,
3,군인아파트종점 - 군인아파트종점,20,봉명네거리,0,0,0,0,2,2,0,2,0,1,0,2,0,3,0,0,2,0,0,0,0,0,0,0,
3,군인아파트종점 - 군인아파트종점,21,봉명동우체국,0,0,0,0,0,3,1,1,0,0,0,1,2,8,0,2,0,4,0,0,0,0,0,0,
3,군인아파트종점 - 군인아파트종점,22,온천1동주민센터,0,0,0,0,0,3,2,0,3,0,0,0,3,9,0,1,3,0,0,0,0,0,0,0,
3,군인아파트종점 - 군인아파트종점,23,유성고등학교,0,0,1,1,3,6,0,0,5,2,2,0,0,0,2,2,2,4,3,0,0,0,0,0,
3,군인아파트종점 - 군인아파트종점,24,유성구보훈회관,0,0,2,0,3,0,0,0,0,0,0,0,4,0,2,0,0,0,4,0,0,0,0,0,
3,군인아파트종점 - 군인아파트종점,25,구암동,0,0,1,1,0,2,0,0,0,0,3,0,0,8,0,3,0,5,0,0,0,0,0,0,
3,군인아파트종점 - 군인아파트종점,26,유성생명과학고,0,0,0,0,0,0,0,0,0,0,0,0,0,3,0,0,0,0,0,0,0,0,0,0,
3,군인아파트종점 - 군인아파트종점,27,복용1통,0,0,0,0,2,5,0,0,3,0,0,0,0,7,0,3,0,1,0,0,0,0,0,0,
3,군인아파트종점 - 군인아파트종점,28,복용3통,0,0,0,0,0,3,0,0,2,0,0,0,0,0,0,0,0,4,0,0,0,0,0,0,
3,군인아파트종점 - 군인아파트종점,29,씨엔씨티에너지학하CES,0,0,1,2,1,3,1,0,0,0,0,0,3,2,0,2,1,3,3,0,0,0,0,0,
3,군인아파트종점 - 군인아파트종점,30,미학아파트,0,0,0,0,0,1,2,0,4,1,2,0,2,0,3,1,0,1,0,0,0,0,0,0,
3,군인아파트종점 - 군인아파트종점,31,학의뜰아파트,0,0,0,0,2,0,1,1,2,0,0,0,1,0,1,1,0,0,0,0,0,0,0,0,
3,군인아파트종점 - 군인아파트종점,32,학하동종점,0,0,1,0,1,1,1,1,3,0,0,0,0,0,0,0,1,0,0,0,0,0,0,0,
3,군인아파트종점 - 군인아파트종점,33,별밭공원,0,0,0,0,0,2,0,0,0,2,0,0,0,0,0,0,0,0,0,0,0,0,0,0,
3,군인아파트종점 - 군인아파트종점,34,학하중앙로,0,0,0,0,0,0,0,0,3,0,0,0,2,0,2,0,0,0,0,0,0,0,0,0,
3,군인아파트종점 - 군인아파트종점,35,자광사,0,0,0,0,2,0,0,0,0,0,0,0,3,0,0,0,0,0,0,0,0,0,0,0,
3,군인아파트종점 - 군인아파트종점,36,학하초등학교,0,0,0,0,0,0,0,0,0,0,2,0,0,0,2,0,0,1,0,0,0,0,0,0,
3,군인아파트종점 - 군인아파트종점,37,온마음병원,0,0,0,0,0,0,0,0,0,0,0,0,0,0,3,0,0,0,0,0,0,0,0,0,
3,군인아파트종점 - 군인아파트종점,38,계산동,0,0,0,0,0,0,0,0,0,0,0,0,0,0,3,0,0,0,0,0,0,0,0,0,
3,군인아파트종점 - 군인아파트종점,39,밀머리네거리,0,0,0,0,0,0,0,0,2,0,0,0,0,0,0,0,0,0,0,0,0,0,0,0,
3,군인아파트종점 - 군인아파트종점,40,대정동,0,0,0,0,0,0,0,0,1,0,0,0,0,0,0,0,0,0,0,0,0,0,0,0,
3,군인아파트종점 - 군인아파트종점,41,용머리,0,0,0,0,3,0,0,0,0,0,2,0,0,0,0,0,0,0,0,0,0,0,0,0,
3,군인아파트종점 - 군인아파트종점,42,한샘근린공원,0,0,0,0,0,0,0,0,3,0,3,0,2,0,0,0,0,0,0,0,0,0,0,0,
3,군인아파트종점 - 군인아파트종점,43,드리움아파트,0,0,0,2,0,2,4,2,6,0,0,0,5,0,4,0,1,0,0,0,0,0,0,0,
3,군인아파트종점 - 군인아파트종점,44,교촌동,0,0,0,2,0,2,4,2,6,0,0,0,5,0,4,0,1,0,0,0,0,0,0,0,
3,군인아파트종점 - 군인아파트종점,45,교도소입구,0,0,0,2,0,2,4,2,6,0,0,0,5,0,4,0,1,0,0,0,0,0,0,0,
3,군인아파트종점 - 군인아파트종점,46,한승미메이드아파트,0,0,0,0,0,0,5,0,5,0,0,0,0,0,0,0,0,0,1,0,0,0,0,0,
3,군인아파트종점 - 군인아파트종점,47,제이파크아파트,0,0,0,0,0,0,0,0,0,1,0,0,4,0,0,0,0,0,0,0,0,0,0,0,
3,군인아파트종점 - 군인아파트종점,48,진잠향교,0,0,0,0,0,0,0,0,0,1,0,0,4,0,0,0,0,0,0,0,0,0,0,0,
3,군인아파트종점 - 군인아파트종점,49,진잠초등학교,0,0,0,0,0,0,0,0,0,1,0,0,4,0,0,0,0,0,0,0,0,0,0,0,
3,군인아파트종점 - 군인아파트종점,50,원내네거리,0,0,0,0,0,0,0,0,2,0,0,0,1,0,1,0,0,0,0,0,0,0,0,0,
3,군인아파트종점 - 군인아파트종점,51,샘물타운,0,0,0,0,0,0,0,0,0,0,0,0,0,0,0,0,0,0,0,0,0,0,0,0,
3,군인아파트종점 - 군인아파트종점,52,진잠타운아파트,0,0,0,0,0,0,0,0,0,0,0,0,0,0,0,0,0,0,0,0,0,0,0,0,
3,군인아파트종점 - 군인아파트종점,53,대전도시과학고등학교,0,0,0,0,0,0,0,0,0,0,0,0,0,0,0,0,0,0,0,0,0,0,0,0,
3,군인아파트종점 - 군인아파트종점,54,한아름아파트,0,0,0,0,1,0,0,0,0,0,0,2,1,1,0,0,0,0,0,0,0,0,0,0,
3,군인아파트종점 - 군인아파트종점,55,진잠타운아파트,0,0,2,2,0,1,1,2,0,0,0,0,0,0,0,0,2,0,0,0,0,0,0,0,
3,군인아파트종점 - 군인아파트종점,56,샘물타운,0,0,0,0,0,1,0,0,0,0,0,0,0,0,0,1,0,0,0,0,0,0,0,0,
3,군인아파트종점 - 군인아파트종점,57,원내네거리,0,0,1,4,2,2,2,4,1,0,1,5,0,1,0,0,5,1,0,0,0,0,0,0,
3,군인아파트종점 - 군인아파트종점,58,진잠초등학교,0,0,0,0,0,0,0,0,0,0,0,0,2,2,0,0,0,0,0,0,0,0,0,0,
3,군인아파트종점 - 군인아파트종점,59,진잠향교,0,0,0,0,0,2,1,0,0,0,0,2,0,0,0,0,4,1,0,0,0,0,0,0,
3,군인아파트종점 - 군인아파트종점,60,제이파크아파트,0,0,0,0,0,0,0,3,2,0,0,2,3,0,0,0,0,0,0,0,0,0,0,0,
3,군인아파트종점 - 군인아파트종점,61,한승미메이드아파트,0,0,0,0,0,0,0,2,0,0,0,0,6,0,0,0,0,0,0,0,0,0,0,0,
3,군인아파트종점 - 군인아파트종점,62,교도소입구,0,0,0,0,0,0,0,0,0,0,0,0,0,0,0,0,0,0,0,0,0,0,0,0,
3,군인아파트종점 - 군인아파트종점,63,교촌3통,0,0,0,0,0,1,0,0,0,0,0,0,0,0,0,0,0,0,0,0,0,0,0,0,
3,군인아파트종점 - 군인아파트종점,64,드리움아파트,0,0,2,0,0,3,1,1,0,0,0,1,1,3,0,0,0,3,0,0,0,0,0,0,
3,군인아파트종점 - 군인아파트종점,65,한샘근린공원,0,0,0,0,3,1,0,0,0,0,0,0,0,0,0,3,0,0,1,0,0,0,0,0,
3,군인아파트종점 - 군인아파트종점,66,화물터미널,0,0,0,0,0,0,0,0,0,0,0,0,0,0,0,2,0,0,0,0,0,0,0,0,
3,군인아파트종점 - 군인아파트종점,67,대정2통,0,0,0,0,0,0,0,0,0,0,0,0,0,0,0,0,0,0,0,0,0,0,0,0,
3,군인아파트종점 - 군인아파트종점,68,대정동,0,0,0,0,0,0,0,0,0,0,0,0,2,0,0,0,0,0,0,0,0,0,0,0,
3,군인아파트종점 - 군인아파트종점,69,밀머리네거리,0,0,0,0,0,0,0,0,0,0,0,0,0,0,0,0,0,0,0,0,0,0,0,0,
3,군인아파트종점 - 군인아파트종점,70,계산동,0,0,0,0,0,0,0,0,0,4,0,0,0,0,5,0,0,0,0,0,0,0,0,0,
3,군인아파트종점 - 군인아파트종점,71,온마음병원,0,0,0,0,0,0,0,0,0,4,0,0,0,0,5,0,0,0,0,0,0,0,0,0,
3,군인아파트종점 - 군인아파트종점,72,학하초등학교,0,0,0,0,0,2,0,0,0,0,0,0,0,0,4,0,0,0,0,0,0,0,0,0,
3,군인아파트종점 - 군인아파트종점,73,학하동,0,0,0,0,0,0,0,0,0,5,0,0,0,0,0,0,0,0,0,0,0,0,0,0,
3,군인아파트종점 - 군인아파트종점,74,자광사,0,0,0,0,0,0,0,0,0,5,0,0,0,0,0,0,0,0,0,0,0,0,0,0,
3,군인아파트종점 - 군인아파트종점,75,학하중앙로,0,0,0,0,0,0,0,0,0,0,0,0,0,0,0,0,0,0,0,0,0,0,0,0,
3,군인아파트종점 - 군인아파트종점,76,별밭공원,0,0,1,0,2,0,0,0,0,0,0,0,0,0,5,1,0,2,0,0,0,0,0,0,
3,군인아파트종점 - 군인아파트종점,77,학의뜰아파트,0,0,1,0,2,0,0,0,0,0,0,0,0,0,5,1,0,2,0,0,0,0,0,0,
3,군인아파트종점 - 군인아파트종점,78,학하동종점,0,0,1,0,2,0,0,0,0,0,0,0,0,0,5,1,0,2,0,0,0,0,0,0,
3,군인아파트종점 - 군인아파트종점,79,미학아파트,0,0,0,1,3,0,2,0,4,7,1,0,2,2,4,0,0,0,0,0,0,0,0,0,
3,군인아파트종점 - 군인아파트종점,80,씨엔씨티에너지학하CES,0,0,0,2,4,0,2,0,6,8,0,1,0,4,0,2,2,0,0,0,0,0,0,0,
3,군인아파트종점 - 군인아파트종점,81,복용3통,0,0,0,0,0,0,3,4,7,0,0,4,0,0,0,0,0,0,0,0,0,0,0,0,
3,군인아파트종점 - 군인아파트종점,82,복용1통,0,0,0,3,3,0,3,0,0,0,0,0,0,5,0,3,3,0,0,0,0,0,0,0,
3,군인아파트종점 - 군인아파트종점,83,오토월드,0,0,0,4,0,0,0,0,0,0,0,0,0,0,0,0,0,0,0,0,0,0,0,0,
3,군인아파트종점 - 군인아파트종점,84,유성생명과학고,0,0,0,3,0,0,0,0,0,0,0,0,0,0,3,0,0,0,0,0,0,0,0,0,
3,군인아파트종점 - 군인아파트종점,85,구암동,0,0,0,0,2,0,0,3,0,0,0,0,0,0,2,0,4,0,0,0,0,0,0,0,
3,군인아파트종점 - 군인아파트종점,86,유성구보훈회관,0,0,0,0,2,2,3,0,0,10,0,0,1,1,0,2,0,1,0,0,0,0,0,0,
3,군인아파트종점 - 군인아파트종점,87,유성고등학교,0,0,1,2,1,0,4,2,0,8,0,0,0,0,0,1,0,0,0,0,0,0,0,0,
3,군인아파트종점 - 군인아파트종점,88,유성온천역,0,0,0,0,1,3,1,0,6,5,0,6,0,2,3,3,2,2,4,0,0,0,0,0,
3,군인아파트종점 - 군인아파트종점,89,봉명네거리,0,0,0,1,0,0,0,0,9,0,0,6,1,3,4,0,0,2,2,0,0,0,0,0,
3,군인아파트종점 - 군인아파트종점,90,구암역,0,0,2,0,2,1,1,2,9,3,0,2,4,6,5,4,6,9,4,5,0,0,0,0,
3,군인아파트종점 - 군인아파트종점,91,유성시장,0,0,1,1,0,0,0,0,8,2,0,0,0,6,0,0,0,0,0,0,0,0,0,0,
3,군인아파트종점 - 군인아파트종점,92,유성초네거리,0,0,0,2,0,2,0,4,10,1,0,9,4,7,11,7,5,15,5,0,0,0,0,0,
3,군인아파트종점 - 군인아파트종점,93,장대네거리,0,0,0,0,0,3,2,0,0,0,0,8,0,0,0,0,6,6,0,0,0,0,0,0,
3,군인아파트종점 - 군인아파트종점,94,충대서문,0,0,0,0,0,0,1,2,9,1,0,10,5,2,11,7,0,5,0,8,0,0,0,0,
3,군인아파트종점 - 군인아파트종점,95,북대전세무서/보훈요양원,0,0,0,0,0,0,0,0,0,0,0,0,0,0,0,0,0,13,0,0,0,0,0,0,
3,군인아파트종점 - 군인아파트종점,96,충대수의대,0,0,0,0,0,3,0,0,0,0,0,0,0,0,0,0,0,0,0,0,0,0,0,0,
3,군인아파트종점 - 군인아파트종점,97,한울아파트후문,0,0,0,0,0,2,2,3,7,0,0,2,5,0,7,0,0,15,0,0,0,0,0,0,
3,군인아파트종점 - 군인아파트종점,98,신성동주민센터,0,0,0,0,2,2,0,0,0,0,0,0,8,0,8,6,0,14,4,7,0,0,0,0,
3,군인아파트종점 - 군인아파트종점,99,자운대네거리,0,0,0,0,1,0,0,0,0,0,2,0,0,3,10,0,7,0,6,0,0,0,0,0,
3,군인아파트종점 - 군인아파트종점,100,국군대전병원,0,0,0,0,0,0,0,0,0,0,0,0,0,0,9,0,0,13,0,0,0,0,0,0,
3,군인아파트종점 - 군인아파트종점,101,육군정보통신학교,0,0,0,0,0,3,0,0,4,0,1,0,7,2,7,4,6,12,5,0,0,0,0,0,
3,군인아파트종점 - 군인아파트종점,102,복지관,0,0,0,0,0,2,0,0,1,0,0,0,2,1,4,0,3,4,1,2,0,0,0,0,
3,군인아파트종점 - 군인아파트종점,103,군인아파트,0,0,0,0,0,0,0,0,0,0,0,0,1,0,2,0,0,2,0,1,0,0,0,0,
3,군인아파트종점 - 군인아파트종점,104,자운상가,0,0,0,0,0,0,1,0,0,0,0,0,0,0,0,0,0,0,0,0,0,0,0,0,
3,군인아파트종점 - 군인아파트종점,105,군인아파트,0,0,0,0,0,0,0,0,0,0,0,0,0,0,0,0,0,0,0,0,0,0,0,0,
3,군인아파트종점 - 군인아파트종점,106,군인아파트종점,0,0,0,0,0,0,0,0,0,0,0,0,0,0,0,0,0,0,0,0,0,0,0,0,
3,원내동공영차고지 - 원내동공영차고지,1,원내동공영차고지,0,0,0,0,0,0,0,0,0,0,0,0,0,1,0,0,0,0,0,0,0,0,0,0,
3,원내동공영차고지 - 원내동공영차고지,2,서일고등학교,0,2,2,1,3,4,5,2,2,2,1,3,2,2,1,4,1,1,0,0,0,0,0,0,
3,원내동공영차고지 - 원내동공영차고지,3,샘물타운아파트,0,0,1,2,5,0,5,2,3,6,1,0,1,0,3,2,2,1,0,0,0,0,0,0,
3,원내동공영차고지 - 원내동공영차고지,4,구봉마을5단지,0,7,3,1,8,5,11,5,6,7,2,4,4,2,3,3,3,2,0,0,0,0,0,0,
3,원내동공영차고지 - 원내동공영차고지,5,신선마을아파트,0,9,4,3,8,7,13,6,7,8,4,10,5,3,0,0,0,0,0,0,0,0,0,0,
3,원내동공영차고지 - 원내동공영차고지,6,건양대병원네거리,0,11,1,5,11,12,18,10,12,14,14,12,6,6,4,7,6,3,0,0,0,0,0,0,
3,원내동공영차고지 - 원내동공영차고지,7,가수원파출소,0,14,4,6,11,12,19,14,17,25,20,15,11,12,12,10,8,5,4,0,0,0,0,0,
3,원내동공영차고지 - 원내동공영차고지,8,린풀하우스,0,15,5,7,14,13,18,18,18,26,23,18,12,14,14,9,8,5,2,0,0,0,0,0,
3,원내동공영차고지 - 원내동공영차고지,9,수목토아파트,0,16,6,10,16,14,21,22,20,23,22,19,13,13,12,9,6,8,3,0,0,0,0,0,
3,원내동공영차고지 - 원내동공영차고지,10,트리풀시티레이크포레,0,7,0,11,15,15,23,19,23,23,26,19,15,10,14,10,7,9,4,0,0,0,0,0,
3,원내동공영차고지 - 원내동공영차고지,11,옥녀봉네거리,0,17,6,2,14,14,24,17,25,29,30,21,18,17,13,8,8,7,2,0,0,0,0,0,
3,원내동공영차고지 - 원내동공영차고지,12,원신흥동,0,0,0,0,11,13,24,0,24,30,0,0,13,0,0,7,0,8,0,0,0,0,0,0,
3,원내동공영차고지 - 원내동공영차고지,13,신안인스빌,0,20,7,11,15,19,30,21,27,32,35,23,19,16,16,7,11,7,5,0,0,0,0,0,
3,원내동공영차고지 - 원내동공영차고지,14,예미지7단지,0,0,0,12,16,19,24,11,35,34,38,28,19,17,10,9,8,0,4,0,0,0,0,0,
3,원내동공영차고지 - 원내동공영차고지,15,봉명베르디움,0,19,6,10,15,20,19,25,37,36,35,26,19,15,15,8,7,0,5,0,0,0,0,0,
3,원내동공영차고지 - 원내동공영차고지,16,대전일보사,0,20,6,8,13,18,23,22,33,34,38,30,17,18,14,5,8,7,4,0,0,0,0,0,
3,원내동공영차고지 - 원내동공영차고지,17,갈마네거리,0,17,7,9,13,22,19,21,41,36,41,28,14,19,14,7,7,4,3,0,0,0,0,0,
3,원내동공영차고지 - 원내동공영차고지,18,갈마육교,0,0,8,10,16,32,20,22,41,37,41,23,14,14,12,8,6,4,3,0,0,0,0,0,
3,원내동공영차고지 - 원내동공영차고지,19,은하수네거리,0,0,16,10,14,43,24,29,33,42,31,26,13,8,9,7,5,3,3,2,0,0,0,0,
3,원내동공영차고지 - 원내동공영차고지,20,둔산경찰서,0,0,12,10,15,44,31,54,35,58,33,30,12,8,9,8,2,1,4,2,0,0,0,0,
3,원내동공영차고지 - 원내동공영차고지,21,신세계백화점,0,0,7,3,11,6,24,31,22,33,21,20,9,4,4,6,1,1,2,1,0,0,0,0,
3,원내동공영차고지 - 원내동공영차고지,22,스마트시티2단지,0,0,0,0,0,3,0,0,19,20,18,15,5,6,2,0,0,0,0,0,0,0,0,0,
3,원내동공영차고지 - 원내동공영차고지,23,DCC종점,0,1,1,2,0,2,3,1,4,10,13,14,20,26,32,9,11,9,1,0,0,0,0,0,
3,원내동공영차고지 - 원내동공영차고지,24,신세계백화점,0,0,0,0,2,3,3,6,6,15,19,29,32,58,57,29,61,32,9,0,0,0,0,0,
3,원내동공영차고지 - 원내동공영차고지,25,통계센터,0,0,0,4,3,5,6,6,9,9,23,27,32,52,49,28,52,27,12,0,0,0,0,0,
3,원내동공영차고지 - 원내동공영차고지,26,갤러리아타임월드,0,0,1,4,4,3,5,3,8,10,22,21,35,42,30,26,38,23,13,2,0,0,0,0,
3,원내동공영차고지 - 원내동공영차고지,27,은하수네거리,0,2,2,7,5,4,10,6,13,14,28,25,36,38,30,25,38,25,14,4,0,0,0,0,
3,원내동공영차고지 - 원내동공영차고지,28,갈마육교,0,0,1,7,7,3,11,0,15,16,26,20,34,34,28,23,29,19,14,6,0,0,0,0,
3,원내동공영차고지 - 원내동공영차고지,29,갈마네거리,0,4,2,6,8,6,6,6,15,18,25,22,34,30,26,24,19,26,14,0,0,0,0,0,
3,원내동공영차고지 - 원내동공영차고지,30,대전일보사,0,0,5,9,10,8,14,8,19,18,24,20,33,30,21,25,18,23,17,0,0,0,0,0,
3,원내동공영차고지 - 원내동공영차고지,31,월평삼거리,0,0,6,0,12,9,15,0,19,20,0,21,32,30,21,26,16,22,18,0,0,0,0,0,
3,원내동공영차고지 - 원내동공영차고지,32,봉명베르디움,0,0,4,9,15,10,16,10,20,19,25,22,29,27,28,27,16,26,21,6,0,0,0,0,
3,원내동공영차고지 - 원내동공영차고지,33,예미지7단지,0,0,5,0,10,10,15,0,19,16,24,21,28,27,26,26,19,0,19,5,0,0,0,0,
3,원내동공영차고지 - 원내동공영차고지,34,신안인스빌,0,0,3,3,15,9,16,10,17,19,23,18,24,23,23,22,18,20,15,0,0,0,0,0,
3,원내동공영차고지 - 원내동공영차고지,35,원신흥동,0,0,2,4,14,0,10,7,19,20,21,20,25,24,0,0,19,0,0,0,0,0,0,0,
3,원내동공영차고지 - 원내동공영차고지,36,옥녀봉네거리,0,0,0,4,9,10,15,9,15,19,18,22,0,23,22,20,18,17,14,0,0,0,0,0,
3,원내동공영차고지 - 원내동공영차고지,37,트리풀시티레이크포레,0,0,4,2,12,9,12,11,18,17,21,27,18,21,21,18,16,12,13,0,0,0,0,0,
3,원내동공영차고지 - 원내동공영차고지,38,수목토아파트,0,0,0,3,0,10,13,12,19,18,20,30,19,21,20,17,17,18,12,3,0,0,0,0,
3,원내동공영차고지 - 원내동공영차고지,39,도안베르디움,0,0,5,5,11,7,10,17,15,20,20,26,19,18,15,15,18,17,11,0,0,0,0,0,
3,원내동공영차고지 - 원내동공영차고지,40,가수원파출소,0,0,0,4,10,8,7,3,10,17,18,21,18,16,17,11,16,16,9,5,0,0,0,0,
3,원내동공영차고지 - 원내동공영차고지,41,가수원육교.가수원시장,0,0,6,3,6,8,6,9,7,14,14,17,10,14,16,9,12,9,9,4,0,0,0,0,
3,원내동공영차고지 - 원내동공영차고지,42,건양대병원네거리,0,0,4,1,8,7,5,6,4,5,7,11,4,3,6,3,4,5,8,2,0,0,0,0,
3,원내동공영차고지 - 원내동공영차고지,43,신선마을아파트,0,0,0,2,0,6,0,0,1,3,6,6,3,1,5,1,5,6,6,0,0,0,0,0,
3,원내동공영차고지 - 원내동공영차고지,44,롯데마트서대전점,0,0,2,0,3,4,3,4,0,2,1,0,0,0,3,0,1,2,0,0,0,0,0,0,
3,원내동공영차고지 - 원내동공영차고지,45,샘물타운아파트,0,0,0,0,2,1,1,0,1,0,2,1,0,0,2,1,0,2,2,0,0,0,0,0,
3,원내동공영차고지 - 원내동공영차고지,46,진잠타운아파트,0,0,0,1,1,0,2,0,0,0,0,0,0,0,1,0,0,0,0,0,0,0,0,0,
3,원내동공영차고지 - 원내동공영차고지,47,서대전IC,0,0,0,0,0,0,1,0,0,0,0,0,0,0,0,0,0,0,0,0,0,0,0,0,
3,원내동공영차고지 - 원내동공영차고지,48,원내동공영차고지,0,0,0,0,0,0,0,0,0,0,0,0,0,0,0,0,0,0,0,0,0,0,0,0,
30,낭월공영차고지기점 - 낭월공영차고지,1,낭월공영차고지기점,0,0,0,0,0,0,0,0,0,0,0,0,0,0,0,0,0,0,0,0,0,0,0,0,
30,낭월공영차고지기점 - 낭월공영차고지,2,낭월공영차고지,0,0,0,0,0,0,0,0,0,0,0,0,0,0,0,0,0,0,0,0,0,0,0,0,
30,낭월공영차고지기점 - 낭월공영차고지,3,남대전종합물류단지,0,0,0,0,0,0,0,0,0,0,0,0,0,0,0,0,0,0,0,0,0,0,0,0,
30,낭월공영차고지기점 - 낭월공영차고지,4,석천들마을아파트,0,0,0,0,0,0,0,0,0,0,0,0,0,0,0,0,0,0,0,0,0,0,0,0,
30,낭월공영차고지기점 - 낭월공영차고지,5,산내초등학교,0,0,0,0,1,0,0,0,0,0,0,0,0,0,0,0,0,0,0,0,0,0,0,0,
30,낭월공영차고지기점 - 낭월공영차고지,6,e편한세상아파트,0,0,1,0,2,3,1,0,0,0,0,0,1,0,0,0,0,0,0,0,0,0,0,0,
30,낭월공영차고지기점 - 낭월공영차고지,7,산내주공아파트,0,0,0,0,0,4,0,2,0,0,0,0,0,0,0,0,0,0,0,0,0,0,0,0,
30,낭월공영차고지기점 - 낭월공영차고지,8,오투그란데아파트,0,0,0,0,0,4,0,2,0,0,0,0,0,0,0,0,0,0,0,0,0,0,0,0,
30,낭월공영차고지기점 - 낭월공영차고지,9,면허시험장,0,0,0,0,0,0,0,0,0,0,0,0,2,0,0,0,0,0,0,0,0,0,0,0,
30,낭월공영차고지기점 - 낭월공영차고지,10,이사동입구,0,0,0,0,0,0,0,0,0,0,0,0,2,0,0,0,0,0,0,0,0,0,0,0,
30,낭월공영차고지기점 - 낭월공영차고지,11,토토자연학습원,0,0,0,0,0,0,0,1,0,0,0,0,0,0,2,0,0,0,0,0,0,0,0,0,
30,낭월공영차고지기점 - 낭월공영차고지,12,감나무골입구,0,0,0,0,0,0,0,1,0,0,0,0,0,0,2,0,0,0,0,0,0,0,0,0,
30,낭월공영차고지기점 - 낭월공영차고지,13,대별동,0,0,0,0,0,0,0,0,0,0,0,0,1,0,0,0,0,0,0,0,0,0,0,0,
30,낭월공영차고지기점 - 낭월공영차고지,14,지푸재,0,0,0,0,0,3,0,0,0,0,0,0,0,0,0,0,0,0,0,0,0,0,0,0,
30,낭월공영차고지기점 - 낭월공영차고지,15,소리.말미,0,0,0,0,0,4,0,0,0,0,0,0,0,0,0,0,0,0,0,0,0,0,0,0,
30,낭월공영차고지기점 - 낭월공영차고지,16,소호동,0,0,0,0,0,1,0,0,1,0,0,0,0,0,0,0,0,0,0,0,0,0,0,0,
30,낭월공영차고지기점 - 낭월공영차고지,17,소호2동,0,0,0,0,0,0,0,0,0,0,0,0,0,0,0,0,0,0,0,0,0,0,0,0,
30,낭월공영차고지기점 - 낭월공영차고지,18,장척동,0,0,0,0,0,0,0,0,0,0,0,1,2,0,0,0,0,0,0,0,0,0,0,0,
30,낭월공영차고지기점 - 낭월공영차고지,19,금동,0,0,0,0,0,0,0,1,0,0,0,0,4,0,0,0,0,0,0,0,0,0,0,0,
30,낭월공영차고지기점 - 낭월공영차고지,20,금동마을,0,0,0,0,0,0,0,0,0,2,0,0,0,5,0,0,0,0,0,0,0,0,0,0,
30,낭월공영차고지기점 - 낭월공영차고지,21,모랭이,0,0,0,0,0,2,0,0,0,0,0,0,0,7,3,0,0,0,0,0,0,0,0,0,
30,낭월공영차고지기점 - 낭월공영차고지,22,금동이고개,0,0,0,0,0,2,0,0,0,0,0,0,0,7,3,0,0,0,0,0,0,0,0,0,
30,낭월공영차고지기점 - 낭월공영차고지,23,사기정골,0,0,0,0,0,0,0,0,0,0,0,0,0,10,0,0,0,0,0,0,0,0,0,0,
30,낭월공영차고지기점 - 낭월공영차고지,24,정생2동,0,0,0,0,0,3,0,0,0,0,0,0,0,0,0,5,0,0,0,0,0,0,0,0,
30,낭월공영차고지기점 - 낭월공영차고지,25,화곡,0,0,0,0,0,3,0,0,0,0,0,0,0,0,0,0,0,0,0,0,0,0,0,0,
30,낭월공영차고지기점 - 낭월공영차고지,26,정생1동,0,0,0,1,0,4,0,0,0,11,0,0,0,11,0,7,0,0,0,0,0,0,0,0,
30,낭월공영차고지기점 - 낭월공영차고지,27,정생농협창고,0,0,0,1,0,4,0,0,0,11,0,0,0,11,0,7,0,0,0,0,0,0,0,0,
30,낭월공영차고지기점 - 낭월공영차고지,28,목달동,0,0,0,1,0,4,0,0,0,11,0,0,0,11,0,7,0,0,0,0,0,0,0,0,
30,낭월공영차고지기점 - 낭월공영차고지,29,중구체육복지센터,0,0,0,0,0,0,0,0,0,12,0,0,0,0,0,0,0,0,0,0,0,0,0,0,
30,낭월공영차고지기점 - 낭월공영차고지,30,침산동입구,0,0,0,0,0,0,0,0,0,0,0,0,0,12,0,0,0,0,0,0,0,0,0,0,
30,낭월공영차고지기점 - 낭월공영차고지,31,침산교/점말,0,0,0,0,0,0,0,0,0,14,0,0,0,0,0,0,0,0,0,0,0,0,0,0,
30,낭월공영차고지기점 - 낭월공영차고지,32,침산동,0,0,0,0,0,5,0,0,0,0,0,0,0,0,0,0,0,0,0,0,0,0,0,0,
30,낭월공영차고지기점 - 낭월공영차고지,33,대전청소년수련마을,0,0,0,0,0,6,0,2,0,0,0,0,0,0,0,0,0,0,0,0,0,0,0,0,
30,낭월공영차고지기점 - 낭월공영차고지,34,침산동,0,0,0,0,0,6,0,2,0,0,0,0,0,0,0,0,0,0,0,0,0,0,0,0,
30,낭월공영차고지기점 - 낭월공영차고지,35,침산교/점말,0,0,0,0,0,0,0,3,0,0,0,0,0,0,0,0,0,0,0,0,0,0,0,0,
30,낭월공영차고지기점 - 낭월공영차고지,36,보문산교통광장,0,0,0,0,0,5,0,2,0,0,0,0,0,0,0,0,0,0,0,0,0,0,0,0,
30,낭월공영차고지기점 - 낭월공영차고지,37,오월드회전교차로,0,0,0,0,0,5,0,2,0,0,0,0,0,0,0,0,0,0,0,0,0,0,0,0,
30,낭월공영차고지기점 - 낭월공영차고지,38,상당,0,0,0,0,0,0,0,0,0,0,0,0,0,9,0,0,0,0,0,0,0,0,0,0,
30,낭월공영차고지기점 - 낭월공영차고지,39,산성어린이도서관,0,0,0,0,0,4,0,0,0,0,0,0,0,0,0,0,0,0,0,0,0,0,0,0,
30,낭월공영차고지기점 - 낭월공영차고지,40,사정동,0,0,0,0,0,0,0,0,0,13,0,3,0,7,0,1,0,0,0,0,0,0,0,0,
30,낭월공영차고지기점 - 낭월공영차고지,41,산성초등학교,0,0,0,0,0,0,0,0,0,14,0,0,0,0,0,0,0,0,0,0,0,0,0,0,
30,낭월공영차고지기점 - 낭월공영차고지,42,산성네거리,0,0,0,0,0,2,0,1,0,13,0,4,0,3,0,0,0,1,1,0,0,0,0,0,
30,낭월공영차고지기점 - 낭월공영차고지,43,산성시장,0,0,0,0,0,0,0,0,0,0,0,5,0,2,0,0,0,0,0,0,0,0,0,0,
30,낭월공영차고지기점 - 낭월공영차고지,44,산성동새마을회관,0,0,0,0,0,3,0,0,0,0,0,4,0,0,0,0,0,0,1,0,0,0,0,0,
30,낭월공영차고지기점 - 낭월공영차고지,45,중구보건소,0,0,0,3,0,4,0,2,0,0,0,0,0,3,0,0,0,0,0,0,0,0,0,0,
30,낭월공영차고지기점 - 낭월공영차고지,46,문화동주공아파트,0,0,0,0,0,0,0,0,0,14,0,3,0,0,0,0,0,0,0,0,0,0,0,0,
30,낭월공영차고지기점 - 낭월공영차고지,47,충남기계공고,0,0,0,0,0,5,0,0,0,0,0,0,0,0,0,0,0,0,0,0,0,0,0,0,
30,낭월공영차고지기점 - 낭월공영차고지,48,동산중고등학교,0,0,0,0,0,4,0,1,0,13,0,2,0,0,0,0,0,1,0,0,0,0,0,0,
30,낭월공영차고지기점 - 낭월공영차고지,49,센트럴파크2단지,0,0,0,0,0,4,0,1,0,13,0,2,0,0,0,0,0,1,0,0,0,0,0,0,
30,낭월공영차고지기점 - 낭월공영차고지,50,충남대학교병원,0,0,0,0,0,0,0,0,0,0,0,0,0,4,0,0,0,0,0,0,0,0,0,0,
30,낭월공영차고지기점 - 낭월공영차고지,51,문화동하우스토리,0,0,0,0,0,0,0,0,0,7,0,0,0,0,0,0,0,0,0,0,0,0,0,0,
30,낭월공영차고지기점 - 낭월공영차고지,52,대전충남병무청,0,0,0,0,4,3,0,0,0,5,0,0,0,4,0,0,0,0,0,0,0,0,0,0,
30,낭월공영차고지기점 - 낭월공영차고지,53,성모병원,0,0,0,0,4,3,0,0,0,5,0,0,0,4,0,0,0,0,0,0,0,0,0,0,
30,낭월공영차고지기점 - 낭월공영차고지,54,성모오거리,0,0,0,0,4,3,0,0,0,5,0,0,0,4,0,0,0,0,0,0,0,0,0,0,
30,낭월공영차고지기점 - 낭월공영차고지,55,대전고등학교,0,0,0,0,0,0,0,0,0,7,0,0,0,0,0,0,0,0,0,0,0,0,0,0,
30,낭월공영차고지기점 - 낭월공영차고지,56,대흥동네거리,0,0,0,0,3,0,0,0,0,0,0,0,0,3,0,0,0,0,0,0,0,0,0,0,
30,낭월공영차고지기점 - 낭월공영차고지,57,대흥교,0,0,0,0,3,0,0,0,0,0,0,0,0,3,0,0,0,0,0,0,0,0,0,0,
30,낭월공영차고지기점 - 낭월공영차고지,58,원동네거리,0,0,0,0,0,0,1,0,0,0,0,0,1,0,1,0,0,0,0,0,0,0,0,0,
30,낭월공영차고지기점 - 낭월공영차고지,59,대전역/역전시장,0,0,0,0,2,0,0,0,0,1,0,0,0,0,2,0,0,0,0,0,0,0,0,0,
30,낭월공영차고지기점 - 낭월공영차고지,60,대전역동광장,0,0,0,0,0,0,0,0,0,0,0,0,0,0,0,0,0,0,0,0,0,0,0,0,
30,낭월공영차고지기점 - 낭월공영차고지,61,대전역동광장,0,0,0,0,0,0,0,0,0,0,0,0,0,0,0,0,0,0,0,0,0,0,0,0,
30,낭월공영차고지기점 - 낭월공영차고지,62,신안동,0,0,0,0,0,0,0,0,0,0,0,0,0,0,0,0,0,0,1,0,0,0,0,0,
30,낭월공영차고지기점 - 낭월공영차고지,63,대동역3번출구,0,0,0,0,0,0,0,0,0,0,0,0,0,0,0,0,0,0,1,0,0,0,0,0,
30,낭월공영차고지기점 - 낭월공영차고지,64,대전화병원,0,0,0,0,0,0,0,0,0,0,0,0,0,0,0,0,0,0,1,0,0,0,0,0,
30,낭월공영차고지기점 - 낭월공영차고지,65,원동네거리,0,0,0,0,0,0,0,0,0,0,0,0,0,0,0,0,0,0,1,0,0,0,0,0,
30,낭월공영차고지기점 - 낭월공영차고지,66,대전역/역전시장,0,0,0,0,0,0,0,0,0,0,0,0,0,0,0,0,0,0,1,0,0,0,0,0,
30,낭월공영차고지기점 - 낭월공영차고지,67,목척교,0,0,1,0,0,0,0,0,0,0,2,0,0,0,0,0,0,0,0,0,0,0,0,0,
30,낭월공영차고지기점 - 낭월공영차고지,68,선화동우체국,0,0,0,0,0,0,1,0,0,0,0,0,2,0,0,0,0,0,0,0,0,0,0,0,
30,낭월공영차고지기점 - 낭월공영차고지,69,중구청역,0,0,0,0,0,0,1,0,0,0,0,0,2,0,0,0,0,0,0,0,0,0,0,0,
30,낭월공영차고지기점 - 낭월공영차고지,70,서대전네거리역1번출구,0,0,0,0,4,0,0,0,1,0,0,0,0,0,3,0,0,0,0,0,0,0,0,0,
30,낭월공영차고지기점 - 낭월공영차고지,71,충대병원네거리,0,0,0,0,6,0,1,0,0,0,0,0,0,0,0,0,0,0,2,0,0,0,0,0,
30,낭월공영차고지기점 - 낭월공영차고지,72,충남대학교병원,0,0,0,0,0,9,0,0,0,0,0,0,0,0,0,0,0,0,0,0,0,0,0,0,
30,낭월공영차고지기점 - 낭월공영차고지,73,센트럴파크2단지,0,0,0,0,0,9,0,0,0,0,0,0,0,0,0,0,0,0,0,0,0,0,0,0,
30,낭월공영차고지기점 - 낭월공영차고지,74,동산중고등학교,0,0,0,0,0,0,0,0,0,0,0,0,0,0,5,0,1,0,0,0,0,0,0,0,
30,낭월공영차고지기점 - 낭월공영차고지,75,충남기계공고,0,0,0,0,0,0,0,0,0,0,0,0,0,0,0,0,0,0,0,0,0,0,0,0,
30,낭월공영차고지기점 - 낭월공영차고지,76,문화동주공아파트,0,0,2,0,0,0,1,0,0,0,0,0,0,0,2,0,0,0,0,0,0,0,0,0,
30,낭월공영차고지기점 - 낭월공영차고지,77,중구보건소,0,0,5,0,0,7,0,0,0,3,0,0,0,0,1,0,0,0,0,0,0,0,0,0,
30,낭월공영차고지기점 - 낭월공영차고지,78,산성동새마을회관,0,0,6,0,0,8,0,0,0,0,0,0,0,0,0,0,0,0,1,0,0,0,0,0,
30,낭월공영차고지기점 - 낭월공영차고지,79,산성시장,0,0,0,0,0,6,0,0,0,4,0,0,0,0,0,0,0,0,0,0,0,0,0,0,
30,낭월공영차고지기점 - 낭월공영차고지,80,산성네거리,0,0,9,0,0,13,2,0,0,2,4,0,1,0,0,0,2,0,0,0,0,0,0,0,
30,낭월공영차고지기점 - 낭월공영차고지,81,산성초등학교,0,0,0,0,0,11,0,0,0,0,0,0,0,0,0,0,0,0,0,0,0,0,0,0,
30,낭월공영차고지기점 - 낭월공영차고지,82,사정동,0,0,8,10,0,12,0,0,0,0,2,0,0,0,0,0,0,0,0,0,0,0,0,0,
30,낭월공영차고지기점 - 낭월공영차고지,83,산성어린이도서관,0,0,0,0,0,13,3,4,0,0,0,0,0,0,0,0,0,0,0,0,0,0,0,0,
30,낭월공영차고지기점 - 낭월공영차고지,84,상당,0,0,0,0,0,13,3,4,0,0,0,0,0,0,0,0,0,0,0,0,0,0,0,0,
30,낭월공영차고지기점 - 낭월공영차고지,85,오월드회전교차로,0,0,0,0,0,13,3,4,0,0,0,0,0,0,0,0,0,0,0,0,0,0,0,0,
30,낭월공영차고지기점 - 낭월공영차고지,86,보문산교통광장,0,0,0,9,0,0,0,0,0,1,0,0,0,0,0,0,0,0,0,0,0,0,0,0,
30,낭월공영차고지기점 - 낭월공영차고지,87,침산교/점말,0,0,0,9,0,0,0,0,0,1,0,0,0,0,0,0,0,0,0,0,0,0,0,0,
30,낭월공영차고지기점 - 낭월공영차고지,88,침산동,0,0,0,9,0,0,0,0,0,1,0,0,0,0,0,0,0,0,0,0,0,0,0,0,
30,낭월공영차고지기점 - 낭월공영차고지,89,대전청소년수련마을,0,0,0,9,0,0,0,0,0,1,0,0,0,0,0,0,0,0,0,0,0,0,0,0,
30,낭월공영차고지기점 - 낭월공영차고지,90,침산동,0,0,0,9,0,0,0,0,0,1,0,0,0,0,0,0,0,0,0,0,0,0,0,0,
30,낭월공영차고지기점 - 낭월공영차고지,91,침산교/점말,0,0,0,9,0,0,0,0,0,1,0,0,0,0,0,0,0,0,0,0,0,0,0,0,
30,낭월공영차고지기점 - 낭월공영차고지,92,침산동입구,0,0,0,0,0,12,0,0,0,0,0,0,0,0,0,0,0,0,0,0,0,0,0,0,
30,낭월공영차고지기점 - 낭월공영차고지,93,중구체육복지센터,0,0,0,8,0,12,0,0,0,0,0,0,0,0,0,0,0,0,0,0,0,0,0,0,
30,낭월공영차고지기점 - 낭월공영차고지,94,목달동,0,0,0,0,0,11,0,0,0,0,0,0,0,0,0,0,0,0,0,0,0,0,0,0,
30,낭월공영차고지기점 - 낭월공영차고지,95,정생농협창고,0,0,0,0,0,10,0,0,0,0,0,0,0,0,0,0,0,0,0,0,0,0,0,0,
30,낭월공영차고지기점 - 낭월공영차고지,96,정생1동,0,0,0,0,0,8,0,3,0,0,0,0,0,0,0,0,0,0,0,0,0,0,0,0,
30,낭월공영차고지기점 - 낭월공영차고지,97,화곡,0,0,0,0,0,8,0,3,0,0,0,0,0,0,0,0,0,0,0,0,0,0,0,0,
30,낭월공영차고지기점 - 낭월공영차고지,98,정생2동,0,0,0,0,0,6,0,0,0,0,0,0,0,0,0,0,0,0,0,0,0,0,0,0,
30,낭월공영차고지기점 - 낭월공영차고지,99,사기정골,0,0,0,4,0,3,0,0,0,0,0,0,0,0,0,0,0,0,0,0,0,0,0,0,
30,낭월공영차고지기점 - 낭월공영차고지,100,금동이고개,0,0,0,4,0,3,0,0,0,0,0,0,0,0,0,0,0,0,0,0,0,0,0,0,
30,낭월공영차고지기점 - 낭월공영차고지,101,모랭이,0,0,0,3,0,1,0,0,0,0,0,0,0,0,0,0,0,0,0,0,0,0,0,0,
30,낭월공영차고지기점 - 낭월공영차고지,102,금동마을,0,0,0,0,0,0,0,1,0,0,0,0,0,0,0,0,0,0,0,0,0,0,0,0,
30,낭월공영차고지기점 - 낭월공영차고지,103,금동,0,0,0,0,0,0,0,1,0,0,0,0,0,0,0,0,0,0,0,0,0,0,0,0,
30,낭월공영차고지기점 - 낭월공영차고지,104,장척동,0,0,0,0,0,0,0,0,0,0,0,0,0,0,0,0,0,0,0,0,0,0,0,0,
30,낭월공영차고지기점 - 낭월공영차고지,105,소호2동,0,0,0,0,0,0,0,0,0,0,0,0,0,0,0,0,0,0,0,0,0,0,0,0,
30,낭월공영차고지기점 - 낭월공영차고지,106,소호동,0,0,0,0,0,0,0,0,0,0,0,1,0,0,0,0,0,0,0,0,0,0,0,0,
30,낭월공영차고지기점 - 낭월공영차고지,107,소리.말미,0,0,0,0,0,2,0,0,0,0,0,2,0,0,0,0,0,0,0,0,0,0,0,0,
30,낭월공영차고지기점 - 낭월공영차고지,108,지푸재,0,0,0,0,0,2,0,0,0,0,0,2,0,0,0,0,0,0,0,0,0,0,0,0,
30,낭월공영차고지기점 - 낭월공영차고지,109,대별동,0,0,0,0,0,2,0,0,0,0,0,2,0,0,0,0,0,0,0,0,0,0,0,0,
30,낭월공영차고지기점 - 낭월공영차고지,110,감나무골입구,0,0,0,0,0,2,0,0,0,0,0,2,0,0,0,0,0,0,0,0,0,0,0,0,
30,낭월공영차고지기점 - 낭월공영차고지,111,토토자연학습원,0,0,0,0,0,0,0,0,0,0,0,0,0,1,0,0,0,0,0,0,0,0,0,0,
30,낭월공영차고지기점 - 낭월공영차고지,112,이사동입구,0,0,0,0,0,0,0,2,0,0,0,0,0,0,0,0,0,0,0,0,0,0,0,0,
30,낭월공영차고지기점 - 낭월공영차고지,113,면허시험장,0,0,0,0,0,0,0,0,0,0,0,1,0,0,0,0,0,0,0,0,0,0,0,0,
30,낭월공영차고지기점 - 낭월공영차고지,114,오투그란데아파트,0,0,0,0,0,0,0,1,0,0,0,0,0,0,0,0,0,0,0,0,0,0,0,0,
30,낭월공영차고지기점 - 낭월공영차고지,115,산내주공아파트,0,0,0,0,0,0,0,0,0,0,0,0,0,0,0,0,0,0,0,0,0,0,0,0,
30,낭월공영차고지기점 - 낭월공영차고지,116,e편한세상아파트,0,0,0,0,0,0,0,0,0,0,0,0,0,0,0,0,0,0,0,0,0,0,0,0,
30,낭월공영차고지기점 - 낭월공영차고지,117,산내초등학교,0,0,0,0,0,0,0,0,0,0,0,0,0,0,0,0,0,0,0,0,0,0,0,0,
30,낭월공영차고지기점 - 낭월공영차고지,118,석천들마을아파트,0,0,0,0,0,0,0,0,0,0,0,0,0,0,0,0,0,0,0,0,0,0,0,0,
30,낭월공영차고지기점 - 낭월공영차고지,119,남대전종합물류단지,0,0,0,0,0,0,0,0,0,0,0,0,0,0,0,0,0,0,0,0,0,0,0,0,
30,낭월공영차고지기점 - 낭월공영차고지,120,낭월공영차고지,0,0,0,0,0,0,0,0,0,0,0,0,0,0,0,0,0,0,0,0,0,0,0,0,
300,조치원역 - 신탄진역,1,조치원역,0,0,0,1,0,2,0,3,1,0,2,3,2,6,1,1,2,5,0,0,0,0,0,0,
300,조치원역 - 신탄진역,2,조치원전통시장북측,0,0,0,4,0,2,0,0,3,0,1,4,3,0,7,0,4,0,0,0,0,0,0,0,
300,조치원역 - 신탄진역,3,조치원버스터미널,0,0,0,0,2,0,2,0,0,2,0,0,10,7,2,8,3,0,0,0,0,0,0,0,
300,조치원역 - 신탄진역,4,서평리.중봉리,0,0,0,0,0,0,0,0,0,0,0,0,5,0,0,0,2,0,0,0,0,0,0,0,
300,조치원역 - 신탄진역,5,서평리,0,0,0,0,0,0,0,0,0,0,0,0,9,0,0,0,0,0,0,0,0,0,0,0,
300,조치원역 - 신탄진역,6,서평1리,0,0,0,0,0,0,0,0,0,0,0,0,9,0,0,0,0,0,0,0,0,0,0,0,
300,조치원역 - 신탄진역,7,서평교,0,0,0,0,0,0,0,0,0,0,0,0,0,0,0,0,2,0,0,0,0,0,0,0,
300,조치원역 - 신탄진역,8,동평3리,0,0,0,0,0,0,0,0,0,0,0,0,7,0,0,0,0,0,0,0,0,0,0,0,
300,조치원역 - 신탄진역,9,예양2리,0,0,0,0,0,0,0,0,0,0,0,3,6,0,0,0,0,0,0,0,0,0,0,0,
300,조치원역 - 신탄진역,10,양세오충각,0,0,0,0,0,0,0,0,0,0,0,0,0,5,0,0,0,0,0,0,0,0,0,0,
300,조치원역 - 신탄진역,11,예양1리,0,0,0,0,0,0,0,0,0,0,0,0,0,5,0,0,0,0,0,0,0,0,0,0,
300,조치원역 - 신탄진역,12,예양리,0,0,0,1,0,0,0,0,0,0,0,0,0,6,0,0,0,0,0,0,0,0,0,0,
300,조치원역 - 신탄진역,13,동면농협예양지소,0,0,0,0,0,0,0,0,0,0,0,2,0,0,0,0,0,0,0,0,0,0,0,0,
300,조치원역 - 신탄진역,14,송용리,0,0,0,0,0,0,0,0,5,0,0,0,0,0,0,0,0,0,0,0,0,0,0,0,
300,조치원역 - 신탄진역,15,내판역,0,0,0,0,0,0,0,0,0,0,0,0,5,0,0,0,0,0,0,0,0,0,0,0,
300,조치원역 - 신탄진역,16,연동면복합커뮤니티센터,0,0,0,0,0,0,0,0,0,0,0,0,5,0,0,0,0,0,0,0,0,0,0,0,
300,조치원역 - 신탄진역,17,연동중학교,0,0,0,2,0,0,0,1,3,0,0,0,0,0,0,7,0,4,0,0,0,0,0,0,
300,조치원역 - 신탄진역,18,교과서박물관,0,0,0,1,0,0,1,0,0,0,0,0,0,0,6,6,0,2,0,0,0,0,0,0,
300,조치원역 - 신탄진역,19,응암농공단지,0,0,0,1,0,0,1,0,0,0,0,0,0,0,6,6,0,2,0,0,0,0,0,0,
300,조치원역 - 신탄진역,20,명학산업단지,0,0,0,0,1,0,0,0,2,0,0,0,0,0,7,5,1,1,0,0,0,0,0,0,
300,조치원역 - 신탄진역,21,명학1리,0,0,0,0,1,0,0,0,2,0,0,0,0,0,7,5,1,1,0,0,0,0,0,0,
300,조치원역 - 신탄진역,22,명학리,0,0,0,0,0,0,0,0,0,0,0,1,0,0,0,0,0,0,0,0,0,0,0,0,
300,조치원역 - 신탄진역,23,명학3리,0,0,0,0,0,0,0,0,0,0,0,0,0,0,0,2,0,0,0,0,0,0,0,0,
300,조치원역 - 신탄진역,24,부강리,0,0,0,0,0,0,0,0,0,0,0,0,0,0,6,0,0,0,0,0,0,0,0,0,
300,조치원역 - 신탄진역,25,부강역,0,0,0,0,1,3,0,2,0,0,0,1,0,5,0,3,0,0,0,0,0,0,0,0,
300,조치원역 - 신탄진역,26,부강2리,0,0,0,0,3,0,1,2,0,3,3,2,4,3,6,2,0,1,0,0,0,0,0,0,
300,조치원역 - 신탄진역,27,부강초등학교,0,0,0,0,3,0,1,2,0,3,3,2,4,3,6,2,0,1,0,0,0,0,0,0,
300,조치원역 - 신탄진역,28,복지회관,0,0,0,0,0,4,0,0,0,0,0,3,0,0,0,3,0,0,0,0,0,0,0,0,
300,조치원역 - 신탄진역,29,부강삼거리,0,0,0,0,0,0,0,0,0,0,0,0,0,0,0,0,2,0,0,0,0,0,0,0,
300,조치원역 - 신탄진역,30,부강면생활체육관,0,0,0,0,0,3,0,0,0,0,4,0,0,0,0,0,3,0,0,0,0,0,0,0,
300,조치원역 - 신탄진역,31,등곡삼거리,0,0,0,0,0,0,0,0,0,0,0,0,0,0,4,0,0,0,0,0,0,0,0,0,
300,조치원역 - 신탄진역,32,등곡3리(충광농원),0,0,0,0,0,0,0,0,0,0,2,2,0,1,0,2,0,0,0,0,0,0,0,0,
300,조치원역 - 신탄진역,33,등곡리,0,0,0,0,0,0,0,0,2,4,0,0,0,4,0,0,0,0,0,0,0,0,0,0,
300,조치원역 - 신탄진역,34,등곡리(쌍용양회),0,0,0,0,0,0,0,0,2,4,0,0,0,4,0,0,0,0,0,0,0,0,0,0,
300,조치원역 - 신탄진역,35,매포역(노호2리),0,0,0,0,0,4,0,0,0,6,0,0,0,0,0,1,0,0,0,0,0,0,0,0,
300,조치원역 - 신탄진역,36,노호1리,0,0,0,0,0,0,0,2,0,0,0,0,0,0,0,0,0,0,0,0,0,0,0,0,
300,조치원역 - 신탄진역,37,등곡2리,0,0,0,0,0,0,0,3,0,0,0,0,0,4,0,0,0,0,0,0,0,0,0,0,
300,조치원역 - 신탄진역,38,시목1리,0,0,0,0,0,0,0,5,0,0,0,0,0,3,0,0,0,0,0,0,0,0,0,0,
300,조치원역 - 신탄진역,39,시목리,0,0,0,0,4,0,0,0,0,0,4,0,0,0,3,0,0,0,0,0,0,0,0,0,
300,조치원역 - 신탄진역,40,시목리.현도중학교,0,0,0,0,3,0,0,0,0,1,0,0,0,0,5,0,0,0,0,0,0,0,0,0,
300,조치원역 - 신탄진역,41,매봉(매봉리방면),0,0,0,0,0,0,0,0,0,7,5,0,0,0,0,0,0,0,0,0,0,0,0,0,
300,조치원역 - 신탄진역,42,매봉(양지리방면),0,0,0,0,0,0,0,0,0,7,5,0,0,0,0,0,0,0,0,0,0,0,0,0,
300,조치원역 - 신탄진역,43,양지리,0,0,0,0,0,0,0,0,0,0,0,0,0,0,0,0,0,0,0,0,0,0,0,0,
300,조치원역 - 신탄진역,44,신탄진동행정복지센터,0,0,0,0,0,1,0,4,1,4,4,1,0,0,0,0,0,0,0,0,0,0,0,0,
300,조치원역 - 신탄진역,45,신탄진역,0,0,0,0,0,0,0,0,0,0,0,0,0,0,0,0,0,0,0,0,0,0,0,0,
300-1,신탄진역 - 조치원역,1,신탄진역,0,0,3,3,4,2,4,0,3,4,0,6,2,0,4,4,1,1,0,0,0,0,0,0,
300-1,신탄진역 - 조치원역,2,신탄진동행정복지센터,0,0,0,0,0,0,0,0,0,5,0,8,2,1,5,5,0,2,0,0,0,0,0,0,
300-1,신탄진역 - 조치원역,3,양지2리,0,0,0,0,0,0,0,0,0,0,0,7,0,0,0,0,0,0,0,0,0,0,0,0,
300-1,신탄진역 - 조치원역,4,매봉리,0,0,0,0,0,3,0,0,0,4,0,0,0,0,0,0,0,0,0,0,0,0,0,0,
300-1,신탄진역 - 조치원역,5,달계리,0,0,0,0,0,0,0,0,0,0,0,0,0,0,0,4,0,1,0,0,0,0,0,0,
300-1,신탄진역 - 조치원역,6,현도면행정복지센터.선동리,0,0,0,0,0,0,0,0,0,0,0,6,0,0,4,3,0,0,0,0,0,0,0,0,
300-1,신탄진역 - 조치원역,7,시목리,0,0,0,0,0,0,3,0,0,0,0,4,0,0,0,0,0,0,0,0,0,0,0,0,
300-1,신탄진역 - 조치원역,8,시목1리,0,0,0,0,0,0,0,0,0,6,0,0,0,0,0,0,0,0,0,0,0,0,0,0,
300-1,신탄진역 - 조치원역,9,등곡2리,0,0,0,0,0,0,0,0,0,0,0,5,1,1,0,3,0,0,0,0,0,0,0,0,
300-1,신탄진역 - 조치원역,10,노호1리,0,0,0,0,0,0,0,0,0,0,0,0,0,0,0,0,2,0,0,0,0,0,0,0,
300-1,신탄진역 - 조치원역,11,매포역(노호2리),0,0,0,0,0,0,0,0,0,0,0,0,0,0,0,0,2,0,0,0,0,0,0,0,
300-1,신탄진역 - 조치원역,12,등곡리(쌍용양회),0,0,0,0,0,0,0,0,0,0,0,0,0,0,0,0,2,0,0,0,0,0,0,0,
300-1,신탄진역 - 조치원역,13,등곡리,0,0,0,0,0,0,0,0,0,0,0,0,3,0,3,2,1,0,0,0,0,0,0,0,
300-1,신탄진역 - 조치원역,14,등곡3리(충광농원),0,0,0,0,0,1,0,1,0,0,2,0,2,3,0,0,0,0,0,0,0,0,0,0,
300-1,신탄진역 - 조치원역,15,등곡삼거리,0,0,0,0,0,0,0,4,0,2,0,0,0,0,0,0,0,0,0,0,0,0,0,0,
300-1,신탄진역 - 조치원역,16,부강면생활체육관,0,0,0,2,0,0,0,0,1,0,0,0,0,0,0,0,0,0,0,0,0,0,0,0,
300-1,신탄진역 - 조치원역,17,부강삼거리,0,0,0,0,0,0,0,0,0,0,0,0,0,0,2,0,0,0,0,0,0,0,0,0,
300-1,신탄진역 - 조치원역,18,복지회관,0,0,0,0,0,0,0,0,2,0,0,0,0,0,0,0,0,0,0,0,0,0,0,0,
300-1,신탄진역 - 조치원역,19,부강초등학교,0,0,0,0,0,2,0,1,0,0,8,6,3,0,0,1,0,0,0,0,0,0,0,0,
300-1,신탄진역 - 조치원역,20,부강2리,0,0,0,0,0,4,4,2,1,0,6,6,5,0,2,0,3,0,0,0,0,0,0,0,
300-1,신탄진역 - 조치원역,21,부강역,0,0,0,0,0,1,5,0,0,0,0,0,0,0,1,0,5,0,0,0,0,0,0,0,
300-1,신탄진역 - 조치원역,22,부강리,0,0,0,0,0,0,0,0,0,0,0,0,6,0,0,0,0,0,0,0,0,0,0,0,
300-1,신탄진역 - 조치원역,23,명학3리,0,0,0,0,0,0,0,0,0,5,0,0,5,0,0,0,0,0,0,0,0,0,0,0,
300-1,신탄진역 - 조치원역,24,명학리,0,0,0,0,0,0,0,0,0,5,0,0,5,0,0,0,0,0,0,0,0,0,0,0,
300-1,신탄진역 - 조치원역,25,명학1리,0,0,0,2,1,0,0,0,0,0,0,0,0,0,0,0,0,0,0,0,0,0,0,0,
300-1,신탄진역 - 조치원역,26,명학산업단지,0,0,0,1,0,0,0,0,0,0,0,7,0,0,0,0,3,0,0,0,0,0,0,0,
300-1,신탄진역 - 조치원역,27,응암농공단지,0,0,0,0,0,0,4,0,3,0,0,0,0,0,2,0,0,0,0,0,0,0,0,0,
300-1,신탄진역 - 조치원역,28,교과서박물관,0,0,0,0,0,0,2,0,0,0,0,0,6,0,0,0,0,0,0,0,0,0,0,0,
300-1,신탄진역 - 조치원역,29,연동중학교,0,0,0,0,0,0,2,0,0,0,0,0,6,0,0,0,0,0,0,0,0,0,0,0,
300-1,신탄진역 - 조치원역,30,연동면복합커뮤니티센터,0,0,0,0,0,0,2,0,0,0,0,0,6,0,0,0,0,0,0,0,0,0,0,0,
300-1,신탄진역 - 조치원역,31,내판역,0,0,0,0,2,0,0,0,0,0,0,0,0,0,0,0,0,0,0,0,0,0,0,0,
300-1,신탄진역 - 조치원역,32,송용리,0,0,0,0,2,0,0,0,0,0,0,0,0,0,0,0,0,0,0,0,0,0,0,0,
300-1,신탄진역 - 조치원역,33,동면농협예양지소,0,0,0,0,2,0,0,0,0,0,0,0,0,0,0,0,0,0,0,0,0,0,0,0,
300-1,신탄진역 - 조치원역,34,예양리,0,0,0,0,0,0,0,0,0,0,0,0,0,0,1,0,0,0,0,0,0,0,0,0,
300-1,신탄진역 - 조치원역,35,예양1리,0,0,0,0,0,0,0,0,0,0,0,0,0,0,1,0,0,0,0,0,0,0,0,0,
300-1,신탄진역 - 조치원역,36,양세오충각,0,0,0,0,0,0,0,0,0,0,0,0,0,0,1,0,0,0,0,0,0,0,0,0,
300-1,신탄진역 - 조치원역,37,예양2리,0,0,0,0,0,0,0,0,0,0,0,0,0,7,0,0,0,0,0,0,0,0,0,0,
300-1,신탄진역 - 조치원역,38,동평3리,0,0,0,0,0,2,0,0,0,0,0,0,0,0,0,0,0,0,0,0,0,0,0,0,
300-1,신탄진역 - 조치원역,39,서평교,0,0,0,0,0,2,0,0,0,0,0,0,0,0,0,0,0,0,0,0,0,0,0,0,
300-1,신탄진역 - 조치원역,40,서평1리,0,0,0,0,0,2,0,0,0,0,0,0,0,0,0,0,0,0,0,0,0,0,0,0,
300-1,신탄진역 - 조치원역,41,서평리,0,0,0,0,0,0,0,0,0,4,0,0,0,0,0,0,0,0,0,0,0,0,0,0,
300-1,신탄진역 - 조치원역,42,봉산3리,0,0,0,0,1,0,1,2,0,2,4,0,0,0,0,0,0,0,0,0,0,0,0,0,
300-1,신탄진역 - 조치원역,43,조치원버스터미널,0,0,0,0,0,0,0,0,0,0,0,5,0,0,0,0,2,0,0,0,0,0,0,0,
300-1,신탄진역 - 조치원역,44,조치원전통시장북측,0,0,0,0,0,0,0,0,0,0,2,1,0,2,0,0,0,0,0,0,0,0,0,0,
300-1,신탄진역 - 조치원역,45,조치원역,0,0,0,0,0,0,0,0,0,0,0,0,0,0,0,0,0,0,0,0,0,0,0,0,
300산성동-충남대,산성동.시내버스정류장 - 충남대학교,0,산성동.시내버스정류장,0,0,1,5,6,6,3,6,5,6,7,8,13,5,3,2,0,0,0,0,0,0,0,0,
300산성동-충남대,산성동.시내버스정류장 - 충남대학교,1,산성시장,0,0,0,2,8,0,0,5,0,0,0,0,11,14,0,4,0,0,0,0,0,0,0,0,
300산성동-충남대,산성동.시내버스정류장 - 충남대학교,2,중동사거리,0,0,0,0,0,0,8,7,7,10,9,0,0,17,6,0,4,0,0,0,0,0,0,0,
300산성동-충남대,산성동.시내버스정류장 - 충남대학교,3,옥룡동회전교차로,0,0,0,3,0,0,9,9,8,0,10,0,0,18,0,0,0,0,0,0,0,0,0,0,
300산성동-충남대,산성동.시내버스정류장 - 충남대학교,4,옥룡동주민센터,0,0,0,4,10,0,0,12,9,11,14,10,14,0,7,4,5,0,0,0,0,0,0,0,
300산성동-충남대,산성동.시내버스정류장 - 충남대학교,5,신진가든.아이젠아파트,0,0,0,0,0,0,0,0,0,0,12,0,0,16,0,0,0,0,0,0,0,0,0,0,
300산성동-충남대,산성동.시내버스정류장 - 충남대학교,6,소학동삼거리,0,0,0,0,0,0,0,0,0,0,0,11,0,0,0,0,0,0,0,0,0,0,0,0,
300산성동-충남대,산성동.시내버스정류장 - 충남대학교,7,소학동,0,0,0,0,0,0,0,0,0,0,0,11,0,0,0,0,0,0,0,0,0,0,0,0,
300산성동-충남대,산성동.시내버스정류장 - 충남대학교,8,오얏골,0,0,0,0,0,0,0,0,0,0,0,11,0,0,0,0,0,0,0,0,0,0,0,0,
300산성동-충남대,산성동.시내버스정류장 - 충남대학교,9,상왕동왕촌,0,0,0,0,0,0,0,0,0,13,0,0,0,17,0,0,0,0,0,0,0,0,0,0,
300산성동-충남대,산성동.시내버스정류장 - 충남대학교,10,상왕동.가나무정,0,0,0,0,9,0,0,0,0,0,0,0,0,0,0,0,0,0,0,0,0,0,0,0,
300산성동-충남대,산성동.시내버스정류장 - 충남대학교,11,상왕동.강변주유소,0,0,0,0,9,0,0,0,0,0,0,0,0,0,0,0,0,0,0,0,0,0,0,0,
300산성동-충남대,산성동.시내버스정류장 - 충남대학교,12,상황3통,0,0,0,0,0,0,0,0,0,0,0,0,13,0,0,0,0,0,0,0,0,0,0,0,
300산성동-충남대,산성동.시내버스정류장 - 충남대학교,13,마암리.청벽,0,0,0,0,0,0,0,0,0,0,0,0,13,0,0,0,0,0,0,0,0,0,0,0,
300산성동-충남대,산성동.시내버스정류장 - 충남대학교,14,마암리,0,0,0,0,0,0,11,0,8,11,0,0,10,0,0,0,6,0,0,0,0,0,0,0,
300산성동-충남대,산성동.시내버스정류장 - 충남대학교,15,과학고등학교,0,0,0,0,8,0,12,0,0,0,0,0,0,0,0,0,0,0,0,0,0,0,0,0,
300산성동-충남대,산성동.시내버스정류장 - 충남대학교,16,마암2리.상마암,0,0,0,0,0,0,0,0,0,12,0,13,0,0,0,0,0,0,0,0,0,0,0,0,
300산성동-충남대,산성동.시내버스정류장 - 충남대학교,17,봉곡1리,0,0,0,0,0,0,0,0,0,13,0,0,9,0,0,0,0,0,0,0,0,0,0,0,
300산성동-충남대,산성동.시내버스정류장 - 충남대학교,18,봉곡리,0,0,0,0,0,0,11,13,0,0,0,0,10,15,0,0,0,0,0,0,0,0,0,0,
300산성동-충남대,산성동.시내버스정류장 - 충남대학교,19,반포초등학교,0,0,0,0,9,0,12,0,0,14,0,0,0,0,0,0,5,0,0,0,0,0,0,0,
300산성동-충남대,산성동.시내버스정류장 - 충남대학교,20,공암승강장,0,0,0,0,0,0,0,0,0,0,0,0,0,0,6,0,0,0,0,0,0,0,0,0,
300산성동-충남대,산성동.시내버스정류장 - 충남대학교,21,반포면.공암,0,0,0,6,0,0,0,0,6,13,0,12,11,20,0,3,6,0,0,0,0,0,0,0,
300산성동-충남대,산성동.시내버스정류장 - 충남대학교,22,온천리,0,0,0,0,0,0,9,15,0,0,14,13,0,0,0,0,8,0,0,0,0,0,0,0,
300산성동-충남대,산성동.시내버스정류장 - 충남대학교,23,온천리사기소,0,0,0,5,0,0,10,0,0,0,0,0,0,0,0,0,0,0,0,0,0,0,0,0,
300산성동-충남대,산성동.시내버스정류장 - 충남대학교,24,박정자,0,0,0,5,0,0,10,0,0,0,0,0,0,0,0,0,0,0,0,0,0,0,0,0,
300산성동-충남대,산성동.시내버스정류장 - 충남대학교,25,사봉,0,0,0,5,0,0,10,0,0,0,0,0,0,0,0,0,0,0,0,0,0,0,0,0,
300산성동-충남대,산성동.시내버스정류장 - 충남대학교,26,갑동,0,0,0,5,0,0,10,0,0,0,0,0,0,0,0,0,0,0,0,0,0,0,0,0,
300산성동-충남대,산성동.시내버스정류장 - 충남대학교,27,유성컨트리클럽,0,0,0,5,0,0,10,0,0,0,0,0,0,0,0,0,0,0,0,0,0,0,0,0,
300산성동-충남대,산성동.시내버스정류장 - 충남대학교,28,국립현충원,0,0,0,0,0,0,0,0,0,12,0,0,0,0,0,0,0,0,0,0,0,0,0,0,
300산성동-충남대,산성동.시내버스정류장 - 충남대학교,29,덕명네거리,0,0,0,0,0,0,0,0,0,0,0,0,0,0,0,2,0,0,0,0,0,0,0,0,
300산성동-충남대,산성동.시내버스정류장 - 충남대학교,30,주유소,0,0,0,0,0,0,0,0,0,11,0,0,0,0,0,0,0,0,0,0,0,0,0,0,
300산성동-충남대,산성동.시내버스정류장 - 충남대학교,31,구암8통,0,0,0,0,0,0,0,0,0,10,0,0,0,17,0,0,0,0,0,0,0,0,0,0,
300산성동-충남대,산성동.시내버스정류장 - 충남대학교,32,현충원역,0,0,0,3,2,0,2,5,0,2,0,4,1,6,0,0,3,0,0,0,0,0,0,0,
300산성동-충남대,산성동.시내버스정류장 - 충남대학교,33,천양원,0,0,0,0,0,0,1,0,0,0,0,3,0,0,0,0,0,0,0,0,0,0,0,0,
300산성동-충남대,산성동.시내버스정류장 - 충남대학교,34,유성시장,0,0,0,2,1,0,0,3,0,0,0,2,0,4,0,0,1,0,0,0,0,0,0,0,
300산성동-충남대,산성동.시내버스정류장 - 충남대학교,35,장대네거리,0,0,0,0,0,0,0,2,0,1,0,1,0,3,0,1,0,0,0,0,0,0,0,0,
300산성동-충남대,산성동.시내버스정류장 - 충남대학교,36,충남대학교,0,0,0,1,0,0,0,0,0,0,0,0,0,0,0,0,0,0,0,0,0,0,0,0,
300충남대-산성동,충남대학교 - 산성동.시내버스정류장,0,충남대학교,0,0,0,3,6,2,4,5,4,4,0,1,6,2,3,2,2,0,0,0,0,0,0,0,
300충남대-산성동,충남대학교 - 산성동.시내버스정류장,1,유성온천역6번출구,0,0,0,6,11,6,6,8,8,9,3,7,8,4,9,3,6,0,0,0,0,0,0,0,
300충남대-산성동,충남대학교 - 산성동.시내버스정류장,2,봉명네거리,0,0,0,0,12,7,7,9,0,11,4,8,0,5,0,4,7,0,0,0,0,0,0,0,
300충남대-산성동,충남대학교 - 산성동.시내버스정류장,3,구암역,0,0,0,0,0,0,0,10,0,0,0,0,0,0,0,0,0,0,0,0,0,0,0,0,
300충남대-산성동,충남대학교 - 산성동.시내버스정류장,4,천양원,0,0,0,0,0,0,0,0,9,0,0,0,0,0,0,0,0,0,0,0,0,0,0,0,
300충남대-산성동,충남대학교 - 산성동.시내버스정류장,5,현충원역,0,0,0,9,14,9,8,12,11,12,6,10,11,6,13,13,10,2,0,0,0,0,0,0,
300충남대-산성동,충남대학교 - 산성동.시내버스정류장,6,구암8통,0,0,0,9,14,9,8,12,11,12,6,10,11,6,13,13,10,2,0,0,0,0,0,0,
300충남대-산성동,충남대학교 - 산성동.시내버스정류장,7,덕명네거리,0,0,0,9,14,9,8,12,11,12,6,10,11,6,13,13,10,2,0,0,0,0,0,0,
300충남대-산성동,충남대학교 - 산성동.시내버스정류장,8,국립현충원,0,0,0,0,0,10,0,13,0,0,7,0,0,0,0,0,0,0,0,0,0,0,0,0,
300충남대-산성동,충남대학교 - 산성동.시내버스정류장,9,유성컨트리클럽,0,0,0,0,0,10,0,13,0,0,7,0,0,0,0,0,0,0,0,0,0,0,0,0,
300충남대-산성동,충남대학교 - 산성동.시내버스정류장,10,갑동,0,0,0,0,15,9,0,0,0,11,0,9,0,0,0,0,0,0,0,0,0,0,0,0,
300충남대-산성동,충남대학교 - 산성동.시내버스정류장,11,사봉,0,0,0,0,0,0,0,0,0,0,0,8,0,0,0,0,0,0,0,0,0,0,0,0,
300충남대-산성동,충남대학교 - 산성동.시내버스정류장,12,박정자,0,0,0,0,14,0,7,12,0,0,0,0,0,0,0,0,0,0,0,0,0,0,0,0,
300충남대-산성동,충남대학교 - 산성동.시내버스정류장,13,온천리사기소,0,0,0,0,0,0,0,11,10,10,0,0,10,5,0,0,0,0,0,0,0,0,0,0,
300충남대-산성동,충남대학교 - 산성동.시내버스정류장,14,온천리,0,0,0,0,13,7,0,9,0,0,0,7,9,7,0,0,0,0,0,0,0,0,0,0,
300충남대-산성동,충남대학교 - 산성동.시내버스정류장,15,반포면.공암,0,0,0,8,12,6,8,8,0,0,0,6,8,5,0,0,0,0,0,0,0,0,0,0,
300충남대-산성동,충남대학교 - 산성동.시내버스정류장,16,반포초등학교,0,0,0,0,0,7,0,0,0,0,0,0,9,6,15,0,0,0,0,0,0,0,0,0,
300충남대-산성동,충남대학교 - 산성동.시내버스정류장,17,봉곡2.3리,0,0,0,0,0,0,0,0,0,9,0,0,0,0,0,0,9,0,0,0,0,0,0,0,
300충남대-산성동,충남대학교 - 산성동.시내버스정류장,18,봉곡리,0,0,0,0,11,8,0,0,0,0,8,0,0,0,13,0,10,0,0,0,0,0,0,0,
300충남대-산성동,충남대학교 - 산성동.시내버스정류장,19,봉곡1리,0,0,0,0,12,0,0,0,8,0,0,4,0,0,0,0,0,0,0,0,0,0,0,0,
300충남대-산성동,충남대학교 - 산성동.시내버스정류장,20,마암2리.상마암,0,0,0,8,0,0,6,0,0,0,0,0,0,0,0,0,0,0,0,0,0,0,0,0,
300충남대-산성동,충남대학교 - 산성동.시내버스정류장,21,과학고등학교,0,0,0,0,0,0,0,10,0,0,0,0,10,0,0,0,0,0,0,0,0,0,0,0,
300충남대-산성동,충남대학교 - 산성동.시내버스정류장,22,마암리,0,0,0,0,10,9,7,9,0,0,0,0,0,0,0,0,0,0,0,0,0,0,0,0,
300충남대-산성동,충남대학교 - 산성동.시내버스정류장,23,마암리.청벽,0,0,0,0,10,9,7,9,0,0,0,0,0,0,0,0,0,0,0,0,0,0,0,0,
300충남대-산성동,충남대학교 - 산성동.시내버스정류장,24,상황3통,0,0,0,0,0,0,0,0,0,0,9,0,0,0,0,0,0,0,0,0,0,0,0,0,
300충남대-산성동,충남대학교 - 산성동.시내버스정류장,25,상왕동.강변주유소,0,0,0,0,0,0,0,0,0,0,9,0,0,0,0,0,0,0,0,0,0,0,0,0,
300충남대-산성동,충남대학교 - 산성동.시내버스정류장,26,상왕동.가나무정,0,0,0,0,0,0,0,0,0,0,9,0,0,0,0,0,0,0,0,0,0,0,0,0,
300충남대-산성동,충남대학교 - 산성동.시내버스정류장,27,상왕동.왕촌,0,0,0,7,11,0,0,0,0,0,0,0,0,0,0,0,0,0,0,0,0,0,0,0,
300충남대-산성동,충남대학교 - 산성동.시내버스정류장,28,오얏골,0,0,0,7,11,0,0,0,0,0,0,0,0,0,0,0,0,0,0,0,0,0,0,0,
300충남대-산성동,충남대학교 - 산성동.시내버스정류장,29,소학동,0,0,0,0,0,0,0,0,8,0,0,0,0,0,0,0,0,0,0,0,0,0,0,0,
300충남대-산성동,충남대학교 - 산성동.시내버스정류장,30,소학동삼거리,0,0,0,6,10,0,0,0,0,0,8,0,0,0,11,0,0,0,0,0,0,0,0,0,
300충남대-산성동,충남대학교 - 산성동.시내버스정류장,31,신진가든.아이젠아파트,0,0,0,0,0,0,0,0,0,0,7,0,9,0,0,0,0,0,0,0,0,0,0,0,
300충남대-산성동,충남대학교 - 산성동.시내버스정류장,32,옥룡동주민센터,0,0,0,4,0,8,7,0,0,6,4,5,2,0,4,12,4,3,0,0,0,0,0,0,
300충남대-산성동,충남대학교 - 산성동.시내버스정류장,33,옥룡동교차로,0,0,0,0,3,9,0,0,0,0,0,0,1,8,0,0,0,0,0,0,0,0,0,0,
300충남대-산성동,충남대학교 - 산성동.시내버스정류장,34,옥룡동회전교차로,0,0,0,0,3,9,0,0,0,0,0,0,1,8,0,0,0,0,0,0,0,0,0,0,
300충남대-산성동,충남대학교 - 산성동.시내버스정류장,35,중동사거리,0,0,0,0,1,5,3,3,3,2,0,3,0,0,1,0,0,1,0,0,0,0,0,0,
300충남대-산성동,충남대학교 - 산성동.시내버스정류장,36,산성시장,0,0,0,0,0,1,0,0,1,1,0,0,0,0,0,0,0,0,0,0,0,0,0,0,
300충남대-산성동,충남대학교 - 산성동.시내버스정류장,37,산성동.시내버스정류장,0,0,0,0,0,1,0,0,1,1,0,0,0,0,0,0,0,0,0,0,0,0,0,0,
301,봉산동기점 - 봉산동기점,1,봉산동기점,0,0,3,2,0,0,0,1,1,1,0,1,0,0,0,2,0,0,0,0,0,0,0,0,
301,봉산동기점 - 봉산동기점,2,협진운수,0,0,0,0,1,0,1,2,0,3,0,0,0,3,1,0,0,0,0,0,0,0,0,0,
301,봉산동기점 - 봉산동기점,3,대광로제비앙아파트,0,0,0,1,3,1,3,1,3,0,4,3,2,1,3,0,5,1,0,0,0,0,0,0,
301,봉산동기점 - 봉산동기점,4,구즉동주민센터입구,0,0,1,0,4,4,2,3,1,0,0,0,0,0,1,0,0,2,0,0,0,0,0,0,
301,봉산동기점 - 봉산동기점,5,송강마을아파트,0,3,2,5,5,10,6,6,6,8,8,6,4,12,5,5,6,3,1,0,0,0,0,0,
301,봉산동기점 - 봉산동기점,6,송강전통시장,0,5,3,6,6,12,15,14,12,13,11,12,11,18,6,7,2,4,3,0,0,0,0,0,
301,봉산동기점 - 봉산동기점,7,송강초등학교,0,6,1,8,8,13,18,18,14,21,11,13,12,24,6,4,2,4,2,0,0,0,0,0,
301,봉산동기점 - 봉산동기점,8,그린아파트,0,0,1,2,9,12,20,20,18,23,12,19,6,9,3,0,0,0,1,0,0,0,0,0,
301,봉산동기점 - 봉산동기점,9,한마을아파트,0,0,0,9,10,18,22,22,19,24,0,20,13,10,8,10,6,5,2,0,0,0,0,0,
301,봉산동기점 - 봉산동기점,10,롯데마트대덕점,0,8,0,4,14,16,18,19,20,28,14,18,11,20,10,7,7,8,5,0,0,0,0,0,
301,봉산동기점 - 봉산동기점,11,관평중학교,0,11,4,10,15,20,21,21,26,27,22,22,15,19,11,9,11,10,8,0,0,0,0,0,
301,봉산동기점 - 봉산동기점,12,테크노밸리4단지,0,12,3,23,17,21,23,22,28,31,23,22,19,19,12,10,12,8,9,0,0,0,0,0,
301,봉산동기점 - 봉산동기점,13,테크노밸리2단지,0,13,4,24,18,25,22,23,26,30,23,10,7,21,11,9,0,9,0,0,0,0,0,0,
301,봉산동기점 - 봉산동기점,14,북대전IC네거리,0,0,0,7,0,24,24,22,22,0,0,12,11,0,11,9,5,0,0,0,0,0,0,0,
301,봉산동기점 - 봉산동기점,15,전자디자인고,0,0,0,25,19,23,21,24,20,31,22,12,12,12,13,0,13,0,0,0,0,0,0,0,
301,봉산동기점 - 봉산동기점,16,에이팩,0,0,0,10,13,0,19,22,0,16,23,0,18,0,0,0,0,10,0,0,0,0,0,0,
301,봉산동기점 - 봉산동기점,17,한국천문연구원,0,0,0,0,18,0,0,0,28,0,23,21,9,0,16,0,4,0,0,0,0,0,0,0,
301,봉산동기점 - 봉산동기점,18,국가정보자원관리원,0,0,0,9,24,19,0,0,0,17,24,22,19,0,17,8,6,14,0,0,0,0,0,0,
301,봉산동기점 - 봉산동기점,19,대덕고등학교,0,0,12,10,26,24,24,25,32,30,27,22,13,23,19,11,9,22,14,0,0,0,0,0,
301,봉산동기점 - 봉산동기점,20,공동관리아파트,0,0,5,0,27,17,24,23,34,30,24,23,12,10,20,10,8,0,0,0,0,0,0,0,
301,봉산동기점 - 봉산동기점,21,대덕중학교,0,0,0,9,22,18,25,24,22,13,27,26,18,23,20,12,11,0,0,0,0,0,0,0,
301,봉산동기점 - 봉산동기점,22,국립중앙과학관입구,0,0,0,0,21,19,22,22,26,27,25,34,23,28,28,24,24,30,16,0,0,0,0,0,
301,봉산동기점 - 봉산동기점,23,서구보건소,0,0,10,8,18,17,30,27,27,34,30,37,30,38,32,23,29,29,16,0,0,0,0,0,
301,봉산동기점 - 봉산동기점,24,선사유적지,0,0,0,10,19,14,22,29,25,33,26,40,30,35,34,22,29,31,18,0,0,0,0,0,
301,봉산동기점 - 봉산동기점,25,통계센터,0,0,8,6,18,11,27,26,24,31,24,39,27,33,32,24,35,35,24,0,0,0,0,0,
301,봉산동기점 - 봉산동기점,26,이마트,0,0,6,6,16,11,27,21,22,28,26,38,24,31,31,21,35,34,22,0,0,0,0,0,
301,봉산동기점 - 봉산동기점,27,갤러리아타임월드,0,0,5,7,12,9,18,10,20,23,20,29,19,32,32,25,35,36,24,5,0,0,0,0,
301,봉산동기점 - 봉산동기점,28,은하수네거리,0,0,5,5,9,9,16,12,22,21,20,32,24,38,34,34,42,36,28,21,0,0,0,0,
301,봉산동기점 - 봉산동기점,29,갈마2동주민센터/충청투데이,0,0,4,7,9,11,18,12,23,17,19,31,25,34,28,28,36,30,27,0,0,0,0,0,
301,봉산동기점 - 봉산동기점,30,안골네거리,0,0,2,3,7,11,14,11,13,16,17,30,19,32,25,27,34,27,25,0,0,0,0,0,
301,봉산동기점 - 봉산동기점,31,내동중학교,0,0,0,0,8,0,14,12,22,19,18,29,22,31,26,26,20,26,23,0,0,0,0,0,
301,봉산동기점 - 봉산동기점,32,목운주택입구,0,0,3,7,7,8,15,11,23,19,18,25,28,28,22,24,17,34,22,20,0,0,0,0,
301,봉산동기점 - 봉산동기점,33,대아아파트,0,0,0,7,9,12,14,11,18,16,17,27,24,29,23,23,19,31,16,19,0,0,0,0,
301,봉산동기점 - 봉산동기점,34,배재대학교,0,0,4,9,7,11,14,12,12,13,11,17,17,20,13,12,16,21,12,13,0,0,0,0,
301,봉산동기점 - 봉산동기점,35,대전지방조달청,0,0,0,2,8,11,13,0,12,12,8,18,15,18,12,10,13,20,10,10,0,0,0,0,
301,봉산동기점 - 봉산동기점,36,복음양지아파트,0,0,3,8,9,11,14,11,13,13,11,18,12,20,9,5,13,18,10,8,0,0,0,0,
301,봉산동기점 - 봉산동기점,37,공굴안,0,0,0,9,0,10,12,3,12,13,9,20,12,19,10,4,5,17,9,5,0,0,0,0,
301,봉산동기점 - 봉산동기점,38,대청병원,0,0,3,10,7,12,0,11,7,7,9,17,8,16,9,8,12,16,10,4,0,0,0,0,
301,봉산동기점 - 봉산동기점,39,대전과학기술대학교,0,0,4,3,11,11,15,14,12,14,11,16,10,12,8,5,11,14,9,8,0,0,0,0,
301,봉산동기점 - 봉산동기점,40,초록마을1단지,0,0,0,2,9,9,11,11,8,13,10,9,6,10,6,5,7,11,4,3,0,0,0,0,
301,봉산동기점 - 봉산동기점,41,한밭가든아파트,0,0,1,2,8,10,9,8,6,10,7,9,4,6,6,3,5,7,2,1,0,0,0,0,
301,봉산동기점 - 봉산동기점,42,산성네거리,0,0,1,0,7,8,6,5,5,7,4,7,2,1,4,0,1,6,2,1,0,0,0,0,
301,봉산동기점 - 봉산동기점,43,산성초등학교,0,0,0,0,4,7,4,0,0,0,0,2,1,0,1,0,0,4,0,0,0,0,0,0,
301,봉산동기점 - 봉산동기점,44,사정동,0,0,0,1,3,6,4,4,4,6,2,0,2,0,0,0,0,0,0,0,0,0,0,0,
301,봉산동기점 - 봉산동기점,45,산성어린이도서관,0,0,0,0,0,0,2,0,3,0,0,0,1,0,0,0,0,0,0,0,0,0,0,0,
301,봉산동기점 - 봉산동기점,46,상당,0,0,0,0,0,0,2,0,3,0,0,0,1,0,0,0,0,0,0,0,0,0,0,0,
301,봉산동기점 - 봉산동기점,47,오월드회전교차로,0,0,0,0,0,0,2,0,3,0,0,0,1,0,0,0,0,0,0,0,0,0,0,0,
301,봉산동기점 - 봉산동기점,48,오월드,0,0,0,0,0,2,0,0,0,1,0,0,0,0,0,0,0,0,0,0,0,0,0,0,
301,봉산동기점 - 봉산동기점,49,윗사정삼거리,0,0,0,0,0,0,0,0,0,1,1,1,3,2,0,0,0,0,0,0,0,0,0,0,
301,봉산동기점 - 봉산동기점,50,오월드기점지,0,0,0,0,0,0,0,0,0,1,1,1,3,2,0,0,0,0,0,0,0,0,0,0,
301,봉산동기점 - 봉산동기점,51,윗사정삼거리,0,0,0,0,0,0,0,0,0,1,1,1,3,2,0,0,0,0,0,0,0,0,0,0,
301,봉산동기점 - 봉산동기점,52,윗사정삼거리,0,0,0,0,0,0,0,0,2,0,0,0,0,0,0,0,0,0,0,0,0,0,0,0,
301,봉산동기점 - 봉산동기점,53,오월드,0,0,0,0,0,0,0,1,0,3,6,3,6,5,2,3,3,0,5,0,0,0,0,0,
301,봉산동기점 - 봉산동기점,54,오월드회전교차로,0,0,0,0,0,0,0,0,0,0,0,4,0,0,0,0,0,0,0,0,0,0,0,0,
301,봉산동기점 - 봉산동기점,55,상당,0,0,0,0,0,0,2,0,0,0,7,6,0,0,0,0,0,0,0,0,0,0,0,0,
301,봉산동기점 - 봉산동기점,56,산성어린이도서관,0,1,0,1,0,1,4,4,1,4,9,7,10,0,0,1,0,0,1,0,0,0,0,0,
301,봉산동기점 - 봉산동기점,57,사정동,0,4,0,3,3,3,2,5,3,7,10,10,12,3,7,6,1,3,0,0,0,0,0,0,
301,봉산동기점 - 봉산동기점,58,산성초등학교,0,5,0,4,0,4,6,5,0,4,12,0,9,3,8,0,4,0,0,0,0,0,0,0,
301,봉산동기점 - 봉산동기점,59,산성네거리,0,6,0,6,6,11,7,7,4,9,9,11,11,6,9,7,6,1,6,0,0,0,0,0,
301,봉산동기점 - 봉산동기점,60,한밭가든아파트,0,0,2,7,6,15,10,9,6,9,15,18,15,9,6,8,7,6,9,0,0,0,0,0,
301,봉산동기점 - 봉산동기점,61,초록마을1단지,0,0,2,10,10,16,14,10,13,10,16,22,17,12,12,12,8,4,2,0,0,0,0,0,
301,봉산동기점 - 봉산동기점,62,대전과학기술대학교,0,5,6,12,11,13,13,14,13,19,14,18,17,10,10,11,9,5,8,0,0,0,0,0,
301,봉산동기점 - 봉산동기점,63,대청병원,0,0,7,7,12,13,17,15,10,11,15,13,16,19,8,0,8,0,0,0,0,0,0,0,
301,봉산동기점 - 봉산동기점,64,공굴안,0,0,4,14,13,15,18,13,15,7,15,7,15,17,9,0,0,0,1,0,0,0,0,0,
301,봉산동기점 - 봉산동기점,65,복음양지아파트,0,4,7,15,18,18,19,18,16,20,13,17,19,19,9,13,8,6,8,0,0,0,0,0,
301,봉산동기점 - 봉산동기점,66,경남아파트,0,6,8,14,21,22,23,22,19,23,22,15,17,21,12,12,6,8,9,0,0,0,0,0,
301,봉산동기점 - 봉산동기점,67,배재대학교,0,7,12,16,29,30,39,30,32,28,23,23,31,32,11,16,9,11,7,0,0,0,0,0,
301,봉산동기점 - 봉산동기점,68,목운주택입구,0,8,13,11,31,30,40,27,34,31,26,25,30,32,11,11,10,11,0,0,0,0,0,0,
301,봉산동기점 - 봉산동기점,69,내동중학교,0,0,12,17,32,30,28,32,22,23,26,24,29,32,13,15,4,5,6,0,0,0,0,0,
301,봉산동기점 - 봉산동기점,70,안골네거리,0,11,11,19,28,30,43,34,34,34,25,26,33,28,14,16,9,12,7,0,0,0,0,0,
301,봉산동기점 - 봉산동기점,71,둔원초등학교,0,12,12,18,28,29,44,32,35,33,25,27,31,28,12,15,8,13,5,0,0,0,0,0,
301,봉산동기점 - 봉산동기점,72,큰마을아파트,0,12,10,14,32,27,40,31,38,34,27,25,34,26,14,11,7,10,3,0,0,0,0,0,
301,봉산동기점 - 봉산동기점,73,은하수네거리,0,8,11,16,27,20,37,36,36,29,27,23,30,24,15,12,17,8,11,0,0,0,0,0,
301,봉산동기점 - 봉산동기점,74,파랑새네거리,0,6,12,12,30,19,41,36,34,28,29,29,30,23,21,17,22,9,15,0,0,0,0,0,
301,봉산동기점 - 봉산동기점,75,둔산경찰서,0,7,12,17,27,25,43,37,46,31,33,31,33,26,29,22,29,14,19,0,0,0,0,0,
301,봉산동기점 - 봉산동기점,76,정부대전청사서문,0,0,0,16,22,23,40,33,47,32,32,27,32,26,28,14,31,15,20,0,0,0,0,0,
301,봉산동기점 - 봉산동기점,77,서구보건소,0,0,9,12,19,18,28,24,34,29,26,31,27,28,25,20,33,16,18,0,0,0,0,0,
301,봉산동기점 - 봉산동기점,78,신세계백화점,0,0,7,11,11,12,22,18,20,21,24,30,27,40,23,21,31,24,12,0,0,0,0,0,
301,봉산동기점 - 봉산동기점,79,대덕중학교,0,0,5,12,10,11,21,17,25,22,22,20,26,42,25,20,30,23,5,0,0,0,0,0,
301,봉산동기점 - 봉산동기점,80,공동관리아파트,0,0,0,10,12,0,0,11,0,20,22,19,26,38,17,0,16,12,0,0,0,0,0,0,
301,봉산동기점 - 봉산동기점,81,대덕고등학교,0,0,4,10,12,13,20,18,23,23,22,17,20,40,24,17,25,18,18,8,0,0,0,0,
301,봉산동기점 - 봉산동기점,82,삼양사중앙연구소,0,0,2,11,10,5,0,0,0,19,21,0,25,34,16,14,19,17,0,9,0,0,0,0,
301,봉산동기점 - 봉산동기점,83,한국천문연구원,0,0,0,0,7,14,0,0,0,11,20,0,19,39,23,12,24,18,17,0,0,0,0,0,
301,봉산동기점 - 봉산동기점,84,에이팩,0,0,4,0,0,0,0,0,20,22,18,0,0,0,0,0,18,0,0,0,0,0,0,0,
301,봉산동기점 - 봉산동기점,85,화암네거리,0,0,0,0,0,0,0,0,22,0,7,0,20,0,0,14,0,5,0,0,0,0,0,0,
301,봉산동기점 - 봉산동기점,86,전자디자인고,0,0,3,0,2,7,19,0,19,22,0,19,24,0,17,0,0,4,0,0,0,0,0,0,
301,봉산동기점 - 봉산동기점,87,북대전IC네거리,0,0,1,0,0,0,17,9,23,19,20,29,21,27,24,14,25,16,18,0,0,0,0,0,
301,봉산동기점 - 봉산동기점,88,테크노밸리2단지,0,0,0,0,1,13,5,16,22,20,16,26,23,30,23,15,17,10,18,10,0,0,0,0,
301,봉산동기점 - 봉산동기점,89,테크노밸리5단지,0,0,2,0,8,6,5,17,18,16,14,24,17,25,18,12,22,16,13,10,0,0,0,0,
301,봉산동기점 - 봉산동기점,90,관평중학교,0,0,2,5,8,5,5,11,10,12,10,15,15,14,14,8,13,17,11,9,0,0,0,0,
301,봉산동기점 - 봉산동기점,91,롯데마트대덕점,0,0,0,6,4,2,6,11,11,11,10,20,12,14,13,9,13,18,13,6,0,0,0,0,
301,봉산동기점 - 봉산동기점,92,한마을아파트후문,0,0,3,4,1,3,7,10,9,9,6,11,14,11,11,8,10,14,9,5,0,0,0,0,
301,봉산동기점 - 봉산동기점,93,한마을아파트,0,0,0,0,0,0,8,8,6,6,5,6,12,9,11,7,0,14,2,0,0,0,0,0,
301,봉산동기점 - 봉산동기점,94,한솔아파트,0,0,1,4,2,0,7,3,2,7,7,5,11,9,10,5,8,10,7,4,0,0,0,0,
301,봉산동기점 - 봉산동기점,95,송강전통시장,0,0,1,2,0,2,3,7,3,4,3,5,6,5,5,6,6,7,5,3,0,0,0,0,
301,봉산동기점 - 봉산동기점,96,송강마을아파트,0,0,0,0,0,2,1,0,0,3,1,1,1,2,2,2,1,3,0,0,0,0,0,0,
301,봉산동기점 - 봉산동기점,97,구즉동주민센터입구,0,0,0,0,1,1,0,0,0,0,0,0,0,1,1,1,0,0,0,0,0,0,0,0,
301,봉산동기점 - 봉산동기점,98,대광로제비앙아파트,0,0,0,0,0,0,0,0,0,2,0,0,1,0,0,0,0,0,0,0,0,0,0,0,
301,봉산동기점 - 봉산동기점,99,협진운수,0,0,0,0,0,1,0,0,0,0,0,0,0,0,0,0,0,0,0,0,0,0,0,0,
301,봉산동기점 - 봉산동기점,100,봉산동기점,0,0,0,0,0,0,0,0,0,0,0,0,0,0,0,0,0,0,0,0,0,0,0,0,
31,서남부터미널기점 - 서남부터미널종점,1,서남부터미널기점,0,0,0,0,0,1,0,0,0,0,0,0,0,0,0,0,0,0,0,0,0,0,0,0,
31,서남부터미널기점 - 서남부터미널종점,2,버드내아파트,0,0,0,0,0,2,0,0,0,0,0,0,0,0,0,0,0,0,0,0,0,0,0,0,
31,서남부터미널기점 - 서남부터미널종점,3,서부종합시장,0,0,0,0,0,4,0,0,0,0,0,0,0,1,0,0,0,0,0,0,0,0,0,0,
31,서남부터미널기점 - 서남부터미널종점,4,서남부터미널,0,0,0,0,0,4,0,0,0,0,0,0,0,1,0,0,0,0,0,0,0,0,0,0,
31,서남부터미널기점 - 서남부터미널종점,5,머티네거리,0,0,0,0,0,5,0,0,0,0,0,0,0,0,0,0,0,0,0,0,0,0,0,0,
31,서남부터미널기점 - 서남부터미널종점,6,산성동행정복지센터,0,0,0,0,0,7,0,0,2,0,0,0,0,0,0,0,0,0,0,0,0,0,0,0,
31,서남부터미널기점 - 서남부터미널종점,7,산성네거리,0,0,0,0,0,0,0,0,4,0,0,0,0,0,0,0,3,0,0,0,0,0,0,0,
31,서남부터미널기점 - 서남부터미널종점,8,산성초등학교,0,0,0,0,0,0,0,0,4,0,0,0,0,0,0,0,3,0,0,0,0,0,0,0,
31,서남부터미널기점 - 서남부터미널종점,9,사정동,0,0,1,0,0,8,0,0,0,0,0,0,0,0,0,0,0,0,0,0,0,0,0,0,
31,서남부터미널기점 - 서남부터미널종점,10,산성어린이도서관,0,0,1,0,0,8,0,0,0,0,0,0,0,0,0,0,0,0,0,0,0,0,0,0,
31,서남부터미널기점 - 서남부터미널종점,11,상당,0,0,0,0,0,0,0,0,0,2,0,0,0,0,0,0,0,0,0,0,0,0,0,0,
31,서남부터미널기점 - 서남부터미널종점,12,오월드회전교차로,0,0,0,0,0,0,0,0,0,2,0,0,0,0,0,0,0,0,0,0,0,0,0,0,
31,서남부터미널기점 - 서남부터미널종점,13,보문산교통광장,0,0,0,0,0,0,0,0,0,2,0,0,0,0,0,0,0,0,0,0,0,0,0,0,
31,서남부터미널기점 - 서남부터미널종점,14,침산동입구,0,0,0,0,0,7,0,0,0,0,0,0,0,0,0,0,0,0,0,0,0,0,0,0,
31,서남부터미널기점 - 서남부터미널종점,15,중구체육복지센터,0,0,0,0,0,0,0,0,0,0,0,0,0,0,0,0,0,0,0,0,0,0,0,0,
31,서남부터미널기점 - 서남부터미널종점,16,목달동,0,0,0,0,0,0,0,0,0,0,0,0,0,0,0,0,0,0,0,0,0,0,0,0,
31,서남부터미널기점 - 서남부터미널종점,17,목달동/송곡가든,0,0,0,0,0,0,0,0,0,0,0,0,0,1,0,0,2,0,0,0,0,0,0,0,
31,서남부터미널기점 - 서남부터미널종점,18,산서초등학교,0,0,0,0,0,0,0,0,0,0,0,1,0,5,0,0,0,0,0,0,0,0,0,0,
31,서남부터미널기점 - 서남부터미널종점,19,목달동/송곡가든,0,0,0,0,0,0,0,0,0,0,0,1,0,5,0,0,0,0,0,0,0,0,0,0,
31,서남부터미널기점 - 서남부터미널종점,20,정생농협창고,0,0,0,0,0,0,0,0,0,0,0,1,0,5,0,0,0,0,0,0,0,0,0,0,
31,서남부터미널기점 - 서남부터미널종점,21,정생1동,0,0,0,0,0,0,0,0,0,1,0,0,0,0,0,0,0,0,0,0,0,0,0,0,
31,서남부터미널기점 - 서남부터미널종점,22,화곡,0,0,0,0,0,0,0,0,0,1,0,0,0,0,0,0,0,0,0,0,0,0,0,0,
31,서남부터미널기점 - 서남부터미널종점,23,정생2동,0,0,0,0,0,6,0,0,0,0,0,0,0,0,0,0,0,0,0,0,0,0,0,0,
31,서남부터미널기점 - 서남부터미널종점,24,사기정골,0,0,0,0,0,6,0,0,0,0,0,0,0,0,0,0,0,0,0,0,0,0,0,0,
31,서남부터미널기점 - 서남부터미널종점,25,금동이고개,0,0,0,0,0,6,0,0,0,0,0,0,0,0,0,0,0,0,0,0,0,0,0,0,
31,서남부터미널기점 - 서남부터미널종점,26,모랭이,0,0,0,0,0,6,0,0,0,0,0,0,0,0,0,0,0,0,0,0,0,0,0,0,
31,서남부터미널기점 - 서남부터미널종점,27,금동마을,0,0,0,0,0,0,4,0,0,0,0,0,0,0,0,0,0,0,0,0,0,0,0,0,
31,서남부터미널기점 - 서남부터미널종점,28,금동,0,0,0,0,0,0,3,0,0,0,0,0,0,0,0,0,0,0,0,0,0,0,0,0,
31,서남부터미널기점 - 서남부터미널종점,29,장척동,0,0,0,0,0,0,4,0,0,0,0,0,0,0,0,0,0,0,0,0,0,0,0,0,
31,서남부터미널기점 - 서남부터미널종점,30,소호2동,0,0,0,0,0,0,5,0,0,1,0,0,0,0,0,0,0,0,0,0,0,0,0,0,
31,서남부터미널기점 - 서남부터미널종점,31,소호동,0,0,0,0,0,0,4,0,0,0,0,0,0,0,0,0,0,0,0,0,0,0,0,0,
31,서남부터미널기점 - 서남부터미널종점,32,소리.말미,0,0,0,0,0,0,0,0,0,2,0,0,0,0,0,0,0,0,0,0,0,0,0,0,
31,서남부터미널기점 - 서남부터미널종점,33,지푸재,0,0,0,0,0,0,0,0,0,2,0,0,0,0,0,0,0,0,0,0,0,0,0,0,
31,서남부터미널기점 - 서남부터미널종점,34,대별동,0,0,0,0,0,0,3,0,0,4,0,0,0,0,0,0,0,0,0,0,0,0,0,0,
31,서남부터미널기점 - 서남부터미널종점,35,감나무골입구,0,0,0,0,0,0,2,0,0,0,0,0,0,0,0,0,0,0,0,0,0,0,0,0,
31,서남부터미널기점 - 서남부터미널종점,36,토토자연학습원,0,0,0,0,0,0,0,0,0,5,0,0,0,0,0,0,0,0,0,0,0,0,0,0,
31,서남부터미널기점 - 서남부터미널종점,37,이사동입구,0,0,0,0,0,0,3,0,0,0,0,0,0,0,0,0,0,0,0,0,0,0,0,0,
31,서남부터미널기점 - 서남부터미널종점,38,면허시험장,0,0,0,0,0,0,3,0,0,0,0,0,0,0,0,0,0,0,0,0,0,0,0,0,
31,서남부터미널기점 - 서남부터미널종점,39,운전면허시험장,0,0,0,0,0,0,2,0,0,4,0,0,0,0,0,0,0,0,0,0,0,0,0,0,
31,서남부터미널기점 - 서남부터미널종점,40,대성동,0,0,0,0,0,0,2,0,0,4,0,0,0,0,0,0,0,0,0,0,0,0,0,0,
31,서남부터미널기점 - 서남부터미널종점,41,고산사입구,0,0,0,0,0,0,1,0,0,0,0,0,0,0,0,0,0,0,0,0,0,0,0,0,
31,서남부터미널기점 - 서남부터미널종점,42,하늘채2차아파트,0,0,0,0,0,0,0,0,0,3,0,0,0,0,0,0,0,0,0,0,0,0,0,0,
31,서남부터미널기점 - 서남부터미널종점,43,은어송초등학교,0,0,0,0,0,0,2,0,0,0,0,0,0,0,0,0,0,0,0,0,0,0,0,0,
31,서남부터미널기점 - 서남부터미널종점,44,남대전변전소,0,0,0,0,0,0,0,0,0,4,0,0,0,0,0,0,0,0,0,0,0,0,0,0,
31,서남부터미널기점 - 서남부터미널종점,45,가오주공아파트,0,0,0,0,0,0,4,0,0,0,0,0,0,0,0,0,0,0,0,0,0,0,0,0,
31,서남부터미널기점 - 서남부터미널종점,46,가오동,0,0,0,0,0,0,4,0,0,0,0,0,0,0,0,0,0,0,0,0,0,0,0,0,
31,서남부터미널기점 - 서남부터미널종점,47,천동주공아파트,0,0,0,0,0,0,4,0,0,0,0,0,0,0,0,0,0,0,0,0,0,0,0,0,
31,서남부터미널기점 - 서남부터미널종점,48,천동,0,0,0,0,0,0,4,0,0,0,0,0,0,0,0,0,0,0,0,0,0,0,0,0,
31,서남부터미널기점 - 서남부터미널종점,49,천석교,0,0,0,0,0,0,4,0,0,0,0,0,0,0,0,0,0,0,0,0,0,0,0,0,
31,서남부터미널기점 - 서남부터미널종점,50,효동네거리,0,0,0,0,0,0,0,0,0,0,0,0,0,6,0,0,0,0,0,0,0,0,0,0,
31,서남부터미널기점 - 서남부터미널종점,51,인동현대아파트,0,0,0,0,0,0,0,0,0,3,0,0,0,0,0,0,0,0,0,0,0,0,0,0,
31,서남부터미널기점 - 서남부터미널종점,52,신인동주민센터,0,0,0,0,0,0,0,0,0,2,0,0,0,5,0,0,0,0,0,0,0,0,0,0,
31,서남부터미널기점 - 서남부터미널종점,53,중앙시장,0,0,0,0,0,0,3,0,0,0,0,0,0,4,0,0,0,0,0,0,0,0,0,0,
31,서남부터미널기점 - 서남부터미널종점,54,으능정이거리,0,0,0,0,0,0,1,0,0,0,0,0,0,0,0,0,0,0,0,0,0,0,0,0,
31,서남부터미널기점 - 서남부터미널종점,55,대흥동성당,0,0,0,0,0,0,1,0,0,0,0,0,0,0,0,0,0,0,0,0,0,0,0,0,
31,서남부터미널기점 - 서남부터미널종점,56,대흥교,0,0,0,2,0,0,0,0,0,0,0,0,0,0,0,0,0,0,0,0,0,0,0,0,
31,서남부터미널기점 - 서남부터미널종점,57,원동네거리,0,0,0,0,0,0,0,1,0,0,0,0,0,0,0,0,0,0,0,0,0,0,0,0,
31,서남부터미널기점 - 서남부터미널종점,58,인동네거리,0,0,0,0,0,0,0,0,0,0,0,0,0,0,1,0,0,0,0,0,0,0,0,0,
31,서남부터미널기점 - 서남부터미널종점,59,인동현대아파트,0,0,0,0,0,0,0,0,0,0,0,0,0,0,1,0,0,0,0,0,0,0,0,0,
31,서남부터미널기점 - 서남부터미널종점,60,효동네거리,0,0,0,0,0,0,0,0,0,0,0,0,0,0,1,0,0,0,0,0,0,0,0,0,
31,서남부터미널기점 - 서남부터미널종점,61,천석교,0,0,0,0,0,0,0,0,0,0,0,0,0,0,1,0,0,0,0,0,0,0,0,0,
31,서남부터미널기점 - 서남부터미널종점,62,천동,0,0,0,0,0,0,0,2,0,0,0,0,0,0,0,0,0,0,0,0,0,0,0,0,
31,서남부터미널기점 - 서남부터미널종점,63,천동주공아파트,0,0,0,0,0,0,0,2,0,0,0,0,0,0,0,0,0,0,0,0,0,0,0,0,
31,서남부터미널기점 - 서남부터미널종점,64,가오동,0,0,0,0,0,0,0,0,0,0,0,0,0,0,0,0,0,0,0,0,0,0,0,0,
31,서남부터미널기점 - 서남부터미널종점,65,가오주공아파트,0,0,0,0,0,0,0,0,0,0,1,0,0,0,1,0,0,0,0,0,0,0,0,0,
31,서남부터미널기점 - 서남부터미널종점,66,남대전변전소,0,0,0,0,0,0,0,0,0,0,0,0,0,0,0,0,0,0,2,0,0,0,0,0,
31,서남부터미널기점 - 서남부터미널종점,67,은어송초등학교,0,0,0,0,0,0,0,0,0,0,0,0,0,0,0,0,0,0,3,0,0,0,0,0,
31,서남부터미널기점 - 서남부터미널종점,68,은어송하늘채리버뷰,0,0,0,0,0,0,0,0,0,0,0,0,0,0,0,0,0,0,3,0,0,0,0,0,
31,서남부터미널기점 - 서남부터미널종점,69,고산사입구,0,0,0,0,0,0,0,3,0,0,0,0,0,0,0,0,0,0,0,0,0,0,0,0,
31,서남부터미널기점 - 서남부터미널종점,70,운전면허시험장,0,0,0,0,0,0,0,0,0,0,0,0,0,0,0,0,0,0,1,0,0,0,0,0,
31,서남부터미널기점 - 서남부터미널종점,71,면허시험장,0,0,0,3,0,0,0,0,0,0,0,0,0,0,0,0,0,0,0,0,0,0,0,0,
31,서남부터미널기점 - 서남부터미널종점,72,이사동입구,0,0,0,3,0,0,0,0,0,0,0,0,0,0,0,0,0,0,0,0,0,0,0,0,
31,서남부터미널기점 - 서남부터미널종점,73,토토자연학습원,0,0,0,3,0,0,0,0,0,0,0,0,0,0,0,0,0,0,0,0,0,0,0,0,
31,서남부터미널기점 - 서남부터미널종점,74,감나무골입구,0,0,0,3,0,0,0,0,0,0,0,0,0,0,0,0,0,0,0,0,0,0,0,0,
31,서남부터미널기점 - 서남부터미널종점,75,대별동,0,0,0,0,0,0,0,0,0,0,0,0,0,0,0,0,0,0,0,0,0,0,0,0,
31,서남부터미널기점 - 서남부터미널종점,76,지푸재,0,0,0,0,0,0,0,0,0,0,0,0,0,0,0,0,0,0,0,0,0,0,0,0,
31,서남부터미널기점 - 서남부터미널종점,77,소리.말미,0,0,0,0,2,0,0,1,0,0,0,0,0,0,0,0,0,0,0,0,0,0,0,0,
31,서남부터미널기점 - 서남부터미널종점,78,소호동,0,0,0,0,0,0,0,1,0,0,0,0,0,0,0,0,0,0,0,0,0,0,0,0,
31,서남부터미널기점 - 서남부터미널종점,79,소호2동,0,0,0,0,0,0,0,0,0,0,0,0,0,0,0,0,0,0,0,0,0,0,0,0,
31,서남부터미널기점 - 서남부터미널종점,80,장척동,0,0,0,0,0,0,0,0,0,0,0,0,0,0,0,0,0,0,0,0,0,0,0,0,
31,서남부터미널기점 - 서남부터미널종점,81,금동,0,0,0,0,0,0,0,0,0,0,1,0,0,0,0,0,0,0,0,0,0,0,0,0,
31,서남부터미널기점 - 서남부터미널종점,82,금동마을,0,0,0,0,0,0,0,0,0,0,1,0,0,0,0,0,0,0,0,0,0,0,0,0,
31,서남부터미널기점 - 서남부터미널종점,83,모랭이,0,0,0,0,0,0,0,0,0,0,1,0,0,0,0,0,0,0,0,0,0,0,0,0,
31,서남부터미널기점 - 서남부터미널종점,84,금동이고개,0,0,0,0,0,0,0,0,0,0,1,0,0,0,0,0,0,0,0,0,0,0,0,0,
31,서남부터미널기점 - 서남부터미널종점,85,사기정골,0,0,0,0,0,0,0,0,0,0,1,0,0,0,0,0,0,0,0,0,0,0,0,0,
31,서남부터미널기점 - 서남부터미널종점,86,정생2동,0,0,0,0,0,0,0,0,0,0,2,0,0,0,0,0,0,0,0,0,0,0,0,0,
31,서남부터미널기점 - 서남부터미널종점,87,화곡,0,0,0,0,1,0,0,0,0,0,0,0,0,0,0,0,0,0,0,0,0,0,0,0,
31,서남부터미널기점 - 서남부터미널종점,88,정생1동,0,0,0,0,0,0,0,3,0,0,4,0,0,0,0,1,0,0,0,0,0,0,0,0,
31,서남부터미널기점 - 서남부터미널종점,89,정생농협창고,0,0,0,0,0,0,0,3,0,0,4,0,0,0,0,1,0,0,0,0,0,0,0,0,
31,서남부터미널기점 - 서남부터미널종점,90,목달동/송곡가든,0,0,0,0,0,0,0,3,0,0,4,0,0,0,0,1,0,0,0,0,0,0,0,0,
31,서남부터미널기점 - 서남부터미널종점,91,산서초등학교,0,0,0,0,0,0,0,3,0,0,4,0,0,0,0,1,0,0,0,0,0,0,0,0,
31,서남부터미널기점 - 서남부터미널종점,92,목달동/송곡가든,0,0,0,0,0,0,0,3,0,0,4,0,0,0,0,1,0,0,0,0,0,0,0,0,
31,서남부터미널기점 - 서남부터미널종점,93,목달동,0,0,0,0,0,0,0,3,0,0,4,0,0,0,0,1,0,0,0,0,0,0,0,0,
31,서남부터미널기점 - 서남부터미널종점,94,중구체육복지센터,0,0,0,0,0,0,0,4,0,0,0,0,0,0,0,0,0,0,0,0,0,0,0,0,
31,서남부터미널기점 - 서남부터미널종점,95,침산동입구,0,0,0,0,0,0,0,4,0,0,0,0,0,0,0,0,0,0,0,0,0,0,0,0,
31,서남부터미널기점 - 서남부터미널종점,96,보문산교통광장,0,0,0,0,0,0,0,4,0,0,0,0,0,0,0,0,0,0,0,0,0,0,0,0,
31,서남부터미널기점 - 서남부터미널종점,97,오월드회전교차로,0,0,0,0,0,0,0,2,0,0,0,0,0,0,0,0,0,0,0,0,0,0,0,0,
31,서남부터미널기점 - 서남부터미널종점,98,상당,0,0,0,0,0,0,0,2,0,0,0,0,0,0,0,0,0,0,0,0,0,0,0,0,
31,서남부터미널기점 - 서남부터미널종점,99,산성어린이도서관,0,0,0,0,0,0,0,2,0,0,0,0,0,0,0,0,0,0,0,0,0,0,0,0,
31,서남부터미널기점 - 서남부터미널종점,100,사정동,0,0,0,0,0,0,0,0,0,0,0,3,0,0,0,0,0,0,0,0,0,0,0,0,
31,서남부터미널기점 - 서남부터미널종점,101,산성초등학교,0,0,0,0,0,0,0,0,0,0,0,3,0,0,0,0,0,0,0,0,0,0,0,0,
31,서남부터미널기점 - 서남부터미널종점,102,산성네거리,0,0,0,0,0,0,0,1,0,0,0,0,0,0,0,0,0,0,0,0,0,0,0,0,
31,서남부터미널기점 - 서남부터미널종점,103,산성시장,0,0,0,0,0,0,0,0,0,0,0,0,0,0,0,0,0,0,0,0,0,0,0,0,
31,서남부터미널기점 - 서남부터미널종점,104,서남부터미널종점,0,0,0,0,0,0,0,0,0,0,0,0,0,0,0,0,0,0,0,0,0,0,0,0,
311,신대차고지 - 신대차고지,1,신대차고지,0,0,0,0,0,0,0,3,0,0,0,0,0,0,1,0,0,0,0,0,0,0,0,0,
311,신대차고지 - 신대차고지,2,들말,0,0,0,0,0,0,0,0,0,0,0,0,0,1,0,0,0,0,0,0,0,0,0,0,
311,신대차고지 - 신대차고지,3,신대아파트/한국수자원공사,0,0,1,3,4,5,4,5,2,5,4,5,9,3,5,1,4,2,1,0,0,0,0,0,
311,신대차고지 - 신대차고지,4,와동초등학교,0,1,0,1,5,4,5,3,3,4,2,5,5,3,7,2,0,0,0,0,0,0,0,0,
311,신대차고지 - 신대차고지,5,성우동산,0,0,0,0,3,3,2,0,0,8,0,0,0,0,0,0,0,1,0,0,0,0,0,0,
311,신대차고지 - 신대차고지,6,대한통운종점,0,0,0,2,0,4,0,0,0,6,2,0,6,4,0,3,0,0,0,0,0,0,0,0,
311,신대차고지 - 신대차고지,7,읍내동현대아파트,0,1,2,4,6,4,7,7,5,9,2,6,7,5,7,5,5,2,3,0,0,0,0,0,
311,신대차고지 - 신대차고지,8,대전지방국세청,0,0,2,4,9,7,8,11,7,8,7,8,11,6,11,4,7,2,0,0,0,0,0,0,
311,신대차고지 - 신대차고지,9,보람아파트,0,3,4,5,7,10,12,14,8,8,11,9,12,7,13,6,4,2,2,0,0,0,0,0,
311,신대차고지 - 신대차고지,10,그린아파트,0,4,5,7,11,10,13,13,9,8,10,7,10,10,15,7,6,3,0,0,0,0,0,0,
311,신대차고지 - 신대차고지,11,선비마을입구,0,0,3,6,9,12,13,14,10,8,10,9,11,8,11,9,7,4,5,0,0,0,0,0,
311,신대차고지 - 신대차고지,12,동춘당,0,3,4,8,9,12,13,11,15,13,15,12,12,11,10,11,13,5,6,0,0,0,0,0,
311,신대차고지 - 신대차고지,13,송촌고등학교,0,0,4,8,8,8,14,12,17,11,14,14,14,12,9,10,10,13,9,0,0,0,0,0,
311,신대차고지 - 신대차고지,14,금성백조아파트,0,0,4,7,5,12,16,15,14,11,12,14,14,11,8,8,9,11,8,0,0,0,0,0,
311,신대차고지 - 신대차고지,15,길치근린공원,0,0,6,5,7,13,12,16,13,9,12,14,11,6,7,9,4,9,7,0,0,0,0,0,
311,신대차고지 - 신대차고지,16,명석고등학교,0,0,7,7,9,16,16,18,15,11,13,16,19,10,9,8,6,8,5,0,0,0,0,0,
311,신대차고지 - 신대차고지,17,한국폴리텍대학,0,2,10,6,6,17,15,19,16,11,14,17,21,9,9,10,7,5,6,0,0,0,0,0,
311,신대차고지 - 신대차고지,18,대전보건대학교,0,4,11,8,10,21,16,23,17,15,15,17,20,13,12,12,6,3,9,0,0,0,0,0,
311,신대차고지 - 신대차고지,19,우암사적공원,0,0,12,9,11,22,15,21,17,17,17,18,19,15,13,10,13,6,3,0,0,0,0,0,
311,신대차고지 - 신대차고지,20,동아마이스터고,0,6,15,9,12,22,18,25,19,18,19,22,16,17,16,5,14,7,0,0,0,0,0,0,
311,신대차고지 - 신대차고지,21,대주파크빌,0,8,16,13,17,24,17,26,20,22,24,23,17,15,16,13,13,6,5,0,0,0,0,0,
311,신대차고지 - 신대차고지,22,자양동,0,0,17,15,19,34,19,29,23,24,28,25,23,18,16,10,12,6,8,0,0,0,0,0,
311,신대차고지 - 신대차고지,23,우송대학교서캠퍼스,0,0,18,17,22,36,21,35,27,25,34,28,29,21,18,9,11,9,6,0,0,0,0,0,
311,신대차고지 - 신대차고지,24,우송고등학교,0,0,19,19,24,36,22,38,31,29,38,27,31,24,19,14,12,9,8,0,0,0,0,0,
311,신대차고지 - 신대차고지,25,자양초등학교,0,0,14,18,20,28,22,36,30,31,33,24,34,20,11,12,10,10,5,0,0,0,0,0,
311,신대차고지 - 신대차고지,26,대동역3번출구,0,0,15,16,22,25,23,34,31,27,31,20,33,20,16,11,11,9,2,0,0,0,0,0,
311,신대차고지 - 신대차고지,27,대전화병원,0,0,14,9,20,14,24,31,32,28,25,19,31,20,15,14,11,8,0,0,0,0,0,0,
311,신대차고지 - 신대차고지,28,원동네거리,0,0,11,15,17,20,23,26,26,26,27,18,24,20,14,12,12,7,2,0,0,0,0,0,
311,신대차고지 - 신대차고지,29,대전역/역전시장,0,0,8,14,16,16,15,19,21,25,19,24,30,20,15,14,13,10,6,2,0,0,0,0,
311,신대차고지 - 신대차고지,30,목척교,0,0,7,14,15,10,22,17,16,19,18,24,22,22,17,14,18,12,9,4,0,0,0,0,
311,신대차고지 - 신대차고지,31,중앙로역6번출구,0,0,8,8,15,9,16,16,14,18,22,25,26,17,20,13,18,17,13,5,0,0,0,0,
311,신대차고지 - 신대차고지,32,대고오거리,0,0,3,7,15,8,4,8,16,18,25,23,24,16,18,14,9,19,6,4,0,0,0,0,
311,신대차고지 - 신대차고지,33,성모병원,0,0,7,8,16,10,17,9,16,18,23,19,20,19,19,14,16,18,14,0,0,0,0,0,
311,신대차고지 - 신대차고지,34,대전충남병무청,0,0,2,6,14,9,18,18,13,19,23,21,26,19,20,18,15,16,16,5,0,0,0,0,
311,신대차고지 - 신대차고지,35,서대전네거리역3번출구,0,0,0,8,15,9,13,19,13,22,24,28,31,26,19,25,19,21,16,10,0,0,0,0,
311,신대차고지 - 신대차고지,36,문화동삼익아파트,0,0,1,7,13,12,13,18,14,22,20,27,28,25,20,26,21,23,17,10,0,0,0,0,
311,신대차고지 - 신대차고지,37,센트럴파크1단지,0,0,0,4,13,7,12,17,15,20,19,27,27,26,18,22,22,11,16,8,0,0,0,0,
311,신대차고지 - 신대차고지,38,동산중고등학교,0,0,0,7,11,11,12,14,16,18,23,26,19,26,17,22,23,24,9,0,0,0,0,0,
311,신대차고지 - 신대차고지,39,문화동.주공3단지후문,0,0,0,7,10,12,11,13,14,14,16,23,16,19,12,19,16,19,12,6,0,0,0,0,
311,신대차고지 - 신대차고지,40,천근오거리,0,0,0,5,13,12,10,12,14,12,13,23,14,18,10,15,14,15,9,5,0,0,0,0,
311,신대차고지 - 신대차고지,41,한밭도서관,0,0,2,8,15,12,10,9,13,10,17,24,12,18,13,5,9,3,8,4,0,0,0,0,
311,신대차고지 - 신대차고지,42,문화2동,0,0,0,9,4,11,9,14,11,8,10,24,11,17,10,14,6,0,2,0,0,0,0,0,
311,신대차고지 - 신대차고지,43,대문초등학교입구,0,0,1,2,14,12,11,12,10,7,16,18,9,16,12,12,8,11,7,4,0,0,0,0,
311,신대차고지 - 신대차고지,44,보성초등학교,0,0,2,8,12,10,13,9,8,11,13,17,6,12,10,9,6,7,6,2,0,0,0,0,
311,신대차고지 - 신대차고지,45,산성시장,0,0,0,6,11,7,11,10,6,9,10,13,9,11,8,4,4,5,5,0,0,0,0,0,
311,신대차고지 - 신대차고지,46,산성네거리,0,0,0,4,7,7,10,6,4,7,9,4,4,7,2,7,3,2,2,1,0,0,0,0,
311,신대차고지 - 신대차고지,47,산성초등학교,0,0,0,3,6,3,5,8,3,1,6,3,1,6,1,5,1,0,2,0,0,0,0,0,
311,신대차고지 - 신대차고지,48,사정동,0,0,0,1,6,4,0,7,2,5,5,4,1,3,0,1,2,0,0,0,0,0,0,0,
311,신대차고지 - 신대차고지,49,산성어린이도서관,0,0,0,1,2,3,9,1,0,1,2,0,0,0,0,0,0,0,0,0,0,0,0,0,
311,신대차고지 - 신대차고지,50,상당,0,0,0,2,0,1,0,0,0,0,0,0,0,0,0,0,0,0,0,0,0,0,0,0,
311,신대차고지 - 신대차고지,51,오월드회전교차로,0,0,0,0,0,2,0,1,1,0,0,2,0,0,0,0,0,0,0,0,0,0,0,0,
311,신대차고지 - 신대차고지,52,오월드,0,0,0,0,1,0,3,0,0,0,1,0,0,0,0,0,0,0,0,0,0,0,0,0,
311,신대차고지 - 신대차고지,53,윗사정삼거리,0,0,0,0,0,0,0,0,0,0,0,0,0,0,0,0,0,0,0,0,0,0,0,0,
311,신대차고지 - 신대차고지,54,오월드기점지,0,0,0,0,0,0,0,0,0,0,0,0,0,0,0,0,0,0,0,0,0,0,0,0,
311,신대차고지 - 신대차고지,55,윗사정삼거리,0,0,0,0,0,0,0,0,0,0,0,0,0,0,0,0,0,0,0,0,0,0,0,0,
311,신대차고지 - 신대차고지,56,윗사정삼거리,0,0,0,0,0,2,4,3,3,2,1,4,0,1,1,0,0,0,0,0,0,0,0,0,
311,신대차고지 - 신대차고지,57,오월드,0,0,0,1,0,0,0,0,2,3,3,8,2,11,7,3,3,2,6,0,0,0,0,0,
311,신대차고지 - 신대차고지,58,오월드회전교차로,0,0,0,0,0,0,0,1,0,5,0,0,0,0,1,0,0,0,0,0,0,0,0,0,
311,신대차고지 - 신대차고지,59,상당,0,0,0,2,1,5,0,3,0,3,0,0,3,0,0,0,0,0,0,0,0,0,0,0,
311,신대차고지 - 신대차고지,60,산성어린이도서관,0,1,2,3,2,1,1,2,3,6,4,9,1,1,12,4,4,1,1,0,0,0,0,0,
311,신대차고지 - 신대차고지,61,사정동,0,0,3,4,3,3,7,6,9,9,7,12,5,6,8,6,5,3,6,0,0,0,0,0,
311,신대차고지 - 신대차고지,62,산성초등학교,0,0,4,6,5,3,6,8,11,10,8,11,6,5,13,8,0,4,0,0,0,0,0,0,
311,신대차고지 - 신대차고지,63,산성네거리,0,0,5,7,6,5,8,9,17,15,11,15,8,8,15,13,9,5,8,0,0,0,0,0,
311,신대차고지 - 신대차고지,64,산성시장,0,0,6,8,7,6,11,10,9,17,12,12,9,8,14,6,5,3,0,0,0,0,0,0,
311,신대차고지 - 신대차고지,65,탑골입구,0,5,3,9,6,7,13,12,15,18,10,17,12,9,14,12,2,2,3,0,0,0,0,0,
311,신대차고지 - 신대차고지,66,대문초등학교입구,0,0,7,11,7,9,14,13,15,18,12,18,11,9,15,13,14,3,7,0,0,0,0,0,
311,신대차고지 - 신대차고지,67,문화2동,0,0,8,9,10,11,13,15,6,19,12,5,8,8,0,5,0,0,6,0,0,0,0,0,
311,신대차고지 - 신대차고지,68,한밭도서관,0,7,10,12,10,5,12,16,17,18,15,16,17,10,16,4,10,4,1,0,0,0,0,0,
311,신대차고지 - 신대차고지,69,천근오거리,0,11,15,12,10,9,17,19,18,21,17,12,11,7,17,6,3,4,1,0,0,0,0,0,
311,신대차고지 - 신대차고지,70,문화주공삼거리,0,14,17,13,15,13,19,25,22,23,18,18,21,13,20,9,7,5,0,0,0,0,0,0,
311,신대차고지 - 신대차고지,71,충남기계공고,0,0,19,12,0,12,17,15,18,17,19,19,22,13,7,0,9,1,0,0,0,0,0,0,
311,신대차고지 - 신대차고지,72,동산중고등학교,0,0,15,14,17,13,21,25,21,24,20,21,11,11,21,9,11,4,1,0,0,0,0,0,
311,신대차고지 - 신대차고지,73,센트럴파크1단지,0,0,14,16,13,16,24,23,21,25,26,23,22,13,10,10,13,3,0,0,0,0,0,0,
311,신대차고지 - 신대차고지,74,서대전역네거리,0,0,18,15,16,14,28,21,18,24,27,21,26,16,18,11,10,9,5,0,0,0,0,0,
311,신대차고지 - 신대차고지,75,서대전네거리역2번출구,0,0,17,13,14,13,25,20,17,24,24,22,29,17,19,11,13,10,6,0,0,0,0,0,
311,신대차고지 - 신대차고지,76,대전충남병무청,0,0,17,13,12,13,18,18,13,23,25,23,12,17,19,12,9,12,10,0,0,0,0,0,
311,신대차고지 - 신대차고지,77,성모병원,0,0,16,15,13,12,7,18,14,22,22,22,14,16,18,9,10,4,8,0,0,0,0,0,
311,신대차고지 - 신대차고지,78,대고오거리,0,0,17,6,12,11,17,17,18,25,28,13,28,16,17,11,13,11,4,0,0,0,0,0,
311,신대차고지 - 신대차고지,79,중구청,0,0,12,5,11,13,18,19,17,23,26,13,20,17,15,12,14,15,7,0,0,0,0,0,
311,신대차고지 - 신대차고지,80,중앙로역1번출구,0,0,10,16,11,10,13,20,16,19,23,18,23,26,22,19,27,40,16,0,0,0,0,0,
311,신대차고지 - 신대차고지,81,대전역,0,0,6,8,8,6,11,19,12,18,22,16,19,24,23,21,27,39,30,0,0,0,0,0,
311,신대차고지 - 신대차고지,82,중앙시장,0,0,8,7,9,6,14,22,14,17,26,34,27,31,26,23,28,41,33,0,0,0,0,0,
311,신대차고지 - 신대차고지,83,이스트시티아파트,0,0,7,8,8,5,8,21,14,12,24,33,25,21,27,15,27,38,23,0,0,0,0,0,
311,신대차고지 - 신대차고지,84,대동역2번출구,0,0,8,4,11,7,13,15,15,18,23,32,26,30,28,18,29,22,27,0,0,0,0,0,
311,신대차고지 - 신대차고지,85,대동역7번출구,0,0,8,6,14,7,12,15,20,15,26,32,26,32,29,24,28,26,33,0,0,0,0,0,
311,신대차고지 - 신대차고지,86,우송고등학교,0,0,9,7,13,7,13,13,18,19,25,27,25,26,26,17,24,29,31,0,0,0,0,0,
311,신대차고지 - 신대차고지,87,우송대삼거리,0,0,8,8,13,9,9,13,19,18,23,22,25,24,24,15,20,26,29,5,0,0,0,0,
311,신대차고지 - 신대차고지,88,우송어학센터,0,0,9,7,13,10,11,13,18,17,18,24,24,22,20,15,18,20,21,6,0,0,0,0,
311,신대차고지 - 신대차고지,89,대주파크빌,0,0,2,4,12,11,7,12,17,16,17,19,17,19,17,11,19,17,19,0,0,0,0,0,
311,신대차고지 - 신대차고지,90,동아마이스터고,0,0,7,5,11,11,10,9,17,15,15,18,21,18,15,12,14,16,18,7,0,0,0,0,
311,신대차고지 - 신대차고지,91,우암사적공원,0,0,7,4,10,9,11,8,14,13,13,16,19,19,14,9,10,15,19,0,0,0,0,0,
311,신대차고지 - 신대차고지,92,대전보건대학교,0,0,6,4,10,12,9,7,11,13,12,13,17,18,11,9,10,8,12,5,0,0,0,0,
311,신대차고지 - 신대차고지,93,한국폴리텍대학,0,0,1,3,9,10,7,8,14,14,11,11,23,17,10,9,10,9,7,4,0,0,0,0,
311,신대차고지 - 신대차고지,94,명석고등학교,0,0,0,5,10,11,5,7,12,14,9,9,22,18,10,9,8,7,10,3,0,0,0,0,
311,신대차고지 - 신대차고지,95,길치근린공원,0,0,0,7,10,10,6,5,9,13,10,8,21,16,13,6,4,7,9,0,0,0,0,0,
311,신대차고지 - 신대차고지,96,금성백조아파트,0,0,0,6,10,11,7,4,13,12,8,11,22,16,11,10,7,7,8,5,0,0,0,0,
311,신대차고지 - 신대차고지,97,송촌고등학교,0,0,5,4,11,9,10,6,15,12,13,12,16,14,9,9,8,6,8,4,0,0,0,0,
311,신대차고지 - 신대차고지,98,동춘당,0,0,3,5,11,7,9,4,14,12,11,12,15,11,11,5,11,7,11,1,0,0,0,0,
311,신대차고지 - 신대차고지,99,선비마을입구,0,0,0,4,6,7,7,3,10,9,10,12,11,5,7,6,7,7,0,0,0,0,0,0,
311,신대차고지 - 신대차고지,100,소월아파트,0,0,0,3,8,6,7,5,9,6,9,10,13,9,9,2,4,3,10,2,0,0,0,0,
311,신대차고지 - 신대차고지,101,한마음아파트,0,0,0,4,3,7,7,5,5,5,6,11,11,3,7,3,6,5,6,0,0,0,0,0,
311,신대차고지 - 신대차고지,102,대덕소방서,0,0,3,3,6,7,4,4,5,2,4,9,9,5,5,3,5,2,5,1,0,0,0,0,
311,신대차고지 - 신대차고지,103,제월당,0,0,4,2,5,8,1,3,3,4,3,5,7,4,2,1,3,1,0,1,0,0,0,0,
311,신대차고지 - 신대차고지,104,정수장,0,0,0,1,0,4,0,0,1,1,3,7,6,0,0,2,0,0,0,0,0,0,0,0,
311,신대차고지 - 신대차고지,105,대덕구장애인복지관,0,0,0,1,0,0,0,0,2,4,0,0,0,4,0,0,0,0,0,0,0,0,0,0,
311,신대차고지 - 신대차고지,106,성우동산,0,0,0,0,4,0,0,0,1,0,0,0,0,3,0,0,0,0,0,0,0,0,0,0,
311,신대차고지 - 신대차고지,107,연축아파트/한국수자원공사,0,0,0,0,3,3,2,2,1,2,3,5,3,3,1,0,4,3,4,0,0,0,0,0,
311,신대차고지 - 신대차고지,108,와동현대아파트,0,0,1,0,1,2,0,0,0,0,0,0,0,0,1,0,0,1,0,0,0,0,0,0,
311,신대차고지 - 신대차고지,109,들말,0,0,0,0,0,0,0,0,0,0,0,0,0,0,0,0,0,0,0,0,0,0,0,0,
311,신대차고지 - 신대차고지,110,신대차고지,0,0,0,0,0,0,0,0,0,0,0,0,0,0,0,0,0,0,0,0,0,0,0,0,
312,목원대학교 - 목원대학교,1,목원대학교,0,2,0,5,1,7,2,0,1,1,0,3,4,4,3,2,3,1,3,0,0,0,0,0,
312,목원대학교 - 목원대학교,2,흥도초등학교,0,0,0,0,0,8,0,0,1,0,0,0,0,2,0,0,0,0,0,0,0,0,0,0,
312,목원대학교 - 목원대학교,3,도안고등학교,0,0,0,1,3,2,0,5,0,1,4,0,6,5,1,3,2,2,0,0,0,0,0,0,
312,목원대학교 - 목원대학교,4,상대네거리,0,0,0,2,2,0,1,6,2,0,0,0,0,0,2,1,0,0,0,0,0,0,0,0,
312,목원대학교 - 목원대학교,5,트리풀시티9단지,0,0,0,0,6,10,0,3,3,0,3,0,1,0,0,0,0,0,4,0,0,0,0,0,
312,목원대학교 - 목원대학교,6,도안센트럴시티,0,0,0,0,5,0,0,0,2,0,0,0,5,0,0,0,0,0,0,0,0,0,0,0,
312,목원대학교 - 목원대학교,7,진터네거리,0,0,0,3,6,11,2,5,4,2,4,6,2,4,1,0,4,0,0,0,0,0,0,0,
312,목원대학교 - 목원대학교,8,유성고등학교,0,0,1,0,7,9,3,5,5,6,5,7,7,7,4,1,6,1,0,0,0,0,0,0,
312,목원대학교 - 목원대학교,9,유성생명과학고등학교,0,0,1,1,0,2,6,4,7,0,0,0,3,9,5,2,3,0,0,0,0,0,0,0,
312,목원대학교 - 목원대학교,10,구암동,0,0,0,2,8,8,0,5,0,9,0,0,0,0,3,2,8,0,0,0,0,0,0,0,
312,목원대학교 - 목원대학교,11,정보통신공사협회,0,0,0,2,9,0,0,4,9,5,0,5,0,8,4,4,0,0,0,0,0,0,0,0,
312,목원대학교 - 목원대학교,12,유성시외버스정류소,0,0,1,2,4,3,8,4,11,8,6,2,5,7,1,6,11,4,2,0,0,0,0,0,
312,목원대학교 - 목원대학교,13,봉명네거리,0,0,0,1,6,4,7,4,12,12,9,4,1,8,2,6,10,0,2,0,0,0,0,0,
312,목원대학교 - 목원대학교,14,봉명동우체국,0,0,0,2,8,5,8,0,11,15,10,10,2,7,1,8,12,5,5,0,0,0,0,0,
312,목원대학교 - 목원대학교,15,유성온천역4번출구,0,0,0,3,4,4,10,3,10,6,14,9,3,8,3,0,9,7,3,0,0,0,0,0,
312,목원대학교 - 목원대학교,16,만년교,0,0,0,4,6,0,11,5,9,12,18,18,13,14,8,9,11,14,8,0,0,0,0,0,
312,목원대학교 - 목원대학교,17,대전교통공사,0,0,0,0,5,0,0,12,11,9,10,17,0,10,10,10,12,16,11,0,0,0,0,0,
312,목원대학교 - 목원대학교,18,대전일보사,0,0,1,0,11,0,7,13,13,11,19,18,15,15,12,10,11,15,8,0,0,0,0,0,
312,목원대학교 - 목원대학교,19,갈마네거리,0,0,2,3,13,6,7,14,15,14,20,20,18,16,9,8,12,20,14,0,0,0,0,0,
312,목원대학교 - 목원대학교,20,갈마중학교입구,0,0,0,4,13,0,5,6,14,12,11,19,20,17,12,11,11,21,15,0,0,0,0,0,
312,목원대학교 - 목원대학교,21,상수도사업본부,0,0,1,3,14,0,6,12,13,0,20,17,21,18,0,14,13,12,15,0,0,0,0,0,
312,목원대학교 - 목원대학교,22,갈마도서관,0,0,0,0,1,7,10,12,13,15,20,18,20,17,13,0,10,21,16,0,0,0,0,0,
312,목원대학교 - 목원대학교,23,대전외국어고/롯데아파트,0,0,3,0,15,9,9,11,14,17,22,16,18,16,11,13,9,18,5,0,0,0,0,0,
312,목원대학교 - 목원대학교,24,서우아파트1단지,0,0,2,4,14,10,8,0,12,6,21,13,17,14,10,8,10,9,7,6,0,0,0,0,
312,목원대학교 - 목원대학교,25,내동중학교,0,0,4,0,4,6,2,10,16,18,0,0,10,14,0,0,11,8,0,5,0,0,0,0,
312,목원대학교 - 목원대학교,26,목운주택입구,0,0,5,0,12,8,0,11,15,17,23,13,16,14,9,12,9,0,6,0,0,0,0,0,
312,목원대학교 - 목원대학교,27,대아아파트,0,0,3,5,12,7,8,16,14,15,21,14,15,10,10,7,8,7,15,0,0,0,0,0,
312,목원대학교 - 목원대학교,28,배재대학교,0,0,4,5,7,5,9,15,15,17,12,11,10,8,10,5,5,9,5,3,0,0,0,0,
312,목원대학교 - 목원대학교,29,도마중학교,0,0,2,0,8,8,6,16,19,15,11,6,8,10,0,0,3,7,0,1,0,0,0,0,
312,목원대학교 - 목원대학교,30,구농도원네거리,0,0,3,6,9,9,9,16,20,17,11,9,6,8,6,3,6,7,4,0,0,0,0,0,
312,목원대학교 - 목원대학교,31,도마1동행정복지센터,0,0,3,5,7,8,11,10,19,22,10,11,9,9,7,0,8,7,4,0,0,0,0,0,
312,목원대학교 - 목원대학교,32,도마네거리,0,0,3,4,7,7,13,12,17,22,13,7,10,7,8,5,9,8,4,0,0,0,0,0,
312,목원대학교 - 목원대학교,33,효성타운아파트,0,0,0,5,6,8,13,5,17,20,12,0,6,9,8,0,7,6,3,0,0,0,0,0,
312,목원대학교 - 목원대학교,34,머티네거리,0,0,3,4,5,6,13,0,11,19,9,5,8,8,6,7,6,3,2,0,0,0,0,0,
312,목원대학교 - 목원대학교,35,산성동행정복지센터,0,0,3,3,3,5,17,12,18,17,6,6,8,8,3,4,4,5,5,0,0,0,0,0,
312,목원대학교 - 목원대학교,36,한밭가든아파트,0,0,0,0,0,2,16,0,18,15,7,6,7,9,4,4,3,0,4,0,0,0,0,0,
312,목원대학교 - 목원대학교,37,신계초등학교,0,0,0,0,0,1,0,15,17,16,6,5,6,8,0,3,2,2,3,2,0,0,0,0,
312,목원대학교 - 목원대학교,38,초록마을네거리,0,0,0,2,2,2,14,12,4,13,3,2,4,3,2,2,4,1,2,0,0,0,0,0,
312,목원대학교 - 목원대학교,39,복수동사정교,0,0,2,0,0,3,1,12,3,11,9,4,0,1,0,0,3,0,1,0,0,0,0,0,
312,목원대학교 - 목원대학교,40,사정교,0,0,0,0,5,0,12,11,0,6,8,1,3,0,0,0,0,0,0,0,0,0,0,0,
312,목원대학교 - 목원대학교,41,우남스타원아파트,0,0,0,0,1,0,0,8,3,5,8,2,0,0,0,0,1,0,0,0,0,0,0,0,
312,목원대학교 - 목원대학교,42,농산물유통센터,0,0,0,1,2,0,9,6,2,0,6,2,1,0,0,1,0,0,0,0,0,0,0,0,
312,목원대학교 - 목원대학교,43,효문화마을입구,0,0,0,0,0,0,7,0,0,0,4,0,0,0,0,0,0,0,0,0,0,0,0,0,
312,목원대학교 - 목원대학교,44,한국효문화진흥원,0,0,1,0,0,0,5,3,0,3,2,0,0,0,0,0,0,0,0,0,0,0,0,0,
312,목원대학교 - 목원대학교,45,효문화마을/뿌리공원,0,0,0,0,1,0,3,0,0,0,1,0,0,0,0,0,0,0,0,0,0,0,0,0,
312,목원대학교 - 목원대학교,46,한국효문화진흥원,0,0,0,0,0,0,1,1,0,9,3,7,4,0,1,0,0,0,0,0,0,0,0,0,
312,목원대학교 - 목원대학교,47,뿌리공원,0,0,0,0,0,0,0,0,0,0,4,8,2,0,0,2,0,0,0,0,0,0,0,0,
312,목원대학교 - 목원대학교,48,효문화마을입구,0,1,0,2,1,2,2,0,3,10,4,9,5,0,2,0,0,0,0,0,0,0,0,0,
312,목원대학교 - 목원대학교,49,농산물유통센터,0,0,0,0,3,2,0,2,4,13,9,11,0,4,4,3,2,1,0,0,0,0,0,0,
312,목원대학교 - 목원대학교,50,우남스타원아파트,0,0,0,0,3,4,4,0,5,0,10,10,6,0,5,0,0,2,0,0,0,0,0,0,
312,목원대학교 - 목원대학교,51,사정교,0,2,1,1,2,4,6,0,0,14,11,0,5,3,5,3,0,0,0,0,0,0,0,0,
312,목원대학교 - 목원대학교,52,복수동사정교,0,0,1,3,3,5,1,0,4,17,10,12,7,4,6,0,1,3,2,0,0,0,0,0,
312,목원대학교 - 목원대학교,53,초록마을3단지,0,3,0,4,5,8,8,3,8,21,9,17,10,3,9,5,3,4,1,0,0,0,0,0,
312,목원대학교 - 목원대학교,54,신계초등학교,0,0,0,5,0,2,9,4,9,19,10,16,9,5,8,6,0,5,0,0,0,0,0,0,
312,목원대학교 - 목원대학교,55,초록마을1단지,0,0,2,0,2,9,8,5,9,20,9,0,0,0,0,0,0,0,0,0,0,0,0,0,
312,목원대학교 - 목원대학교,56,한밭가든아파트,0,4,0,0,0,11,9,3,7,24,12,0,3,2,9,5,2,6,0,0,0,0,0,0,
312,목원대학교 - 목원대학교,57,산성시장,0,5,6,6,5,13,17,11,16,25,14,14,10,6,12,5,5,5,3,0,0,0,0,0,
312,목원대학교 - 목원대학교,58,도마e편한세상아파트,0,0,7,7,7,15,22,12,17,23,15,13,10,8,11,5,2,4,6,0,0,0,0,0,
312,목원대학교 - 목원대학교,59,도마1동행정복지센터,0,0,6,8,8,16,18,8,20,23,13,16,9,8,10,6,10,3,6,0,0,0,0,0,
312,목원대학교 - 목원대학교,60,구농도원네거리,0,0,3,0,0,7,18,9,20,25,16,15,0,10,7,5,11,4,5,0,0,0,0,0,
312,목원대학교 - 목원대학교,61,용화5길입구,0,0,0,7,10,10,12,9,16,23,18,14,10,12,8,5,0,0,0,0,0,0,0,0,
312,목원대학교 - 목원대학교,62,도마중학교,0,0,0,8,0,0,0,10,8,22,19,14,10,13,9,4,12,3,3,0,0,0,0,0,
312,목원대학교 - 목원대학교,63,경남아파트,0,0,4,11,9,9,17,12,21,21,18,13,13,10,6,5,11,3,3,0,0,0,0,0,
312,목원대학교 - 목원대학교,64,배재대학교,0,0,7,13,15,13,19,14,23,31,32,15,14,13,8,8,11,3,2,0,0,0,0,0,
312,목원대학교 - 목원대학교,65,목운주택입구,0,0,10,14,8,5,19,6,21,0,30,11,15,0,11,4,11,0,1,0,0,0,0,0,
312,목원대학교 - 목원대학교,66,내동중학교,0,0,11,0,13,12,19,13,22,19,28,16,9,12,10,0,2,3,2,0,0,0,0,0,
312,목원대학교 - 목원대학교,67,코오롱아파트,0,0,9,7,15,16,21,12,24,24,27,17,15,7,10,0,9,0,3,0,0,0,0,0,
312,목원대학교 - 목원대학교,68,대전외국어고/롯데아파트,0,0,8,8,13,16,23,25,19,21,24,9,16,12,9,6,9,0,0,0,0,0,0,0,
312,목원대학교 - 목원대학교,69,갈마아파트2단지,0,0,4,8,17,21,22,25,18,17,26,16,19,15,5,7,8,4,5,0,0,0,0,0,
312,목원대학교 - 목원대학교,70,한마음동산,0,0,9,0,15,23,9,27,0,17,22,16,12,15,0,6,0,0,0,0,0,0,0,0,
312,목원대학교 - 목원대학교,71,상수도사업본부,0,0,5,7,15,22,23,10,11,18,25,17,19,12,0,7,3,4,0,0,0,0,0,0,
312,목원대학교 - 목원대학교,72,갈마중학교입구,0,0,0,7,16,17,23,26,16,18,20,19,20,10,3,3,7,5,4,0,0,0,0,0,
312,목원대학교 - 목원대학교,73,갈마네거리,0,0,8,8,14,18,18,27,9,16,26,16,16,10,0,4,7,6,5,0,0,0,0,0,
312,목원대학교 - 목원대학교,74,대전일보사,0,0,4,0,13,9,17,26,14,16,25,16,15,9,5,5,5,5,0,1,0,0,0,0,
312,목원대학교 - 목원대학교,75,월평삼거리,0,0,5,9,13,17,16,0,0,17,0,17,0,0,0,0,4,0,0,2,0,0,0,0,
312,목원대학교 - 목원대학교,76,대전교통공사,0,0,4,7,12,15,13,24,13,13,22,11,13,0,0,4,0,0,0,0,0,0,0,0,
312,목원대학교 - 목원대학교,77,만년교,0,0,2,6,10,10,7,12,10,12,16,13,9,10,8,4,6,3,3,1,0,0,0,0,
312,목원대학교 - 목원대학교,78,유성온천역5번출구,0,0,2,4,6,8,10,8,9,11,14,8,7,11,6,3,4,2,1,0,0,0,0,0,
312,목원대학교 - 목원대학교,79,봉명네거리,0,0,0,3,2,5,9,7,10,6,9,8,7,9,7,4,4,0,2,0,0,0,0,0,
312,목원대학교 - 목원대학교,80,유성시외버스정류소,0,0,0,1,3,4,6,8,5,9,10,14,13,12,11,11,10,8,9,1,0,0,0,0,
312,목원대학교 - 목원대학교,81,유성구보건소,0,0,0,2,1,0,0,0,6,7,11,0,13,6,10,10,0,0,0,0,0,0,0,0,
312,목원대학교 - 목원대학교,82,구암동,0,0,0,1,2,0,5,7,9,4,2,0,9,10,0,10,0,0,8,0,0,0,0,0,
312,목원대학교 - 목원대학교,83,유성생명과학고등학교,0,0,1,0,0,5,3,5,4,8,9,11,12,5,9,9,0,0,0,0,0,0,0,0,
312,목원대학교 - 목원대학교,84,대전예술고등학교,0,0,1,0,0,5,2,4,7,8,11,10,12,10,0,12,10,9,7,0,0,0,0,0,
312,목원대학교 - 목원대학교,85,상대초등학교,0,0,0,2,0,0,0,3,0,0,0,9,0,0,0,0,2,0,0,0,0,0,0,0,
312,목원대학교 - 목원대학교,86,휴먼시아4단지,0,0,0,0,1,5,2,6,2,3,12,7,10,8,0,8,9,0,5,0,0,0,0,0,
312,목원대학교 - 목원대학교,87,트리풀시티9단지,0,0,0,0,0,0,0,6,0,7,0,6,6,0,2,7,0,7,6,0,0,0,0,0,
312,목원대학교 - 목원대학교,88,상대네거리,0,0,0,3,0,3,0,4,4,6,10,4,9,2,8,8,0,0,5,0,0,0,0,0,
312,목원대학교 - 목원대학교,89,도안고등학교,0,0,0,0,0,1,1,2,4,4,7,3,7,5,0,7,0,8,4,0,0,0,0,0,
312,목원대학교 - 목원대학교,90,흥도초등학교,0,0,0,0,0,3,0,0,1,2,6,2,2,3,6,4,1,7,5,0,0,0,0,0,
312,목원대학교 - 목원대학교,91,목원대학교,0,0,0,0,0,0,0,0,0,0,0,0,0,0,0,0,0,0,0,0,0,0,0,0,
313,대전동신과학고 - 대전동신과학고,1,대전동신과학고,0,0,0,0,0,0,0,0,0,0,3,0,0,0,0,0,0,0,0,0,0,0,0,0,
313,대전동신과학고 - 대전동신과학고,2,삼정동,0,0,0,0,1,0,0,1,2,0,0,2,2,1,1,0,0,0,0,0,0,0,0,0,
313,대전동신과학고 - 대전동신과학고,3,판암차량기지,0,0,0,0,2,0,0,0,0,0,0,0,0,0,0,0,1,0,0,0,0,0,0,0,
313,대전동신과학고 - 대전동신과학고,4,판암IC,0,0,0,0,2,0,0,0,0,0,0,0,0,0,0,0,1,0,0,0,0,0,0,0,
313,대전동신과학고 - 대전동신과학고,5,판암네거리,0,0,0,0,1,0,1,0,0,0,1,0,0,2,2,0,0,0,0,0,0,0,0,0,
313,대전동신과학고 - 대전동신과학고,6,판암역,0,1,0,1,3,0,2,1,3,1,2,1,1,1,1,0,0,1,0,0,0,0,0,0,
313,대전동신과학고 - 대전동신과학고,7,판암역네거리,0,0,3,1,0,0,3,0,0,0,0,0,0,0,0,0,0,0,0,0,0,0,0,0,
313,대전동신과학고 - 대전동신과학고,8,판암근린공원,0,0,0,2,0,0,0,0,2,0,0,0,0,0,2,0,0,0,0,0,0,0,0,0,
313,대전동신과학고 - 대전동신과학고,9,신흥역,0,0,0,0,0,0,4,0,0,2,4,2,0,2,0,0,1,0,0,0,0,0,0,0,
313,대전동신과학고 - 대전동신과학고,10,신흥마을아파트,0,4,0,0,0,0,5,4,0,3,0,0,0,0,4,0,0,0,1,0,0,0,0,0,
313,대전동신과학고 - 대전동신과학고,11,동부경찰서,0,0,0,4,5,2,7,0,0,6,0,3,0,2,6,0,2,0,0,0,0,0,0,0,
313,대전동신과학고 - 대전동신과학고,12,신인동주민센터,0,3,0,0,6,5,0,0,0,6,3,0,0,1,7,0,0,0,0,0,0,0,0,0,
313,대전동신과학고 - 대전동신과학고,13,중앙시장,0,4,2,2,0,5,7,7,4,4,2,5,2,3,4,2,2,0,1,0,0,0,0,0,
313,대전동신과학고 - 대전동신과학고,14,목척교,0,0,3,0,4,7,7,0,13,6,7,11,5,6,6,3,5,1,4,0,0,0,0,0,
313,대전동신과학고 - 대전동신과학고,15,중앙로역6번출구,0,2,7,1,4,7,8,1,14,8,5,16,8,12,12,6,7,4,5,0,0,0,0,0,
313,대전동신과학고 - 대전동신과학고,16,대고오거리,0,0,9,4,0,4,10,0,19,10,0,17,0,12,13,4,0,0,0,0,0,0,0,0,
313,대전동신과학고 - 대전동신과학고,17,대전중학교,0,0,8,3,0,0,0,0,15,0,6,16,5,0,14,0,6,0,1,0,0,0,0,0,
313,대전동신과학고 - 대전동신과학고,18,보문오거리,0,0,7,2,1,9,10,0,16,10,0,14,10,15,14,7,7,0,6,0,0,0,0,0,
313,대전동신과학고 - 대전동신과학고,19,테미고개,0,0,0,0,6,0,9,2,13,0,7,0,9,0,12,7,0,0,0,0,0,0,0,0,
313,대전동신과학고 - 대전동신과학고,20,테미삼거리,0,0,6,0,6,0,8,0,14,0,0,13,0,16,13,0,0,2,0,0,0,0,0,0,
313,대전동신과학고 - 대전동신과학고,21,충남대학교병원,0,0,2,0,0,10,0,0,13,11,8,15,9,15,10,6,7,5,0,0,0,0,0,0,
313,대전동신과학고 - 대전동신과학고,22,센트럴파크2단지,0,0,0,0,5,0,0,0,0,7,0,0,0,0,0,0,8,0,0,0,0,0,0,0,
313,대전동신과학고 - 대전동신과학고,23,동산중고등학교,0,0,0,3,6,11,9,0,12,0,0,16,11,0,14,7,12,6,0,0,0,0,0,0,
313,대전동신과학고 - 대전동신과학고,24,충남기계공고,0,0,1,0,5,0,0,0,9,10,6,15,0,6,7,6,11,0,5,0,0,0,0,0,
313,대전동신과학고 - 대전동신과학고,25,문화동주공아파트,0,0,0,2,6,10,10,0,0,9,7,0,8,14,13,5,8,3,4,0,0,0,0,0,
313,대전동신과학고 - 대전동신과학고,26,중구보건소,0,0,2,0,9,8,11,1,11,10,6,10,5,9,9,1,3,3,1,0,0,0,0,0,
313,대전동신과학고 - 대전동신과학고,27,산성동새마을회관,0,0,0,0,6,9,12,2,0,8,4,0,9,8,4,3,0,0,3,0,0,0,0,0,
313,대전동신과학고 - 대전동신과학고,28,산성시장,0,0,0,1,0,0,4,0,0,0,4,0,10,6,2,0,0,0,0,0,0,0,0,0,
313,대전동신과학고 - 대전동신과학고,29,산성네거리,0,0,1,1,10,8,10,3,0,9,2,8,9,7,4,3,0,1,2,0,0,0,0,0,
313,대전동신과학고 - 대전동신과학고,30,산성초등학교,0,0,1,2,0,0,10,5,10,0,1,7,6,5,0,0,0,0,1,0,0,0,0,0,
313,대전동신과학고 - 대전동신과학고,31,사정동,0,0,2,1,7,0,8,4,12,8,0,0,4,4,8,0,2,0,0,0,0,0,0,0,
313,대전동신과학고 - 대전동신과학고,32,우남스타원아파트,0,0,1,0,6,0,7,6,10,0,0,4,3,2,0,0,1,0,0,0,0,0,0,0,
313,대전동신과학고 - 대전동신과학고,33,농산물유통센터,0,0,0,0,5,3,6,3,0,5,0,2,2,1,4,2,0,0,0,0,0,0,0,0,
313,대전동신과학고 - 대전동신과학고,34,안영생활체육단지,0,0,0,0,2,0,5,0,0,0,0,0,1,0,0,0,0,0,0,0,0,0,0,0,
313,대전동신과학고 - 대전동신과학고,35,한빛고교,0,0,0,0,0,0,0,0,0,0,0,0,0,0,0,0,0,0,0,0,0,0,0,0,
313,대전동신과학고 - 대전동신과학고,36,한빛고교,0,0,0,0,0,4,0,1,0,0,0,0,4,0,0,0,0,0,0,0,0,0,0,0,
313,대전동신과학고 - 대전동신과학고,37,안영생활체육단지,0,0,0,1,0,0,0,0,0,0,0,0,0,0,0,3,0,0,0,0,0,0,0,0,
313,대전동신과학고 - 대전동신과학고,38,효문화마을입구,0,0,0,0,0,0,0,4,0,1,0,1,0,0,0,0,0,0,0,0,0,0,0,0,
313,대전동신과학고 - 대전동신과학고,39,한국효문화진흥원,0,0,0,0,0,3,0,0,0,2,0,0,3,0,0,0,0,0,0,0,0,0,0,0,
313,대전동신과학고 - 대전동신과학고,40,효문화마을/뿌리공원,0,0,0,0,0,2,4,0,9,0,0,0,0,0,0,0,0,0,0,0,0,0,0,0,
313,대전동신과학고 - 대전동신과학고,41,한국효문화진흥원,0,0,0,0,0,0,0,4,0,9,3,6,5,0,0,0,0,0,0,0,0,0,0,0,
313,대전동신과학고 - 대전동신과학고,42,뿌리공원,0,0,0,0,0,0,0,4,0,9,3,6,5,0,0,0,0,0,0,0,0,0,0,0,
313,대전동신과학고 - 대전동신과학고,43,효문화마을입구,0,0,1,1,0,0,0,1,0,0,6,14,0,4,0,2,1,0,0,0,0,0,0,0,
313,대전동신과학고 - 대전동신과학고,44,농산물유통센터,0,0,0,4,0,1,1,3,5,0,9,20,6,6,3,3,0,0,0,0,0,0,0,0,
313,대전동신과학고 - 대전동신과학고,45,우남스타원아파트,0,0,0,2,1,0,0,0,0,0,12,0,7,0,0,3,0,0,0,0,0,0,0,0,
313,대전동신과학고 - 대전동신과학고,46,사정동,0,1,2,4,2,0,2,2,7,0,7,15,6,6,2,4,0,0,0,0,0,0,0,0,
313,대전동신과학고 - 대전동신과학고,47,산성초등학교,0,0,0,0,3,2,0,0,0,10,0,17,0,5,3,0,0,0,1,0,0,0,0,0,
313,대전동신과학고 - 대전동신과학고,48,산성네거리,0,3,0,5,4,2,7,4,8,11,13,16,7,7,5,5,0,1,2,0,0,0,0,0,
313,대전동신과학고 - 대전동신과학고,49,산성시장,0,4,0,7,0,0,8,6,0,8,0,13,0,7,1,4,0,0,0,0,0,0,0,0,
313,대전동신과학고 - 대전동신과학고,50,산성동새마을회관,0,5,3,0,1,5,11,7,9,12,0,0,6,8,4,0,0,0,0,0,0,0,0,0,
313,대전동신과학고 - 대전동신과학고,51,중구보건소,0,7,6,7,4,9,19,11,16,13,15,0,18,10,2,3,0,0,0,0,0,0,0,0,
313,대전동신과학고 - 대전동신과학고,52,문화동주공아파트,0,8,4,8,0,6,23,13,0,14,14,11,7,9,0,2,0,1,1,0,0,0,0,0,
313,대전동신과학고 - 대전동신과학고,53,충남기계공고,0,0,7,7,0,0,0,0,18,0,0,0,0,0,0,0,0,0,0,0,0,0,0,0,
313,대전동신과학고 - 대전동신과학고,54,동산중고등학교,0,0,8,8,0,8,24,15,0,13,15,12,17,0,3,0,0,0,0,0,0,0,0,0,
313,대전동신과학고 - 대전동신과학고,55,센트럴파크2단지,0,0,0,0,0,8,22,14,17,16,0,13,0,0,0,3,0,0,0,0,0,0,0,0,
313,대전동신과학고 - 대전동신과학고,56,충남대학교병원,0,1,8,5,4,0,19,4,16,16,16,13,19,9,4,0,1,0,0,0,0,0,0,0,
313,대전동신과학고 - 대전동신과학고,57,테미삼거리,0,0,0,9,5,0,19,19,17,17,17,0,0,11,0,4,3,0,0,0,0,0,0,0,
313,대전동신과학고 - 대전동신과학고,58,테미고개,0,0,2,2,0,5,18,17,5,0,0,0,0,0,3,0,0,0,0,0,0,0,0,0,
313,대전동신과학고 - 대전동신과학고,59,보문오거리,0,0,0,0,0,7,0,15,4,13,16,10,18,6,0,0,2,0,0,0,0,0,0,0,
313,대전동신과학고 - 대전동신과학고,60,보문오거리,0,0,5,1,5,6,3,15,16,16,17,9,25,8,4,6,0,0,0,0,0,0,0,0,
313,대전동신과학고 - 대전동신과학고,61,대전중학교,0,0,0,0,5,3,4,16,17,0,0,10,0,12,0,0,0,0,0,0,0,0,0,0,
313,대전동신과학고 - 대전동신과학고,62,대고오거리,0,0,6,2,0,5,0,0,15,15,0,6,24,10,2,0,0,0,0,0,0,0,0,0,
313,대전동신과학고 - 대전동신과학고,63,중구청,0,0,5,8,0,0,0,14,10,14,16,5,6,9,0,5,1,2,0,0,0,0,0,0,
313,대전동신과학고 - 대전동신과학고,64,중앙로역1번출구,0,0,1,6,5,6,3,8,8,11,15,8,17,4,7,5,4,2,1,0,0,0,0,0,
313,대전동신과학고 - 대전동신과학고,65,대전역,0,0,3,3,2,3,1,8,3,3,10,4,4,7,5,4,3,1,1,0,0,0,0,0,
313,대전동신과학고 - 대전동신과학고,66,중앙시장,0,0,1,3,3,3,1,4,3,0,5,8,5,9,5,5,4,0,0,0,0,0,0,0,
313,대전동신과학고 - 대전동신과학고,67,원동네거리,0,0,2,0,1,2,2,0,0,1,6,7,0,7,0,4,0,0,0,0,0,0,0,0,
313,대전동신과학고 - 대전동신과학고,68,인동네거리,0,0,0,0,0,0,3,0,1,6,5,6,7,6,0,4,4,2,0,0,0,0,0,0,
313,대전동신과학고 - 대전동신과학고,69,동부경찰서,0,0,0,0,2,0,0,0,0,0,0,0,0,5,4,0,0,1,0,0,0,0,0,0,
313,대전동신과학고 - 대전동신과학고,70,신흥마을아파트후문,0,0,1,0,0,1,4,3,0,0,2,0,5,4,2,2,0,0,0,0,0,0,0,0,
313,대전동신과학고 - 대전동신과학고,71,신흥역,0,0,0,0,0,0,3,4,0,0,5,1,3,2,0,0,3,3,0,0,0,0,0,0,
313,대전동신과학고 - 대전동신과학고,72,판암근린공원,0,0,0,2,0,0,0,0,0,3,0,0,4,0,6,0,0,0,0,0,0,0,0,0,
313,대전동신과학고 - 대전동신과학고,73,미리내아파트,0,0,0,0,0,0,0,3,0,2,4,0,2,0,5,1,2,2,0,0,0,0,0,0,
313,대전동신과학고 - 대전동신과학고,74,판암역,0,0,0,0,0,0,1,2,0,0,1,0,0,0,1,0,0,1,0,0,0,0,0,0,
313,대전동신과학고 - 대전동신과학고,75,판암네거리,0,0,0,0,0,0,0,0,0,0,0,0,1,0,0,0,0,0,0,0,0,0,0,0,
313,대전동신과학고 - 대전동신과학고,76,판암차량기지,0,0,0,0,0,0,0,0,0,0,0,0,0,0,0,0,0,0,0,0,0,0,0,0,
313,대전동신과학고 - 대전동신과학고,77,삼정동,0,0,0,0,0,0,0,0,0,0,0,0,0,0,0,0,0,0,0,0,0,0,0,0,
313,대전동신과학고 - 대전동신과학고,78,대전동신과학고,0,0,0,0,0,0,0,0,0,0,0,0,0,0,0,0,0,0,0,0,0,0,0,0,
314,윗사정삼거리 - 오월드기점지,1,윗사정삼거리,0,0,0,0,0,0,0,0,0,0,0,0,0,0,0,0,0,0,0,0,0,0,0,0,
314,윗사정삼거리 - 오월드기점지,2,윗사정삼거리,0,0,0,0,0,0,2,0,2,0,4,4,1,0,1,0,0,0,1,0,0,0,0,0,
314,윗사정삼거리 - 오월드기점지,3,오월드,0,0,0,0,0,0,3,0,0,0,5,10,6,0,3,4,0,2,2,0,0,0,0,0,
314,윗사정삼거리 - 오월드기점지,4,오월드회전교차로,0,0,0,0,0,0,3,0,0,0,5,10,6,0,3,4,0,2,2,0,0,0,0,0,
314,윗사정삼거리 - 오월드기점지,5,상당,0,0,0,0,0,0,0,0,0,1,0,0,7,1,0,0,0,0,0,0,0,0,0,0,
314,윗사정삼거리 - 오월드기점지,6,산성어린이도서관,0,0,0,0,2,1,3,0,3,0,2,0,0,1,2,0,2,0,0,0,0,0,0,0,
314,윗사정삼거리 - 오월드기점지,7,사정교,0,1,0,1,1,1,5,1,3,3,5,11,8,1,4,0,3,0,0,0,0,0,0,0,
314,윗사정삼거리 - 오월드기점지,8,복수동사정교,0,2,1,2,3,3,6,2,2,4,8,4,8,3,5,1,4,0,2,0,0,0,0,0,
314,윗사정삼거리 - 오월드기점지,9,안복수길,0,0,3,3,2,6,7,6,2,2,7,2,9,3,2,2,0,3,0,0,0,0,0,0,
314,윗사정삼거리 - 오월드기점지,10,초록마을5단지,0,6,5,5,9,20,4,8,7,12,11,12,18,7,8,5,0,3,4,0,0,0,0,0,
314,윗사정삼거리 - 오월드기점지,11,초록마을3단지,0,0,8,6,12,7,10,10,13,15,20,15,18,11,9,6,7,3,5,0,0,0,0,0,
314,윗사정삼거리 - 오월드기점지,12,신계초등학교,0,7,8,10,12,21,13,11,14,14,0,18,19,12,10,8,0,4,0,0,0,0,0,0,
314,윗사정삼거리 - 오월드기점지,13,초록마을1단지,0,0,9,9,11,19,14,12,11,15,22,15,20,11,14,7,0,0,5,0,0,0,0,0,
314,윗사정삼거리 - 오월드기점지,14,한밭가든아파트,0,9,10,3,11,19,18,13,15,15,22,17,23,10,16,8,7,6,4,0,0,0,0,0,
314,윗사정삼거리 - 오월드기점지,15,산성시장,0,0,12,12,14,20,22,20,24,20,21,20,20,14,15,10,4,9,4,0,0,0,0,0,
314,윗사정삼거리 - 오월드기점지,16,문성초등학교입구,0,0,13,13,12,22,23,21,25,21,21,23,20,13,13,11,2,7,5,0,0,0,0,0,
314,윗사정삼거리 - 오월드기점지,17,산성우성아파트,0,0,15,10,13,23,25,23,26,23,26,20,25,15,14,9,8,5,0,0,0,0,0,0,
314,윗사정삼거리 - 오월드기점지,18,문화초등학교,0,0,14,11,17,18,24,22,22,28,26,19,26,16,11,11,10,6,0,0,0,0,0,0,
314,윗사정삼거리 - 오월드기점지,19,유천2동주민센터,0,0,16,13,11,18,26,23,30,27,27,24,28,17,19,11,6,0,4,0,0,0,0,0,
314,윗사정삼거리 - 오월드기점지,20,서대전육교,0,0,18,14,14,17,27,25,31,30,26,24,29,22,13,22,9,8,6,0,0,0,0,0,
314,윗사정삼거리 - 오월드기점지,21,서대전역네거리,0,0,13,13,15,14,26,30,30,26,25,24,30,20,12,20,11,10,7,0,0,0,0,0,
314,윗사정삼거리 - 오월드기점지,22,서대전네거리역2번출구,0,0,16,11,14,13,24,31,28,22,22,25,29,19,12,18,10,10,5,0,0,0,0,0,
314,윗사정삼거리 - 오월드기점지,23,대전충남병무청,0,0,15,10,13,14,25,32,27,24,21,25,28,20,13,18,11,2,9,4,0,0,0,0,
314,윗사정삼거리 - 오월드기점지,24,중구청,0,0,13,12,11,14,6,31,27,22,20,29,29,17,12,17,12,9,9,6,0,0,0,0,
314,윗사정삼거리 - 오월드기점지,25,대전도시공사,0,0,13,3,12,11,22,24,29,17,21,30,29,19,14,19,16,14,12,4,0,0,0,0,
314,윗사정삼거리 - 오월드기점지,26,으능정이거리,0,0,5,10,10,10,18,15,22,15,30,37,23,34,22,27,27,19,15,7,0,0,0,0,
314,윗사정삼거리 - 오월드기점지,27,대전역,0,0,7,7,8,11,12,15,22,18,37,45,37,36,25,35,44,44,25,12,0,0,0,0,
314,윗사정삼거리 - 오월드기점지,28,삼성초등학교,0,0,2,2,7,12,11,6,23,15,0,45,0,36,24,36,23,0,0,11,0,0,0,0,
314,윗사정삼거리 - 오월드기점지,29,삼성네거리,0,0,0,5,6,11,0,0,0,6,0,24,26,35,0,35,44,40,22,0,0,0,0,0,
314,윗사정삼거리 - 오월드기점지,30,한밭자이아파트,0,0,0,5,7,7,15,11,18,16,37,41,36,34,23,31,16,36,26,0,0,0,0,0,
314,윗사정삼거리 - 오월드기점지,31,솔랑마을아파트,0,0,0,0,7,12,16,10,10,13,36,42,33,24,23,26,42,29,27,12,0,0,0,0,
314,윗사정삼거리 - 오월드기점지,32,대덕구청,0,0,7,5,8,10,15,7,11,17,22,40,24,33,24,30,42,42,29,15,0,0,0,0,
314,윗사정삼거리 - 오월드기점지,33,한남오거리,0,0,2,6,9,11,14,0,19,14,21,39,39,25,32,29,43,28,27,0,0,0,0,0,
314,윗사정삼거리 - 오월드기점지,34,한남대학교,0,0,6,0,8,3,10,3,8,15,19,35,37,23,31,25,41,29,25,11,0,0,0,0,
314,윗사정삼거리 - 오월드기점지,35,대전신학대학교,0,0,3,3,6,9,10,8,9,15,19,25,28,16,20,16,33,24,21,10,0,0,0,0,
314,윗사정삼거리 - 오월드기점지,36,한남로삼거리,0,0,5,4,5,10,12,4,7,14,12,21,23,11,16,13,19,17,13,7,0,0,0,0,
314,윗사정삼거리 - 오월드기점지,37,한숲아파트,0,0,3,3,5,9,12,5,6,9,8,16,18,8,13,12,17,10,10,4,0,0,0,0,
314,윗사정삼거리 - 오월드기점지,38,동대전고등학교,0,0,2,2,4,8,13,4,7,8,7,16,13,10,11,9,11,9,7,3,0,0,0,0,
314,윗사정삼거리 - 오월드기점지,39,수도시설관리사업소,0,0,1,0,5,6,9,4,3,8,9,12,10,10,9,8,11,9,5,2,0,0,0,0,
314,윗사정삼거리 - 오월드기점지,40,송촌119안전센터,0,0,0,0,2,3,6,2,5,5,6,11,9,6,10,6,8,7,3,0,0,0,0,0,
314,윗사정삼거리 - 오월드기점지,41,동춘당,0,0,0,0,3,0,0,0,4,5,2,7,3,2,1,0,0,4,6,1,0,0,0,0,
314,윗사정삼거리 - 오월드기점지,42,동춘당,0,0,1,1,3,2,2,7,2,7,1,4,1,5,2,1,3,4,1,0,0,0,0,0,
314,윗사정삼거리 - 오월드기점지,43,선비마을3단지,0,1,5,3,5,6,6,4,4,10,5,7,5,7,7,2,2,1,2,0,0,0,0,0,
314,윗사정삼거리 - 오월드기점지,44,선비마을4단지,0,3,5,4,11,10,12,11,10,12,7,15,6,11,10,4,1,6,4,0,0,0,0,0,
314,윗사정삼거리 - 오월드기점지,45,송촌119안전센터,0,0,6,6,13,12,14,10,12,15,11,18,12,14,11,7,6,3,8,0,0,0,0,0,
314,윗사정삼거리 - 오월드기점지,46,수도시설관리사업소,0,2,7,6,14,13,17,11,15,18,14,19,10,17,3,0,0,7,8,0,0,0,0,0,
314,윗사정삼거리 - 오월드기점지,47,중리네거리,0,1,8,4,9,12,16,8,19,13,11,20,10,15,8,6,5,6,7,0,0,0,0,0,
314,윗사정삼거리 - 오월드기점지,48,동대전고등학교,0,2,10,11,16,16,16,11,17,16,15,20,11,14,10,6,6,7,8,0,0,0,0,0,
314,윗사정삼거리 - 오월드기점지,49,한숲아파트,0,6,11,11,20,21,21,15,18,21,17,25,13,14,12,8,4,3,3,0,0,0,0,0,
314,윗사정삼거리 - 오월드기점지,50,한남로삼거리,0,7,11,16,27,27,24,21,22,24,40,40,27,22,16,12,13,8,5,0,0,0,0,0,
314,윗사정삼거리 - 오월드기점지,51,대전신학대학교,0,0,13,20,28,30,26,26,25,26,46,42,30,25,16,13,8,7,7,0,0,0,0,0,
314,윗사정삼거리 - 오월드기점지,52,한남대학교,0,0,0,16,21,30,25,27,26,28,23,41,31,27,17,16,9,8,7,0,0,0,0,0,
314,윗사정삼거리 - 오월드기점지,53,한남오거리,0,8,12,21,31,32,24,30,33,35,44,43,32,19,16,18,7,5,0,0,0,0,0,0,
314,윗사정삼거리 - 오월드기점지,54,대덕구청,0,9,12,22,25,30,24,30,37,35,39,43,39,31,17,12,6,9,0,0,0,0,0,0,
314,윗사정삼거리 - 오월드기점지,55,솔랑마을아파트,0,0,11,25,24,33,22,30,39,28,35,21,39,23,19,17,14,0,7,0,0,0,0,0,
314,윗사정삼거리 - 오월드기점지,56,한밭자이아파트,0,0,12,27,25,36,26,28,43,35,33,40,40,31,20,8,14,7,6,0,0,0,0,0,
314,윗사정삼거리 - 오월드기점지,57,삼성초등학교,0,0,10,24,25,22,24,28,38,30,31,36,35,29,19,16,16,13,7,0,0,0,0,0,
314,윗사정삼거리 - 오월드기점지,58,대전역,0,3,7,13,18,17,19,21,32,28,28,24,27,25,18,24,19,19,18,0,0,0,0,0,
314,윗사정삼거리 - 오월드기점지,59,목척교,0,2,6,14,18,16,18,20,23,24,24,22,30,26,16,24,18,16,19,0,0,0,0,0,
314,윗사정삼거리 - 오월드기점지,60,중앙로역9번출구,0,0,5,12,17,14,13,17,17,20,22,21,29,28,20,27,19,26,21,13,0,0,0,0,
314,윗사정삼거리 - 오월드기점지,61,선화동우체국,0,0,0,11,15,13,15,14,18,19,22,21,30,27,27,28,19,17,13,14,0,0,0,0,
314,윗사정삼거리 - 오월드기점지,62,중구청역,0,0,6,5,11,8,10,13,17,10,24,16,30,28,19,26,18,16,11,13,0,0,0,0,
314,윗사정삼거리 - 오월드기점지,63,대전충남병무청,0,0,5,4,10,10,16,14,19,16,26,21,33,30,27,26,17,25,21,12,0,0,0,0,
314,윗사정삼거리 - 오월드기점지,64,서대전네거리역3번출구,0,0,0,5,11,14,15,16,12,16,31,24,36,29,26,27,21,26,19,0,0,0,0,0,
314,윗사정삼거리 - 오월드기점지,65,서대전역네거리,0,0,6,6,10,17,16,18,13,17,28,26,33,27,26,30,20,28,21,8,0,0,0,0,
314,윗사정삼거리 - 오월드기점지,66,유천2동주민센터,0,0,5,5,12,18,15,13,14,15,24,25,30,21,22,26,19,22,19,15,0,0,0,0,
314,윗사정삼거리 - 오월드기점지,67,문화초등학교,0,0,0,6,13,6,11,7,12,14,14,23,30,23,20,26,20,19,25,13,0,0,0,0,
314,윗사정삼거리 - 오월드기점지,68,산성우성아파트,0,0,0,5,12,19,9,7,11,14,12,21,22,22,19,23,18,17,17,12,0,0,0,0,
314,윗사정삼거리 - 오월드기점지,69,문성초등학교입구,0,0,2,4,8,20,9,13,10,7,10,16,21,20,17,17,13,15,24,0,0,0,0,0,
314,윗사정삼거리 - 오월드기점지,70,머티네거리,0,0,3,4,9,19,4,11,3,13,7,15,14,16,17,21,12,15,15,11,0,0,0,0,
314,윗사정삼거리 - 오월드기점지,71,산성동행정복지센터,0,0,1,3,8,17,7,8,6,11,12,10,18,15,14,18,15,14,21,12,0,0,0,0,
314,윗사정삼거리 - 오월드기점지,72,한밭가든아파트,0,0,0,1,6,6,6,6,4,11,10,9,16,14,13,15,13,13,20,11,0,0,0,0,
314,윗사정삼거리 - 오월드기점지,73,신계초등학교,0,0,2,0,9,13,5,6,6,6,5,6,14,12,10,14,12,14,19,8,0,0,0,0,
314,윗사정삼거리 - 오월드기점지,74,초록마을네거리,0,0,0,0,7,4,5,6,5,4,4,3,8,5,8,8,6,14,12,6,0,0,0,0,
314,윗사정삼거리 - 오월드기점지,75,초록마을5단지,0,0,0,1,4,5,5,4,4,3,2,1,3,2,2,4,1,2,3,1,0,0,0,0,
314,윗사정삼거리 - 오월드기점지,76,안복수길,0,0,1,0,5,14,4,1,3,1,0,2,1,0,1,3,0,1,2,0,0,0,0,0,
314,윗사정삼거리 - 오월드기점지,77,복수동사정교,0,0,0,0,4,12,3,3,3,0,0,0,2,0,0,2,0,1,1,0,0,0,0,0,
314,윗사정삼거리 - 오월드기점지,78,사정교,0,0,0,0,0,10,2,0,1,0,2,0,0,0,0,0,0,1,0,0,0,0,0,0,
314,윗사정삼거리 - 오월드기점지,79,산성어린이도서관,0,0,0,0,3,9,0,3,2,0,1,0,0,0,0,0,0,0,0,0,0,0,0,0,
314,윗사정삼거리 - 오월드기점지,80,상당,0,0,0,0,0,0,0,0,0,0,0,0,0,0,0,0,0,0,0,0,0,0,0,0,
314,윗사정삼거리 - 오월드기점지,81,오월드회전교차로,0,0,0,0,0,1,0,0,0,0,0,0,0,0,0,0,0,0,0,0,0,0,0,0,
314,윗사정삼거리 - 오월드기점지,82,오월드,0,0,0,0,1,3,1,0,1,0,0,0,0,0,0,0,0,0,0,0,0,0,0,0,
314,윗사정삼거리 - 오월드기점지,83,윗사정삼거리,0,0,0,0,0,0,0,0,0,0,0,0,0,0,0,0,0,0,0,0,0,0,0,0,
314,윗사정삼거리 - 오월드기점지,84,오월드기점지,0,0,0,0,0,0,0,0,0,0,0,0,0,0,0,0,0,0,0,0,0,0,0,0,
315,윗사정삼거리 - 오월드기점지,1,윗사정삼거리,0,0,0,0,0,1,1,0,0,0,0,0,0,0,0,0,0,0,0,0,0,0,0,0,
315,윗사정삼거리 - 오월드기점지,2,윗사정삼거리,0,0,1,0,0,0,2,1,0,2,0,1,1,0,0,0,0,0,0,0,0,0,0,0,
315,윗사정삼거리 - 오월드기점지,3,오월드,0,0,0,0,0,0,0,0,0,0,0,0,0,0,1,0,0,0,1,0,0,0,0,0,
315,윗사정삼거리 - 오월드기점지,4,오월드회전교차로,0,0,0,0,0,0,0,2,0,0,0,2,0,0,0,0,0,0,0,0,0,0,0,0,
315,윗사정삼거리 - 오월드기점지,5,상당,0,0,0,0,0,0,0,0,0,0,0,0,0,0,0,1,0,0,0,0,0,0,0,0,
315,윗사정삼거리 - 오월드기점지,6,산성어린이도서관,0,0,0,0,2,0,0,3,0,0,0,0,2,1,2,0,0,0,0,0,0,0,0,0,
315,윗사정삼거리 - 오월드기점지,7,사정동,0,0,0,1,5,2,1,8,1,3,0,0,3,2,3,2,1,0,0,0,0,0,0,0,
315,윗사정삼거리 - 오월드기점지,8,산성초등학교,0,0,0,0,6,3,2,0,2,0,0,4,4,2,3,2,0,0,0,0,0,0,0,0,
315,윗사정삼거리 - 오월드기점지,9,산성네거리,0,0,1,3,7,4,3,5,4,4,1,7,5,5,4,3,1,0,0,0,0,0,0,0,
315,윗사정삼거리 - 오월드기점지,10,산성시장,0,0,2,7,5,5,0,11,0,4,1,0,6,0,3,3,0,1,0,0,0,0,0,0,
315,윗사정삼거리 - 오월드기점지,11,산성동새마을회관,0,4,0,2,7,6,6,10,4,5,4,11,4,7,5,2,0,0,0,0,0,0,0,0,
315,윗사정삼거리 - 오월드기점지,12,중구보건소,0,7,6,11,18,17,11,14,8,8,8,14,5,8,6,1,1,1,0,0,0,0,0,0,
315,윗사정삼거리 - 오월드기점지,13,문화동주공아파트,0,9,9,7,21,19,19,16,0,7,9,5,5,11,8,2,1,0,0,0,0,0,0,0,
315,윗사정삼거리 - 오월드기점지,14,충남기계공고,0,10,0,8,23,20,20,17,11,7,10,11,8,10,0,3,0,0,0,0,0,0,0,0,
315,윗사정삼거리 - 오월드기점지,15,동산중고등학교,0,10,8,7,24,17,16,18,10,6,11,11,8,9,6,5,0,0,0,0,0,0,0,0,
315,윗사정삼거리 - 오월드기점지,16,센트럴파크2단지,0,11,0,0,0,13,21,20,14,0,12,12,0,5,2,0,0,0,0,0,0,0,0,0,
315,윗사정삼거리 - 오월드기점지,17,충남대학교병원,0,10,7,9,27,17,19,21,17,10,14,14,9,12,3,6,3,0,1,0,0,0,0,0,
315,윗사정삼거리 - 오월드기점지,18,문화동하우스토리,0,9,7,11,24,19,21,20,23,12,13,15,12,16,7,9,5,2,2,0,0,0,0,0,
315,윗사정삼거리 - 오월드기점지,19,서대전네거리역5번출구,0,0,8,10,26,20,22,21,22,16,17,17,14,18,9,10,7,3,1,0,0,0,0,0,
315,윗사정삼거리 - 오월드기점지,20,중도일보,0,0,0,11,27,23,21,22,23,18,17,16,15,16,10,11,8,3,2,0,0,0,0,0,
315,윗사정삼거리 - 오월드기점지,21,오룡역5번출구,0,0,7,10,0,0,25,23,20,18,19,19,14,16,5,11,8,0,0,0,0,0,0,0,
315,윗사정삼거리 - 오월드기점지,22,용문역8번출구,0,0,5,6,10,17,20,23,22,14,20,19,12,21,9,12,7,5,0,0,0,0,0,0,
315,윗사정삼거리 - 오월드기점지,23,용문역5번출구,0,0,3,0,11,16,22,19,29,15,24,18,15,19,7,11,2,7,0,0,0,0,0,0,
315,윗사정삼거리 - 오월드기점지,24,서부농협본점,0,0,4,0,10,15,23,17,24,19,21,15,12,16,10,12,7,7,2,0,0,0,0,0,
315,윗사정삼거리 - 오월드기점지,25,개나리아파트,0,0,3,5,4,14,21,11,20,19,17,14,11,14,6,8,0,8,9,0,0,0,0,0,
315,윗사정삼거리 - 오월드기점지,26,대전상공회의소,0,0,3,2,7,13,17,14,17,14,16,16,5,16,0,0,10,5,7,0,0,0,0,0,
315,윗사정삼거리 - 오월드기점지,27,은하수네거리,0,0,1,2,2,9,8,6,7,8,7,13,4,10,4,3,7,2,4,0,0,0,0,0,
315,윗사정삼거리 - 오월드기점지,28,파랑새네거리,0,0,0,0,1,6,4,5,3,4,5,5,3,3,5,1,3,0,2,0,0,0,0,0,
315,윗사정삼거리 - 오월드기점지,29,선사유적지,0,0,0,0,0,0,1,0,2,2,3,4,1,1,2,3,1,0,1,0,0,0,0,0,
315,윗사정삼거리 - 오월드기점지,30,샛별아파트,0,0,0,0,0,0,2,0,1,0,0,3,0,0,4,2,0,1,0,0,0,0,0,0,
315,윗사정삼거리 - 오월드기점지,31,누리아파트후문,0,0,0,1,1,0,0,2,0,1,2,3,2,0,1,0,0,0,0,0,0,0,0,0,
315,윗사정삼거리 - 오월드기점지,32,향촌아파트,0,2,1,2,2,1,2,2,0,5,0,1,0,1,1,0,1,0,0,0,0,0,0,0,
315,윗사정삼거리 - 오월드기점지,33,향촌아파트,0,2,1,2,2,1,2,2,0,5,0,1,0,1,1,0,1,0,0,0,0,0,0,0,
315,윗사정삼거리 - 오월드기점지,34,이마트,0,0,0,3,3,1,5,3,1,1,1,5,1,6,5,2,6,2,1,0,0,0,0,0,
315,윗사정삼거리 - 오월드기점지,35,갤러리아타임월드,0,0,1,0,6,3,0,1,5,7,4,7,9,9,10,12,16,9,4,0,0,0,0,0,
315,윗사정삼거리 - 오월드기점지,36,은하수네거리,0,3,0,0,7,0,6,4,4,8,6,0,10,12,15,22,20,12,5,0,0,0,0,0,
315,윗사정삼거리 - 오월드기점지,37,큰마을아파트,0,0,2,5,12,4,8,5,7,10,7,8,12,13,16,24,0,13,0,0,0,0,0,0,
315,윗사정삼거리 - 오월드기점지,38,유승기업사,0,0,3,6,13,5,0,7,6,5,7,10,10,14,11,22,20,12,0,0,0,0,0,0,
315,윗사정삼거리 - 오월드기점지,39,탄방네거리,0,4,0,5,10,6,9,6,7,0,8,9,0,14,16,18,19,13,4,0,0,0,0,0,
315,윗사정삼거리 - 오월드기점지,40,롯데백화점,0,0,0,0,10,7,9,8,0,15,13,18,19,15,19,15,24,13,4,0,0,0,0,0,
315,윗사정삼거리 - 오월드기점지,41,용문역1번출구,0,5,4,4,7,8,13,13,11,20,16,19,19,26,20,14,25,12,8,0,0,0,0,0,
315,윗사정삼거리 - 오월드기점지,42,오룡역4번출구,0,0,5,5,0,4,12,11,12,22,20,18,18,25,18,12,24,7,1,0,0,0,0,0,
315,윗사정삼거리 - 오월드기점지,43,오룡역1번출구,0,0,0,6,9,7,12,12,14,12,22,0,17,22,0,11,21,15,11,0,0,0,0,0,
315,윗사정삼거리 - 오월드기점지,44,서대전네거리역4번출구,0,4,0,5,10,6,13,7,13,16,20,17,14,14,17,9,19,14,0,0,0,0,0,0,
315,윗사정삼거리 - 오월드기점지,45,서대전네거리역1번출구,0,2,3,2,9,3,12,11,11,11,22,12,15,15,14,8,18,12,9,0,0,0,0,0,
315,윗사정삼거리 - 오월드기점지,46,충대병원네거리,0,0,2,4,5,0,10,10,10,11,19,12,15,13,15,6,16,11,0,0,0,0,0,0,
315,윗사정삼거리 - 오월드기점지,47,충남대학교병원,0,0,1,3,6,3,12,9,8,12,16,11,13,11,16,7,15,10,9,0,0,0,0,0,
315,윗사정삼거리 - 오월드기점지,48,센트럴파크2단지,0,0,0,1,0,5,12,4,8,0,0,10,0,12,15,6,0,0,0,0,0,0,0,0,
315,윗사정삼거리 - 오월드기점지,49,동산중고등학교,0,0,2,5,0,5,0,10,6,11,15,15,9,12,14,4,11,8,10,0,0,0,0,0,
315,윗사정삼거리 - 오월드기점지,50,충남기계공고,0,0,0,6,4,0,11,9,3,8,13,14,4,12,14,0,6,1,8,0,0,0,0,0,
315,윗사정삼거리 - 오월드기점지,51,문화동주공아파트,0,0,3,0,3,3,10,10,5,7,8,10,8,9,13,0,7,5,5,0,0,0,0,0,
315,윗사정삼거리 - 오월드기점지,52,중구보건소,0,0,4,2,3,4,11,10,5,6,6,7,4,4,9,2,4,2,2,0,0,0,0,0,
315,윗사정삼거리 - 오월드기점지,53,산성동새마을회관,0,0,0,6,0,0,13,2,8,0,4,5,3,2,7,1,2,0,3,0,0,0,0,0,
315,윗사정삼거리 - 오월드기점지,54,산성시장,0,0,3,5,2,3,9,1,7,5,3,4,1,2,4,0,0,0,0,0,0,0,0,0,
315,윗사정삼거리 - 오월드기점지,55,산성네거리,0,0,0,0,5,5,8,0,6,4,1,4,1,2,2,0,1,0,2,0,0,0,0,0,
315,윗사정삼거리 - 오월드기점지,56,산성초등학교,0,0,0,1,0,4,7,0,3,0,2,0,0,1,0,0,0,0,1,0,0,0,0,0,
315,윗사정삼거리 - 오월드기점지,57,사정동,0,0,0,0,4,2,3,0,0,2,0,2,0,2,0,0,0,0,0,0,0,0,0,0,
315,윗사정삼거리 - 오월드기점지,58,산성어린이도서관,0,0,0,0,1,1,2,0,1,0,0,0,0,2,0,0,0,0,0,0,0,0,0,0,
315,윗사정삼거리 - 오월드기점지,59,상당,0,0,0,0,0,0,0,0,0,0,1,0,0,0,0,0,0,0,0,0,0,0,0,0,
315,윗사정삼거리 - 오월드기점지,60,오월드회전교차로,0,0,0,0,0,0,0,0,0,0,0,0,0,0,0,0,0,0,0,0,0,0,0,0,
315,윗사정삼거리 - 오월드기점지,61,오월드,0,0,0,0,3,0,0,0,0,0,0,0,0,0,0,0,0,0,0,0,0,0,0,0,
315,윗사정삼거리 - 오월드기점지,62,윗사정삼거리,0,0,0,0,0,0,0,0,0,0,0,0,0,0,0,0,0,0,0,0,0,0,0,0,
315,윗사정삼거리 - 오월드기점지,63,오월드기점지,0,0,0,0,0,0,0,0,0,0,0,0,0,0,0,0,0,0,0,0,0,0,0,0,
