노선,기종점,정류장순번,정류장명,04시,05시,06시,07시,08시,09시,10시,11시,12시,13시,14시,15시,16시,17시,18시,19시,20시,21시,22시,23시,00시,01시,02시,03시,
316,대한통운종점 - 대한통운종점,1,대한통운종점,0,0,0,0,0,0,0,0,0,0,0,0,0,0,0,0,0,0,0,0,0,0,0,0,
316,대한통운종점 - 대한통운종점,2,대한통운종점,0,0,0,0,0,0,0,0,0,2,0,0,0,0,0,0,0,0,0,0,0,0,0,0,
316,대한통운종점 - 대한통운종점,3,대한통운,0,0,0,0,0,0,0,0,1,3,2,1,0,0,1,0,0,2,0,0,0,0,0,0,
316,대한통운종점 - 대한통운종점,4,회덕동주민센터,0,0,1,2,1,2,0,0,0,3,0,0,0,0,0,1,0,0,0,0,0,0,0,0,
316,대한통운종점 - 대한통운종점,5,당아래,0,1,1,0,0,1,0,0,0,0,0,2,0,0,0,0,0,0,0,0,0,0,0,0,
316,대한통운종점 - 대한통운종점,6,동아교재,0,1,1,0,0,1,0,0,0,0,0,2,0,0,0,0,0,0,0,0,0,0,0,0,
316,대한통운종점 - 대한통운종점,7,세원화성,0,1,1,0,0,1,0,0,0,0,0,2,0,0,0,0,0,0,0,0,0,0,0,0,
316,대한통운종점 - 대한통운종점,8,디엔에프,0,1,1,0,0,1,0,0,0,0,0,2,0,0,0,0,0,0,0,0,0,0,0,0,
316,대한통운종점 - 대한통운종점,9,제일사료,0,0,0,0,0,0,0,0,0,0,0,0,0,1,0,0,0,0,0,0,0,0,0,0,
316,대한통운종점 - 대한통운종점,10,동아연필,0,0,0,0,0,0,0,0,0,0,0,0,0,1,0,0,0,0,0,0,0,0,0,0,
316,대한통운종점 - 대한통운종점,11,공구백화점,0,0,0,1,0,0,0,0,0,0,0,0,0,0,1,0,0,0,0,0,0,0,0,0,
316,대한통운종점 - 대한통운종점,12,부국레미콘,0,0,0,0,0,0,0,0,2,0,3,1,1,0,0,2,0,0,1,0,0,0,0,0,
316,대한통운종점 - 대한통운종점,13,대화동행정복지센터,0,0,2,0,1,2,0,3,1,1,4,0,1,0,4,0,0,1,0,0,0,0,0,0,
316,대한통운종점 - 대한통운종점,14,원명학교,0,0,2,2,0,0,0,0,3,3,3,5,2,0,4,3,1,0,0,0,0,0,0,0,
316,대한통운종점 - 대한통운종점,15,대화동육교,0,0,1,3,1,0,0,3,5,4,0,6,2,2,3,4,0,2,0,0,0,0,0,0,
316,대한통운종점 - 대한통운종점,16,대전병원,0,0,4,4,3,3,0,4,6,5,0,0,0,0,2,5,0,3,0,0,0,0,0,0,
316,대한통운종점 - 대한통운종점,17,오정네거리,0,0,0,2,4,0,0,4,0,4,2,7,0,0,1,0,0,2,0,0,0,0,0,0,
316,대한통운종점 - 대한통운종점,18,오정우체국,0,0,1,4,0,4,1,0,6,0,4,8,0,0,0,0,0,1,0,0,0,0,0,0,
316,대한통운종점 - 대한통운종점,19,한남오거리,0,0,0,3,0,0,0,2,5,3,5,5,4,3,0,0,0,0,0,0,0,0,0,0,
316,대한통운종점 - 대한통운종점,20,한남오거리(BRT),0,0,0,3,1,2,2,3,0,4,0,4,0,4,0,0,0,0,0,0,0,0,0,0,
316,대한통운종점 - 대한통운종점,21,오정동행정복지센터,0,0,0,0,3,2,6,4,4,1,4,5,3,0,1,0,0,0,0,0,0,0,0,0,
316,대한통운종점 - 대한통운종점,22,오정농수산오거리,0,0,0,7,2,3,7,5,0,0,0,2,4,5,0,0,0,1,0,0,0,0,0,0,
316,대한통운종점 - 대한통운종점,23,수정타운아파트,0,0,1,6,3,1,6,4,5,4,5,8,5,1,3,5,2,0,3,0,0,0,0,0,
316,대한통운종점 - 대한통운종점,24,한밭초등학교,0,0,3,3,5,5,8,6,1,7,6,7,8,9,0,0,0,0,2,0,0,0,0,0,
316,대한통운종점 - 대한통운종점,25,크로바아파트,0,0,0,2,4,5,0,5,5,10,10,11,4,12,4,5,6,3,0,0,0,0,0,0,
316,대한통운종점 - 대한통운종점,26,시청역,0,0,0,3,5,8,9,5,4,11,10,17,9,14,6,8,15,4,2,0,0,0,0,0,
316,대한통운종점 - 대한통운종점,27,시청.교육청,0,0,0,0,0,7,10,0,0,13,0,0,7,13,4,0,0,5,0,3,0,0,0,0,
316,대한통운종점 - 대한통운종점,28,아이빌딩,0,0,0,2,0,6,8,6,6,11,10,12,10,12,8,6,16,4,0,4,0,0,0,0,
316,대한통운종점 - 대한통운종점,29,은하수네거리,0,0,2,3,5,4,12,7,7,14,15,10,15,14,16,10,24,15,10,7,0,0,0,0,
316,대한통운종점 - 대한통운종점,30,큰마을아파트,0,0,0,4,7,3,12,9,9,15,16,11,17,15,17,10,21,10,9,6,0,0,0,0,
316,대한통운종점 - 대한통운종점,31,유승기업사,0,0,5,0,6,0,11,10,5,16,11,9,16,15,14,0,0,14,6,0,0,0,0,0,
316,대한통운종점 - 대한통운종점,32,탄방네거리,0,0,6,3,5,5,12,0,8,15,17,13,15,16,0,9,22,15,0,5,0,0,0,0,
316,대한통운종점 - 대한통운종점,33,롯데백화점,0,0,0,3,5,6,13,5,10,17,22,17,21,19,27,13,27,14,9,6,0,0,0,0,
316,대한통운종점 - 대한통운종점,34,용문역3번출구,0,0,0,4,8,8,7,9,13,17,25,17,23,21,31,16,29,16,11,8,0,0,0,0,
316,대한통운종점 - 대한통운종점,35,대전산업정보고,0,0,1,3,0,0,14,0,14,17,25,14,17,22,27,15,26,8,0,0,0,0,0,0,
316,대한통운종점 - 대한통운종점,36,래미안아파트2단지,0,0,7,5,6,8,12,11,15,15,19,0,21,20,24,14,24,15,8,0,0,0,0,0,
316,대한통운종점 - 대한통운종점,37,가장네거리,0,0,0,6,10,8,8,10,18,15,26,12,14,22,22,13,23,13,7,0,0,0,0,0,
316,대한통운종점 - 대한통운종점,38,가장교,0,0,0,5,5,7,0,9,8,16,0,12,0,10,11,0,20,0,0,0,0,0,0,0,
316,대한통운종점 - 대한통운종점,39,태평오거리,0,0,0,6,11,0,10,10,19,15,19,16,12,19,20,9,18,11,6,6,0,0,0,0,
316,대한통운종점 - 대한통운종점,40,삼부아파트,0,0,3,7,13,8,10,10,11,13,14,15,12,16,17,8,15,13,6,4,0,0,0,0,
316,대한통운종점 - 대한통운종점,41,버드내아파트,0,0,2,7,14,7,10,5,10,7,10,12,6,13,12,6,9,13,4,3,0,0,0,0,
316,대한통운종점 - 대한통운종점,42,서부종합시장,0,0,0,0,12,5,8,0,7,6,7,7,6,0,11,5,7,8,0,2,0,0,0,0,
316,대한통운종점 - 대한통운종점,43,서남부터미널,0,0,0,0,11,6,0,0,0,0,0,13,0,12,5,4,8,14,0,0,0,0,0,0,
316,대한통운종점 - 대한통운종점,44,머티네거리,0,0,0,6,10,5,0,4,8,5,0,5,5,11,10,3,7,12,0,0,0,0,0,0,
316,대한통운종점 - 대한통운종점,45,산성동행정복지센터,0,0,1,5,8,6,7,3,7,3,7,13,4,2,8,5,6,7,5,1,0,0,0,0,
316,대한통운종점 - 대한통운종점,46,한밭가든아파트,0,0,0,0,6,7,6,0,0,2,8,11,0,11,7,5,0,6,0,0,0,0,0,0,
316,대한통운종점 - 대한통운종점,47,신계초등학교,0,0,0,0,5,6,5,3,4,5,5,8,1,0,3,0,2,5,4,1,0,0,0,0,
316,대한통운종점 - 대한통운종점,48,초록마을네거리,0,0,0,0,0,5,3,3,5,4,4,3,2,11,1,4,4,4,1,0,0,0,0,0,
316,대한통운종점 - 대한통운종점,49,초록마을5단지,0,0,0,0,4,5,0,0,4,1,1,1,0,8,0,3,3,1,0,0,0,0,0,0,
316,대한통운종점 - 대한통운종점,50,안복수길,0,0,0,0,1,4,0,0,0,0,0,0,0,0,0,2,0,0,0,0,0,0,0,0,
316,대한통운종점 - 대한통운종점,51,복수동사정교,0,0,0,4,0,0,4,0,0,0,1,0,0,0,0,1,0,0,0,0,0,0,0,0,
316,대한통운종점 - 대한통운종점,52,사정교,0,0,0,3,2,0,0,2,2,3,3,0,0,0,0,0,0,0,0,0,0,0,0,0,
316,대한통운종점 - 대한통운종점,53,우남스타원아파트,0,0,0,1,0,6,0,0,0,2,1,2,1,3,0,0,0,0,0,0,0,0,0,0,
316,대한통운종점 - 대한통운종점,54,농산물유통센터,0,0,0,0,0,4,0,1,0,0,0,1,0,1,0,0,0,0,0,0,0,0,0,0,
316,대한통운종점 - 대한통운종점,55,안영생활체육단지,0,0,0,0,0,3,0,0,0,0,0,0,0,0,0,0,0,0,0,0,0,0,0,0,
316,대한통운종점 - 대한통운종점,56,한빛고교,0,0,0,0,0,0,0,0,0,0,0,0,0,0,0,0,0,0,0,0,0,0,0,0,
316,대한통운종점 - 대한통운종점,57,안영동검바위마을,0,0,0,0,0,0,0,0,0,1,0,0,0,0,0,0,0,0,0,0,0,0,0,0,
316,대한통운종점 - 대한통운종점,58,안영동검바위마을,0,0,0,0,0,0,0,2,0,0,0,0,0,0,0,0,0,0,0,0,0,0,0,0,
316,대한통운종점 - 대한통운종점,59,한빛고교,0,0,0,0,0,0,0,0,0,0,0,0,1,0,2,0,0,0,0,0,0,0,0,0,
316,대한통운종점 - 대한통운종점,60,한빛고교,0,0,0,0,0,0,0,0,0,0,0,0,0,0,0,0,1,0,0,0,0,0,0,0,
316,대한통운종점 - 대한통운종점,61,안영생활체육단지,0,0,0,0,0,0,0,0,0,0,0,0,3,0,0,0,2,0,0,0,0,0,0,0,
316,대한통운종점 - 대한통운종점,62,농산물유통센터,0,0,0,1,2,1,1,9,1,3,2,4,7,1,3,1,0,0,0,0,0,0,0,0,
316,대한통운종점 - 대한통운종점,63,우남스타원아파트,0,0,0,1,0,0,2,0,0,0,0,0,8,0,5,0,0,0,0,0,0,0,0,0,
316,대한통운종점 - 대한통운종점,64,사정교,0,0,0,0,2,0,3,9,1,4,1,5,7,2,4,2,0,1,1,0,0,0,0,0,
316,대한통운종점 - 대한통운종점,65,복수동사정교,0,0,0,2,0,0,1,0,0,0,1,3,0,0,0,0,0,0,0,0,0,0,0,0,
316,대한통운종점 - 대한통운종점,66,안복수길,0,0,0,0,0,0,0,0,0,0,0,5,3,3,5,0,0,0,0,0,0,0,0,0,
316,대한통운종점 - 대한통운종점,67,초록마을5단지,0,1,1,3,6,5,6,7,11,5,4,9,0,7,7,0,3,1,0,0,0,0,0,0,
316,대한통운종점 - 대한통운종점,68,초록마을3단지,0,3,0,0,6,10,2,8,13,4,0,6,7,10,0,3,4,0,1,0,0,0,0,0,
316,대한통운종점 - 대한통운종점,69,신계초등학교,0,0,0,0,7,8,0,11,0,7,5,11,0,0,8,0,0,0,0,0,0,0,0,0,
316,대한통운종점 - 대한통운종점,70,초록마을1단지,0,0,0,0,0,7,0,11,0,6,0,10,9,11,1,1,0,0,0,0,0,0,0,0,
316,대한통운종점 - 대한통운종점,71,한밭가든아파트,0,0,0,4,6,7,5,14,12,8,0,8,9,0,10,2,4,0,0,0,0,0,0,0,
316,대한통운종점 - 대한통운종점,72,산성시장,0,4,0,2,5,8,9,16,10,11,6,14,10,13,13,3,7,2,0,0,0,0,0,0,
316,대한통운종점 - 대한통운종점,73,머티네거리,0,0,0,5,5,10,10,15,0,4,0,0,0,0,0,0,0,0,0,0,0,0,0,0,
316,대한통운종점 - 대한통운종점,74,서부종합시장,0,4,0,6,6,7,13,15,9,12,8,13,8,3,15,2,7,0,0,0,0,0,0,0,
316,대한통운종점 - 대한통운종점,75,버드내아파트,0,6,0,9,10,12,17,15,18,13,10,15,11,11,16,4,9,4,2,0,0,0,0,0,
316,대한통운종점 - 대한통운종점,76,삼부아파트,0,1,6,12,14,12,19,19,21,20,12,21,13,9,21,8,14,6,3,0,0,0,0,0,
316,대한통운종점 - 대한통운종점,77,태평오거리,0,0,6,11,15,15,18,19,16,24,14,20,16,10,20,4,15,0,4,0,0,0,0,0,
316,대한통운종점 - 대한통운종점,78,가장교,0,0,0,12,16,15,0,16,20,0,13,21,15,10,20,3,4,1,0,0,0,0,0,0,
316,대한통운종점 - 대한통운종점,79,가장네거리,0,0,0,0,15,10,0,15,19,0,10,0,0,9,18,0,14,5,0,0,0,0,0,0,
316,대한통운종점 - 대한통운종점,80,래미안아파트1단지,0,3,7,5,14,16,16,21,20,27,16,0,15,11,19,3,0,6,4,0,0,0,0,0,
316,대한통운종점 - 대한통운종점,81,래미안아파트2단지,0,0,2,12,16,15,16,20,21,26,18,22,14,5,17,4,15,5,0,0,0,0,0,0,
316,대한통운종점 - 대한통운종점,82,대전산업정보고,0,4,6,6,13,16,17,22,0,25,18,23,14,12,14,4,0,3,5,0,0,0,0,0,
316,대한통운종점 - 대한통운종점,83,용문역5번출구,0,0,5,10,12,16,9,16,20,24,17,22,12,17,12,3,11,2,5,0,0,0,0,0,
316,대한통운종점 - 대한통운종점,84,서부농협본점,0,0,3,11,3,15,10,17,19,0,18,24,11,22,11,0,2,0,6,0,0,0,0,0,
316,대한통운종점 - 대한통운종점,85,개나리아파트,0,0,0,4,5,9,0,15,19,16,19,23,0,21,12,0,7,0,4,0,0,0,0,0,
316,대한통운종점 - 대한통운종점,86,대전상공회의소,0,0,0,3,4,7,4,14,20,16,18,23,6,3,8,0,6,0,0,0,0,0,0,0,
316,대한통운종점 - 대한통운종점,87,은하수네거리,0,3,2,1,7,8,8,10,13,8,10,19,9,6,6,6,5,4,3,3,0,0,0,0,
316,대한통운종점 - 대한통운종점,88,SK브로드밴드,0,0,0,0,6,5,7,8,10,10,11,21,11,8,5,0,0,5,0,4,0,0,0,0,
316,대한통운종점 - 대한통운종점,89,대전광역시청,0,2,0,0,6,4,0,7,8,0,9,16,13,0,0,3,0,0,0,0,0,0,0,0,
316,대한통운종점 - 대한통운종점,90,시청역,0,0,3,0,4,5,5,2,10,12,9,16,10,7,7,5,8,7,6,5,0,0,0,0,
316,대한통운종점 - 대한통운종점,91,목련아파트,0,0,0,0,0,6,4,1,8,9,6,13,9,3,6,3,0,6,0,6,0,0,0,0,
316,대한통운종점 - 대한통운종점,92,국화아파트,0,0,2,0,2,6,2,1,6,5,6,7,9,0,4,1,5,6,5,0,0,0,0,0,
316,대한통운종점 - 대한통운종점,93,가람아파트,0,0,0,0,1,8,4,3,6,4,4,4,8,3,2,3,5,3,3,0,0,0,0,0,
316,대한통운종점 - 대한통운종점,94,오정농수산오거리,0,0,1,0,0,5,2,1,4,1,4,0,7,0,2,0,4,1,4,3,0,0,0,0,
316,대한통운종점 - 대한통운종점,95,오정동행정복지센터,0,0,0,0,0,4,2,0,3,2,2,0,0,2,3,0,3,2,0,0,0,0,0,0,
316,대한통운종점 - 대한통운종점,96,한남오거리(BRT),0,0,0,3,0,5,0,0,2,0,0,0,10,0,2,0,2,0,0,0,0,0,0,0,
316,대한통운종점 - 대한통운종점,97,한남오거리,0,0,2,2,0,4,0,1,1,0,3,2,8,1,1,1,1,1,0,0,0,0,0,0,
316,대한통운종점 - 대한통운종점,98,오정우체국,0,0,0,0,0,3,0,0,2,0,0,1,7,0,0,0,0,0,0,0,0,0,0,0,
316,대한통운종점 - 대한통운종점,99,오정네거리,0,0,0,0,1,0,0,0,0,0,0,0,5,0,0,3,0,0,0,0,0,0,0,0,
316,대한통운종점 - 대한통운종점,100,대전병원,0,0,3,0,3,2,0,3,0,3,4,0,4,1,0,4,0,0,3,0,0,0,0,0,
316,대한통운종점 - 대한통운종점,101,체육재활원,0,0,0,0,2,0,0,0,0,0,0,2,3,0,0,0,0,0,2,0,0,0,0,0,
316,대한통운종점 - 대한통운종점,102,원명학교,0,0,2,1,0,0,1,2,1,0,0,0,1,0,1,2,2,0,1,1,0,0,0,0,
316,대한통운종점 - 대한통운종점,103,대화동행정복지센터,0,0,2,0,0,0,1,0,0,0,0,1,0,1,0,1,0,0,0,0,0,0,0,0,
316,대한통운종점 - 대한통운종점,104,부국레미콘,0,0,0,0,0,0,0,1,0,0,0,0,0,0,0,0,0,0,0,0,0,0,0,0,
316,대한통운종점 - 대한통운종점,105,공구백화점,0,0,0,0,0,0,0,0,0,0,0,0,0,0,0,0,0,0,0,0,0,0,0,0,
316,대한통운종점 - 대한통운종점,106,동아연필,0,0,0,0,0,0,0,0,0,0,0,0,0,0,0,0,0,0,0,0,0,0,0,0,
316,대한통운종점 - 대한통운종점,107,펜타플렉스,0,0,0,0,0,0,0,3,0,0,0,0,0,0,0,0,0,0,0,0,0,0,0,0,
316,대한통운종점 - 대한통운종점,108,롯데택배,0,0,1,0,0,0,0,0,0,0,0,0,0,0,0,0,0,0,0,0,0,0,0,0,
316,대한통운종점 - 대한통운종점,109,세원화성,0,0,0,0,0,0,0,1,0,0,0,0,0,0,0,0,0,0,0,0,0,0,0,0,
316,대한통운종점 - 대한통운종점,110,동아교재,0,0,0,0,0,0,0,1,0,0,0,0,0,0,0,0,0,0,0,0,0,0,0,0,
316,대한통운종점 - 대한통운종점,111,당아래,0,0,0,0,0,0,1,0,0,0,0,0,0,0,0,0,0,0,0,0,0,0,0,0,
316,대한통운종점 - 대한통운종점,112,회덕동주민센터,0,0,0,0,0,0,0,0,0,0,0,1,0,0,0,0,0,0,0,0,0,0,0,0,
316,대한통운종점 - 대한통운종점,113,대한통운,0,0,0,0,0,0,0,0,0,0,0,0,0,0,0,0,0,0,0,0,0,0,0,0,
316,대한통운종점 - 대한통운종점,114,대한통운종점,0,0,0,0,0,0,0,0,0,0,0,0,0,0,0,0,0,0,0,0,0,0,0,0,
317,대전역동광장종점 - 대전역동광장종점,1,대전역동광장종점,0,0,0,0,0,0,0,0,0,0,0,0,0,0,0,0,0,0,0,0,0,0,0,0,
317,대전역동광장종점 - 대전역동광장종점,2,대전역동광장종점,0,0,0,0,0,0,0,0,0,0,0,0,0,0,0,0,0,0,0,0,0,0,0,0,
317,대전역동광장종점 - 대전역동광장종점,3,대전역/중앙시장,0,0,1,0,0,0,0,0,1,1,1,1,1,1,2,0,0,0,0,0,0,0,0,0,
317,대전역동광장종점 - 대전역동광장종점,4,이스트시티아파트,0,0,0,0,2,0,0,0,2,2,0,0,0,0,0,0,0,0,0,0,0,0,0,0,
317,대전역동광장종점 - 대전역동광장종점,5,대동역2번출구,0,0,0,0,3,0,1,0,0,0,1,2,0,0,1,0,0,0,0,0,0,0,0,0,
317,대전역동광장종점 - 대전역동광장종점,6,신안동,0,0,0,0,1,0,0,0,3,0,0,3,0,0,0,0,0,0,0,0,0,0,0,0,
317,대전역동광장종점 - 대전역동광장종점,7,중앙동주민센터,0,0,0,0,0,0,0,0,0,0,0,0,0,0,3,0,0,1,0,0,0,0,0,0,
317,대전역동광장종점 - 대전역동광장종점,8,대성여자고등학교,0,0,0,0,1,0,0,0,0,0,2,2,0,1,0,0,0,0,0,0,0,0,0,0,
317,대전역동광장종점 - 대전역동광장종점,9,성남네거리,0,0,1,0,3,0,2,1,7,0,0,5,0,0,4,0,0,2,0,0,0,0,0,0,
317,대전역동광장종점 - 대전역동광장종점,10,한밭중네거리,0,0,0,0,4,0,0,0,0,1,1,6,0,3,0,0,0,0,0,0,0,0,0,0,
317,대전역동광장종점 - 대전역동광장종점,11,북부교,0,0,0,0,0,1,0,0,2,0,1,5,1,0,0,0,0,0,0,0,0,0,0,0,
317,대전역동광장종점 - 대전역동광장종점,12,삼성동행정복지센터,0,0,0,0,0,1,0,4,4,2,0,2,2,2,3,3,0,0,1,0,0,0,0,0,
317,대전역동광장종점 - 대전역동광장종점,13,현암교,0,0,3,2,6,2,0,6,5,7,2,4,2,5,5,0,0,0,0,0,0,0,0,0,
317,대전역동광장종점 - 대전역동광장종점,14,중촌네거리,0,0,2,3,5,3,4,3,3,0,4,2,3,0,0,0,1,3,0,0,0,0,0,0,
317,대전역동광장종점 - 대전역동광장종점,15,목동네거리,0,0,0,3,3,5,5,5,8,0,6,0,3,5,4,6,2,0,0,0,0,0,0,0,
317,대전역동광장종점 - 대전역동광장종점,16,대성중고등학교,0,0,0,4,0,4,0,7,7,8,6,2,6,7,0,1,2,0,0,0,0,0,0,0,
317,대전역동광장종점 - 대전역동광장종점,17,오룡역6번출구,0,0,2,3,0,0,7,4,6,0,5,0,0,5,3,0,1,0,0,0,0,0,0,0,
317,대전역동광장종점 - 대전역동광장종점,18,오룡역3번출구,0,0,4,2,2,3,5,6,0,7,7,3,5,6,3,7,0,2,1,0,0,0,0,0,
317,대전역동광장종점 - 대전역동광장종점,19,태평시장,0,0,1,0,1,3,0,3,5,5,6,2,6,5,2,8,0,1,0,0,0,0,0,0,
317,대전역동광장종점 - 대전역동광장종점,20,태평초등학교,0,0,3,0,3,3,4,1,3,0,5,1,3,3,0,6,0,0,0,0,0,0,0,0,
317,대전역동광장종점 - 대전역동광장종점,21,버드내아파트,0,0,1,3,2,3,5,0,0,6,4,5,3,4,2,2,5,0,0,0,0,0,0,0,
317,대전역동광장종점 - 대전역동광장종점,22,버드내네거리,0,0,0,4,2,3,4,1,4,5,8,0,2,2,2,3,3,2,0,0,0,0,0,0,
317,대전역동광장종점 - 대전역동광장종점,23,유천시장,0,0,0,3,1,0,0,0,0,5,7,3,1,0,1,0,0,0,0,0,0,0,0,0,
317,대전역동광장종점 - 대전역동광장종점,24,서대전육교,0,0,0,2,2,0,5,0,0,8,0,6,0,4,0,0,4,0,0,0,0,0,0,0,
317,대전역동광장종점 - 대전역동광장종점,25,문화동삼익아파트,0,0,1,1,0,0,2,0,5,0,7,7,3,0,0,4,3,1,3,0,0,0,0,0,
317,대전역동광장종점 - 대전역동광장종점,26,센트럴파크1단지,0,0,0,0,1,0,0,0,0,5,0,5,2,0,0,2,1,0,0,0,0,0,0,0,
317,대전역동광장종점 - 대전역동광장종점,27,대전국제통상고,0,0,0,0,1,0,0,0,0,7,9,6,2,0,0,0,5,2,0,0,0,0,0,0,
317,대전역동광장종점 - 대전역동광장종점,28,한국산업인력공단,0,0,2,1,0,1,4,0,5,8,8,5,0,3,2,1,4,0,1,0,0,0,0,0,
317,대전역동광장종점 - 대전역동광장종점,29,과례마을,0,0,5,2,2,2,0,0,4,9,8,3,4,1,0,0,0,3,0,0,0,0,0,0,
317,대전역동광장종점 - 대전역동광장종점,30,대전동부교육지원청,0,0,7,0,0,3,5,2,5,11,7,7,0,2,0,0,3,5,0,0,0,0,0,0,
317,대전역동광장종점 - 대전역동광장종점,31,충남대학교병원,0,0,9,3,0,0,0,0,6,10,9,7,0,1,3,0,2,0,0,0,0,0,0,0,
317,대전역동광장종점 - 대전역동광장종점,32,대전광역시노인복지관,0,0,8,0,2,3,1,6,7,11,11,9,7,1,0,1,0,0,0,0,0,0,0,0,
317,대전역동광장종점 - 대전역동광장종점,33,대고오거리,0,0,0,2,0,3,0,7,6,8,13,15,0,2,5,6,0,3,0,0,0,0,0,0,
317,대전역동광장종점 - 대전역동광장종점,34,중구청,0,0,0,0,0,2,0,0,3,7,0,0,0,1,7,0,1,0,0,0,0,0,0,0,
317,대전역동광장종점 - 대전역동광장종점,35,중앙로역4번출구,0,0,0,0,0,3,0,5,5,5,10,1,6,0,0,5,0,2,0,0,0,0,0,0,
317,대전역동광장종점 - 대전역동광장종점,36,으능정이거리,0,0,0,0,0,1,0,5,3,2,10,0,12,1,3,4,0,1,0,0,0,0,0,0,
317,대전역동광장종점 - 대전역동광장종점,37,대전역,0,0,0,1,0,0,0,2,2,0,7,1,7,0,0,0,0,0,0,0,0,0,0,0,
317,대전역동광장종점 - 대전역동광장종점,38,대전역동광장,0,0,0,0,0,0,0,0,0,0,0,0,0,0,0,0,0,0,0,0,0,0,0,0,
317,대전역동광장종점 - 대전역동광장종점,39,대전역동광장,0,0,0,0,0,0,0,0,0,0,1,0,0,1,0,0,0,0,0,0,0,0,0,0,
317,대전역동광장종점 - 대전역동광장종점,40,대전역동광장,0,0,0,0,0,0,0,0,0,0,2,1,0,0,0,0,0,0,1,0,0,0,0,0,
317,대전역동광장종점 - 대전역동광장종점,41,목척교,0,0,0,1,1,0,3,2,3,2,5,4,13,5,4,2,4,0,4,0,0,0,0,0,
317,대전역동광장종점 - 대전역동광장종점,42,으능정이거리,0,0,0,0,0,0,0,0,0,3,2,6,0,5,5,3,6,0,3,0,0,0,0,0,
317,대전역동광장종점 - 대전역동광장종점,43,중앙로역6번출구,0,0,0,0,2,1,1,0,3,9,3,8,8,7,10,4,11,0,0,0,0,0,0,0,
317,대전역동광장종점 - 대전역동광장종점,44,대고오거리,0,0,2,2,2,3,3,4,0,10,5,9,7,8,0,0,13,0,0,0,0,0,0,0,
317,대전역동광장종점 - 대전역동광장종점,45,대전광역시노인복지관,0,0,0,0,0,4,0,3,1,7,6,8,14,0,9,0,0,0,0,0,0,0,0,0,
317,대전역동광장종점 - 대전역동광장종점,46,테미삼거리,0,0,1,0,1,4,4,2,0,0,0,0,14,0,9,3,0,0,2,0,0,0,0,0,
317,대전역동광장종점 - 대전역동광장종점,47,충남대학교병원,0,0,0,1,0,4,4,3,2,8,4,9,15,7,11,3,11,5,0,0,0,0,0,0,
317,대전역동광장종점 - 대전역동광장종점,48,대전동부교육지원청,0,0,0,0,2,5,5,1,0,5,5,4,10,5,10,2,0,0,1,0,0,0,0,0,
317,대전역동광장종점 - 대전역동광장종점,49,과례마을,0,0,0,2,1,0,0,0,1,1,2,2,7,3,7,0,9,2,0,0,0,0,0,0,
317,대전역동광장종점 - 대전역동광장종점,50,한밭도서관,0,0,1,0,3,0,8,0,0,4,3,3,7,0,6,1,7,1,0,0,0,0,0,0,
317,대전역동광장종점 - 대전역동광장종점,51,대전국제통상고,0,0,0,2,0,3,0,1,5,3,0,0,6,1,4,0,5,0,0,0,0,0,0,0,
317,대전역동광장종점 - 대전역동광장종점,52,센트럴파크1단지,0,0,1,3,0,4,0,1,7,5,4,3,8,4,5,0,3,2,0,0,0,0,0,0,
317,대전역동광장종점 - 대전역동광장종점,53,유천동현대아파트,0,0,0,2,2,5,5,0,6,1,2,3,8,3,2,5,0,0,0,0,0,0,0,0,
317,대전역동광장종점 - 대전역동광장종점,54,유천동서대전농협,0,0,0,1,0,5,2,0,3,2,0,4,8,4,6,6,2,0,0,0,0,0,0,0,
317,대전역동광장종점 - 대전역동광장종점,55,버드내아파트,0,0,2,0,2,5,4,0,8,5,4,2,6,3,5,5,2,1,2,0,0,0,0,0,
317,대전역동광장종점 - 대전역동광장종점,56,태평초등학교,0,0,3,3,3,7,5,0,9,6,7,4,5,0,3,5,3,1,0,0,0,0,0,0,
317,대전역동광장종점 - 대전역동광장종점,57,태평시장,0,0,4,3,3,6,3,0,8,5,11,5,4,4,0,0,1,5,0,0,0,0,0,0,
317,대전역동광장종점 - 대전역동광장종점,58,태평1동주민센터,0,0,5,6,4,7,6,0,0,8,13,7,7,4,4,6,3,0,0,2,0,0,0,0,
317,대전역동광장종점 - 대전역동광장종점,59,오룡역2번출구,0,0,5,5,3,4,5,0,5,0,5,4,5,4,2,5,0,4,0,0,0,0,0,0,
317,대전역동광장종점 - 대전역동광장종점,60,오룡역7번출구,0,0,0,1,4,0,0,0,4,10,5,7,0,4,0,0,0,5,0,3,0,0,0,0,
317,대전역동광장종점 - 대전역동광장종점,61,충남여자중고등학교,0,0,4,0,3,4,2,0,4,8,4,5,6,0,1,0,0,0,0,1,0,0,0,0,
317,대전역동광장종점 - 대전역동광장종점,62,한사랑아파트,0,0,3,0,3,4,1,0,4,7,5,2,5,4,0,2,1,3,1,0,0,0,0,0,
317,대전역동광장종점 - 대전역동광장종점,63,중촌네거리,0,0,0,0,2,4,0,0,0,9,2,0,6,4,5,2,0,4,0,0,0,0,0,0,
317,대전역동광장종점 - 대전역동광장종점,64,대전하늘채스카이앤,0,0,0,0,0,0,0,0,3,0,0,0,0,0,4,1,0,2,0,0,0,0,0,0,
317,대전역동광장종점 - 대전역동광장종점,65,현암교,0,0,2,0,3,0,0,0,4,10,2,1,0,3,3,0,0,0,0,0,0,0,0,0,
317,대전역동광장종점 - 대전역동광장종점,66,삼성동행정복지센터,0,0,1,0,1,0,0,0,5,8,3,0,5,0,0,0,0,1,0,0,0,0,0,0,
317,대전역동광장종점 - 대전역동광장종점,67,북부교,0,0,0,0,0,3,0,1,0,7,0,0,0,0,0,0,0,0,0,0,0,0,0,0,
317,대전역동광장종점 - 대전역동광장종점,68,한밭중네거리,0,0,0,0,1,0,1,0,4,0,2,0,0,4,4,0,0,0,0,0,0,0,0,0,
317,대전역동광장종점 - 대전역동광장종점,69,계룡디지텍고입구,0,0,0,0,2,0,0,1,3,4,3,0,3,3,2,0,0,0,0,0,0,0,0,0,
317,대전역동광장종점 - 대전역동광장종점,70,성남네거리,0,0,0,0,0,0,0,0,0,0,0,0,4,2,0,0,0,0,0,0,0,0,0,0,
317,대전역동광장종점 - 대전역동광장종점,71,대성여자고등학교,0,0,0,0,2,0,3,2,0,0,0,0,0,0,0,0,0,0,0,0,0,0,0,0,
317,대전역동광장종점 - 대전역동광장종점,72,중앙동주민센터,0,0,0,0,0,0,0,0,0,3,0,0,3,1,0,0,0,0,0,0,0,0,0,0,
317,대전역동광장종점 - 대전역동광장종점,73,신안동,0,0,0,0,0,0,1,0,4,0,0,0,2,0,0,0,0,0,0,0,0,0,0,0,
317,대전역동광장종점 - 대전역동광장종점,74,대동역3번출구,0,0,0,0,0,0,0,3,0,0,0,0,1,0,0,0,0,0,0,0,0,0,0,0,
317,대전역동광장종점 - 대전역동광장종점,75,대전화병원,0,0,0,0,1,0,0,4,0,0,0,0,0,0,0,0,0,0,0,0,0,0,0,0,
317,대전역동광장종점 - 대전역동광장종점,76,중앙시장,0,0,0,0,0,0,0,1,2,2,0,0,0,0,0,0,0,0,0,0,0,0,0,0,
317,대전역동광장종점 - 대전역동광장종점,77,대전역/역전시장,0,0,0,0,0,0,0,0,0,0,0,0,0,0,0,0,0,0,0,0,0,0,0,0,
317,대전역동광장종점 - 대전역동광장종점,78,대전역동광장,0,0,0,0,0,0,0,0,0,0,0,0,0,0,0,0,0,0,0,0,0,0,0,0,
317,대전역동광장종점 - 대전역동광장종점,79,대전역동광장종점,0,0,0,0,0,0,0,0,0,0,0,0,0,0,0,0,0,0,0,0,0,0,0,0,
318,윗사정삼거리 - 오월드기점지,1,윗사정삼거리,0,0,0,0,0,0,0,0,0,0,0,0,0,2,0,0,0,0,0,0,0,0,0,0,
318,윗사정삼거리 - 오월드기점지,2,윗사정삼거리,0,0,0,0,0,0,3,4,1,0,2,0,0,0,0,0,0,0,0,0,0,0,0,0,
318,윗사정삼거리 - 오월드기점지,3,오월드,0,0,0,0,0,0,0,0,0,0,0,0,2,3,1,0,1,2,3,0,0,0,0,0,
318,윗사정삼거리 - 오월드기점지,4,오월드회전교차로,0,0,0,0,0,0,0,0,0,0,0,0,0,1,0,0,0,0,0,0,0,0,0,0,
318,윗사정삼거리 - 오월드기점지,5,상당,0,0,0,0,1,0,0,0,0,1,3,0,0,3,0,0,0,0,0,0,0,0,0,0,
318,윗사정삼거리 - 오월드기점지,6,산성어린이도서관,0,0,0,0,1,1,4,4,1,0,4,1,0,0,3,0,2,1,0,0,0,0,0,0,
318,윗사정삼거리 - 오월드기점지,7,사정동,0,1,2,2,1,4,5,3,2,3,5,5,3,0,5,2,4,4,1,0,0,0,0,0,
318,윗사정삼거리 - 오월드기점지,8,산성초등학교,0,0,0,3,4,6,0,4,3,1,0,0,3,4,0,0,0,0,0,0,0,0,0,0,
318,윗사정삼거리 - 오월드기점지,9,산성네거리,0,0,3,1,5,9,1,6,0,2,0,6,5,5,2,2,0,3,0,0,0,0,0,0,
318,윗사정삼거리 - 오월드기점지,10,산성시장,0,0,2,5,7,15,7,10,5,4,6,8,9,6,6,1,7,6,0,0,0,0,0,0,
318,윗사정삼거리 - 오월드기점지,11,문성초등학교입구,0,2,4,5,13,8,10,12,4,4,7,11,5,7,8,2,0,0,0,0,0,0,0,0,
318,윗사정삼거리 - 오월드기점지,12,산성우성아파트,0,3,0,7,16,19,12,10,5,6,9,9,7,8,9,4,8,5,0,0,0,0,0,0,
318,윗사정삼거리 - 오월드기점지,13,문화초등학교,0,0,0,0,19,13,13,12,7,8,10,12,8,7,8,0,1,4,3,0,0,0,0,0,
318,윗사정삼거리 - 오월드기점지,14,유천2동주민센터,0,0,2,10,21,20,15,17,14,13,13,12,10,3,10,5,9,0,4,0,0,0,0,0,
318,윗사정삼거리 - 오월드기점지,15,유천네거리,0,4,3,7,21,18,15,17,14,12,15,13,10,4,12,6,2,5,5,0,0,0,0,0,
318,윗사정삼거리 - 오월드기점지,16,쌍용예가아파트,0,8,6,10,23,19,22,24,19,14,19,15,10,11,14,6,10,0,6,0,0,0,0,0,
318,윗사정삼거리 - 오월드기점지,17,서대전역입구,0,0,4,15,28,22,29,34,29,27,36,23,17,15,27,24,8,16,8,0,0,0,0,0,
318,윗사정삼거리 - 오월드기점지,18,푸른뫼아파트,0,0,0,11,30,26,30,29,32,17,39,25,20,0,11,25,7,17,9,0,0,0,0,0,
318,윗사정삼거리 - 오월드기점지,19,유등마을아파트,0,9,5,11,31,32,34,40,35,29,42,24,7,14,27,26,8,18,6,0,0,0,0,0,
318,윗사정삼거리 - 오월드기점지,20,용문역8번출구,0,0,5,12,15,21,29,31,33,26,41,18,22,16,17,22,7,14,8,0,0,0,0,0,
318,윗사정삼거리 - 오월드기점지,21,용문역5번출구,0,0,8,13,14,22,27,28,39,28,40,19,20,18,29,22,9,19,9,0,0,0,0,0,
318,윗사정삼거리 - 오월드기점지,22,서부농협본점,0,0,0,12,15,23,30,29,41,27,36,18,26,21,28,20,9,20,11,0,0,0,0,0,
318,윗사정삼거리 - 오월드기점지,23,개나리아파트,0,0,7,9,16,21,31,29,39,27,35,16,18,23,25,21,0,18,10,4,0,0,0,0,
318,윗사정삼거리 - 오월드기점지,24,대전상공회의소,0,0,0,11,15,19,28,29,37,27,30,29,0,10,23,19,0,15,8,0,0,0,0,0,
318,윗사정삼거리 - 오월드기점지,25,은하수네거리,0,0,8,10,14,17,23,27,23,27,21,17,14,15,20,12,4,12,9,2,0,0,0,0,
318,윗사정삼거리 - 오월드기점지,26,파랑새네거리,0,0,7,9,16,20,16,21,23,19,24,15,15,12,17,11,7,9,6,0,0,0,0,0,
318,윗사정삼거리 - 오월드기점지,27,둔산경찰서,0,0,6,11,19,22,20,24,21,21,29,20,14,15,18,11,6,13,10,5,0,0,0,0,
318,윗사정삼거리 - 오월드기점지,28,정부대전청사서문,0,0,0,8,17,20,19,21,8,19,0,19,15,11,16,10,6,0,8,0,0,0,0,0,
318,윗사정삼거리 - 오월드기점지,29,서구보건소,0,0,5,7,13,18,14,15,10,16,23,16,7,8,11,6,3,5,4,3,0,0,0,0,
318,윗사정삼거리 - 오월드기점지,30,신세계백화점,0,0,3,0,6,3,4,7,2,7,8,7,3,4,8,5,5,3,3,0,0,0,0,0,
318,윗사정삼거리 - 오월드기점지,31,대덕중학교,0,0,0,2,0,0,3,4,3,6,6,6,2,0,0,7,0,0,0,0,0,0,0,0,
318,윗사정삼거리 - 오월드기점지,32,공동관리아파트,0,0,0,0,0,0,0,2,0,0,0,0,1,0,0,6,4,0,0,2,0,0,0,0,
318,윗사정삼거리 - 오월드기점지,33,연구단지네거리,0,0,3,2,4,1,2,2,2,3,2,7,0,6,6,3,0,1,1,0,0,0,0,0,
318,윗사정삼거리 - 오월드기점지,34,한국표준과학연구원,0,0,0,0,3,0,0,1,2,0,0,4,3,5,5,1,2,0,0,0,0,0,0,0,
318,윗사정삼거리 - 오월드기점지,35,과학기술연합대학원(UST),0,0,2,0,2,0,0,0,0,2,0,0,0,0,2,0,0,0,0,0,0,0,0,0,
318,윗사정삼거리 - 오월드기점지,36,한국연구재단,0,0,0,0,1,0,0,0,0,0,0,0,2,2,2,1,0,0,0,0,0,0,0,0,
318,윗사정삼거리 - 오월드기점지,37,대덕대학,0,0,0,1,0,0,0,1,1,1,0,3,0,0,1,0,0,0,0,0,0,0,0,0,
318,윗사정삼거리 - 오월드기점지,38,대덕대학교,0,0,0,0,0,0,1,2,4,2,2,3,2,0,2,2,1,0,2,0,0,0,0,0,
318,윗사정삼거리 - 오월드기점지,39,한국전자통신연구원,0,0,0,0,0,0,3,3,1,0,0,0,4,3,3,0,0,0,0,0,0,0,0,0,
318,윗사정삼거리 - 오월드기점지,40,한국표준과학연구원,0,0,1,1,1,1,3,0,1,3,0,0,0,4,1,0,0,0,0,0,0,0,0,0,
318,윗사정삼거리 - 오월드기점지,41,SK뷰아파트,0,0,2,0,0,1,3,5,4,1,0,3,3,2,2,3,1,1,1,0,0,0,0,0,
318,윗사정삼거리 - 오월드기점지,42,공동관리아파트,0,1,1,0,0,2,6,7,5,0,4,6,0,5,3,4,2,0,0,0,0,0,0,0,
318,윗사정삼거리 - 오월드기점지,43,대덕중학교,0,0,0,0,2,4,7,5,7,5,3,8,5,0,4,0,0,3,0,0,0,0,0,0,
318,윗사정삼거리 - 오월드기점지,44,국립중앙과학관입구,0,0,0,1,0,2,6,0,10,8,5,15,12,20,12,12,16,8,5,0,0,0,0,0,
318,윗사정삼거리 - 오월드기점지,45,서구보건소,0,0,1,2,6,4,13,10,23,18,14,22,19,34,26,13,20,6,5,0,0,0,0,0,
318,윗사정삼거리 - 오월드기점지,46,선사유적지,0,1,1,0,7,11,14,9,20,19,14,23,22,35,28,9,6,7,7,0,0,0,0,0,
318,윗사정삼거리 - 오월드기점지,47,통계센터,0,0,0,2,7,8,16,10,25,23,12,21,20,30,29,10,20,8,5,0,0,0,0,0,
318,윗사정삼거리 - 오월드기점지,48,이마트,0,0,0,0,5,11,16,9,26,22,11,21,23,26,27,9,21,11,7,0,0,0,0,0,
318,윗사정삼거리 - 오월드기점지,49,갤러리아타임월드,0,0,0,2,6,13,16,10,23,20,14,18,26,23,27,14,26,12,7,0,0,0,0,0,
318,윗사정삼거리 - 오월드기점지,50,은하수네거리,0,0,2,3,5,13,17,11,29,18,17,22,32,27,27,20,28,11,15,0,0,0,0,0,
318,윗사정삼거리 - 오월드기점지,51,큰마을아파트,0,0,3,0,15,16,18,15,30,19,21,20,33,27,29,22,25,10,9,0,0,0,0,0,
318,윗사정삼거리 - 오월드기점지,52,유승기업사,0,0,5,4,17,16,19,11,29,19,0,0,34,28,27,23,23,11,12,0,0,0,0,0,
318,윗사정삼거리 - 오월드기점지,53,탄방네거리,0,0,5,5,9,14,20,16,22,14,16,22,36,29,26,20,21,27,14,0,0,0,0,0,
318,윗사정삼거리 - 오월드기점지,54,롯데백화점,0,0,6,5,14,10,12,13,20,18,24,27,35,33,34,28,22,23,14,0,0,0,0,0,
318,윗사정삼거리 - 오월드기점지,55,용문역1번출구,0,0,0,4,12,8,10,22,22,18,28,30,39,36,37,31,23,22,15,0,0,0,0,0,
318,윗사정삼거리 - 오월드기점지,56,유등마을아파트,0,0,5,5,0,8,0,20,9,21,21,27,37,32,21,17,21,16,14,0,0,0,0,0,
318,윗사정삼거리 - 오월드기점지,57,푸른뫼아파트,0,0,3,6,0,6,11,15,9,15,20,27,35,29,36,30,13,18,8,0,0,0,0,0,
318,윗사정삼거리 - 오월드기점지,58,서대전역입구,0,0,3,3,9,4,8,19,8,13,13,16,21,19,15,12,11,13,9,0,0,0,0,0,
318,윗사정삼거리 - 오월드기점지,59,쌍용예가아파트,0,0,4,5,6,5,7,17,11,16,16,13,18,15,12,10,8,10,12,0,0,0,0,0,
318,윗사정삼거리 - 오월드기점지,60,유천네거리,0,0,2,6,7,5,5,7,9,6,17,12,17,12,8,7,6,7,12,0,0,0,0,0,
318,윗사정삼거리 - 오월드기점지,61,유천2동주민센터,0,0,0,0,10,5,3,12,11,16,12,12,13,9,5,10,5,4,10,6,0,0,0,0,
318,윗사정삼거리 - 오월드기점지,62,문화초등학교,0,0,2,3,11,6,4,6,12,14,11,11,10,6,6,9,2,1,9,5,0,0,0,0,
318,윗사정삼거리 - 오월드기점지,63,산성우성아파트,0,0,0,5,12,7,7,0,13,8,11,9,8,5,4,8,0,0,7,3,0,0,0,0,
318,윗사정삼거리 - 오월드기점지,64,문성초등학교입구,0,0,0,5,0,9,0,5,12,6,0,7,7,1,5,7,4,0,6,2,0,0,0,0,
318,윗사정삼거리 - 오월드기점지,65,머티네거리,0,0,2,3,11,8,6,0,11,7,0,6,0,6,4,6,0,3,5,0,0,0,0,0,
318,윗사정삼거리 - 오월드기점지,66,산성동행정복지센터,0,0,1,4,12,6,4,4,9,7,9,2,4,6,5,3,0,2,1,0,0,0,0,0,
318,윗사정삼거리 - 오월드기점지,67,산성네거리,0,0,0,4,13,5,3,3,7,3,7,0,5,3,3,2,0,1,0,1,0,0,0,0,
318,윗사정삼거리 - 오월드기점지,68,산성초등학교,0,0,0,3,4,3,1,0,0,2,0,0,4,0,2,2,0,1,0,0,0,0,0,0,
318,윗사정삼거리 - 오월드기점지,69,사정동,0,0,0,2,14,4,1,2,5,2,6,0,0,1,0,1,0,0,0,0,0,0,0,0,
318,윗사정삼거리 - 오월드기점지,70,산성어린이도서관,0,0,0,0,14,0,0,0,0,0,4,0,0,0,0,0,0,0,0,0,0,0,0,0,
318,윗사정삼거리 - 오월드기점지,71,상당,0,0,0,0,1,1,0,0,0,0,0,0,0,0,0,0,0,0,0,0,0,0,0,0,
318,윗사정삼거리 - 오월드기점지,72,오월드회전교차로,0,0,0,0,0,0,0,0,0,0,1,0,0,0,0,0,0,0,0,0,0,0,0,0,
318,윗사정삼거리 - 오월드기점지,73,오월드,0,0,1,1,7,0,0,0,1,0,2,0,0,0,0,0,0,0,0,0,0,0,0,0,
318,윗사정삼거리 - 오월드기점지,74,윗사정삼거리,0,0,0,0,0,0,0,0,0,0,0,0,0,0,0,0,0,0,0,0,0,0,0,0,
318,윗사정삼거리 - 오월드기점지,75,오월드기점지,0,0,0,0,0,0,0,0,0,0,0,0,0,0,0,0,0,0,0,0,0,0,0,0,
32,서남부터미널기점 - 서남부터미널종점,1,서남부터미널기점,0,0,0,3,0,1,0,0,0,0,0,0,0,0,0,0,0,0,0,0,0,0,0,0,
32,서남부터미널기점 - 서남부터미널종점,2,버드내아파트,0,0,0,7,0,7,0,0,0,0,0,0,0,0,0,0,0,0,0,0,0,0,0,0,
32,서남부터미널기점 - 서남부터미널종점,3,서부종합시장,0,0,0,0,0,0,0,0,0,1,0,0,0,0,0,0,0,0,0,0,0,0,0,0,
32,서남부터미널기점 - 서남부터미널종점,4,서남부터미널,0,0,0,0,0,0,0,2,0,0,0,0,0,0,0,0,0,0,1,0,0,0,0,0,
32,서남부터미널기점 - 서남부터미널종점,5,머티네거리,0,0,0,8,0,0,0,0,0,0,0,0,0,0,0,0,0,0,0,0,0,0,0,0,
32,서남부터미널기점 - 서남부터미널종점,6,산성동행정복지센터,0,0,0,9,0,19,0,3,0,0,2,0,1,0,0,0,1,0,0,0,0,0,0,0,
32,서남부터미널기점 - 서남부터미널종점,7,산성네거리,0,0,0,10,0,22,0,4,0,3,4,0,5,0,0,0,0,0,0,0,0,0,0,0,
32,서남부터미널기점 - 서남부터미널종점,8,산성초등학교,0,0,0,0,0,0,0,3,0,0,0,0,0,0,1,0,0,0,0,0,0,0,0,0,
32,서남부터미널기점 - 서남부터미널종점,9,사정동,0,0,0,12,0,24,0,0,0,0,0,0,0,0,0,0,0,0,0,0,0,0,0,0,
32,서남부터미널기점 - 서남부터미널종점,10,산성어린이도서관,0,0,0,0,0,0,0,0,0,0,4,0,0,0,0,0,0,0,0,0,0,0,0,0,
32,서남부터미널기점 - 서남부터미널종점,11,상당,0,0,0,0,0,0,0,0,0,0,4,0,0,0,0,0,0,0,0,0,0,0,0,0,
32,서남부터미널기점 - 서남부터미널종점,12,오월드회전교차로,0,0,0,0,0,0,0,0,0,0,4,0,0,0,0,0,0,0,0,0,0,0,0,0,
32,서남부터미널기점 - 서남부터미널종점,13,보문산교통광장,0,0,0,0,0,0,0,0,0,0,4,0,0,0,0,0,0,0,0,0,0,0,0,0,
32,서남부터미널기점 - 서남부터미널종점,14,침산동입구,0,0,0,0,0,20,0,0,0,0,0,0,0,0,0,0,0,0,0,0,0,0,0,0,
32,서남부터미널기점 - 서남부터미널종점,15,중구체육복지센터,0,0,0,0,0,20,0,0,0,0,0,0,0,0,0,0,0,0,0,0,0,0,0,0,
32,서남부터미널기점 - 서남부터미널종점,16,목달동,0,0,0,0,0,0,0,2,0,0,0,0,0,0,0,0,0,0,0,0,0,0,0,0,
32,서남부터미널기점 - 서남부터미널종점,17,목달동/송곡가든,0,0,0,11,0,0,0,0,0,0,0,0,4,0,0,0,0,0,0,0,0,0,0,0,
32,서남부터미널기점 - 서남부터미널종점,18,산서초등학교,0,0,0,8,0,19,1,0,0,0,3,0,3,1,0,0,0,0,0,0,0,0,0,0,
32,서남부터미널기점 - 서남부터미널종점,19,목달동/송곡가든,0,0,1,0,0,0,0,0,0,0,0,0,0,0,0,0,0,0,0,0,0,0,0,0,
32,서남부터미널기점 - 서남부터미널종점,20,정생농협창고,0,0,1,0,0,0,0,0,0,0,0,0,0,0,0,0,0,0,0,0,0,0,0,0,
32,서남부터미널기점 - 서남부터미널종점,21,정생1동,0,0,0,0,0,11,0,0,0,0,0,0,0,2,0,0,0,0,0,0,0,0,0,0,
32,서남부터미널기점 - 서남부터미널종점,22,화곡,0,0,0,0,0,10,0,0,0,0,0,0,0,0,0,0,0,0,0,0,0,0,0,0,
32,서남부터미널기점 - 서남부터미널종점,23,정생2동,0,0,0,5,0,9,0,1,0,0,0,0,0,0,0,0,0,0,0,0,0,0,0,0,
32,서남부터미널기점 - 서남부터미널종점,24,답적골,0,0,0,0,0,7,0,0,0,0,0,2,0,1,0,0,0,0,0,0,0,0,0,0,
32,서남부터미널기점 - 서남부터미널종점,25,도리뫼,0,0,0,0,0,5,0,0,0,0,0,1,0,0,0,0,0,0,0,0,0,0,0,0,
32,서남부터미널기점 - 서남부터미널종점,26,증터,0,0,0,0,0,5,0,0,0,0,0,1,0,0,0,0,0,0,0,0,0,0,0,0,
32,서남부터미널기점 - 서남부터미널종점,27,한국무예연수원,0,0,0,0,0,0,0,0,0,0,0,0,0,0,0,0,0,0,0,0,0,0,0,0,
32,서남부터미널기점 - 서남부터미널종점,28,어남동,0,0,0,0,2,2,0,0,0,0,0,0,0,0,0,0,0,0,0,0,0,0,0,0,
32,서남부터미널기점 - 서남부터미널종점,29,백암리,0,0,0,0,0,0,0,0,0,0,0,0,0,0,0,0,0,0,0,0,0,0,0,0,
32,서남부터미널기점 - 서남부터미널종점,30,백암리종점,0,0,0,0,0,1,0,0,0,0,0,1,0,4,0,0,0,0,0,0,0,0,0,0,
32,서남부터미널기점 - 서남부터미널종점,31,백암리종점,0,0,0,0,0,1,0,0,0,0,0,1,0,4,0,0,0,0,0,0,0,0,0,0,
32,서남부터미널기점 - 서남부터미널종점,32,백암리,0,0,0,0,0,0,0,0,0,0,0,2,0,0,0,0,0,0,0,0,0,0,0,0,
32,서남부터미널기점 - 서남부터미널종점,33,어남동,0,0,0,0,0,0,0,0,0,0,0,2,0,0,0,0,0,0,0,0,0,0,0,0,
32,서남부터미널기점 - 서남부터미널종점,34,한국무예연수원,0,0,0,0,0,0,6,0,0,0,0,0,0,5,0,1,0,0,0,0,0,0,0,0,
32,서남부터미널기점 - 서남부터미널종점,35,증터,0,0,0,0,0,0,6,0,0,0,0,0,0,5,0,1,0,0,0,0,0,0,0,0,
32,서남부터미널기점 - 서남부터미널종점,36,도리뫼,0,0,0,0,0,0,0,0,0,0,0,0,0,6,0,0,0,0,0,0,0,0,0,0,
32,서남부터미널기점 - 서남부터미널종점,37,답적골,0,0,0,0,1,0,0,0,2,1,0,4,0,0,0,2,0,0,0,0,0,0,0,0,
32,서남부터미널기점 - 서남부터미널종점,38,정생2동,0,0,0,0,0,0,0,0,0,2,0,0,0,7,0,0,0,0,0,0,0,0,0,0,
32,서남부터미널기점 - 서남부터미널종점,39,화곡,0,0,0,0,0,0,0,0,0,2,0,0,0,7,0,0,0,0,0,0,0,0,0,0,
32,서남부터미널기점 - 서남부터미널종점,40,정생1동,0,0,0,0,0,0,7,0,0,4,0,0,0,0,0,0,0,0,0,0,0,0,0,0,
32,서남부터미널기점 - 서남부터미널종점,41,정생농협창고,0,0,0,0,0,0,7,0,0,4,0,0,0,0,0,0,0,0,0,0,0,0,0,0,
32,서남부터미널기점 - 서남부터미널종점,42,목달동/송곡가든,0,0,0,0,0,0,7,0,0,4,0,0,0,0,0,0,0,0,0,0,0,0,0,0,
32,서남부터미널기점 - 서남부터미널종점,43,산서초등학교,0,0,0,0,0,0,7,0,0,4,0,0,0,0,0,0,0,0,0,0,0,0,0,0,
32,서남부터미널기점 - 서남부터미널종점,44,목달동/송곡가든,0,0,0,0,0,0,7,0,0,4,0,0,0,0,0,0,0,0,0,0,0,0,0,0,
32,서남부터미널기점 - 서남부터미널종점,45,목달동,0,0,0,0,0,0,0,0,0,0,6,0,0,2,0,0,0,0,0,0,0,0,0,0,
32,서남부터미널기점 - 서남부터미널종점,46,중구체육복지센터,0,0,0,0,0,0,0,0,0,0,6,0,0,2,0,0,0,0,0,0,0,0,0,0,
32,서남부터미널기점 - 서남부터미널종점,47,침산동입구,0,0,0,0,2,0,0,0,0,0,0,0,0,1,0,0,0,0,0,0,0,0,0,0,
32,서남부터미널기점 - 서남부터미널종점,48,보문산교통광장,0,0,0,0,0,0,0,0,0,0,0,3,0,0,0,0,0,0,0,0,0,0,0,0,
32,서남부터미널기점 - 서남부터미널종점,49,오월드회전교차로,0,0,0,0,0,0,0,0,0,0,0,6,0,0,0,0,0,0,0,0,0,0,0,0,
32,서남부터미널기점 - 서남부터미널종점,50,상당,0,0,0,0,0,0,2,0,0,0,0,0,0,0,0,0,0,0,0,0,0,0,0,0,
32,서남부터미널기점 - 서남부터미널종점,51,산성어린이도서관,0,0,0,0,0,0,0,0,0,0,0,0,0,0,0,0,0,0,0,0,0,0,0,0,
32,서남부터미널기점 - 서남부터미널종점,52,사정동,0,0,0,0,1,0,0,0,0,0,0,4,0,6,0,0,0,0,0,0,0,0,0,0,
32,서남부터미널기점 - 서남부터미널종점,53,산성초등학교,0,0,1,0,0,0,0,0,0,0,0,0,0,2,0,0,0,0,0,0,0,0,0,0,
32,서남부터미널기점 - 서남부터미널종점,54,산성네거리,0,0,0,0,0,0,3,0,0,0,3,3,0,1,0,0,0,0,0,0,0,0,0,0,
32,서남부터미널기점 - 서남부터미널종점,55,산성시장,0,0,0,0,0,0,0,0,0,0,0,0,0,0,0,0,0,0,0,0,0,0,0,0,
32,서남부터미널기점 - 서남부터미널종점,56,서남부터미널종점,0,0,0,0,0,0,0,0,0,0,0,0,0,0,0,0,0,0,0,0,0,0,0,0,
32,마동종점 - 문의(청남대),0,마동종점,0,0,1,0,0,0,0,0,0,0,0,0,0,0,0,0,0,0,0,0,0,0,0,0,
32,마동종점 - 문의(청남대),1,마동,0,0,1,0,0,0,0,0,0,0,0,0,0,0,0,0,0,0,0,0,0,0,0,0,
32,마동종점 - 문의(청남대),2,묘암리,0,0,1,0,0,0,0,0,0,0,0,0,0,0,0,0,0,0,0,0,0,0,0,0,
32,마동종점 - 문의(청남대),3,묘암.마동,0,0,1,0,0,0,0,0,0,0,0,0,0,0,0,0,0,0,0,0,0,0,0,0,
32,마동종점 - 문의(청남대),4,산덕리마을회관,0,0,1,0,0,0,0,0,0,0,0,0,0,0,0,0,0,0,0,0,0,0,0,0,
32,마동종점 - 문의(청남대),5,산덕리,0,0,1,0,0,0,0,0,0,0,0,0,0,0,0,0,0,0,0,0,0,0,0,0,
32,마동종점 - 문의(청남대),6,구룡2리,0,0,1,0,0,0,0,0,0,0,0,0,0,0,0,0,0,0,0,0,0,0,0,0,
32,마동종점 - 문의(청남대),7,구룡1리,0,0,0,0,0,0,0,0,0,0,0,0,0,0,0,0,0,0,0,0,0,0,0,0,
32,마동종점 - 문의(청남대),8,괴곡,0,0,0,0,0,0,0,0,0,0,0,0,0,0,0,0,0,0,0,0,0,0,0,0,
32,마동종점 - 문의(청남대),9,괴곡입구,0,0,0,0,0,0,0,0,0,0,0,0,1,0,0,0,0,0,0,0,0,0,0,0,
32,마동종점 - 문의(청남대),10,노현1리,0,0,0,0,0,0,0,0,0,0,0,0,1,0,0,0,0,0,0,0,0,0,0,0,
32,마동종점 - 문의(청남대),11,상장1리.의성골,0,0,0,0,0,0,0,0,0,0,0,0,1,0,0,0,0,0,0,0,0,0,0,0,
32,마동종점 - 문의(청남대),12,상장,0,0,0,0,0,0,0,0,0,0,0,0,1,0,0,0,0,0,0,0,0,0,0,0,
32,마동종점 - 문의(청남대),13,미천1리,0,0,0,0,0,0,0,0,0,0,0,0,1,0,0,0,0,0,0,0,0,0,0,0,
32,마동종점 - 문의(청남대),14,미천6리,0,0,0,0,0,0,0,0,0,0,0,0,1,0,0,0,0,0,0,0,0,0,0,0,
32,마동종점 - 문의(청남대),15,문의(청남대),0,0,0,0,0,0,0,0,0,0,0,0,0,0,0,0,0,0,0,0,0,0,0,0,
32,마동종점 - 문의(청남대),16,문의문화유산단지,0,0,0,0,0,0,0,0,0,0,0,0,0,0,0,0,0,0,0,0,0,0,0,0,
32,마동종점 - 문의(청남대),17,문의대교,0,0,0,0,0,0,0,0,0,0,0,0,0,0,0,0,0,0,0,0,0,0,0,0,
32,마동종점 - 문의(청남대),18,팔각정,0,0,0,0,0,0,0,0,0,0,0,0,0,0,0,0,0,0,0,0,0,0,0,0,
32,마동종점 - 문의(청남대),19,현암사,0,0,0,0,0,0,0,0,0,0,0,0,0,0,0,0,0,0,0,0,0,0,0,0,
32,마동종점 - 문의(청남대),20,오가리,0,0,0,0,0,0,0,0,1,0,0,0,0,0,0,0,0,0,0,0,0,0,0,0,
32,마동종점 - 문의(청남대),21,하석2리,0,0,0,0,0,0,0,0,1,0,0,0,0,0,0,0,0,0,0,0,0,0,0,0,
32,마동종점 - 문의(청남대),22,노산1리,0,0,0,0,0,0,0,0,1,0,0,0,0,0,0,0,0,0,0,0,0,0,0,0,
32,마동종점 - 문의(청남대),23,노산1리마을회관,0,0,0,0,0,1,0,0,0,0,0,0,0,0,0,0,0,0,0,0,0,0,0,0,
32,마동종점 - 문의(청남대),24,노산리,0,0,0,0,0,1,0,0,0,0,0,0,0,0,0,0,0,0,0,0,0,0,0,0,
32,마동종점 - 문의(청남대),25,보조댐,0,0,0,0,0,1,0,0,0,0,0,0,0,0,0,0,0,0,0,0,0,0,0,0,
32,마동종점 - 문의(청남대),26,용정초등학교,0,0,0,0,0,1,0,0,0,0,0,0,0,0,0,0,0,0,0,0,0,0,0,0,
32,마동종점 - 문의(청남대),27,신탄진동,0,0,0,0,0,1,0,0,0,0,0,0,0,0,0,0,0,0,0,0,0,0,0,0,
32,마동종점 - 문의(청남대),28,신탄진역,0,0,0,0,0,0,0,0,0,0,0,0,0,0,0,0,0,0,0,0,0,0,0,0,
32,마동종점 - 문의(청남대),29,과선교종점,0,0,0,0,0,0,0,0,0,0,0,0,0,0,0,0,0,0,0,0,0,0,0,0,
32,마동종점 - 문의(청남대),30,신탄진역,0,0,0,1,2,0,2,0,0,2,0,2,0,0,0,1,0,0,0,0,0,0,0,0,
32,마동종점 - 문의(청남대),31,신탄진동,0,0,0,1,2,0,2,0,0,2,0,2,0,0,0,1,0,0,0,0,0,0,0,0,
32,마동종점 - 문의(청남대),32,용정초등학교,0,0,0,0,0,0,0,0,0,0,0,0,0,0,0,0,0,0,0,0,0,0,0,0,
32,마동종점 - 문의(청남대),33,보조댐,0,0,0,0,0,0,0,0,0,0,0,0,0,0,0,0,0,0,0,0,0,0,0,0,
32,마동종점 - 문의(청남대),34,노산리,0,0,0,0,0,0,0,0,0,0,0,0,0,0,0,0,0,0,0,0,0,0,0,0,
32,마동종점 - 문의(청남대),35,노산1리마을회관,0,0,0,0,0,0,0,0,0,0,0,0,0,0,0,0,0,0,0,0,0,0,0,0,
32,마동종점 - 문의(청남대),36,노산1리,0,0,0,0,0,0,0,0,0,0,0,0,0,0,0,0,0,0,0,0,0,0,0,0,
32,마동종점 - 문의(청남대),37,하석2리,0,0,0,0,0,0,0,0,0,0,0,0,0,0,0,0,0,0,0,0,0,0,0,0,
32,마동종점 - 문의(청남대),38,오가리,0,0,0,0,0,0,0,0,0,0,0,0,0,0,0,0,0,0,0,0,0,0,0,0,
32,마동종점 - 문의(청남대),39,현암사,0,0,0,0,0,0,0,0,0,0,0,0,0,0,0,0,0,0,0,0,0,0,0,0,
32,마동종점 - 문의(청남대),40,팔각정,0,0,0,0,0,0,0,0,0,0,0,0,0,0,0,0,0,0,0,0,0,0,0,0,
32,마동종점 - 문의(청남대),41,문의대교,0,0,0,0,0,0,0,0,0,0,0,0,0,0,0,0,0,0,0,0,0,0,0,0,
32,마동종점 - 문의(청남대),42,품곡,0,0,0,0,0,0,0,0,0,0,0,0,0,0,0,0,0,0,0,0,0,0,0,0,
32,마동종점 - 문의(청남대),43,품곡,0,0,0,0,0,0,0,0,0,0,0,0,0,0,0,0,0,0,0,0,0,0,0,0,
32,마동종점 - 문의(청남대),44,품곡,0,0,0,0,0,0,0,0,0,0,0,0,0,0,0,0,0,0,0,0,0,0,0,0,
32,마동종점 - 문의(청남대),45,두모2리(청남농협),0,0,0,0,0,0,0,0,0,0,0,0,0,0,0,0,0,0,0,0,0,0,0,0,
32,마동종점 - 문의(청남대),46,두모2리,0,0,0,0,0,0,0,0,0,0,0,0,0,0,0,0,0,0,0,0,0,0,0,0,
32,마동종점 - 문의(청남대),47,도원2리,0,0,0,0,0,0,0,0,0,0,0,0,0,0,0,0,0,0,0,0,0,0,0,0,
32,마동종점 - 문의(청남대),48,도원1리,0,0,0,0,0,0,0,0,0,0,0,0,0,0,0,0,0,0,0,0,0,0,0,0,
32,마동종점 - 문의(청남대),49,도원리,0,0,0,0,0,0,0,0,0,0,0,0,0,0,0,0,0,0,0,0,0,0,0,0,
32,마동종점 - 문의(청남대),50,등동2리,0,0,0,0,0,0,0,0,0,0,0,0,0,0,0,0,0,0,0,0,0,0,0,0,
32,마동종점 - 문의(청남대),51,등동1리.정가울,0,0,0,0,0,0,0,0,0,0,0,0,0,0,0,0,0,0,0,0,0,0,0,0,
32,마동종점 - 문의(청남대),52,등동,0,0,0,0,0,0,0,0,0,0,0,0,0,0,0,0,0,0,0,0,0,0,0,0,
32,마동종점 - 문의(청남대),53,등동2,0,0,0,0,0,0,0,0,0,0,0,0,0,0,0,0,0,0,0,0,0,0,0,0,
32,마동종점 - 문의(청남대),54,등동2리.오방골,0,0,0,0,0,0,0,0,0,0,0,0,0,0,0,0,0,0,0,0,0,0,0,0,
32,마동종점 - 문의(청남대),55,남계3리.화산,0,0,0,0,0,0,0,0,0,0,0,0,0,0,0,0,0,0,0,0,0,0,0,0,
32,마동종점 - 문의(청남대),56,문동리,0,0,0,0,0,0,0,0,0,0,0,0,0,0,0,0,0,0,0,0,0,0,0,0,
32,마동종점 - 문의(청남대),57,남계3리,0,0,0,0,0,0,0,0,0,0,0,0,0,0,0,0,0,0,0,0,0,0,0,0,
32,마동종점 - 문의(청남대),58,동화초등학교,0,0,0,0,0,0,0,0,0,0,0,0,0,0,0,0,0,0,0,0,0,0,0,0,
32,마동종점 - 문의(청남대),59,화당2리,0,0,0,0,0,0,0,0,0,0,0,0,0,0,0,0,0,0,0,0,0,0,0,0,
32,마동종점 - 문의(청남대),60,남계2리,0,0,0,0,0,0,0,0,0,0,0,0,0,0,0,0,0,0,0,0,0,0,0,0,
32,마동종점 - 문의(청남대),61,국전2리,0,0,0,1,0,0,0,0,0,0,0,0,0,0,0,0,0,0,0,0,0,0,0,0,
32,마동종점 - 문의(청남대),62,국전1리,0,0,0,0,0,0,0,0,0,0,1,0,0,0,0,0,0,0,0,0,0,0,0,0,
32,마동종점 - 문의(청남대),63,국전2리,0,0,0,0,0,0,0,0,0,0,1,0,0,0,0,0,0,0,0,0,0,0,0,0,
32,마동종점 - 문의(청남대),64,남계1리.항공기술훈련원,0,0,0,0,0,0,0,0,0,0,0,0,0,0,0,0,0,0,0,0,0,0,0,0,
32,마동종점 - 문의(청남대),65,미천1리,0,0,0,0,0,0,0,0,0,0,0,0,0,0,0,0,0,0,0,0,0,0,0,0,
32,마동종점 - 문의(청남대),66,미천6리,0,0,0,0,0,0,0,0,0,0,0,0,0,0,0,0,0,0,0,0,0,0,0,0,
32,마동종점 - 문의(청남대),67,문의초등학교입구,0,0,0,0,0,0,0,0,0,0,0,0,0,0,0,0,0,0,0,0,0,0,0,0,
32,마동종점 - 문의(청남대),68,미천5리,0,0,0,0,0,0,0,0,0,0,2,0,0,0,0,0,0,0,0,0,0,0,0,0,
32,마동종점 - 문의(청남대),69,문의(청남대),0,0,0,0,0,0,0,0,0,0,2,0,0,0,0,0,0,0,0,0,0,0,0,0,
32,마동종점 - 문의(청남대),70,문의문화유산단지,0,0,0,0,0,0,0,0,0,0,2,0,0,0,0,0,0,0,0,0,0,0,0,0,
32,마동종점 - 문의(청남대),71,문의대교,0,0,0,0,0,0,0,0,0,0,2,0,0,0,0,0,0,0,0,0,0,0,0,0,
32,마동종점 - 문의(청남대),72,품곡,0,0,0,0,0,0,0,0,0,0,2,0,0,0,0,0,0,0,0,0,0,0,0,0,
32,마동종점 - 문의(청남대),73,품곡,0,0,0,0,0,0,0,0,0,0,2,0,0,0,0,0,0,0,0,0,0,0,0,0,
32,마동종점 - 문의(청남대),74,품곡,0,0,0,0,0,0,0,0,0,0,2,0,0,0,0,0,0,0,0,0,0,0,0,0,
32,마동종점 - 문의(청남대),75,두모2리(청남농협),0,0,0,0,0,0,0,0,0,0,2,0,0,0,0,0,0,0,0,0,0,0,0,0,
32,마동종점 - 문의(청남대),76,두모2리,0,0,0,0,0,0,0,0,0,0,2,0,0,0,0,0,0,0,0,0,0,0,0,0,
32,마동종점 - 문의(청남대),77,도원1리,0,0,0,0,0,0,0,0,0,0,2,0,0,0,0,0,0,0,0,0,0,0,0,0,
32,마동종점 - 문의(청남대),78,죽암2리,0,0,0,0,0,0,0,0,0,0,2,0,0,0,0,0,0,0,0,0,0,0,0,0,
32,마동종점 - 문의(청남대),79,죽암2리,0,0,0,0,0,0,0,0,0,0,2,0,0,0,0,0,0,0,0,0,0,0,0,0,
32,마동종점 - 문의(청남대),80,죽암2리,0,0,0,0,0,0,0,0,0,0,2,0,0,0,0,0,0,0,0,0,0,0,0,0,
32,마동종점 - 문의(청남대),81,죽암리(대청산기도원),0,0,0,0,0,0,0,0,0,0,2,0,0,0,0,0,0,0,0,0,0,0,0,0,
32,마동종점 - 문의(청남대),82,현도정보고,0,0,0,0,0,0,0,0,0,0,2,0,0,0,0,0,0,0,0,0,0,0,0,0,
32,마동종점 - 문의(청남대),83,죽암.청주IT과학고,0,0,0,0,0,0,0,0,0,0,2,0,0,0,0,0,0,0,0,0,0,0,0,0,
32,마동종점 - 문의(청남대),84,우록2리.청원가구마을,0,0,0,0,0,0,0,0,0,0,2,0,0,0,0,0,0,0,0,0,0,0,0,0,
32,마동종점 - 문의(청남대),85,우록2리,0,0,0,0,0,0,0,0,0,0,2,0,0,0,0,0,0,0,0,0,0,0,0,0,
32,마동종점 - 문의(청남대),86,죽전2리,0,0,0,0,0,0,0,0,0,0,2,0,0,0,0,0,0,0,0,0,0,0,0,0,
32,마동종점 - 문의(청남대),87,우록1리,0,0,0,0,0,0,0,0,0,0,2,0,0,0,0,0,0,0,0,0,0,0,0,0,
32,마동종점 - 문의(청남대),88,죽전3리,0,0,0,0,0,0,0,0,0,0,2,0,0,0,0,0,0,0,0,0,0,0,0,0,
32,마동종점 - 문의(청남대),89,죽전1리,0,0,0,0,0,0,0,0,0,0,2,0,0,0,0,0,0,0,0,0,0,0,0,0,
32,마동종점 - 문의(청남대),90,현도면행정복지센터.선동리,0,0,0,0,0,0,0,0,0,0,2,0,0,0,0,0,0,0,0,0,0,0,0,0,
32,마동종점 - 문의(청남대),91,시목리,0,0,0,0,0,1,0,0,0,0,0,0,0,0,0,0,0,1,0,0,0,0,0,0,
32,마동종점 - 문의(청남대),92,매봉,0,0,0,0,0,1,0,0,0,0,0,0,0,0,0,0,0,1,0,0,0,0,0,0,
32,마동종점 - 문의(청남대),93,매봉,0,0,0,0,0,1,0,0,0,0,0,0,0,0,0,0,0,1,0,0,0,0,0,0,
32,마동종점 - 문의(청남대),94,양지리,0,0,0,0,0,1,0,0,0,0,0,0,0,0,0,0,0,1,0,0,0,0,0,0,
32,마동종점 - 문의(청남대),95,신탄진,0,0,0,0,0,1,0,0,0,0,0,0,0,0,0,0,0,1,0,0,0,0,0,0,
32,마동종점 - 문의(청남대),96,신탄진역,0,0,0,0,0,1,0,0,0,0,0,0,0,0,0,0,0,1,0,0,0,0,0,0,
32,마동종점 - 문의(청남대),97,과선교종점,0,0,0,0,0,1,0,0,0,0,0,0,0,0,0,0,0,1,0,0,0,0,0,0,
32,마동종점 - 문의(청남대),98,신탄진역,0,0,0,0,0,1,0,0,0,0,0,0,0,0,0,0,0,1,0,0,0,0,0,0,
32,마동종점 - 문의(청남대),99,신탄진,0,0,0,0,0,0,1,0,0,3,0,3,0,0,0,0,0,0,0,0,0,0,0,0,
32,마동종점 - 문의(청남대),100,양지2리,0,0,0,0,0,0,0,0,0,1,0,0,1,0,0,0,0,0,0,0,0,0,0,0,
32,마동종점 - 문의(청남대),101,매봉리,0,0,0,0,0,0,0,0,0,1,0,0,1,0,0,0,0,0,0,0,0,0,0,0,
32,마동종점 - 문의(청남대),102,달계리,0,0,0,0,0,0,0,0,0,1,0,0,1,0,0,0,0,0,0,0,0,0,0,0,
32,마동종점 - 문의(청남대),103,현도면행정복지센터.선동리,0,0,0,0,0,0,0,0,0,1,0,0,1,0,0,0,0,0,0,0,0,0,0,0,
32,마동종점 - 문의(청남대),104,죽전1리,0,0,0,0,0,0,0,0,0,0,0,0,0,0,0,0,0,0,0,0,0,0,0,0,
32,마동종점 - 문의(청남대),105,죽전3리,0,0,0,0,0,0,0,0,0,0,0,0,0,0,0,0,0,0,0,0,0,0,0,0,
32,마동종점 - 문의(청남대),106,우록1리,0,0,0,0,0,0,0,0,0,0,0,0,0,0,0,0,0,0,0,0,0,0,0,0,
32,마동종점 - 문의(청남대),107,죽전2리,0,0,0,0,0,0,0,0,0,0,0,0,0,0,0,0,0,0,0,0,0,0,0,0,
32,마동종점 - 문의(청남대),108,우록2리,0,0,0,0,0,0,0,0,0,0,0,0,0,0,0,0,0,0,0,0,0,0,0,0,
32,마동종점 - 문의(청남대),109,우록2리.청원가구마을,0,0,0,0,0,0,0,0,0,0,0,0,0,0,0,0,0,0,0,0,0,0,0,0,
32,마동종점 - 문의(청남대),110,죽암,0,0,0,0,0,0,0,0,0,0,0,0,0,0,0,0,0,0,0,0,0,0,0,0,
32,마동종점 - 문의(청남대),111,현도정보고,0,0,0,0,0,0,0,0,0,0,0,0,0,0,0,0,0,0,0,0,0,0,0,0,
32,마동종점 - 문의(청남대),112,죽암리(대청산기도원),0,0,0,0,0,0,0,0,0,0,0,0,0,0,0,0,0,0,0,0,0,0,0,0,
32,마동종점 - 문의(청남대),113,죽암2리,0,0,0,0,0,0,0,0,0,0,0,0,0,0,0,0,0,0,0,0,0,0,0,0,
32,마동종점 - 문의(청남대),114,죽암2리,0,0,0,0,0,0,0,0,0,0,0,0,0,0,0,0,0,0,0,0,0,0,0,0,
32,마동종점 - 문의(청남대),115,도원1리,0,0,0,0,0,0,0,0,0,0,0,0,0,0,0,0,0,0,0,0,0,0,0,0,
32,마동종점 - 문의(청남대),116,두모2리,0,0,0,0,0,0,0,0,0,0,0,0,0,0,0,0,0,0,0,0,0,0,0,0,
32,마동종점 - 문의(청남대),117,두모2리(청남농협),0,0,0,0,0,0,0,0,0,0,0,0,0,0,0,0,0,0,0,0,0,0,0,0,
32,마동종점 - 문의(청남대),118,품곡리,0,0,0,0,0,0,0,0,0,0,0,0,0,0,0,0,0,0,0,0,0,0,0,0,
32,마동종점 - 문의(청남대),119,품곡리.빔실,0,0,0,0,0,0,0,0,0,0,0,0,0,0,0,0,0,0,0,0,0,0,0,0,
32,마동종점 - 문의(청남대),120,품곡리.동막골,0,0,0,0,0,0,0,0,0,0,0,0,0,0,0,0,0,0,0,0,0,0,0,0,
32,마동종점 - 문의(청남대),121,문의대교,0,0,0,0,0,0,0,0,0,0,0,0,0,0,0,0,0,0,0,0,0,0,0,0,
32,마동종점 - 문의(청남대),122,문의문화유산단지,0,0,0,0,0,0,0,0,0,0,0,0,0,0,0,0,0,0,0,0,0,0,0,0,
32,마동종점 - 문의(청남대),123,문의(청남대),0,0,0,0,0,0,0,0,0,0,0,0,0,0,0,0,0,0,0,0,0,0,0,0,
32,마동종점 - 문의(청남대),124,문의문화유산단지,0,0,0,0,0,0,0,0,0,0,0,0,0,0,0,0,0,0,0,0,0,0,0,0,
32,마동종점 - 문의(청남대),125,문의대교,0,0,0,0,0,0,0,0,0,0,0,0,0,0,0,0,0,0,0,0,0,0,0,0,
32,마동종점 - 문의(청남대),126,팔각정,0,0,0,0,0,0,0,0,0,0,0,0,0,0,0,0,0,0,0,0,0,0,0,0,
32,마동종점 - 문의(청남대),127,현암사,0,0,0,0,0,0,0,0,0,0,0,0,0,0,0,0,0,0,0,0,0,0,0,0,
32,마동종점 - 문의(청남대),128,오가리,0,0,0,0,0,0,0,0,0,0,0,0,0,0,0,0,0,0,0,0,0,0,0,0,
32,마동종점 - 문의(청남대),129,하석2리,0,0,0,0,0,0,0,0,0,0,0,0,0,0,0,0,0,0,0,0,0,0,0,0,
32,마동종점 - 문의(청남대),130,노산1리,0,0,0,0,0,0,0,0,0,0,0,0,0,0,0,0,0,0,0,0,0,0,0,0,
32,마동종점 - 문의(청남대),131,노산1리마을회관,0,0,0,0,0,0,0,0,0,0,0,0,0,0,0,0,0,0,0,0,0,0,0,0,
32,마동종점 - 문의(청남대),132,노산리,0,0,0,0,0,0,0,0,0,0,0,0,0,0,0,0,0,0,0,0,0,0,0,0,
32,마동종점 - 문의(청남대),133,보조댐,0,0,0,0,0,0,0,0,0,0,0,0,0,0,0,0,0,0,0,0,0,0,0,0,
32,마동종점 - 문의(청남대),134,용정초등학교,0,0,0,0,0,0,0,0,0,0,0,0,0,0,0,0,0,0,0,0,0,0,0,0,
32,마동종점 - 문의(청남대),135,신탄진동,0,0,0,0,0,0,0,0,0,0,0,0,0,0,0,0,0,0,0,0,0,0,0,0,
32,마동종점 - 문의(청남대),136,신탄진역,0,0,0,0,0,0,0,0,0,0,0,0,0,0,0,0,0,0,0,0,0,0,0,0,
32,마동종점 - 문의(청남대),137,과선교종점,0,0,0,0,0,0,0,0,0,0,0,0,0,0,0,0,0,0,0,0,0,0,0,0,
32,마동종점 - 문의(청남대),138,신탄진역,0,0,0,0,0,0,0,0,0,0,0,0,0,0,0,0,0,0,0,0,0,0,0,0,
32,마동종점 - 문의(청남대),139,신탄진동,0,0,0,0,0,0,0,0,0,0,0,0,0,0,0,0,0,0,0,0,0,0,0,0,
32,마동종점 - 문의(청남대),140,용정초등학교,0,0,0,0,0,0,0,0,0,0,0,0,0,0,0,0,0,0,0,0,0,0,0,0,
32,마동종점 - 문의(청남대),141,보조댐,0,0,0,0,0,0,0,0,0,0,0,0,0,0,0,0,0,0,0,0,0,0,0,0,
32,마동종점 - 문의(청남대),142,노산리,0,0,0,0,0,0,0,0,0,0,0,0,0,0,0,0,0,0,0,0,0,0,0,0,
32,마동종점 - 문의(청남대),143,노산1리마을회관,0,0,0,0,0,0,0,0,0,0,0,0,0,0,0,0,0,0,0,0,0,0,0,0,
32,마동종점 - 문의(청남대),144,노산1리,0,0,0,0,0,0,0,0,0,0,0,0,0,0,0,0,0,0,0,0,0,0,0,0,
32,마동종점 - 문의(청남대),145,하석2리,0,0,0,0,0,0,0,0,0,0,0,0,0,0,0,0,0,0,0,0,0,0,0,0,
32,마동종점 - 문의(청남대),146,오가리,0,0,0,0,0,0,0,0,0,0,0,0,0,0,0,0,0,0,0,0,0,0,0,0,
32,마동종점 - 문의(청남대),147,현암사,0,0,0,0,0,0,0,0,0,0,0,0,0,0,0,0,0,0,0,0,0,0,0,0,
32,마동종점 - 문의(청남대),148,팔각정,0,0,0,0,0,0,0,0,0,0,0,0,0,0,0,0,0,0,0,0,0,0,0,0,
32,마동종점 - 문의(청남대),149,문의대교,0,0,0,0,0,0,0,0,0,0,0,0,0,0,0,0,0,0,0,0,0,0,0,0,
32,마동종점 - 문의(청남대),150,문의문화유산단지,0,0,0,0,0,0,0,0,0,0,0,0,0,0,0,0,0,0,0,0,0,0,0,0,
32,마동종점 - 문의(청남대),151,문의(청남대),0,0,0,0,0,0,0,0,0,0,0,0,0,0,0,0,0,0,0,0,0,0,0,0,
32,마동종점 - 문의(청남대),152,문의문화유산단지,0,0,0,0,0,0,0,0,0,0,0,0,0,0,0,0,0,0,0,0,0,0,0,0,
32,마동종점 - 문의(청남대),153,문의대교,0,0,0,0,0,0,0,0,0,0,0,0,0,0,0,0,0,0,0,0,0,0,0,0,
32,마동종점 - 문의(청남대),154,품곡,0,0,0,0,0,0,0,0,0,0,0,0,0,0,0,0,0,0,0,0,0,0,0,0,
32,마동종점 - 문의(청남대),155,품곡,0,0,0,0,0,0,0,0,0,0,0,0,0,0,0,0,0,0,0,0,0,0,0,0,
32,마동종점 - 문의(청남대),156,품곡,0,0,0,0,0,0,0,0,0,0,0,0,0,0,0,0,0,0,0,0,0,0,0,0,
32,마동종점 - 문의(청남대),157,두모2리(청남농협),0,0,0,0,0,0,0,0,0,0,0,0,0,0,0,0,0,0,0,0,0,0,0,0,
32,마동종점 - 문의(청남대),158,두모2리,0,0,0,0,0,0,0,0,0,0,0,0,0,0,0,0,0,0,0,0,0,0,0,0,
32,마동종점 - 문의(청남대),159,도원1리,0,0,0,0,0,0,0,0,0,0,0,0,0,0,0,0,0,0,0,0,0,0,0,0,
32,마동종점 - 문의(청남대),160,죽암2리,0,0,0,0,0,0,0,0,0,0,0,0,0,0,0,0,0,0,0,0,0,0,0,0,
32,마동종점 - 문의(청남대),161,죽암2리,0,0,0,0,0,0,0,0,0,0,0,0,0,0,0,0,0,0,0,0,0,0,0,0,
32,마동종점 - 문의(청남대),162,죽암2리,0,0,0,0,0,0,0,0,0,0,0,0,0,0,0,0,0,0,0,0,0,0,0,0,
32,마동종점 - 문의(청남대),163,죽암리(대청산기도원),0,0,0,0,0,0,0,0,0,0,0,0,0,0,0,0,0,0,0,0,0,0,0,0,
32,마동종점 - 문의(청남대),164,현도정보고,0,0,0,0,0,0,0,0,0,0,0,0,0,0,0,0,0,0,0,0,0,0,0,0,
32,마동종점 - 문의(청남대),165,죽암.청주IT과학고,0,0,0,0,0,0,0,0,0,0,0,0,0,0,0,0,0,0,0,0,0,0,0,0,
32,마동종점 - 문의(청남대),166,우록2리.청원가구마을,0,0,0,0,0,0,0,0,0,0,0,0,0,0,0,0,0,0,0,0,0,0,0,0,
32,마동종점 - 문의(청남대),167,우록2리,0,0,0,0,0,0,0,0,0,0,0,0,0,0,0,0,0,0,0,0,0,0,0,0,
32,마동종점 - 문의(청남대),168,죽전2리,0,0,0,0,0,0,0,0,0,0,0,0,0,0,0,0,0,0,0,0,0,0,0,0,
32,마동종점 - 문의(청남대),169,우록1리,0,0,0,0,0,0,0,0,0,0,0,0,0,0,0,0,0,0,0,0,0,0,0,0,
32,마동종점 - 문의(청남대),170,죽전3리,0,0,0,0,0,0,0,0,0,0,0,0,0,0,0,0,0,0,0,0,0,0,0,0,
32,마동종점 - 문의(청남대),171,죽전1리,0,0,0,0,0,0,0,0,0,0,0,0,0,0,0,0,0,0,0,0,0,0,0,0,
32,마동종점 - 문의(청남대),172,현도면행정복지센터.선동리,0,0,0,0,0,0,0,0,0,0,0,0,0,0,0,0,0,0,0,0,0,0,0,0,
32,마동종점 - 문의(청남대),173,시목리,0,0,0,0,0,0,0,0,0,0,0,0,0,0,0,0,0,0,0,0,0,0,0,0,
32,마동종점 - 문의(청남대),174,매봉,0,0,0,0,0,0,0,0,0,0,0,0,0,0,0,0,0,0,0,0,0,0,0,0,
32,마동종점 - 문의(청남대),175,매봉,0,0,0,0,0,0,0,0,0,0,0,0,0,0,0,0,0,0,0,0,0,0,0,0,
32,마동종점 - 문의(청남대),176,양지리,0,0,0,0,0,0,0,0,0,0,0,0,0,0,0,0,0,0,0,0,0,0,0,0,
32,마동종점 - 문의(청남대),177,신탄진,0,0,0,0,0,0,0,0,0,0,0,0,0,0,0,0,0,0,0,0,0,0,0,0,
32,마동종점 - 문의(청남대),178,신탄진역,0,0,0,0,0,0,0,0,0,0,0,0,0,0,0,0,0,0,0,0,0,0,0,0,
32,마동종점 - 문의(청남대),179,과선교종점,0,0,0,0,0,0,0,0,0,0,0,0,0,0,0,0,0,0,0,0,0,0,0,0,
32,마동종점 - 문의(청남대),180,신탄진역,0,0,0,0,0,0,0,0,0,0,0,0,0,0,0,0,0,0,0,0,0,0,0,0,
32,마동종점 - 문의(청남대),181,신탄진,0,0,0,0,0,0,0,0,0,0,0,0,0,0,0,0,0,0,0,0,0,0,0,0,
32,마동종점 - 문의(청남대),182,양지2리,0,0,0,0,0,0,0,0,0,0,0,0,0,0,0,0,0,0,0,0,0,0,0,0,
32,마동종점 - 문의(청남대),183,매봉리,0,0,0,0,0,0,0,0,0,0,0,0,0,0,0,0,0,0,0,0,0,0,0,0,
32,마동종점 - 문의(청남대),184,달계리,0,0,0,0,0,0,0,0,0,0,0,0,0,0,0,0,0,0,0,0,0,0,0,0,
32,마동종점 - 문의(청남대),185,현도면행정복지센터.선동리,0,0,0,0,0,0,0,0,0,0,0,0,0,0,0,0,0,0,0,0,0,0,0,0,
32,마동종점 - 문의(청남대),186,죽전1리,0,0,0,0,0,0,0,0,0,0,0,0,0,0,0,0,0,0,0,0,0,0,0,0,
32,마동종점 - 문의(청남대),187,죽전3리,0,0,0,0,0,0,0,0,0,0,0,0,0,0,0,0,0,0,0,0,0,0,0,0,
32,마동종점 - 문의(청남대),188,우록1리,0,0,0,0,0,0,0,0,0,0,0,0,0,0,0,0,0,0,0,0,0,0,0,0,
32,마동종점 - 문의(청남대),189,죽전2리,0,0,0,0,0,0,0,0,0,0,0,0,0,0,0,0,0,0,0,0,0,0,0,0,
32,마동종점 - 문의(청남대),190,우록2리,0,0,0,0,0,0,0,0,0,0,0,0,0,0,0,0,0,0,0,0,0,0,0,0,
32,마동종점 - 문의(청남대),191,우록2리.청원가구마을,0,0,0,0,0,0,0,0,0,0,0,0,0,0,0,0,0,0,0,0,0,0,0,0,
32,마동종점 - 문의(청남대),192,죽암,0,0,0,0,0,0,0,0,0,0,0,0,0,0,0,0,0,0,0,0,0,0,0,0,
32,마동종점 - 문의(청남대),193,현도정보고,0,0,0,0,0,0,0,0,0,0,0,0,0,0,0,0,0,0,0,0,0,0,0,0,
32,마동종점 - 문의(청남대),194,죽암리(대청산기도원),0,0,0,0,0,0,0,0,0,0,0,0,0,0,0,0,0,0,0,0,0,0,0,0,
32,마동종점 - 문의(청남대),195,죽암2리,0,0,0,0,0,0,0,0,0,0,0,0,0,0,0,0,0,0,0,0,0,0,0,0,
32,마동종점 - 문의(청남대),196,죽암2리,0,0,0,0,0,0,0,0,0,0,0,0,0,0,0,0,0,0,0,0,0,0,0,0,
32,마동종점 - 문의(청남대),197,도원1리,0,0,0,0,0,0,0,0,0,0,0,0,0,0,0,0,0,0,0,0,0,0,0,0,
32,마동종점 - 문의(청남대),198,두모2리,0,0,0,0,0,0,0,0,0,0,0,0,0,0,0,0,0,0,0,0,0,0,0,0,
32,마동종점 - 문의(청남대),199,두모2리(청남농협),0,0,0,0,0,0,0,0,0,0,0,0,0,0,0,0,0,0,0,0,0,0,0,0,
32,마동종점 - 문의(청남대),200,품곡리,0,0,0,0,0,0,0,0,0,0,0,0,0,0,0,0,0,0,0,0,0,0,0,0,
32,마동종점 - 문의(청남대),201,품곡리.빔실,0,0,0,0,0,0,0,0,0,0,0,0,0,0,0,0,0,0,0,0,0,0,0,0,
32,마동종점 - 문의(청남대),202,품곡리.동막골,0,0,0,0,0,0,0,0,0,0,0,0,0,0,0,0,0,0,0,0,0,0,0,0,
32,마동종점 - 문의(청남대),203,문의대교,0,0,0,0,0,0,0,0,0,0,0,0,0,0,0,0,0,0,0,0,0,0,0,0,
32,마동종점 - 문의(청남대),204,문의문화유산단지,0,0,0,0,0,0,0,0,0,0,0,0,0,0,0,0,0,0,0,0,0,0,0,0,
32,마동종점 - 문의(청남대),205,문의(청남대),0,0,0,0,0,0,0,0,0,0,0,0,0,0,0,0,0,0,0,0,0,0,0,0,
32,마동종점 - 문의(청남대),206,문의문화유산단지,0,0,0,0,0,0,0,0,0,0,0,0,0,0,0,0,0,0,0,0,0,0,0,0,
32,마동종점 - 문의(청남대),207,문의대교,0,0,0,0,0,0,0,0,0,0,0,0,0,0,0,0,0,0,0,0,0,0,0,0,
32,마동종점 - 문의(청남대),208,팔각정,0,0,0,0,0,0,0,0,0,0,0,0,0,0,0,0,0,0,0,0,0,0,0,0,
32,마동종점 - 문의(청남대),209,현암사,0,0,0,0,0,0,0,0,0,0,0,0,0,0,0,0,0,0,0,0,0,0,0,0,
32,마동종점 - 문의(청남대),210,오가리,0,0,0,0,0,0,0,0,0,0,0,0,0,0,0,0,0,0,0,0,0,0,0,0,
32,마동종점 - 문의(청남대),211,하석2리,0,0,0,0,0,0,0,0,0,0,0,0,0,0,0,0,0,0,0,0,0,0,0,0,
32,마동종점 - 문의(청남대),212,노산1리,0,0,0,0,0,0,0,0,0,0,0,0,0,0,0,0,0,0,0,0,0,0,0,0,
32,마동종점 - 문의(청남대),213,노산1리마을회관,0,0,0,0,0,0,0,0,0,0,0,0,0,0,0,0,0,0,0,0,0,0,0,0,
32,마동종점 - 문의(청남대),214,노산리,0,0,0,0,0,0,0,0,0,0,0,0,0,0,0,0,0,0,0,0,0,0,0,0,
32,마동종점 - 문의(청남대),215,보조댐,0,0,0,0,0,0,0,0,0,0,0,0,0,0,0,0,0,0,0,0,0,0,0,0,
32,마동종점 - 문의(청남대),216,용정초등학교,0,0,0,0,0,0,0,0,0,0,0,0,0,0,0,0,0,0,0,0,0,0,0,0,
32,마동종점 - 문의(청남대),217,신탄진동,0,0,0,0,0,0,0,0,0,0,0,0,0,0,0,0,0,0,0,0,0,0,0,0,
32,마동종점 - 문의(청남대),218,신탄진역,0,0,0,0,0,0,0,0,0,0,0,0,0,0,0,0,0,0,0,0,0,0,0,0,
32,마동종점 - 문의(청남대),219,과선교종점,0,0,0,0,0,0,0,0,0,0,0,0,0,0,0,0,0,0,0,0,0,0,0,0,
32,마동종점 - 문의(청남대),220,신탄진역,0,0,0,0,0,0,0,0,0,0,0,0,0,0,0,0,0,0,0,0,0,0,0,0,
32,마동종점 - 문의(청남대),221,신탄진동,0,0,0,0,0,0,0,0,0,0,0,0,0,0,0,0,0,0,0,0,0,0,0,0,
32,마동종점 - 문의(청남대),222,용정초등학교,0,0,0,0,0,0,0,0,0,0,0,0,0,0,0,0,0,0,0,0,0,0,0,0,
32,마동종점 - 문의(청남대),223,보조댐,0,0,0,0,0,0,0,0,0,0,0,0,0,0,0,0,0,0,0,0,0,0,0,0,
32,마동종점 - 문의(청남대),224,노산리,0,0,0,0,0,0,0,0,0,0,0,0,0,0,0,0,0,0,0,0,0,0,0,0,
32,마동종점 - 문의(청남대),225,노산1리마을회관,0,0,0,0,0,0,0,0,0,0,0,0,0,0,0,0,0,0,0,0,0,0,0,0,
32,마동종점 - 문의(청남대),226,노산1리,0,0,0,0,0,0,0,0,0,0,0,0,0,0,0,0,0,0,0,0,0,0,0,0,
32,마동종점 - 문의(청남대),227,하석2리,0,0,0,0,0,0,0,0,0,0,0,0,0,0,0,0,0,0,0,0,0,0,0,0,
32,마동종점 - 문의(청남대),228,오가리,0,0,0,0,0,0,0,0,0,0,0,0,0,0,0,0,0,0,0,0,0,0,0,0,
32,마동종점 - 문의(청남대),229,현암사,0,0,0,0,0,0,0,0,0,0,0,0,0,0,0,0,0,0,0,0,0,0,0,0,
32,마동종점 - 문의(청남대),230,팔각정,0,0,0,0,0,0,0,0,0,0,0,0,0,0,0,0,0,0,0,0,0,0,0,0,
32,마동종점 - 문의(청남대),231,문의대교,0,0,0,0,0,0,0,0,0,0,0,0,0,0,0,0,0,0,0,0,0,0,0,0,
32,마동종점 - 문의(청남대),232,문의문화유산단지,0,0,0,0,0,0,0,0,0,0,0,0,0,0,0,0,0,0,0,0,0,0,0,0,
32,마동종점 - 문의(청남대),233,문의(청남대),0,0,0,0,0,0,0,0,0,0,0,0,0,0,0,0,0,0,0,0,0,0,0,0,
32,마동종점 - 문의(청남대),234,문의문화유산단지,0,0,0,0,0,0,0,0,0,0,0,0,0,0,0,0,0,0,0,0,0,0,0,0,
32,마동종점 - 문의(청남대),235,문의대교,0,0,0,0,0,0,0,0,0,0,0,0,0,0,0,0,0,0,0,0,0,0,0,0,
32,마동종점 - 문의(청남대),236,품곡,0,0,0,0,0,0,0,0,0,0,0,0,0,0,0,0,0,0,0,0,0,0,0,0,
32,마동종점 - 문의(청남대),237,품곡,0,0,0,0,0,0,0,0,0,0,0,0,0,0,0,0,0,0,0,0,0,0,0,0,
32,마동종점 - 문의(청남대),238,품곡,0,0,0,0,0,0,0,0,0,0,0,0,0,0,0,0,0,0,0,0,0,0,0,0,
32,마동종점 - 문의(청남대),239,두모2리(청남농협),0,0,0,0,0,0,0,0,0,0,0,0,0,0,0,0,0,0,0,0,0,0,0,0,
32,마동종점 - 문의(청남대),240,두모2리,0,0,0,0,0,0,0,0,0,0,0,0,0,0,0,0,0,0,0,0,0,0,0,0,
32,마동종점 - 문의(청남대),241,도원1리,0,0,0,0,0,0,0,0,0,0,0,0,0,0,0,0,0,0,0,0,0,0,0,0,
32,마동종점 - 문의(청남대),242,죽암2리,0,0,0,0,0,0,0,0,0,0,0,0,0,0,0,0,0,0,0,0,0,0,0,0,
32,마동종점 - 문의(청남대),243,죽암2리,0,0,0,0,0,0,0,0,0,0,0,0,0,0,0,0,0,0,0,0,0,0,0,0,
32,마동종점 - 문의(청남대),244,죽암2리,0,0,0,0,0,0,0,0,0,0,0,0,0,0,0,0,0,0,0,0,0,0,0,0,
32,마동종점 - 문의(청남대),245,죽암리(대청산기도원),0,0,0,0,0,0,0,0,0,0,0,0,0,0,0,0,0,0,0,0,0,0,0,0,
32,마동종점 - 문의(청남대),246,현도정보고,0,0,0,0,0,0,0,0,0,0,0,0,0,0,0,0,0,0,0,0,0,0,0,0,
32,마동종점 - 문의(청남대),247,죽암.청주IT과학고,0,0,0,0,0,0,0,0,0,0,0,0,0,0,0,0,0,0,0,0,0,0,0,0,
32,마동종점 - 문의(청남대),248,우록2리.청원가구마을,0,0,0,0,0,0,0,0,0,0,0,0,0,0,0,0,0,0,0,0,0,0,0,0,
32,마동종점 - 문의(청남대),249,우록2리,0,0,0,0,0,0,0,0,0,0,0,0,0,0,0,0,0,0,0,0,0,0,0,0,
32,마동종점 - 문의(청남대),250,죽전2리,0,0,0,0,0,0,0,0,0,0,0,0,0,0,0,0,0,0,0,0,0,0,0,0,
32,마동종점 - 문의(청남대),251,우록1리,0,0,0,0,0,0,0,0,0,0,0,0,0,0,0,0,0,0,0,0,0,0,0,0,
32,마동종점 - 문의(청남대),252,죽전3리,0,0,0,0,0,0,0,0,0,0,0,0,0,0,0,0,0,0,0,0,0,0,0,0,
32,마동종점 - 문의(청남대),253,죽전1리,0,0,0,0,0,0,0,0,0,0,0,0,0,0,0,0,0,0,0,0,0,0,0,0,
32,마동종점 - 문의(청남대),254,현도면행정복지센터.선동리,0,0,0,0,0,0,0,0,0,0,0,0,0,0,0,0,0,0,0,0,0,0,0,0,
32,마동종점 - 문의(청남대),255,시목리,0,0,0,0,0,0,0,0,0,0,0,0,0,0,0,0,0,0,0,0,0,0,0,0,
32,마동종점 - 문의(청남대),256,매봉,0,0,0,0,0,0,0,0,0,0,0,0,0,0,0,0,0,0,0,0,0,0,0,0,
32,마동종점 - 문의(청남대),257,매봉,0,0,0,0,0,0,0,0,0,0,0,0,0,0,0,0,0,0,0,0,0,0,0,0,
32,마동종점 - 문의(청남대),258,양지리,0,0,0,0,0,0,0,0,0,0,0,0,0,0,0,0,0,0,0,0,0,0,0,0,
32,마동종점 - 문의(청남대),259,신탄진,0,0,0,0,0,0,0,0,0,0,0,0,0,0,0,0,0,0,0,0,0,0,0,0,
32,마동종점 - 문의(청남대),260,신탄진역,0,0,0,0,0,0,0,0,0,0,0,0,0,0,0,0,0,0,0,0,0,0,0,0,
32,마동종점 - 문의(청남대),261,과선교종점,0,0,0,0,0,0,0,0,0,0,0,0,0,0,0,0,0,0,0,0,0,0,0,0,
32,마동종점 - 문의(청남대),262,신탄진역,0,0,0,0,0,0,0,0,0,0,0,0,0,0,0,0,0,0,0,0,0,0,0,0,
32,마동종점 - 문의(청남대),263,신탄진,0,0,0,0,0,0,0,0,0,0,0,0,0,0,0,0,0,0,0,0,0,0,0,0,
32,마동종점 - 문의(청남대),264,양지2리,0,0,0,0,0,0,0,0,0,0,0,0,0,0,0,0,0,0,0,0,0,0,0,0,
32,마동종점 - 문의(청남대),265,매봉리,0,0,0,0,0,0,0,0,0,0,0,0,0,0,0,0,0,0,0,0,0,0,0,0,
32,마동종점 - 문의(청남대),266,달계리,0,0,0,0,0,0,0,0,0,0,0,0,0,0,0,0,0,0,0,0,0,0,0,0,
32,마동종점 - 문의(청남대),267,현도면행정복지센터.선동리,0,0,0,0,0,0,0,0,0,0,0,0,0,0,0,0,0,0,0,0,0,0,0,0,
32,마동종점 - 문의(청남대),268,죽전1리,0,0,0,0,0,0,0,0,0,0,0,0,0,0,0,0,0,0,0,0,0,0,0,0,
32,마동종점 - 문의(청남대),269,죽전3리,0,0,0,0,0,0,0,0,0,0,0,0,0,0,0,0,0,0,0,0,0,0,0,0,
32,마동종점 - 문의(청남대),270,우록1리,0,0,0,0,0,0,0,0,0,0,0,0,0,0,0,0,0,0,0,0,0,0,0,0,
32,마동종점 - 문의(청남대),271,죽전2리,0,0,0,0,0,0,0,0,0,0,0,0,0,0,0,0,0,0,0,0,0,0,0,0,
32,마동종점 - 문의(청남대),272,우록2리,0,0,0,0,0,0,0,0,0,0,0,0,0,0,0,0,0,0,0,0,0,0,0,0,
32,마동종점 - 문의(청남대),273,우록2리.청원가구마을,0,0,0,0,0,0,0,0,0,0,0,0,0,0,0,0,0,0,0,0,0,0,0,0,
32,마동종점 - 문의(청남대),274,죽암,0,0,0,0,0,0,0,0,0,0,0,0,0,0,0,0,0,0,0,0,0,0,0,0,
32,마동종점 - 문의(청남대),275,현도정보고,0,0,0,0,0,0,0,0,0,0,0,0,0,0,0,0,0,0,0,0,0,0,0,0,
32,마동종점 - 문의(청남대),276,죽암리(대청산기도원),0,0,0,0,0,0,0,0,0,0,0,0,0,0,0,0,0,0,0,0,0,0,0,0,
32,마동종점 - 문의(청남대),277,죽암2리,0,0,0,0,0,0,0,0,0,0,0,0,0,0,0,0,0,0,0,0,0,0,0,0,
32,마동종점 - 문의(청남대),278,죽암2리,0,0,0,0,0,0,0,0,0,0,0,0,0,0,0,0,0,0,0,0,0,0,0,0,
32,마동종점 - 문의(청남대),279,도원1리,0,0,0,0,0,0,0,0,0,0,0,0,0,0,0,0,0,0,0,0,0,0,0,0,
32,마동종점 - 문의(청남대),280,두모2리,0,0,0,0,0,0,0,0,0,0,0,0,0,0,0,0,0,0,0,0,0,0,0,0,
32,마동종점 - 문의(청남대),281,두모2리(청남농협),0,0,0,0,0,0,0,0,0,0,0,0,0,0,0,0,0,0,0,0,0,0,0,0,
32,마동종점 - 문의(청남대),282,품곡리,0,0,0,0,0,0,0,0,0,0,0,0,0,0,0,0,0,0,0,0,0,0,0,0,
32,마동종점 - 문의(청남대),283,품곡리.빔실,0,0,0,0,0,0,0,0,0,0,0,0,0,0,0,0,0,0,0,0,0,0,0,0,
32,마동종점 - 문의(청남대),284,품곡리.동막골,0,0,0,0,0,0,0,0,0,0,0,0,0,0,0,0,0,0,0,0,0,0,0,0,
32,마동종점 - 문의(청남대),285,문의대교,0,0,0,0,0,0,0,0,0,0,0,0,0,0,0,0,0,0,0,0,0,0,0,0,
32,마동종점 - 문의(청남대),286,문의문화유산단지,0,0,0,0,0,0,0,0,0,0,0,0,0,0,0,0,0,0,0,0,0,0,0,0,
32,마동종점 - 문의(청남대),287,문의(청남대),0,0,0,0,0,0,0,0,0,0,0,0,0,0,0,0,0,0,0,0,0,0,0,0,
32,마동종점 - 문의(청남대),288,문의문화유산단지,0,0,0,0,0,0,0,0,0,0,0,0,0,0,0,0,0,0,0,0,0,0,0,0,
32,마동종점 - 문의(청남대),289,문의대교,0,0,0,0,0,0,0,0,0,0,0,0,0,0,0,0,0,0,0,0,0,0,0,0,
32,마동종점 - 문의(청남대),290,팔각정,0,0,0,0,0,0,0,0,0,0,0,0,0,0,0,0,0,0,0,0,0,0,0,0,
32,마동종점 - 문의(청남대),291,현암사,0,0,0,0,0,0,0,0,0,0,0,0,0,0,0,0,0,0,0,0,0,0,0,0,
32,마동종점 - 문의(청남대),292,오가리,0,0,0,0,0,0,0,0,0,0,0,0,0,0,0,0,0,0,0,0,0,0,0,0,
32,마동종점 - 문의(청남대),293,하석2리,0,0,0,0,0,0,0,0,0,0,0,0,0,0,0,0,0,0,0,0,0,0,0,0,
32,마동종점 - 문의(청남대),294,노산1리,0,0,0,0,0,0,0,0,0,0,0,0,0,0,0,0,0,0,0,0,0,0,0,0,
32,마동종점 - 문의(청남대),295,노산1리마을회관,0,0,0,0,0,0,0,0,0,0,0,0,0,0,0,0,0,0,0,0,0,0,0,0,
32,마동종점 - 문의(청남대),296,노산리,0,0,0,0,0,0,0,0,0,0,0,0,0,0,0,0,0,0,0,0,0,0,0,0,
32,마동종점 - 문의(청남대),297,보조댐,0,0,0,0,0,0,0,0,0,0,0,0,0,0,0,0,0,0,0,0,0,0,0,0,
32,마동종점 - 문의(청남대),298,용정초등학교,0,0,0,0,0,0,0,0,0,0,0,0,0,0,0,0,0,0,0,0,0,0,0,0,
32,마동종점 - 문의(청남대),299,신탄진동,0,0,0,0,0,0,0,0,0,0,0,0,0,0,0,0,0,0,0,0,0,0,0,0,
32,마동종점 - 문의(청남대),300,신탄진역,0,0,0,0,0,0,0,0,0,0,0,0,0,0,0,0,0,0,0,0,0,0,0,0,
32,마동종점 - 문의(청남대),301,과선교종점,0,0,0,0,0,0,0,0,0,0,0,0,0,0,0,0,0,0,0,0,0,0,0,0,
32,마동종점 - 문의(청남대),302,신탄진역,0,0,0,0,0,0,0,0,0,0,0,0,0,0,0,0,0,0,0,0,0,0,0,0,
32,마동종점 - 문의(청남대),303,신탄진동,0,0,0,0,0,0,0,0,0,0,0,0,0,0,0,0,0,0,0,0,0,0,0,0,
32,마동종점 - 문의(청남대),304,용정초등학교,0,0,0,0,0,0,0,0,0,0,0,0,0,0,0,0,0,0,0,0,0,0,0,0,
32,마동종점 - 문의(청남대),305,보조댐,0,0,0,0,0,0,0,0,0,0,0,0,0,0,0,0,0,0,0,0,0,0,0,0,
32,마동종점 - 문의(청남대),306,노산리,0,0,0,0,0,0,0,0,0,0,0,0,0,0,0,0,0,0,0,0,0,0,0,0,
32,마동종점 - 문의(청남대),307,노산1리마을회관,0,0,0,0,0,0,0,0,0,0,0,0,0,0,0,0,0,0,0,0,0,0,0,0,
32,마동종점 - 문의(청남대),308,노산1리,0,0,0,0,0,0,0,0,0,0,0,0,0,0,0,0,0,0,0,0,0,0,0,0,
32,마동종점 - 문의(청남대),309,하석2리,0,0,0,0,0,0,0,0,0,0,0,0,0,0,0,0,0,0,0,0,0,0,0,0,
32,마동종점 - 문의(청남대),310,오가리,0,0,0,0,0,0,0,0,0,0,0,0,0,0,0,0,0,0,0,0,0,0,0,0,
32,마동종점 - 문의(청남대),311,현암사,0,0,0,0,0,0,0,0,0,0,0,0,0,0,0,0,0,0,0,0,0,0,0,0,
32,마동종점 - 문의(청남대),312,팔각정,0,0,0,0,0,0,0,0,0,0,0,0,0,0,0,0,0,0,0,0,0,0,0,0,
32,마동종점 - 문의(청남대),313,문의대교,0,0,0,0,0,0,0,0,0,0,0,0,0,0,0,0,0,0,0,0,0,0,0,0,
32,마동종점 - 문의(청남대),314,문의문화유산단지,0,0,0,0,0,0,0,0,0,0,0,0,0,0,0,0,0,0,0,0,0,0,0,0,
32,마동종점 - 문의(청남대),315,문의(청남대),0,0,0,0,0,0,0,0,0,0,0,0,0,0,0,0,0,0,0,0,0,0,0,0,
32,마동종점 - 문의(청남대),316,미천2리,0,0,0,0,1,0,0,0,0,0,0,0,0,0,0,0,0,0,0,0,0,0,0,0,
32,마동종점 - 문의(청남대),317,미천2리,0,0,0,0,1,0,0,0,0,0,0,0,0,0,0,0,0,0,0,0,0,0,0,0,
32,마동종점 - 문의(청남대),318,미천6리,0,0,0,0,1,0,0,0,0,0,0,0,0,0,0,0,0,0,0,0,0,0,0,0,
32,마동종점 - 문의(청남대),319,미천1리,0,0,0,0,0,0,0,0,0,0,0,0,0,0,0,0,0,0,0,0,0,0,0,0,
32,마동종점 - 문의(청남대),320,남계1구,0,0,0,0,0,0,0,0,0,0,0,0,0,0,0,0,0,0,0,0,0,0,0,0,
32,마동종점 - 문의(청남대),321,국전2리,0,0,0,0,0,0,0,0,0,0,0,0,0,0,0,0,0,0,0,0,0,0,0,0,
32,마동종점 - 문의(청남대),322,국전1리,0,0,0,0,0,0,0,0,0,0,0,0,0,0,0,0,0,0,0,0,0,0,0,0,
32,마동종점 - 문의(청남대),323,국전2리,0,0,0,0,0,0,0,0,0,0,0,0,0,0,0,0,0,0,0,0,0,0,0,0,
32,마동종점 - 문의(청남대),324,남계1리.항공기술훈련원,0,0,0,0,0,0,0,0,0,0,0,0,0,0,0,0,0,0,0,0,0,0,0,0,
32,마동종점 - 문의(청남대),325,미천1리,0,0,0,0,0,0,0,0,0,0,0,0,0,0,0,0,0,0,0,0,0,0,0,0,
32,마동종점 - 문의(청남대),326,미천6리,0,0,0,0,0,0,0,0,0,0,0,0,0,0,0,0,0,0,0,0,0,0,0,0,
32,마동종점 - 문의(청남대),327,문의초등학교입구,0,0,0,0,0,0,0,0,0,0,0,0,0,0,0,0,0,0,0,0,0,0,0,0,
32,마동종점 - 문의(청남대),328,문의119안전센터,0,0,0,0,0,0,0,0,0,0,0,0,0,0,0,0,0,0,0,0,0,0,0,0,
32,마동종점 - 문의(청남대),329,문의(청남대),0,0,0,0,0,0,0,0,0,0,0,0,0,0,0,0,0,0,0,0,0,0,0,0,
32,마동종점 - 문의(청남대),330,미천2리,0,0,0,0,0,0,0,0,0,0,0,0,0,0,0,0,0,0,0,0,0,0,0,0,
32,마동종점 - 문의(청남대),331,미천2리,0,0,0,0,0,0,0,0,0,0,0,0,0,0,0,0,0,0,0,0,0,0,0,0,
32,마동종점 - 문의(청남대),332,미천6리,0,0,0,0,0,0,0,0,0,0,0,0,0,0,0,0,0,0,0,0,0,0,0,0,
32,마동종점 - 문의(청남대),333,미천1리,0,0,0,0,0,0,0,0,0,0,0,0,0,0,0,0,0,0,0,0,0,0,0,0,
32,마동종점 - 문의(청남대),334,상장,0,0,0,0,0,0,0,0,0,0,0,0,0,0,0,0,0,0,0,0,0,0,0,0,
32,마동종점 - 문의(청남대),335,상장1리.의성골,0,0,0,0,0,0,0,0,0,0,0,0,0,0,0,0,0,0,0,0,0,0,0,0,
32,마동종점 - 문의(청남대),336,노현1리,0,0,0,0,0,0,0,0,0,0,0,0,0,0,0,0,0,0,0,0,0,0,0,0,
32,마동종점 - 문의(청남대),337,노현1리마을회관,0,0,0,0,0,0,0,0,0,0,0,0,0,0,0,0,0,0,0,0,0,0,0,0,
32,마동종점 - 문의(청남대),338,노현1리(밤나무재),0,0,0,0,0,0,0,0,0,0,0,0,0,0,0,0,0,0,0,0,0,0,0,0,
32,마동종점 - 문의(청남대),339,노현2리,0,0,0,0,0,0,0,0,0,0,0,0,0,0,0,0,0,0,0,0,0,0,0,0,
32,마동종점 - 문의(청남대),340,노현2리.솔대골,0,0,0,0,0,0,0,0,0,0,0,0,0,0,0,0,0,0,0,0,0,0,0,0,
32,마동종점 - 문의(청남대),341,마구리(회차점),0,0,0,0,0,0,0,0,0,0,0,0,0,0,0,0,0,0,0,0,0,0,0,0,
32,마동종점 - 문의(청남대),342,노현2리.솟대골,0,0,0,0,0,0,0,0,0,0,0,0,0,0,0,0,0,0,0,0,0,0,0,0,
32,마동종점 - 문의(청남대),343,노현2리,0,0,0,0,0,0,0,0,0,0,0,0,0,0,0,0,0,0,0,0,0,0,0,0,
32,마동종점 - 문의(청남대),344,노현2리,0,0,0,0,0,0,0,0,0,0,0,0,0,0,0,0,0,0,0,0,0,0,0,0,
32,마동종점 - 문의(청남대),345,노현1리마을회관,0,0,0,0,0,0,0,0,0,0,0,0,0,0,0,0,0,0,0,0,0,0,0,0,
32,마동종점 - 문의(청남대),346,노현1리,0,0,0,0,0,0,0,0,0,0,0,0,0,0,0,0,0,0,0,0,0,0,0,0,
32,마동종점 - 문의(청남대),347,상장1리.의성골,0,0,0,0,0,0,0,0,0,0,0,0,0,0,0,0,0,0,0,0,0,0,0,0,
32,마동종점 - 문의(청남대),348,상장,0,0,0,0,0,0,0,0,0,0,0,0,0,0,0,0,0,0,0,0,0,0,0,0,
32,마동종점 - 문의(청남대),349,미천1리,0,0,0,0,0,0,0,0,0,0,0,0,0,0,0,0,0,0,0,0,0,0,0,0,
32,마동종점 - 문의(청남대),350,미천6리,0,0,0,0,0,0,0,0,0,0,0,0,0,0,0,0,0,0,0,0,0,0,0,0,
32,마동종점 - 문의(청남대),351,문의(청남대),0,0,0,0,0,0,0,0,0,0,0,0,0,0,0,0,0,0,0,0,0,0,0,0,
32,마동종점 - 문의(청남대),352,문의문화유산단지,0,0,0,0,0,0,0,0,0,0,0,0,0,0,0,0,0,0,0,0,0,0,0,0,
32,마동종점 - 문의(청남대),353,문의대교,0,0,0,0,0,0,0,0,0,0,0,0,0,0,0,0,0,0,0,0,0,0,0,0,
32,마동종점 - 문의(청남대),354,팔각정,0,0,0,0,0,0,0,0,0,0,0,0,0,0,0,0,0,0,0,0,0,0,0,0,
32,마동종점 - 문의(청남대),355,현암사,0,0,0,0,0,0,0,0,0,0,0,0,0,0,0,0,0,0,0,0,0,0,0,0,
32,마동종점 - 문의(청남대),356,오가리,0,0,0,0,0,0,0,0,0,0,0,0,0,0,0,0,0,0,0,0,0,0,0,0,
32,마동종점 - 문의(청남대),357,하석2리,0,0,0,0,0,0,0,0,0,0,0,0,0,0,0,0,0,0,0,0,0,0,0,0,
32,마동종점 - 문의(청남대),358,노산1리,0,0,0,0,0,0,0,0,0,0,0,0,0,0,0,0,0,0,0,0,0,0,0,0,
32,마동종점 - 문의(청남대),359,노산1리마을회관,0,0,0,0,0,0,0,0,0,0,0,0,0,0,0,0,0,0,0,0,0,0,0,0,
32,마동종점 - 문의(청남대),360,노산리,0,0,0,0,0,0,0,0,0,0,0,0,0,0,0,0,0,0,0,0,0,0,0,0,
32,마동종점 - 문의(청남대),361,보조댐,0,0,0,0,0,0,0,0,0,0,0,0,0,0,0,0,0,0,0,0,0,0,0,0,
32,마동종점 - 문의(청남대),362,용정초등학교,0,0,0,0,0,0,0,0,0,0,0,0,0,0,0,0,0,0,0,0,0,0,0,0,
32,마동종점 - 문의(청남대),363,신탄진동,0,0,0,0,0,0,0,0,0,0,0,0,0,0,0,0,0,0,0,0,0,0,0,0,
32,마동종점 - 문의(청남대),364,신탄진역,0,0,0,0,0,0,0,0,0,0,0,0,0,0,0,0,0,0,0,0,0,0,0,0,
32,마동종점 - 문의(청남대),365,과선교종점,0,0,0,0,0,0,0,0,0,0,0,0,0,0,0,0,0,0,0,0,0,0,0,0,
32,마동종점 - 문의(청남대),366,신탄진역,0,0,0,0,0,0,0,0,0,0,0,0,0,0,0,0,0,0,0,0,0,0,0,0,
32,마동종점 - 문의(청남대),367,신탄진동,0,0,0,0,0,0,0,0,0,0,0,0,0,0,0,0,0,0,0,0,0,0,0,0,
32,마동종점 - 문의(청남대),368,용정초등학교,0,0,0,0,0,0,0,0,0,0,0,0,0,0,0,0,0,0,0,0,0,0,0,0,
32,마동종점 - 문의(청남대),369,보조댐,0,0,0,0,0,0,0,0,0,0,0,0,0,0,0,0,0,0,0,0,0,0,0,0,
32,마동종점 - 문의(청남대),370,노산리,0,0,0,0,0,0,0,0,0,0,0,0,0,0,0,0,0,0,0,0,0,0,0,0,
32,마동종점 - 문의(청남대),371,노산1리마을회관,0,0,0,0,0,0,0,0,0,0,0,0,0,0,0,0,0,0,0,0,0,0,0,0,
32,마동종점 - 문의(청남대),372,노산1리,0,0,0,0,0,0,0,0,0,0,0,0,0,0,0,0,0,0,0,0,0,0,0,0,
32,마동종점 - 문의(청남대),373,하석2리,0,0,0,0,0,0,0,0,0,0,0,0,0,0,0,0,0,0,0,0,0,0,0,0,
32,마동종점 - 문의(청남대),374,오가리,0,0,0,0,0,0,0,0,0,0,0,0,0,0,0,0,0,0,0,0,0,0,0,0,
32,마동종점 - 문의(청남대),375,현암사,0,0,0,0,0,0,0,0,0,0,0,0,0,0,0,0,0,0,0,0,0,0,0,0,
32,마동종점 - 문의(청남대),376,팔각정,0,0,0,0,0,0,0,0,0,0,0,0,0,0,0,0,0,0,0,0,0,0,0,0,
32,마동종점 - 문의(청남대),377,문의대교,0,0,0,0,0,0,0,0,0,0,0,0,0,0,0,0,0,0,0,0,0,0,0,0,
32,마동종점 - 문의(청남대),378,문의문화유산단지,0,0,0,0,0,0,0,0,0,0,0,0,0,0,0,0,0,0,0,0,0,0,0,0,
32,마동종점 - 문의(청남대),379,문의(청남대),0,0,0,0,0,0,0,0,0,0,0,0,0,0,0,0,0,0,0,0,0,0,0,0,
32,마동종점 - 문의(청남대),380,미천2리,0,0,0,0,0,0,0,0,0,0,0,0,0,0,0,0,0,0,0,0,0,0,0,0,
32,마동종점 - 문의(청남대),381,미천2리,0,0,0,0,0,0,0,0,0,0,0,0,0,0,0,0,0,0,0,0,0,0,0,0,
32,마동종점 - 문의(청남대),382,미천6리,0,0,0,0,0,0,0,0,0,0,0,0,0,0,0,0,0,0,0,0,0,0,0,0,
32,마동종점 - 문의(청남대),383,미천1리,0,0,0,0,0,0,0,0,0,0,0,0,0,0,0,0,0,0,0,0,0,0,0,0,
32,마동종점 - 문의(청남대),384,상장,0,0,0,0,0,0,0,0,0,0,0,0,0,0,0,0,0,0,0,0,0,0,0,0,
32,마동종점 - 문의(청남대),385,상장1리.의성골,0,0,0,0,0,0,0,0,0,0,0,0,0,0,0,0,0,0,0,0,0,0,0,0,
32,마동종점 - 문의(청남대),386,노현1리,0,0,0,0,0,0,0,0,0,0,0,0,0,0,0,0,0,0,0,0,0,0,0,0,
32,마동종점 - 문의(청남대),387,노현1리마을회관,0,0,0,0,0,0,0,0,0,0,0,0,0,0,0,0,0,0,0,0,0,0,0,0,
32,마동종점 - 문의(청남대),388,노현1리(밤나무재),0,0,0,0,0,0,0,0,0,0,0,0,0,0,0,0,0,0,0,0,0,0,0,0,
32,마동종점 - 문의(청남대),389,노현2리,0,0,0,0,0,0,0,0,0,0,0,0,0,0,0,0,0,0,0,0,0,0,0,0,
32,마동종점 - 문의(청남대),390,노현2리.솔대골,0,0,0,0,0,0,0,0,0,0,0,0,0,0,0,0,0,0,0,0,0,0,0,0,
32,마동종점 - 문의(청남대),391,마구리(회차점),0,0,0,0,0,0,0,0,0,0,0,0,0,0,0,0,0,0,0,0,0,0,0,0,
32,마동종점 - 문의(청남대),392,노현2리.솟대골,0,0,0,0,0,0,0,0,0,0,0,0,0,0,0,0,0,0,0,0,0,0,0,0,
32,마동종점 - 문의(청남대),393,노현2리,0,0,0,0,0,0,0,0,0,0,0,0,0,0,0,0,0,0,0,0,0,0,0,0,
32,마동종점 - 문의(청남대),394,노현2리,0,0,0,0,0,0,0,0,0,0,0,0,0,0,0,0,0,0,0,0,0,0,0,0,
32,마동종점 - 문의(청남대),395,노현1리마을회관,0,0,0,0,0,0,0,0,0,0,0,0,0,0,0,0,0,0,0,0,0,0,0,0,
32,마동종점 - 문의(청남대),396,노현1리,0,0,0,0,0,0,0,0,0,0,0,0,0,0,0,0,0,0,0,0,0,0,0,0,
32,마동종점 - 문의(청남대),397,상장1리.의성골,0,0,0,0,0,0,0,0,0,0,0,0,0,0,0,0,0,0,0,0,0,0,0,0,
32,마동종점 - 문의(청남대),398,상장,0,0,0,0,0,0,0,0,0,0,0,0,0,0,0,0,0,0,0,0,0,0,0,0,
32,마동종점 - 문의(청남대),399,미천1리,0,0,0,0,0,0,0,0,0,0,0,0,0,0,0,0,0,0,0,0,0,0,0,0,
32,마동종점 - 문의(청남대),400,미천6리,0,0,0,0,0,0,0,0,0,0,0,0,0,0,0,0,0,0,0,0,0,0,0,0,
32,마동종점 - 문의(청남대),401,문의(청남대),0,0,0,0,0,0,0,0,0,0,0,0,0,0,0,0,0,0,0,0,0,0,0,0,
33-1,대전역동광장종점 - 대전역동광장종점,1,대전역동광장종점,0,0,0,0,0,0,0,0,0,0,0,0,0,0,0,0,0,0,0,0,0,0,0,0,
33-1,대전역동광장종점 - 대전역동광장종점,2,대전역동광장종점,0,0,0,0,0,0,0,0,0,0,0,0,0,0,0,0,0,0,0,0,0,0,0,0,
33-1,대전역동광장종점 - 대전역동광장종점,3,중앙시장,0,0,1,0,0,0,0,0,0,2,0,0,0,0,0,0,0,0,0,0,0,0,0,0,
33-1,대전역동광장종점 - 대전역동광장종점,4,원동네거리,0,0,1,0,0,0,0,0,0,2,0,0,0,0,0,0,0,0,0,0,0,0,0,0,
33-1,대전역동광장종점 - 대전역동광장종점,5,대흥교,0,0,1,0,0,0,0,0,0,2,0,0,0,0,0,0,0,0,0,0,0,0,0,0,
33-1,대전역동광장종점 - 대전역동광장종점,6,대흥동네거리,0,0,2,0,0,0,0,0,0,0,0,0,0,0,0,0,0,0,0,0,0,0,0,0,
33-1,대전역동광장종점 - 대전역동광장종점,7,대고오거리,0,0,2,0,0,0,0,0,0,0,0,0,0,0,0,0,0,0,0,0,0,0,0,0,
33-1,대전역동광장종점 - 대전역동광장종점,8,성모병원,0,0,2,0,0,0,0,0,0,0,0,0,0,0,0,0,0,0,0,0,0,0,0,0,
33-1,대전역동광장종점 - 대전역동광장종점,9,대전충남병무청,0,0,2,0,0,0,0,0,0,0,0,0,0,0,0,0,0,0,0,0,0,0,0,0,
33-1,대전역동광장종점 - 대전역동광장종점,10,서대전네거리역3번출구,0,0,2,0,0,0,0,0,0,0,0,0,0,0,0,0,0,0,0,0,0,0,0,0,
33-1,대전역동광장종점 - 대전역동광장종점,11,문화동삼익아파트,0,0,0,0,0,0,0,0,0,0,0,0,0,0,2,0,0,0,0,0,0,0,0,0,
33-1,대전역동광장종점 - 대전역동광장종점,12,센트럴파크1단지,0,0,1,0,0,0,0,0,0,0,0,0,0,0,0,0,0,0,0,0,0,0,0,0,
33-1,대전역동광장종점 - 대전역동광장종점,13,동산중고등학교,0,0,0,0,0,0,0,0,0,0,0,0,0,0,1,0,0,0,0,0,0,0,0,0,
33-1,대전역동광장종점 - 대전역동광장종점,14,문화초등학교,0,0,0,0,0,0,0,0,0,0,0,0,0,0,1,0,0,0,0,0,0,0,0,0,
33-1,대전역동광장종점 - 대전역동광장종점,15,산성우성아파트,0,0,3,0,0,1,0,0,0,0,0,0,0,0,0,0,0,0,0,0,0,0,0,0,
33-1,대전역동광장종점 - 대전역동광장종점,16,문성초등학교입구,0,0,0,0,0,0,0,0,0,0,0,0,0,0,0,0,0,0,0,0,0,0,0,0,
33-1,대전역동광장종점 - 대전역동광장종점,17,머티네거리,0,0,1,0,0,0,0,0,0,0,0,0,0,0,0,0,0,0,0,0,0,0,0,0,
33-1,대전역동광장종점 - 대전역동광장종점,18,산성동행정복지센터,0,0,0,0,0,1,0,0,0,0,0,0,0,0,0,0,0,0,0,0,0,0,0,0,
33-1,대전역동광장종점 - 대전역동광장종점,19,산성시장,0,0,0,0,0,1,0,0,0,0,0,0,0,0,0,0,0,0,0,0,0,0,0,0,
33-1,대전역동광장종점 - 대전역동광장종점,20,탑골입구,0,0,0,0,0,1,0,0,0,0,0,0,0,0,0,0,0,0,0,0,0,0,0,0,
33-1,대전역동광장종점 - 대전역동광장종점,21,보성네거리,0,0,0,0,0,1,0,0,0,0,0,0,0,0,0,0,0,0,0,0,0,0,0,0,
33-1,대전역동광장종점 - 대전역동광장종점,22,백골삼거리,0,0,0,0,0,1,0,0,0,0,0,0,0,0,0,0,0,0,0,0,0,0,0,0,
33-1,대전역동광장종점 - 대전역동광장종점,23,대전보훈공원입구,0,0,0,0,0,1,0,0,0,0,0,0,0,0,0,0,0,0,0,0,0,0,0,0,
33-1,대전역동광장종점 - 대전역동광장종점,24,사정공원,0,0,0,0,0,1,0,0,0,0,0,0,0,0,0,0,0,0,0,0,0,0,0,0,
33-1,대전역동광장종점 - 대전역동광장종점,25,백골저수지,0,0,0,0,0,1,0,0,0,0,0,0,0,0,0,0,0,0,0,0,0,0,0,0,
33-1,대전역동광장종점 - 대전역동광장종점,26,윗사정삼거리,0,0,0,0,0,1,0,0,0,0,0,0,0,0,0,0,0,0,0,0,0,0,0,0,
33-1,대전역동광장종점 - 대전역동광장종점,27,오월드,0,0,0,0,0,1,0,0,0,0,0,0,0,0,0,0,0,0,0,0,0,0,0,0,
33-1,대전역동광장종점 - 대전역동광장종점,28,보문산교통광장,0,0,0,0,0,1,0,0,0,0,0,0,0,0,0,0,0,0,0,0,0,0,0,0,
33-1,대전역동광장종점 - 대전역동광장종점,29,침산동입구,0,0,0,0,0,0,0,0,0,0,0,0,0,0,0,0,0,0,0,0,0,0,0,0,
33-1,대전역동광장종점 - 대전역동광장종점,30,무수동입구,0,0,0,0,0,0,0,0,0,0,0,0,0,0,0,0,0,0,0,0,0,0,0,0,
33-1,대전역동광장종점 - 대전역동광장종점,31,무수동,0,0,0,0,0,0,0,0,0,0,0,0,0,0,0,0,0,0,0,0,0,0,0,0,
33-1,대전역동광장종점 - 대전역동광장종점,32,구완2교,0,0,0,0,0,0,0,0,0,0,0,0,0,0,0,0,0,0,0,0,0,0,0,0,
33-1,대전역동광장종점 - 대전역동광장종점,33,구완동,0,0,0,0,0,0,0,0,0,0,0,0,0,0,0,0,0,0,0,0,0,0,0,0,
33-1,대전역동광장종점 - 대전역동광장종점,34,구완동,0,0,0,0,0,0,0,0,0,0,0,0,0,0,0,0,0,0,0,0,0,0,0,0,
33-1,대전역동광장종점 - 대전역동광장종점,35,구완2교,0,0,0,0,0,0,0,0,0,0,0,0,0,0,0,0,0,0,0,0,0,0,0,0,
33-1,대전역동광장종점 - 대전역동광장종점,36,무수동,0,0,0,0,0,1,0,0,0,0,0,0,0,0,0,0,0,0,0,0,0,0,0,0,
33-1,대전역동광장종점 - 대전역동광장종점,37,무수동입구,0,0,0,0,0,1,0,0,0,0,0,0,0,0,0,0,0,0,0,0,0,0,0,0,
33-1,대전역동광장종점 - 대전역동광장종점,38,침산동입구,0,0,0,0,0,1,0,0,0,0,0,0,0,0,0,0,0,0,0,0,0,0,0,0,
33-1,대전역동광장종점 - 대전역동광장종점,39,보문산교통광장,0,0,0,0,0,1,0,0,0,0,0,0,0,0,0,0,0,0,0,0,0,0,0,0,
33-1,대전역동광장종점 - 대전역동광장종점,40,오월드,0,0,0,0,0,1,0,0,0,0,0,0,0,0,0,0,0,0,0,0,0,0,0,0,
33-1,대전역동광장종점 - 대전역동광장종점,41,윗사정삼거리,0,0,0,0,0,1,0,0,0,0,0,0,0,0,0,0,0,0,0,0,0,0,0,0,
33-1,대전역동광장종점 - 대전역동광장종점,42,백골저수지,0,0,0,0,0,1,0,0,0,0,0,0,0,0,0,0,0,0,0,0,0,0,0,0,
33-1,대전역동광장종점 - 대전역동광장종점,43,사정공원,0,0,0,0,0,1,0,0,0,0,0,0,0,0,0,0,0,0,0,0,0,0,0,0,
33-1,대전역동광장종점 - 대전역동광장종점,44,대전보훈공원입구,0,0,0,0,0,1,0,0,0,0,0,0,0,0,0,0,0,0,0,0,0,0,0,0,
33-1,대전역동광장종점 - 대전역동광장종점,45,백골삼거리,0,0,0,0,0,1,0,0,0,0,0,0,0,0,0,0,0,0,0,0,0,0,0,0,
33-1,대전역동광장종점 - 대전역동광장종점,46,보성네거리,0,0,0,0,0,1,0,0,0,0,0,0,0,0,0,0,0,0,0,0,0,0,0,0,
33-1,대전역동광장종점 - 대전역동광장종점,47,보성초등학교,0,0,0,0,0,1,0,0,0,0,0,0,0,0,0,0,0,0,0,0,0,0,0,0,
33-1,대전역동광장종점 - 대전역동광장종점,48,산성시장,0,0,0,0,0,1,0,0,0,0,0,0,0,0,0,0,0,0,0,0,0,0,0,0,
33-1,대전역동광장종점 - 대전역동광장종점,49,산성시장,0,0,0,0,0,1,0,0,0,0,0,0,0,0,0,0,0,0,0,0,0,0,0,0,
33-1,대전역동광장종점 - 대전역동광장종점,50,문성초등학교입구,0,0,0,0,0,1,0,0,0,0,0,0,0,0,0,0,0,0,0,0,0,0,0,0,
33-1,대전역동광장종점 - 대전역동광장종점,51,산성우성아파트,0,0,0,0,0,1,0,0,0,0,0,0,0,0,0,0,0,0,0,0,0,0,0,0,
33-1,대전역동광장종점 - 대전역동광장종점,52,문화초등학교,0,0,0,0,0,1,0,0,0,0,0,0,0,0,0,0,0,0,0,0,0,0,0,0,
33-1,대전역동광장종점 - 대전역동광장종점,53,문화육교,0,0,0,0,0,1,0,0,0,0,0,0,0,0,0,0,0,0,0,0,0,0,0,0,
33-1,대전역동광장종점 - 대전역동광장종점,54,동산중고등학교,0,0,0,0,0,1,0,0,0,0,0,0,0,0,0,0,0,0,0,0,0,0,0,0,
33-1,대전역동광장종점 - 대전역동광장종점,55,센트럴파크1단지,0,0,0,0,0,0,0,0,0,0,0,3,0,0,0,0,0,0,0,0,0,0,0,0,
33-1,대전역동광장종점 - 대전역동광장종점,56,서대전역네거리,0,0,0,1,0,0,0,0,0,0,0,0,0,0,0,0,0,0,0,0,0,0,0,0,
33-1,대전역동광장종점 - 대전역동광장종점,57,서대전네거리역2번출구,0,0,0,2,0,0,0,0,0,0,0,1,0,0,0,0,0,0,0,0,0,0,0,0,
33-1,대전역동광장종점 - 대전역동광장종점,58,대전충남병무청,0,0,0,2,0,0,0,0,0,0,0,1,0,0,0,0,0,0,0,0,0,0,0,0,
33-1,대전역동광장종점 - 대전역동광장종점,59,성모병원,0,0,0,2,0,0,0,0,0,0,0,1,0,0,0,0,0,0,0,0,0,0,0,0,
33-1,대전역동광장종점 - 대전역동광장종점,60,성모오거리,0,0,0,2,0,0,0,0,0,0,0,1,0,0,0,0,0,0,0,0,0,0,0,0,
33-1,대전역동광장종점 - 대전역동광장종점,61,대전고등학교,0,0,0,1,0,0,0,0,0,0,0,0,0,0,0,0,0,0,0,0,0,0,0,0,
33-1,대전역동광장종점 - 대전역동광장종점,62,대흥동네거리,0,0,0,0,0,0,0,0,0,0,0,0,0,0,0,0,0,0,0,0,0,0,0,0,
33-1,대전역동광장종점 - 대전역동광장종점,63,대흥교,0,0,0,0,0,0,0,0,0,0,0,0,0,0,0,0,0,0,0,0,0,0,0,0,
33-1,대전역동광장종점 - 대전역동광장종점,64,원동네거리,0,0,0,0,0,0,0,0,0,0,0,0,0,0,0,0,0,0,0,0,0,0,0,0,
33-1,대전역동광장종점 - 대전역동광장종점,65,대전역/역전시장,0,0,0,0,0,0,0,0,0,0,0,0,0,0,0,0,0,0,0,0,0,0,0,0,
33-1,대전역동광장종점 - 대전역동광장종점,66,대전역동광장,0,0,0,0,0,0,0,0,0,0,0,0,0,0,0,0,0,0,0,0,0,0,0,0,
33-1,대전역동광장종점 - 대전역동광장종점,67,대전역동광장종점,0,0,0,0,0,0,0,0,0,0,0,0,0,0,0,0,0,0,0,0,0,0,0,0,
33-2,대전역동광장종점 - 대전역동광장종점,1,대전역동광장종점,0,0,0,0,0,0,0,0,0,0,0,0,0,0,0,0,0,0,0,0,0,0,0,0,
33-2,대전역동광장종점 - 대전역동광장종점,2,대전역동광장종점,0,0,0,0,0,0,0,0,0,0,0,0,0,0,0,0,0,0,0,0,0,0,0,0,
33-2,대전역동광장종점 - 대전역동광장종점,3,중앙시장,0,0,0,0,0,0,0,1,0,0,0,0,0,0,0,0,0,0,0,0,0,0,0,0,
33-2,대전역동광장종점 - 대전역동광장종점,4,원동네거리,0,0,0,0,0,0,0,1,0,0,0,0,0,0,0,0,0,0,0,0,0,0,0,0,
33-2,대전역동광장종점 - 대전역동광장종점,5,대흥교,0,0,0,0,0,0,0,1,0,0,0,0,0,0,0,0,0,0,0,0,0,0,0,0,
33-2,대전역동광장종점 - 대전역동광장종점,6,대흥동네거리,0,0,0,0,0,0,0,2,0,0,0,0,0,0,0,0,0,0,0,0,0,0,0,0,
33-2,대전역동광장종점 - 대전역동광장종점,7,대고오거리,0,0,0,0,0,0,0,2,0,0,0,0,0,0,0,0,0,0,0,0,0,0,0,0,
33-2,대전역동광장종점 - 대전역동광장종점,8,성모병원,0,0,0,0,0,0,0,2,0,0,0,0,0,0,0,0,0,0,0,0,0,0,0,0,
33-2,대전역동광장종점 - 대전역동광장종점,9,대전충남병무청,0,0,0,0,0,0,0,2,0,0,0,0,0,0,0,0,0,0,0,0,0,0,0,0,
33-2,대전역동광장종점 - 대전역동광장종점,10,서대전네거리역3번출구,0,0,0,0,0,0,0,0,0,0,0,0,0,0,0,0,1,0,0,0,0,0,0,0,
33-2,대전역동광장종점 - 대전역동광장종점,11,문화동삼익아파트,0,0,0,0,0,0,0,0,0,0,0,0,0,0,0,0,1,0,0,0,0,0,0,0,
33-2,대전역동광장종점 - 대전역동광장종점,12,센트럴파크1단지,0,0,0,0,0,0,0,0,0,0,0,0,0,0,0,0,1,0,0,0,0,0,0,0,
33-2,대전역동광장종점 - 대전역동광장종점,13,동산중고등학교,0,0,0,0,0,0,0,0,0,0,0,0,0,0,0,0,1,0,0,0,0,0,0,0,
33-2,대전역동광장종점 - 대전역동광장종점,14,문화초등학교,0,0,0,0,0,0,0,0,0,0,0,0,0,0,0,0,1,0,0,0,0,0,0,0,
33-2,대전역동광장종점 - 대전역동광장종점,15,산성우성아파트,0,0,0,0,0,0,0,0,0,0,0,0,0,0,0,0,1,0,0,0,0,0,0,0,
33-2,대전역동광장종점 - 대전역동광장종점,16,문성초등학교입구,0,0,0,0,0,0,0,0,0,0,0,0,0,0,0,0,1,0,0,0,0,0,0,0,
33-2,대전역동광장종점 - 대전역동광장종점,17,머티네거리,0,0,0,0,0,0,0,0,0,0,0,0,0,0,0,0,0,0,0,0,0,0,0,0,
33-2,대전역동광장종점 - 대전역동광장종점,18,산성동행정복지센터,0,0,0,0,0,0,0,0,0,0,0,0,0,0,0,0,0,0,0,0,0,0,0,0,
33-2,대전역동광장종점 - 대전역동광장종점,19,산성네거리,0,0,0,0,0,0,0,4,0,0,0,0,1,0,0,0,0,0,0,0,0,0,0,0,
33-2,대전역동광장종점 - 대전역동광장종점,20,산성초등학교,0,0,0,0,0,0,0,4,0,0,0,0,1,0,0,0,0,0,0,0,0,0,0,0,
33-2,대전역동광장종점 - 대전역동광장종점,21,사정동,0,0,0,0,0,0,0,0,0,0,0,0,2,0,0,0,0,0,0,0,0,0,0,0,
33-2,대전역동광장종점 - 대전역동광장종점,22,산성어린이도서관,0,0,0,0,0,0,0,0,0,0,0,0,1,0,0,0,0,0,0,0,0,0,0,0,
33-2,대전역동광장종점 - 대전역동광장종점,23,상당,0,0,0,0,0,0,0,0,0,0,0,0,1,0,0,0,0,0,0,0,0,0,0,0,
33-2,대전역동광장종점 - 대전역동광장종점,24,오월드회전교차로,0,0,0,0,0,0,0,0,0,0,0,0,1,0,0,0,0,0,0,0,0,0,0,0,
33-2,대전역동광장종점 - 대전역동광장종점,25,보문산교통광장,0,0,0,0,0,0,0,0,0,0,0,0,1,0,0,0,0,0,0,0,0,0,0,0,
33-2,대전역동광장종점 - 대전역동광장종점,26,침산동입구,0,0,0,0,0,0,0,0,0,0,0,0,0,0,0,0,0,0,0,0,0,0,0,0,
33-2,대전역동광장종점 - 대전역동광장종점,27,무수동입구,0,0,0,0,0,0,0,3,0,0,0,0,0,0,0,0,0,0,0,0,0,0,0,0,
33-2,대전역동광장종점 - 대전역동광장종점,28,무수동,0,0,0,0,0,0,0,2,0,0,0,0,0,0,0,0,0,0,0,0,0,0,0,0,
33-2,대전역동광장종점 - 대전역동광장종점,29,구완2교,0,0,0,0,0,0,0,2,0,0,0,0,0,0,0,0,0,0,0,0,0,0,0,0,
33-2,대전역동광장종점 - 대전역동광장종점,30,구완동,0,0,0,0,0,0,0,0,0,0,0,0,4,0,0,0,0,0,0,0,0,0,0,0,
33-2,대전역동광장종점 - 대전역동광장종점,31,구완동,0,0,0,0,0,0,0,0,0,0,0,0,0,0,0,0,0,0,0,0,0,0,0,0,
33-2,대전역동광장종점 - 대전역동광장종점,32,구완2교,0,0,0,0,0,0,0,0,0,0,0,0,0,0,0,0,0,0,0,0,0,0,0,0,
33-2,대전역동광장종점 - 대전역동광장종점,33,무수동,0,0,0,0,0,0,0,0,0,0,0,0,0,0,0,0,0,0,0,0,0,0,0,0,
33-2,대전역동광장종점 - 대전역동광장종점,34,무수동입구,0,0,0,0,0,0,0,0,1,0,0,0,5,0,0,0,0,0,0,0,0,0,0,0,
33-2,대전역동광장종점 - 대전역동광장종점,35,침산동입구,0,0,0,0,0,0,0,0,1,0,0,0,5,0,0,0,0,0,0,0,0,0,0,0,
33-2,대전역동광장종점 - 대전역동광장종점,36,보문산교통광장,0,0,0,0,0,0,0,0,1,0,0,0,5,0,0,0,0,0,0,0,0,0,0,0,
33-2,대전역동광장종점 - 대전역동광장종점,37,오월드회전교차로,0,0,0,0,0,0,0,0,1,0,0,0,5,0,0,0,0,0,0,0,0,0,0,0,
33-2,대전역동광장종점 - 대전역동광장종점,38,상당,0,0,0,0,0,0,0,0,2,0,0,0,0,0,0,0,0,0,0,0,0,0,0,0,
33-2,대전역동광장종점 - 대전역동광장종점,39,산성어린이도서관,0,0,0,0,0,0,0,0,0,0,0,0,0,0,0,0,0,1,0,0,0,0,0,0,
33-2,대전역동광장종점 - 대전역동광장종점,40,사정동,0,0,0,0,0,0,0,0,0,0,0,0,0,4,0,0,0,0,0,0,0,0,0,0,
33-2,대전역동광장종점 - 대전역동광장종점,41,산성초등학교,0,0,0,0,0,0,0,0,0,0,0,0,0,4,0,0,0,0,0,0,0,0,0,0,
33-2,대전역동광장종점 - 대전역동광장종점,42,산성네거리,0,0,0,0,0,0,0,0,0,0,0,0,0,2,0,0,0,0,0,0,0,0,0,0,
33-2,대전역동광장종점 - 대전역동광장종점,43,산성시장,0,0,0,0,0,0,0,0,1,0,0,0,0,0,0,0,0,0,0,0,0,0,0,0,
33-2,대전역동광장종점 - 대전역동광장종점,44,문성초등학교입구,0,0,0,0,0,0,0,0,3,0,0,0,0,0,0,0,0,0,0,0,0,0,0,0,
33-2,대전역동광장종점 - 대전역동광장종점,45,산성우성아파트,0,0,0,0,0,0,0,0,4,0,0,0,0,3,0,0,0,0,0,0,0,0,0,0,
33-2,대전역동광장종점 - 대전역동광장종점,46,문화초등학교,0,0,0,0,0,0,0,0,4,0,0,0,0,3,0,0,0,0,0,0,0,0,0,0,
33-2,대전역동광장종점 - 대전역동광장종점,47,문화육교,0,0,0,0,0,0,0,0,4,0,0,0,0,3,0,0,0,0,0,0,0,0,0,0,
33-2,대전역동광장종점 - 대전역동광장종점,48,동산중고등학교,0,0,0,0,0,0,0,0,3,0,0,0,0,0,0,0,0,0,0,0,0,0,0,0,
33-2,대전역동광장종점 - 대전역동광장종점,49,센트럴파크1단지,0,0,0,0,0,0,0,0,3,0,0,0,0,0,0,0,0,0,0,0,0,0,0,0,
33-2,대전역동광장종점 - 대전역동광장종점,50,서대전역네거리,0,0,0,0,0,0,0,0,2,0,0,0,0,2,0,0,0,0,0,0,0,0,0,0,
33-2,대전역동광장종점 - 대전역동광장종점,51,서대전네거리역2번출구,0,0,0,0,0,0,0,0,3,0,0,0,0,0,0,0,0,0,0,0,0,0,0,0,
33-2,대전역동광장종점 - 대전역동광장종점,52,대전충남병무청,0,0,0,0,0,0,0,0,2,0,0,0,0,0,0,0,0,0,0,0,0,0,0,0,
33-2,대전역동광장종점 - 대전역동광장종점,53,성모병원,0,0,0,0,0,0,0,0,2,0,0,0,0,0,0,0,0,0,0,0,0,0,0,0,
33-2,대전역동광장종점 - 대전역동광장종점,54,성모오거리,0,0,0,0,0,0,0,0,0,0,0,0,0,3,0,0,0,0,0,0,0,0,0,0,
33-2,대전역동광장종점 - 대전역동광장종점,55,대전고등학교,0,0,0,0,0,0,0,0,0,0,0,0,0,3,0,0,0,0,0,0,0,0,0,0,
33-2,대전역동광장종점 - 대전역동광장종점,56,대흥동네거리,0,0,0,0,0,0,0,0,0,0,0,0,0,3,0,0,0,0,0,0,0,0,0,0,
33-2,대전역동광장종점 - 대전역동광장종점,57,대흥교,0,0,0,0,0,0,0,0,0,0,0,0,0,5,0,0,0,0,0,0,0,0,0,0,
33-2,대전역동광장종점 - 대전역동광장종점,58,원동네거리,0,0,0,0,0,0,0,0,0,0,0,0,0,3,0,0,0,0,0,0,0,0,0,0,
33-2,대전역동광장종점 - 대전역동광장종점,59,대전역/역전시장,0,0,0,0,0,0,0,0,0,0,0,0,0,0,0,0,0,0,0,0,0,0,0,0,
33-2,대전역동광장종점 - 대전역동광장종점,60,대전역동광장,0,0,0,0,0,0,0,0,0,0,0,0,0,0,0,0,0,0,0,0,0,0,0,0,
33-2,대전역동광장종점 - 대전역동광장종점,61,대전역동광장종점,0,0,0,0,0,0,0,0,0,0,0,0,0,0,0,0,0,0,0,0,0,0,0,0,
34,서남부터미널기점 - 서남부터미널종점,1,서남부터미널기점,0,0,6,6,7,2,1,2,3,0,1,2,0,1,0,0,0,1,0,0,0,0,0,0,
34,서남부터미널기점 - 서남부터미널종점,2,버드내아파트,0,0,0,0,9,0,2,0,4,0,0,0,0,2,0,0,0,0,0,0,0,0,0,0,
34,서남부터미널기점 - 서남부터미널종점,3,서부종합시장,0,0,0,8,6,0,4,0,0,0,0,0,1,3,0,1,0,0,0,0,0,0,0,0,
34,서남부터미널기점 - 서남부터미널종점,4,서남부터미널,0,0,7,9,0,10,0,3,0,1,0,0,0,0,0,0,0,0,0,0,0,0,0,0,
34,서남부터미널기점 - 서남부터미널종점,5,머티네거리,0,0,9,10,10,16,0,6,0,2,0,0,0,0,0,0,1,0,0,0,0,0,0,0,
34,서남부터미널기점 - 서남부터미널종점,6,산성동행정복지센터,0,0,10,14,14,20,7,0,9,3,3,3,3,6,2,0,2,2,0,0,0,0,0,0,
34,서남부터미널기점 - 서남부터미널종점,7,산성네거리,0,0,13,16,20,23,0,9,8,14,5,7,7,8,6,2,3,4,2,0,0,0,0,0,
34,서남부터미널기점 - 서남부터미널종점,8,산성초등학교,0,0,0,17,0,22,8,11,0,0,0,0,0,5,0,0,0,0,0,0,0,0,0,0,
34,서남부터미널기점 - 서남부터미널종점,9,사정동,0,0,0,18,19,0,8,13,9,0,0,8,6,0,0,4,0,0,0,0,0,0,0,0,
34,서남부터미널기점 - 서남부터미널종점,10,우남스타원아파트,0,0,9,0,18,0,9,14,10,0,7,0,5,0,0,0,4,3,0,0,0,0,0,0,
34,서남부터미널기점 - 서남부터미널종점,11,농산물유통센터,0,0,11,0,14,14,11,12,9,0,6,9,3,8,6,1,0,2,3,0,0,0,0,0,
34,서남부터미널기점 - 서남부터미널종점,12,안영생활체육단지,0,0,12,0,12,13,0,0,8,0,5,8,0,0,0,0,0,0,0,0,0,0,0,0,
34,서남부터미널기점 - 서남부터미널종점,13,한빛고교,0,0,12,0,12,13,0,0,8,0,5,8,0,0,0,0,0,0,0,0,0,0,0,0,
34,서남부터미널기점 - 서남부터미널종점,14,안영동검바위마을,0,0,11,0,0,23,0,0,0,0,6,0,0,0,0,0,0,0,0,0,0,0,0,0,
34,서남부터미널기점 - 서남부터미널종점,15,샛고개,0,0,0,0,11,12,0,0,0,0,0,0,0,0,0,0,2,0,0,0,0,0,0,0,
34,서남부터미널기점 - 서남부터미널종점,16,한마음아파트,0,0,0,0,0,22,0,11,0,0,0,0,0,0,0,0,0,0,0,0,0,0,0,0,
34,서남부터미널기점 - 서남부터미널종점,17,구만리,0,0,0,17,10,0,10,12,0,0,4,0,0,0,0,0,0,1,0,0,0,0,0,0,
34,서남부터미널기점 - 서남부터미널종점,18,부대앞,0,0,0,17,10,0,10,12,0,0,4,0,0,0,0,0,0,1,0,0,0,0,0,0,
34,서남부터미널기점 - 서남부터미널종점,19,지량리,0,0,0,17,10,0,10,12,0,0,4,0,0,0,0,0,0,1,0,0,0,0,0,0,
34,서남부터미널기점 - 서남부터미널종점,20,리버트리스쿨,0,0,0,16,0,0,0,0,0,0,0,5,0,0,0,0,0,0,0,0,0,0,0,0,
34,서남부터미널기점 - 서남부터미널종점,21,지량1리,0,0,0,15,9,20,0,9,0,13,0,4,0,0,0,2,3,0,0,0,0,0,0,0,
34,서남부터미널기점 - 서남부터미널종점,22,압재,0,0,0,15,9,20,0,9,0,13,0,4,0,0,0,2,3,0,0,0,0,0,0,0,
34,서남부터미널기점 - 서남부터미널종점,23,압재,0,0,0,0,0,0,0,0,6,0,0,0,0,0,0,0,0,0,0,0,0,0,0,0,
34,서남부터미널기점 - 서남부터미널종점,24,신대2리,0,0,0,14,0,0,0,11,0,0,0,0,0,0,0,0,0,0,0,0,0,0,0,0,
34,서남부터미널기점 - 서남부터미널종점,25,신대3리,0,0,0,10,0,0,9,8,0,12,0,0,0,0,5,0,0,0,0,0,0,0,0,0,
34,서남부터미널기점 - 서남부터미널종점,26,신대1리,0,0,10,0,0,20,0,9,4,0,0,0,0,4,7,0,0,0,0,0,0,0,0,0,
34,서남부터미널기점 - 서남부터미널종점,27,신대초등학교,0,0,0,0,12,19,10,0,0,0,0,0,4,0,3,1,0,0,0,0,0,0,0,0,
34,서남부터미널기점 - 서남부터미널종점,28,구례2리,0,0,9,0,11,0,0,10,0,0,0,0,0,0,6,0,0,0,0,0,0,0,0,0,
34,서남부터미널기점 - 서남부터미널종점,29,구례1리,0,0,9,0,11,0,0,10,0,0,0,0,0,0,6,0,0,0,0,0,0,0,0,0,
34,서남부터미널기점 - 서남부터미널종점,30,구례3리,0,0,0,9,0,0,0,0,0,0,0,0,0,3,0,0,0,0,2,0,0,0,0,0,
34,서남부터미널기점 - 서남부터미널종점,31,운곡마을,0,0,5,7,0,0,0,9,3,10,3,0,3,0,0,2,0,1,1,0,0,0,0,0,
34,서남부터미널기점 - 서남부터미널종점,32,백암리,0,0,0,0,9,16,9,6,3,0,0,0,0,2,0,3,0,0,0,0,0,0,0,0,
34,서남부터미널기점 - 서남부터미널종점,33,수영2리,0,0,4,0,7,15,0,0,0,0,0,3,0,1,5,0,0,0,0,0,0,0,0,0,
34,서남부터미널기점 - 서남부터미널종점,34,복수중학교,0,0,0,0,6,0,0,0,0,0,0,0,0,0,0,0,0,0,0,0,0,0,0,0,
34,서남부터미널기점 - 서남부터미널종점,35,수영3리,0,0,0,0,0,14,0,0,4,0,0,0,2,0,0,0,0,0,0,0,0,0,0,0,
34,서남부터미널기점 - 서남부터미널종점,36,수영1리,0,0,0,6,8,13,8,0,0,0,0,1,0,0,0,0,0,0,0,0,0,0,0,0,
34,서남부터미널기점 - 서남부터미널종점,37,복수면사무소,0,0,0,0,0,11,0,0,0,8,0,0,0,0,4,0,0,0,0,0,0,0,0,0,
34,서남부터미널기점 - 서남부터미널종점,38,곡남리종점,0,0,0,5,6,0,6,7,0,0,0,0,2,0,3,2,1,0,0,0,0,0,0,0,
34,서남부터미널기점 - 서남부터미널종점,39,곡남삼거리,0,0,0,0,4,0,0,6,3,7,0,0,0,0,0,0,0,0,0,0,0,0,0,0,
34,서남부터미널기점 - 서남부터미널종점,40,교촌리모랭이골,0,0,0,0,0,10,0,0,0,0,0,0,0,0,0,0,0,0,0,0,0,0,0,0,
34,서남부터미널기점 - 서남부터미널종점,41,교촌1리,0,0,0,0,0,0,0,5,2,0,0,0,1,0,0,1,0,0,0,0,0,0,0,0,
34,서남부터미널기점 - 서남부터미널종점,42,방축리,0,0,0,2,5,9,0,0,0,0,2,0,0,0,0,0,0,0,0,0,0,0,0,0,
34,서남부터미널기점 - 서남부터미널종점,43,진산면사무소,0,0,0,0,4,7,5,7,1,9,0,0,0,0,2,0,1,0,0,0,0,0,0,0,
34,서남부터미널기점 - 서남부터미널종점,44,진산,0,0,0,0,0,0,0,4,0,0,0,0,0,0,1,0,0,0,0,0,0,0,0,0,
34,서남부터미널기점 - 서남부터미널종점,45,원묵산,0,0,0,0,3,6,0,0,0,0,0,0,0,0,0,0,0,0,0,0,0,0,0,0,
34,서남부터미널기점 - 서남부터미널종점,46,대둔산눈썰매장,0,0,0,0,0,5,0,0,0,7,0,0,7,0,0,0,0,0,0,0,0,0,0,0,
34,서남부터미널기점 - 서남부터미널종점,47,대둔산휴게소,0,0,0,0,3,0,8,0,1,2,5,7,0,5,0,2,0,0,0,0,0,0,0,0,
34,서남부터미널기점 - 서남부터미널종점,48,대둔산휴게소,0,0,0,0,3,0,8,0,1,2,5,7,0,5,0,2,0,0,0,0,0,0,0,0,
34,서남부터미널기점 - 서남부터미널종점,49,대둔산눈썰매장,0,0,0,0,3,0,8,0,1,2,5,7,0,5,0,2,0,0,0,0,0,0,0,0,
34,서남부터미널기점 - 서남부터미널종점,50,원묵산,0,0,0,0,0,0,2,0,0,0,0,0,9,0,2,0,0,0,0,0,0,0,0,0,
34,서남부터미널기점 - 서남부터미널종점,51,진산,0,0,0,0,2,0,0,0,4,3,0,0,10,0,0,0,0,0,1,0,0,0,0,0,
34,서남부터미널기점 - 서남부터미널종점,52,진산면사무소,0,0,0,0,0,0,0,1,0,4,0,0,11,7,4,2,0,0,0,0,0,0,0,0,
34,서남부터미널기점 - 서남부터미널종점,53,방축리,0,0,0,0,0,2,10,0,0,0,0,0,13,0,0,0,0,0,0,0,0,0,0,0,
34,서남부터미널기점 - 서남부터미널종점,54,교촌1리,0,0,0,0,0,3,0,0,0,5,0,0,11,9,0,0,0,0,0,0,0,0,0,0,
34,서남부터미널기점 - 서남부터미널종점,55,교촌리모랭이골,0,0,0,0,0,3,0,0,0,5,0,0,11,9,0,0,0,0,0,0,0,0,0,0,
34,서남부터미널기점 - 서남부터미널종점,56,곡남삼거리,0,0,0,0,0,0,0,11,0,0,0,0,0,0,0,0,0,0,0,0,0,0,0,0,
34,서남부터미널기점 - 서남부터미널종점,57,곡남리종점,0,0,0,0,0,4,3,2,6,0,0,6,15,12,5,0,0,0,0,0,0,0,0,0,
34,서남부터미널기점 - 서남부터미널종점,58,복수면사무소,0,0,0,1,3,0,4,12,0,0,0,0,0,0,7,0,0,0,0,0,0,0,0,0,
34,서남부터미널기점 - 서남부터미널종점,59,수영1리,0,0,0,0,2,0,0,0,0,4,7,0,0,0,0,0,0,0,0,0,0,0,0,0,
34,서남부터미널기점 - 서남부터미널종점,60,수영3리,0,0,1,0,0,0,0,0,7,0,9,7,0,9,0,0,0,0,0,0,0,0,0,0,
34,서남부터미널기점 - 서남부터미널종점,61,복수중학교,0,0,0,0,0,0,0,0,0,0,0,0,0,13,0,0,0,0,0,0,0,0,0,0,
34,서남부터미널기점 - 서남부터미널종점,62,수영2리,0,0,0,0,0,6,0,0,8,0,10,0,0,0,0,0,0,0,0,0,0,0,0,0,
34,서남부터미널기점 - 서남부터미널종점,63,백암리,0,0,0,0,3,5,3,16,0,6,0,8,0,0,0,0,0,0,0,0,0,0,0,0,
34,서남부터미널기점 - 서남부터미널종점,64,운곡마을,0,0,0,0,0,6,0,17,4,0,0,9,16,14,0,0,0,0,0,0,0,0,0,0,
34,서남부터미널기점 - 서남부터미널종점,65,구례3리,0,0,2,0,0,5,0,0,0,0,11,0,0,0,0,0,0,0,0,0,0,0,0,0,
34,서남부터미널기점 - 서남부터미널종점,66,구례1리,0,0,0,0,0,0,0,0,0,0,0,0,0,0,0,3,0,0,0,0,0,0,0,0,
34,서남부터미널기점 - 서남부터미널종점,67,구례2리,0,0,0,0,0,0,0,0,5,0,0,0,0,15,0,0,0,0,0,0,0,0,0,0,
34,서남부터미널기점 - 서남부터미널종점,68,신대초등학교,0,0,0,0,0,6,0,19,7,9,0,0,0,0,13,0,0,0,0,0,0,0,0,0,
34,서남부터미널기점 - 서남부터미널종점,69,신대1리,0,0,0,0,0,7,0,0,9,0,14,0,18,0,0,0,0,1,0,0,0,0,0,0,
34,서남부터미널기점 - 서남부터미널종점,70,신대3리,0,0,0,0,0,8,0,0,0,0,0,0,19,0,0,0,0,0,0,0,0,0,0,0,
34,서남부터미널기점 - 서남부터미널종점,71,신대2리,0,0,0,0,0,8,0,0,0,0,0,0,0,16,14,0,0,0,0,0,0,0,0,0,
34,서남부터미널기점 - 서남부터미널종점,72,신대,0,0,0,0,0,9,0,0,0,0,0,0,0,0,0,0,1,0,0,0,0,0,0,0,
34,서남부터미널기점 - 서남부터미널종점,73,압재,0,0,0,0,0,9,0,0,0,0,0,0,0,0,0,0,1,0,0,0,0,0,0,0,
34,서남부터미널기점 - 서남부터미널종점,74,지량1리,0,0,0,0,0,10,0,0,0,10,0,10,20,0,8,0,0,0,0,0,0,0,0,0,
34,서남부터미널기점 - 서남부터미널종점,75,리버트리스쿨,0,0,0,0,0,10,0,0,0,10,0,10,20,0,8,0,0,0,0,0,0,0,0,0,
34,서남부터미널기점 - 서남부터미널종점,76,지량리,0,0,0,0,0,10,0,0,0,10,0,10,20,0,8,0,0,0,0,0,0,0,0,0,
34,서남부터미널기점 - 서남부터미널종점,77,부대앞,0,0,0,1,0,0,0,0,0,0,0,0,0,0,0,0,0,0,0,0,0,0,0,0,
34,서남부터미널기점 - 서남부터미널종점,78,구만리,0,0,0,0,6,11,0,0,0,0,0,11,21,17,15,0,0,0,0,0,0,0,0,0,
34,서남부터미널기점 - 서남부터미널종점,79,한마음아파트,0,0,0,0,6,11,0,0,0,0,0,11,21,17,15,0,0,0,0,0,0,0,0,0,
34,서남부터미널기점 - 서남부터미널종점,80,샛고개,0,0,0,0,6,11,0,0,0,0,0,11,21,17,15,0,0,0,0,0,0,0,0,0,
34,서남부터미널기점 - 서남부터미널종점,81,안영동검바위마을,0,0,0,0,6,11,0,0,0,0,0,11,21,17,15,0,0,0,0,0,0,0,0,0,
34,서남부터미널기점 - 서남부터미널종점,82,한빛고교,0,0,0,0,0,0,0,0,0,0,0,0,22,0,0,0,0,0,0,0,0,0,0,0,
34,서남부터미널기점 - 서남부터미널종점,83,안영생활체육단지,0,0,0,0,0,0,0,0,0,0,0,0,22,0,0,0,0,0,0,0,0,0,0,0,
34,서남부터미널기점 - 서남부터미널종점,84,농산물유통센터,0,0,1,0,7,9,6,0,9,11,14,12,24,15,16,0,0,0,2,0,0,0,0,0,
34,서남부터미널기점 - 서남부터미널종점,85,우남스타원아파트,0,0,0,0,0,0,0,18,0,0,0,0,22,0,16,9,0,0,0,0,0,0,0,0,
34,서남부터미널기점 - 서남부터미널종점,86,사정동,0,0,0,0,2,7,7,17,5,8,11,0,13,11,11,6,0,0,0,0,0,0,0,0,
34,서남부터미널기점 - 서남부터미널종점,87,산성초등학교,0,0,0,0,1,6,0,16,0,7,0,0,12,0,0,0,0,0,0,0,0,0,0,0,
34,서남부터미널기점 - 서남부터미널종점,88,산성네거리,0,0,0,0,0,0,4,9,0,5,6,0,5,9,9,2,0,0,0,0,0,0,0,0,
34,서남부터미널기점 - 서남부터미널종점,89,산성시장,0,0,0,0,0,1,1,2,0,3,1,2,1,1,6,0,0,0,0,0,0,0,0,0,
34,서남부터미널기점 - 서남부터미널종점,90,서남부터미널종점,0,0,0,0,0,0,0,0,0,0,0,0,0,0,0,0,0,0,0,0,0,0,0,0,
340신원사-충남대,신원사 - 충남대학교,0,신원사,0,0,0,0,8,0,1,0,0,0,4,0,0,0,0,0,0,0,0,0,0,0,0,0,
340신원사-충남대,신원사 - 충남대학교,1,능산,0,0,0,0,9,0,0,0,0,0,0,0,0,0,0,0,0,0,0,0,0,0,0,0,
340신원사-충남대,신원사 - 충남대학교,2,북정사.능산,0,0,0,0,0,0,0,0,0,0,0,0,0,1,0,0,0,0,0,0,0,0,0,0,
340신원사-충남대,신원사 - 충남대학교,3,보목,0,0,0,0,0,0,0,0,0,0,0,0,0,1,0,0,0,0,0,0,0,0,0,0,
340신원사-충남대,신원사 - 충남대학교,4,하대리,0,0,0,0,0,0,0,0,0,0,0,0,0,1,0,0,0,0,0,0,0,0,0,0,
340신원사-충남대,신원사 - 충남대학교,5,하대리.하대2구,0,0,0,0,0,0,0,0,0,0,0,0,0,1,0,0,0,0,0,0,0,0,0,0,
340신원사-충남대,신원사 - 충남대학교,6,하대삼거리,0,0,0,0,0,0,0,0,0,0,0,0,0,5,0,0,0,0,0,0,0,0,0,0,
340신원사-충남대,신원사 - 충남대학교,7,중장2리,0,0,0,0,0,0,0,0,0,0,0,0,0,5,0,0,0,0,0,0,0,0,0,0,
340신원사-충남대,신원사 - 충남대학교,8,구중장초등학교,0,0,0,0,0,0,0,0,0,0,0,0,0,5,0,0,0,0,0,0,0,0,0,0,
340신원사-충남대,신원사 - 충남대학교,9,중장삼거리,0,0,0,0,0,0,0,0,0,0,0,0,0,5,0,0,0,0,0,0,0,0,0,0,
340신원사-충남대,신원사 - 충남대학교,10,중장1리,0,0,0,0,0,0,0,0,0,0,0,0,0,5,0,0,0,0,0,0,0,0,0,0,
340신원사-충남대,신원사 - 충남대학교,11,갑사,0,0,0,0,0,0,0,0,0,0,0,10,0,0,0,0,0,0,0,0,0,0,0,0,
340신원사-충남대,신원사 - 충남대학교,12,중장1리,0,0,0,0,0,0,0,0,0,0,0,10,0,0,0,0,0,0,0,0,0,0,0,0,
340신원사-충남대,신원사 - 충남대학교,13,윗장,0,0,0,0,0,0,0,0,0,0,0,0,0,6,0,0,0,0,0,0,0,0,0,0,
340신원사-충남대,신원사 - 충남대학교,14,구왕2리,0,0,0,0,0,0,0,0,0,0,0,0,0,6,0,0,0,0,0,0,0,0,0,0,
340신원사-충남대,신원사 - 충남대학교,15,흥룡리,0,0,0,0,0,0,0,0,0,0,0,0,0,6,0,0,0,0,0,0,0,0,0,0,
340신원사-충남대,신원사 - 충남대학교,16,내흥1리,0,0,0,0,0,0,3,0,0,0,0,11,0,0,0,0,0,0,0,0,0,0,0,0,
340신원사-충남대,신원사 - 충남대학교,17,내흥삼거리,0,0,0,0,0,0,3,0,0,0,0,11,0,0,0,0,0,0,0,0,0,0,0,0,
340신원사-충남대,신원사 - 충남대학교,18,내흥2리,0,0,0,0,0,0,4,0,0,0,0,0,0,0,0,0,0,0,0,0,0,0,0,0,
340신원사-충남대,신원사 - 충남대학교,19,고비마을,0,0,0,0,0,0,4,0,0,0,0,0,0,0,0,0,0,0,0,0,0,0,0,0,
340신원사-충남대,신원사 - 충남대학교,20,마암,0,0,0,0,0,0,4,0,0,0,0,0,0,0,0,0,0,0,0,0,0,0,0,0,
340신원사-충남대,신원사 - 충남대학교,21,이안숲속,0,0,0,0,0,0,4,0,0,0,0,0,0,0,0,0,0,0,0,0,0,0,0,0,
340신원사-충남대,신원사 - 충남대학교,22,금강아트센터,0,0,0,0,0,0,4,0,0,0,0,0,0,0,0,0,0,0,0,0,0,0,0,0,
340신원사-충남대,신원사 - 충남대학교,23,마암리,0,0,0,0,0,0,2,0,0,0,0,0,0,5,0,0,0,0,0,0,0,0,0,0,
340신원사-충남대,신원사 - 충남대학교,24,과학고등학교,0,0,0,0,0,0,2,0,0,0,0,0,0,5,0,0,0,0,0,0,0,0,0,0,
340신원사-충남대,신원사 - 충남대학교,25,마암2리.상마암,0,0,0,0,0,0,2,0,0,0,0,0,0,5,0,0,0,0,0,0,0,0,0,0,
340신원사-충남대,신원사 - 충남대학교,26,봉곡1리,0,0,0,0,0,0,2,0,0,0,0,0,0,5,0,0,0,0,0,0,0,0,0,0,
340신원사-충남대,신원사 - 충남대학교,27,봉곡리,0,0,0,0,0,0,2,0,0,0,0,0,0,5,0,0,0,0,0,0,0,0,0,0,
340신원사-충남대,신원사 - 충남대학교,28,반포초등학교,0,0,0,0,0,0,2,0,0,0,0,0,0,5,0,0,0,0,0,0,0,0,0,0,
340신원사-충남대,신원사 - 충남대학교,29,공암승강장,0,0,0,0,0,0,2,0,0,0,0,0,0,5,0,0,0,0,0,0,0,0,0,0,
340신원사-충남대,신원사 - 충남대학교,30,반포면.공암,0,0,0,0,0,0,2,0,0,0,0,0,0,5,0,0,0,0,0,0,0,0,0,0,
340신원사-충남대,신원사 - 충남대학교,31,온천리,0,0,0,0,0,0,3,0,0,0,0,0,0,0,0,0,0,0,0,0,0,0,0,0,
340신원사-충남대,신원사 - 충남대학교,32,온천리사기소,0,0,0,0,0,0,3,0,0,0,0,0,0,0,0,0,0,0,0,0,0,0,0,0,
340신원사-충남대,신원사 - 충남대학교,33,박정자,0,0,0,0,0,0,3,0,0,0,0,0,0,0,0,0,0,0,0,0,0,0,0,0,
340신원사-충남대,신원사 - 충남대학교,34,사봉,0,0,0,0,0,0,3,0,0,0,0,0,0,0,0,0,0,0,0,0,0,0,0,0,
340신원사-충남대,신원사 - 충남대학교,35,갑동,0,0,0,0,0,0,3,0,0,0,0,0,0,0,0,0,0,0,0,0,0,0,0,0,
340신원사-충남대,신원사 - 충남대학교,36,유성컨트리클럽,0,0,0,0,0,0,3,0,0,0,0,0,0,0,0,0,0,0,0,0,0,0,0,0,
340신원사-충남대,신원사 - 충남대학교,37,국립현충원,0,0,0,0,10,0,0,0,0,0,0,10,0,4,0,0,0,0,0,0,0,0,0,0,
340신원사-충남대,신원사 - 충남대학교,38,덕명네거리,0,0,0,0,10,0,0,0,0,0,0,10,0,4,0,0,0,0,0,0,0,0,0,0,
340신원사-충남대,신원사 - 충남대학교,39,주유소,0,0,0,0,0,0,0,0,0,0,0,9,0,0,0,0,0,0,0,0,0,0,0,0,
340신원사-충남대,신원사 - 충남대학교,40,구암8통,0,0,0,0,0,8,0,0,0,0,0,0,0,0,0,0,0,0,0,0,0,0,0,0,
340신원사-충남대,신원사 - 충남대학교,41,현충원역,0,0,0,0,0,1,0,0,0,0,0,6,0,0,0,0,0,0,0,0,0,0,0,0,
340신원사-충남대,신원사 - 충남대학교,42,천양원,0,0,0,0,0,1,0,0,0,0,0,6,0,0,0,0,0,0,0,0,0,0,0,0,
340신원사-충남대,신원사 - 충남대학교,43,유성시장,0,0,0,0,0,0,0,0,0,0,0,4,0,0,0,0,0,0,0,0,0,0,0,0,
340신원사-충남대,신원사 - 충남대학교,44,장대네거리,0,0,0,0,0,0,0,0,0,0,0,2,0,0,0,0,0,0,0,0,0,0,0,0,
340신원사-충남대,신원사 - 충남대학교,45,충남대학교,0,0,0,0,0,0,0,0,0,0,0,0,1,0,0,0,0,0,0,0,0,0,0,0,
340충남대-신원사,충남대학교 - 신원사,0,충남대학교,0,0,0,0,0,10,0,0,0,0,0,0,0,0,0,0,0,0,0,0,0,0,0,0,
340충남대-신원사,충남대학교 - 신원사,1,유성온천역6번출구,0,0,0,0,0,14,0,0,0,0,0,0,0,0,0,0,0,0,0,0,0,0,0,0,
340충남대-신원사,충남대학교 - 신원사,2,봉명네거리,0,0,0,0,0,15,0,0,0,0,0,0,0,0,0,0,0,0,0,0,0,0,0,0,
340충남대-신원사,충남대학교 - 신원사,3,구암역,0,0,0,0,0,15,0,0,0,0,0,0,0,0,0,0,0,0,0,0,0,0,0,0,
340충남대-신원사,충남대학교 - 신원사,4,천양원,0,0,0,0,0,16,0,0,0,0,0,0,0,0,0,0,0,0,0,0,0,0,0,0,
340충남대-신원사,충남대학교 - 신원사,5,현충원역,0,0,0,0,0,23,0,0,0,0,0,0,0,0,0,0,0,0,0,0,0,0,0,0,
340충남대-신원사,충남대학교 - 신원사,6,구암8통,0,0,0,0,0,23,0,0,0,0,0,0,0,0,0,0,0,0,0,0,0,0,0,0,
340충남대-신원사,충남대학교 - 신원사,7,덕명네거리,0,0,0,0,0,23,0,0,0,0,0,0,0,0,0,0,0,0,0,0,0,0,0,0,
340충남대-신원사,충남대학교 - 신원사,8,국립현충원,0,0,0,0,0,23,0,0,0,0,0,0,0,0,0,0,0,0,0,0,0,0,0,0,
340충남대-신원사,충남대학교 - 신원사,9,유성컨트리클럽,0,0,0,0,0,23,0,0,0,0,0,0,0,0,0,0,0,0,0,0,0,0,0,0,
340충남대-신원사,충남대학교 - 신원사,10,갑동,0,0,0,0,0,22,0,0,0,0,0,0,0,0,0,0,0,0,0,0,0,0,0,0,
340충남대-신원사,충남대학교 - 신원사,11,사봉,0,0,0,0,0,22,0,0,0,0,0,0,0,0,0,0,0,0,0,0,0,0,0,0,
340충남대-신원사,충남대학교 - 신원사,12,박정자,0,0,0,0,0,22,0,0,0,0,0,0,0,0,0,0,0,0,0,0,0,0,0,0,
340충남대-신원사,충남대학교 - 신원사,13,온천리사기소,0,0,0,0,0,22,0,0,0,0,0,0,0,0,0,0,0,0,0,0,0,0,0,0,
340충남대-신원사,충남대학교 - 신원사,14,온천리,0,0,0,0,0,22,0,0,0,0,0,0,0,0,0,0,0,0,0,0,0,0,0,0,
340충남대-신원사,충남대학교 - 신원사,15,반포면.공암,0,0,0,0,0,22,0,0,0,0,0,0,0,0,0,0,0,0,0,0,0,0,0,0,
340충남대-신원사,충남대학교 - 신원사,16,공암승강장,0,0,0,0,0,22,0,0,0,0,0,0,0,0,0,0,0,0,0,0,0,0,0,0,
340충남대-신원사,충남대학교 - 신원사,17,반포초등학교,0,0,0,0,0,22,0,0,0,0,0,0,0,0,0,0,0,0,0,0,0,0,0,0,
340충남대-신원사,충남대학교 - 신원사,18,봉곡2.3리,0,0,0,0,0,22,0,0,0,0,0,0,0,0,0,0,0,0,0,0,0,0,0,0,
340충남대-신원사,충남대학교 - 신원사,19,봉곡리,0,0,0,0,0,22,0,0,0,0,0,0,0,0,0,0,0,0,0,0,0,0,0,0,
340충남대-신원사,충남대학교 - 신원사,20,봉곡1리,0,0,0,0,0,22,0,0,0,0,0,0,0,0,0,0,0,0,0,0,0,0,0,0,
340충남대-신원사,충남대학교 - 신원사,21,마암2리.상마암,0,0,0,0,0,22,0,0,0,0,0,0,0,0,0,0,0,0,0,0,0,0,0,0,
340충남대-신원사,충남대학교 - 신원사,22,과학고등학교,0,0,0,0,0,22,0,0,0,0,0,0,0,0,0,0,0,0,0,0,0,0,0,0,
340충남대-신원사,충남대학교 - 신원사,23,마암리,0,0,0,0,0,0,21,0,0,0,0,0,0,0,0,0,0,0,0,0,0,0,0,0,
340충남대-신원사,충남대학교 - 신원사,24,금강아트센터,0,0,0,0,0,0,21,0,0,0,0,0,0,0,0,0,0,0,0,0,0,0,0,0,
340충남대-신원사,충남대학교 - 신원사,25,이안숲속,0,0,0,0,0,0,21,0,0,0,0,0,0,0,0,0,0,0,0,0,0,0,0,0,
340충남대-신원사,충남대학교 - 신원사,26,마암,0,0,0,0,0,0,21,0,0,0,0,0,0,0,0,0,0,0,0,0,0,0,0,0,
340충남대-신원사,충남대학교 - 신원사,27,고비마을,0,0,0,0,0,0,21,0,0,0,0,0,0,0,0,0,0,0,0,0,0,0,0,0,
340충남대-신원사,충남대학교 - 신원사,28,내흥2리,0,0,0,0,0,0,21,0,0,0,0,0,0,0,0,0,0,0,0,0,0,0,0,0,
340충남대-신원사,충남대학교 - 신원사,29,내흥삼거리,0,0,0,0,0,0,21,0,0,0,0,0,0,0,0,0,0,0,0,0,0,0,0,0,
340충남대-신원사,충남대학교 - 신원사,30,내흥1리,0,0,0,0,0,0,17,0,0,0,0,0,0,0,0,0,0,0,0,0,0,0,0,0,
340충남대-신원사,충남대학교 - 신원사,31,흥룡리,0,0,0,0,0,0,17,0,0,0,0,0,0,0,0,0,0,0,0,0,0,0,0,0,
340충남대-신원사,충남대학교 - 신원사,32,구왕2리,0,0,0,0,0,0,17,0,0,0,0,0,0,0,0,0,0,0,0,0,0,0,0,0,
340충남대-신원사,충남대학교 - 신원사,33,윗장,0,0,0,0,0,0,16,0,0,0,0,0,0,0,0,0,0,0,0,0,0,0,0,0,
340충남대-신원사,충남대학교 - 신원사,34,중장1리,0,0,0,0,0,0,16,0,0,0,0,0,0,0,0,0,0,0,0,0,0,0,0,0,
340충남대-신원사,충남대학교 - 신원사,35,갑사,0,0,0,0,0,0,8,0,0,0,0,0,0,0,0,0,0,0,0,0,0,0,0,0,
340충남대-신원사,충남대학교 - 신원사,36,중장1리,0,0,0,0,0,0,8,0,0,0,0,0,0,0,0,0,0,0,0,0,0,0,0,0,
340충남대-신원사,충남대학교 - 신원사,37,중장삼거리,0,0,0,0,0,0,8,0,0,0,0,0,0,0,0,0,0,0,0,0,0,0,0,0,
340충남대-신원사,충남대학교 - 신원사,38,구중장초등학교,0,0,0,0,0,0,8,0,0,0,0,0,0,0,0,0,0,0,0,0,0,0,0,0,
340충남대-신원사,충남대학교 - 신원사,39,중장2리,0,0,0,0,0,0,8,0,0,0,0,0,0,0,0,0,0,0,0,0,0,0,0,0,
340충남대-신원사,충남대학교 - 신원사,40,하대삼거리,0,0,0,0,0,0,1,0,0,0,0,0,0,0,0,0,0,0,0,0,0,0,0,0,
340충남대-신원사,충남대학교 - 신원사,41,하대리.하대2구,0,0,0,0,0,0,1,0,0,0,0,0,0,0,0,0,0,0,0,0,0,0,0,0,
340충남대-신원사,충남대학교 - 신원사,42,보목,0,0,0,0,0,0,1,0,0,0,0,0,0,0,0,0,0,0,0,0,0,0,0,0,
340충남대-신원사,충남대학교 - 신원사,43,북정사.능산,0,0,0,0,0,0,1,0,0,0,0,0,0,0,0,0,0,0,0,0,0,0,0,0,
340충남대-신원사,충남대학교 - 신원사,44,능산,0,0,0,0,0,0,1,0,0,0,0,0,0,0,0,0,0,0,0,0,0,0,0,0,
340충남대-신원사,충남대학교 - 신원사,45,신원사,0,0,0,0,0,0,0,0,0,0,0,0,0,0,0,0,0,0,0,0,0,0,0,0,
342충남대-갑사,충남대학교 - 갑사,0,충남대학교,0,0,0,0,0,0,0,0,0,0,0,0,1,0,0,0,0,0,0,0,0,0,0,0,
342충남대-갑사,충남대학교 - 갑사,1,유성온천역6번출구,0,0,0,0,0,0,0,1,0,0,0,0,0,0,0,0,0,0,0,0,0,0,0,0,
342충남대-갑사,충남대학교 - 갑사,2,유성자이아파트,0,0,0,0,0,0,0,1,0,0,0,0,0,0,0,0,0,0,0,0,0,0,0,0,
342충남대-갑사,충남대학교 - 갑사,3,유성고속터미널,0,0,0,0,0,0,0,2,0,0,0,0,2,0,0,0,0,0,0,0,0,0,0,0,
342충남대-갑사,충남대학교 - 갑사,4,유성전화국,0,0,0,0,0,0,0,2,0,0,0,0,2,0,0,0,0,0,0,0,0,0,0,0,
342충남대-갑사,충남대학교 - 갑사,5,죽동삼거리,0,0,0,0,0,0,0,2,0,0,0,0,2,0,0,0,0,0,0,0,0,0,0,0,
342충남대-갑사,충남대학교 - 갑사,6,노은동화훼단지,0,0,0,0,0,0,0,2,0,0,0,0,2,0,0,0,0,0,0,0,0,0,0,0,
342충남대-갑사,충남대학교 - 갑사,7,유성여고입구,0,0,0,0,0,0,0,2,0,0,0,0,2,0,0,0,0,0,0,0,0,0,0,0,
342충남대-갑사,충남대학교 - 갑사,8,유성장애인복지관,0,0,0,0,0,0,0,2,0,0,0,0,2,0,0,0,0,0,0,0,0,0,0,0,
342충남대-갑사,충남대학교 - 갑사,9,지족역,0,0,0,0,0,0,0,2,0,0,0,0,2,0,0,0,0,0,0,0,0,0,0,0,
342충남대-갑사,충남대학교 - 갑사,10,송림마을아파트,0,0,0,0,0,0,0,2,0,0,0,0,2,0,0,0,0,0,0,0,0,0,0,0,
342충남대-갑사,충남대학교 - 갑사,11,반석역,0,0,0,0,0,0,0,2,0,0,0,0,2,0,0,0,0,0,0,0,0,0,0,0,
342충남대-갑사,충남대학교 - 갑사,12,반석마을입구,0,0,0,0,0,0,0,2,0,0,0,0,2,0,0,0,0,0,0,0,0,0,0,0,
342충남대-갑사,충남대학교 - 갑사,13,외삼삼거리,0,0,0,0,0,0,0,2,0,0,0,0,2,0,0,0,0,0,0,0,0,0,0,0,
342충남대-갑사,충남대학교 - 갑사,14,국방과학연구소,0,0,0,0,0,0,0,2,0,0,0,0,2,0,0,0,0,0,0,0,0,0,0,0,
342충남대-갑사,충남대학교 - 갑사,15,안산1통,0,0,0,0,0,0,0,2,0,0,0,0,2,0,0,0,0,0,0,0,0,0,0,0,
342충남대-갑사,충남대학교 - 갑사,16,안산산성,0,0,0,0,0,0,0,2,0,0,0,0,2,0,0,0,0,0,0,0,0,0,0,0,
342충남대-갑사,충남대학교 - 갑사,17,안산교,0,0,0,0,0,0,0,2,0,0,0,0,2,0,0,0,0,0,0,0,0,0,0,0,
342충남대-갑사,충남대학교 - 갑사,18,용담리,0,0,0,0,0,0,0,2,0,0,0,0,2,0,0,0,0,0,0,0,0,0,0,0,
342충남대-갑사,충남대학교 - 갑사,19,용담2리,0,0,0,0,0,0,0,2,0,0,0,0,2,0,0,0,0,0,0,0,0,0,0,0,
342충남대-갑사,충남대학교 - 갑사,20,봉암리,0,0,0,0,0,0,0,2,0,0,0,0,2,0,0,0,0,0,0,0,0,0,0,0,
342충남대-갑사,충남대학교 - 갑사,21,송곡2리,0,0,0,0,0,0,0,2,0,0,0,0,2,0,0,0,0,0,0,0,0,0,0,0,
342충남대-갑사,충남대학교 - 갑사,22,송곡1리,0,0,0,0,0,0,0,2,0,0,0,0,2,0,0,0,0,0,0,0,0,0,0,0,
342충남대-갑사,충남대학교 - 갑사,23,막골,0,0,0,0,0,0,0,0,1,0,0,0,0,3,0,0,0,0,0,0,0,0,0,0,
342충남대-갑사,충남대학교 - 갑사,24,공암3리,0,0,0,0,0,0,0,0,0,0,0,0,0,2,0,0,0,0,0,0,0,0,0,0,
342충남대-갑사,충남대학교 - 갑사,25,하신리,0,0,0,0,0,0,0,0,0,0,0,0,0,2,0,0,0,0,0,0,0,0,0,0,
342충남대-갑사,충남대학교 - 갑사,26,상신리중터들,0,0,0,0,0,0,0,0,0,0,0,0,0,2,0,0,0,0,0,0,0,0,0,0,
342충남대-갑사,충남대학교 - 갑사,27,상신리종점,0,0,0,0,0,0,0,0,0,0,0,0,0,2,0,0,0,0,0,0,0,0,0,0,
342충남대-갑사,충남대학교 - 갑사,28,상신리중터들,0,0,0,0,0,0,0,0,0,0,0,0,0,3,0,0,0,0,0,0,0,0,0,0,
342충남대-갑사,충남대학교 - 갑사,29,하신리,0,0,0,0,0,0,0,0,0,0,0,0,0,5,0,0,0,0,0,0,0,0,0,0,
342충남대-갑사,충남대학교 - 갑사,30,반포면.공암,0,0,0,0,0,0,0,0,0,0,0,0,0,0,0,0,0,0,0,0,0,0,0,0,
342충남대-갑사,충남대학교 - 갑사,31,공암승강장,0,0,0,0,0,0,0,0,0,0,0,0,0,0,0,0,0,0,0,0,0,0,0,0,
342충남대-갑사,충남대학교 - 갑사,32,반포초등학교,0,0,0,0,0,0,0,0,0,0,0,0,0,0,0,0,0,0,0,0,0,0,0,0,
342충남대-갑사,충남대학교 - 갑사,33,봉곡2.3리,0,0,0,0,0,0,0,0,0,0,0,0,0,0,0,0,0,0,0,0,0,0,0,0,
342충남대-갑사,충남대학교 - 갑사,34,봉곡리,0,0,0,0,0,0,0,0,0,0,0,0,0,0,0,0,0,0,0,0,0,0,0,0,
342충남대-갑사,충남대학교 - 갑사,35,봉곡1리,0,0,0,0,0,0,0,0,0,0,0,0,0,0,0,0,0,0,0,0,0,0,0,0,
342충남대-갑사,충남대학교 - 갑사,36,마암2리.상마암,0,0,0,0,0,0,0,0,0,0,0,0,0,0,0,0,0,0,0,0,0,0,0,0,
342충남대-갑사,충남대학교 - 갑사,37,과학고등학교,0,0,0,0,0,0,0,0,0,0,0,0,0,0,0,0,0,0,0,0,0,0,0,0,
342충남대-갑사,충남대학교 - 갑사,38,마암리,0,0,0,0,0,0,0,0,1,0,0,0,0,0,0,0,0,0,0,0,0,0,0,0,
342충남대-갑사,충남대학교 - 갑사,39,금강아트센터,0,0,0,0,0,0,0,0,1,0,0,0,0,0,0,0,0,0,0,0,0,0,0,0,
342충남대-갑사,충남대학교 - 갑사,40,이안숲속,0,0,0,0,0,0,0,0,1,0,0,0,0,0,0,0,0,0,0,0,0,0,0,0,
342충남대-갑사,충남대학교 - 갑사,41,마암,0,0,0,0,0,0,0,0,1,0,0,0,0,0,0,0,0,0,0,0,0,0,0,0,
342충남대-갑사,충남대학교 - 갑사,42,고비마을,0,0,0,0,0,0,0,0,0,0,0,0,0,0,0,0,0,0,0,0,0,0,0,0,
342충남대-갑사,충남대학교 - 갑사,43,내흥2리,0,0,0,0,0,0,0,0,0,0,0,0,0,0,0,0,0,0,0,0,0,0,0,0,
342충남대-갑사,충남대학교 - 갑사,44,내흥삼거리,0,0,0,0,0,0,0,0,0,0,0,0,0,0,0,0,0,0,0,0,0,0,0,0,
342충남대-갑사,충남대학교 - 갑사,45,내흥1리,0,0,0,0,0,0,0,0,0,0,0,0,0,0,0,0,0,0,0,0,0,0,0,0,
342충남대-갑사,충남대학교 - 갑사,46,흥룡리,0,0,0,0,0,0,0,0,0,0,0,0,0,0,0,0,0,0,0,0,0,0,0,0,
342충남대-갑사,충남대학교 - 갑사,47,구왕2리,0,0,0,0,0,0,0,0,0,0,0,0,0,0,0,0,0,0,0,0,0,0,0,0,
342충남대-갑사,충남대학교 - 갑사,48,윗장,0,0,0,0,0,0,0,0,0,0,0,0,0,0,0,0,0,0,0,0,0,0,0,0,
342충남대-갑사,충남대학교 - 갑사,49,중장1리,0,0,0,0,0,0,0,0,0,0,0,0,0,0,0,0,0,0,0,0,0,0,0,0,
342충남대-갑사,충남대학교 - 갑사,50,갑사,0,0,0,0,0,0,0,0,0,0,0,0,0,0,0,0,0,0,0,0,0,0,0,0,
4,낭월공영차고지기점 - 낭월공영차고지,1,낭월공영차고지기점,0,0,0,0,0,0,0,0,0,0,0,0,0,0,0,0,0,0,0,0,0,0,0,0,
4,낭월공영차고지기점 - 낭월공영차고지,2,낭월공영차고지,0,0,0,0,0,0,0,0,0,0,0,0,0,0,0,0,0,0,0,0,0,0,0,0,
4,낭월공영차고지기점 - 낭월공영차고지,3,석천들마을아파트,0,0,0,3,3,2,1,1,3,4,1,3,1,2,4,2,1,0,0,0,0,0,0,0,
4,낭월공영차고지기점 - 낭월공영차고지,4,e편한세상아파트,0,1,1,5,5,13,5,4,6,2,3,4,2,3,4,3,1,0,1,0,0,0,0,0,
4,낭월공영차고지기점 - 낭월공영차고지,5,오투그란데아파트,0,0,0,4,0,4,6,3,6,3,5,6,3,4,5,3,0,0,0,0,0,0,0,0,
4,낭월공영차고지기점 - 낭월공영차고지,6,대성삼거리,0,2,3,7,3,16,6,5,8,4,8,0,4,3,7,6,0,0,1,0,0,0,0,0,
4,낭월공영차고지기점 - 낭월공영차고지,7,옥계동,0,3,5,13,6,21,10,10,12,13,20,8,5,6,10,7,2,1,2,0,0,0,0,0,
4,낭월공영차고지기점 - 낭월공영차고지,8,호동,0,3,8,17,10,24,17,12,14,18,22,9,7,5,11,8,3,0,3,0,0,0,0,0,
4,낭월공영차고지기점 - 낭월공영차고지,9,석교동행정복지센터,0,4,11,20,16,31,20,14,18,20,25,13,15,12,12,6,0,2,6,0,0,0,0,0,
4,낭월공영차고지기점 - 낭월공영차고지,10,부사오거리,0,10,12,22,17,31,22,18,22,20,25,15,23,12,12,10,3,4,5,0,0,0,0,0,
4,낭월공영차고지기점 - 낭월공영차고지,11,한밭종합운동장,0,11,13,24,18,34,23,15,25,24,30,27,33,41,13,12,13,5,2,0,0,0,0,0,
4,낭월공영차고지기점 - 낭월공영차고지,12,오토바이거리,0,12,15,24,15,35,22,20,26,18,34,29,32,44,14,10,15,5,2,0,0,0,0,0,
4,낭월공영차고지기점 - 낭월공영차고지,13,으능정이거리,0,10,11,18,12,24,20,16,14,25,26,26,19,37,16,15,16,5,5,2,0,0,0,0,
4,낭월공영차고지기점 - 낭월공영차고지,14,대전역,0,9,9,16,10,16,10,19,14,28,23,25,20,24,26,18,17,8,9,1,0,0,0,0,
4,낭월공영차고지기점 - 낭월공영차고지,15,성남네거리,0,0,6,11,8,17,9,9,13,17,27,8,18,19,22,19,12,6,6,0,0,0,0,0,
4,낭월공영차고지기점 - 낭월공영차고지,16,복합터미널,0,0,1,5,1,3,4,3,4,2,2,5,5,4,2,2,5,6,2,1,0,0,0,0,
4,낭월공영차고지기점 - 낭월공영차고지,17,한신휴플러스,0,0,0,3,0,0,1,0,1,1,0,4,4,2,1,1,0,3,1,0,0,0,0,0,
4,낭월공영차고지기점 - 낭월공영차고지,18,비래동,0,0,0,0,0,2,0,0,0,0,0,3,3,1,0,0,0,0,0,0,0,0,0,0,
4,낭월공영차고지기점 - 낭월공영차고지,19,비래동종점,0,0,0,0,0,0,0,0,0,0,0,2,0,0,0,0,0,0,0,0,0,0,0,0,
4,낭월공영차고지기점 - 낭월공영차고지,20,비래동종점,0,1,0,2,2,1,3,2,1,2,1,1,1,2,0,2,0,0,0,0,0,0,0,0,
4,낭월공영차고지기점 - 낭월공영차고지,21,비래동,0,2,0,1,3,0,4,0,0,2,0,3,4,1,0,1,1,0,0,0,0,0,0,0,
4,낭월공영차고지기점 - 낭월공영차고지,22,한신휴플러스,0,6,4,3,4,4,8,6,2,4,4,2,6,2,1,1,1,0,2,0,0,0,0,0,
4,낭월공영차고지기점 - 낭월공영차고지,23,복합터미널,0,9,9,6,6,11,22,8,18,8,18,25,12,14,14,12,9,7,9,0,0,0,0,0,
4,낭월공영차고지기점 - 낭월공영차고지,24,성남네거리,0,7,2,4,5,11,12,7,22,9,14,13,14,14,13,13,8,6,2,0,0,0,0,0,
4,낭월공영차고지기점 - 낭월공영차고지,25,대전역,0,5,3,7,11,20,24,13,24,17,23,37,14,18,15,17,10,10,9,0,0,0,0,0,
4,낭월공영차고지기점 - 낭월공영차고지,26,으능정이거리,0,0,6,8,10,19,24,17,13,22,18,24,19,23,25,25,17,17,14,0,0,0,0,0,
4,낭월공영차고지기점 - 낭월공영차고지,27,오토바이거리,0,0,3,6,8,18,22,15,14,14,19,28,20,22,23,23,19,8,6,0,0,0,0,0,
4,낭월공영차고지기점 - 낭월공영차고지,28,한밭종합운동장,0,0,1,3,6,7,8,7,9,14,14,28,28,21,18,15,15,19,9,0,0,0,0,0,
4,낭월공영차고지기점 - 낭월공영차고지,29,부사오거리,0,0,2,2,8,6,6,5,7,12,11,20,20,21,15,21,12,14,10,0,0,0,0,0,
4,낭월공영차고지기점 - 낭월공영차고지,30,석교동행정복지센터,0,0,0,3,5,4,6,4,6,10,6,18,12,17,10,16,7,10,10,0,0,0,0,0,
4,낭월공영차고지기점 - 낭월공영차고지,31,호동,0,0,0,1,5,2,3,2,4,6,5,16,10,16,8,10,9,6,5,0,0,0,0,0,
4,낭월공영차고지기점 - 낭월공영차고지,32,은어송초등학교,0,0,1,0,5,1,4,0,1,4,3,7,8,12,6,8,8,5,3,0,0,0,0,0,
4,낭월공영차고지기점 - 낭월공영차고지,33,고산사입구,0,0,0,0,0,1,2,0,0,2,2,5,6,7,2,5,4,0,1,0,0,0,0,0,
4,낭월공영차고지기점 - 낭월공영차고지,34,오투그란데아파트,0,0,0,0,1,0,0,1,0,0,0,4,4,5,4,4,1,4,1,0,0,0,0,0,
4,낭월공영차고지기점 - 낭월공영차고지,35,e편한세상아파트,0,0,0,0,0,0,0,0,0,0,1,2,3,2,1,2,1,2,0,0,0,0,0,0,
4,낭월공영차고지기점 - 낭월공영차고지,36,석천들마을아파트,0,0,0,0,0,0,0,0,0,0,0,0,0,0,0,0,0,0,0,0,0,0,0,0,
4,낭월공영차고지기점 - 낭월공영차고지,37,낭월공영차고지,0,0,0,0,0,0,0,0,0,0,0,0,0,0,0,0,0,0,0,0,0,0,0,0,
41,서남부터미널기점 - 서남부터미널종점,1,서남부터미널기점,0,0,1,2,0,0,0,0,0,0,0,0,0,0,0,0,0,0,0,0,0,0,0,0,
41,서남부터미널기점 - 서남부터미널종점,2,도마시장,0,0,2,5,2,2,0,0,3,2,2,1,1,0,0,0,0,0,0,0,0,0,0,0,
41,서남부터미널기점 - 서남부터미널종점,3,도마네거리,0,0,2,5,2,2,0,0,3,2,2,1,1,0,0,0,0,0,0,0,0,0,0,0,
41,서남부터미널기점 - 서남부터미널종점,4,도마삼거리,0,0,0,6,0,0,0,2,4,0,0,0,0,0,0,0,1,0,0,0,0,0,0,0,
41,서남부터미널기점 - 서남부터미널종점,5,서부소방서,0,0,0,0,0,0,0,0,5,1,0,0,0,0,0,0,0,0,0,0,0,0,0,0,
41,서남부터미널기점 - 서남부터미널종점,6,정림동,0,0,0,0,0,0,0,0,0,0,0,0,0,0,0,0,3,0,0,0,0,0,0,0,
41,서남부터미널기점 - 서남부터미널종점,7,가수원교,0,0,0,0,0,0,0,0,6,0,0,0,0,0,0,0,0,0,0,0,0,0,0,0,
41,서남부터미널기점 - 서남부터미널종점,8,가수원육교.가수원시장,0,0,0,6,0,0,0,3,5,3,0,0,0,0,0,0,2,0,0,0,0,0,0,0,
41,서남부터미널기점 - 서남부터미널종점,9,동방고등학교,0,0,0,0,0,0,0,0,0,2,0,0,0,0,0,0,0,0,0,0,0,0,0,0,
41,서남부터미널기점 - 서남부터미널종점,10,건양대병원네거리,0,0,0,7,0,4,0,0,0,0,0,0,0,0,0,0,0,0,0,0,0,0,0,0,
41,서남부터미널기점 - 서남부터미널종점,11,관저지하차도,0,0,0,0,0,0,0,0,7,0,0,0,0,0,0,0,0,0,0,0,0,0,0,0,
41,서남부터미널기점 - 서남부터미널종점,12,관저네거리,0,0,0,0,0,3,0,0,0,0,0,0,0,0,0,0,0,0,0,0,0,0,0,0,
41,서남부터미널기점 - 서남부터미널종점,13,신선마을아파트,0,0,0,9,0,0,0,0,0,0,0,0,1,0,0,0,0,0,0,0,0,0,0,0,
41,서남부터미널기점 - 서남부터미널종점,14,롯데마트서대전점,0,0,0,0,0,0,0,0,6,0,0,0,0,0,0,0,0,0,0,0,0,0,0,0,
41,서남부터미널기점 - 서남부터미널종점,15,샘물타운아파트,0,0,0,0,3,0,2,0,0,0,0,0,0,0,1,0,0,0,0,0,0,0,0,0,
41,서남부터미널기점 - 서남부터미널종점,16,원내네거리,0,0,0,10,0,0,3,0,0,4,1,0,0,2,2,0,3,0,0,0,0,0,0,0,
41,서남부터미널기점 - 서남부터미널종점,17,원내동,0,0,0,0,0,0,0,0,0,3,0,0,0,0,0,0,0,0,0,0,0,0,0,0,
41,서남부터미널기점 - 서남부터미널종점,18,진잠중학교,0,0,0,0,0,4,0,0,0,2,0,0,0,3,0,0,0,0,0,0,0,0,0,0,
41,서남부터미널기점 - 서남부터미널종점,19,서대전IC,0,0,0,0,0,0,0,0,0,3,0,0,0,0,0,0,4,0,0,0,0,0,0,0,
41,서남부터미널기점 - 서남부터미널종점,20,방동저수지,0,0,0,8,0,0,0,0,5,0,0,0,0,0,0,0,0,0,0,0,0,0,0,0,
41,서남부터미널기점 - 서남부터미널종점,21,방동새운네,0,0,0,0,0,0,0,2,0,0,0,0,0,0,0,0,0,0,0,0,0,0,0,0,
41,서남부터미널기점 - 서남부터미널종점,22,방동5통,0,0,0,0,0,0,0,0,4,2,0,0,0,2,0,0,0,0,0,0,0,0,0,0,
41,서남부터미널기점 - 서남부터미널종점,23,성북3통마을회관,0,0,0,5,0,0,0,1,0,0,0,0,0,1,0,0,3,0,0,0,0,0,0,0,
41,서남부터미널기점 - 서남부터미널종점,24,성북3통굿개말길,0,0,0,4,0,0,0,0,0,0,0,0,0,0,0,0,0,0,0,0,0,0,0,0,
41,서남부터미널기점 - 서남부터미널종점,25,성북2통동구나무,0,0,1,0,0,2,0,0,3,0,0,0,0,0,0,0,2,0,0,0,0,0,0,0,
41,서남부터미널기점 - 서남부터미널종점,26,성북2통마을회관앞,0,0,0,3,0,0,0,0,0,0,0,0,0,0,0,0,0,0,0,0,0,0,0,0,
41,서남부터미널기점 - 서남부터미널종점,27,성북1통마을회관,0,0,0,2,0,0,0,0,0,0,0,0,0,0,0,0,1,0,0,0,0,0,0,0,
41,서남부터미널기점 - 서남부터미널종점,28,성북1통,0,0,0,0,0,0,0,0,0,0,0,0,0,0,0,0,0,0,0,0,0,0,0,0,
41,서남부터미널기점 - 서남부터미널종점,29,성북동산림욕장,0,0,0,0,0,0,0,0,2,0,0,0,0,0,0,0,0,0,0,0,0,0,0,0,
41,서남부터미널기점 - 서남부터미널종점,30,성북동산림욕장,0,0,0,0,0,0,0,0,2,0,0,0,0,0,0,0,0,0,0,0,0,0,0,0,
41,서남부터미널기점 - 서남부터미널종점,31,성북1통,0,0,0,0,0,0,0,0,0,0,0,0,2,1,0,0,0,0,0,0,0,0,0,0,
41,서남부터미널기점 - 서남부터미널종점,32,국립대전숲체원,0,0,0,0,0,1,0,0,1,0,1,0,0,0,0,0,0,0,0,0,0,0,0,0,
41,서남부터미널기점 - 서남부터미널종점,33,성북1통,0,0,0,0,0,1,0,0,1,0,1,0,0,0,0,0,0,0,0,0,0,0,0,0,
41,서남부터미널기점 - 서남부터미널종점,34,성북동산림욕장,0,0,0,0,0,1,0,0,1,0,1,0,0,0,0,0,0,0,0,0,0,0,0,0,
41,서남부터미널기점 - 서남부터미널종점,35,성북동산림욕장,0,0,0,0,0,1,0,0,1,0,1,0,0,0,0,0,0,0,0,0,0,0,0,0,
41,서남부터미널기점 - 서남부터미널종점,36,성북1통,0,0,0,0,0,1,0,0,1,0,1,0,0,0,0,0,0,0,0,0,0,0,0,0,
41,서남부터미널기점 - 서남부터미널종점,37,성북1통마을회관,0,0,0,0,2,0,0,0,0,0,3,2,0,0,0,0,0,0,0,0,0,0,0,0,
41,서남부터미널기점 - 서남부터미널종점,38,성북2통마을회관앞,0,0,0,0,3,2,0,0,0,3,7,0,0,0,1,0,0,1,0,0,0,0,0,0,
41,서남부터미널기점 - 서남부터미널종점,39,성북2통동구나무,0,0,0,0,3,2,0,0,0,3,7,0,0,0,1,0,0,1,0,0,0,0,0,0,
41,서남부터미널기점 - 서남부터미널종점,40,성북3통굿개말길,0,0,0,0,0,0,0,0,0,0,0,0,0,0,0,0,1,0,0,0,0,0,0,0,
41,서남부터미널기점 - 서남부터미널종점,41,성북3통마을회관,0,0,0,0,0,0,0,0,0,4,9,4,0,3,0,0,0,0,0,0,0,0,0,0,
41,서남부터미널기점 - 서남부터미널종점,42,방동5통,0,0,0,0,4,0,0,3,0,0,8,5,3,0,0,0,0,0,3,0,0,0,0,0,
41,서남부터미널기점 - 서남부터미널종점,43,방동새운네,0,0,0,0,0,0,0,0,0,0,0,0,0,0,2,0,2,0,0,0,0,0,0,0,
41,서남부터미널기점 - 서남부터미널종점,44,방동저수지,0,0,0,0,0,0,0,0,0,0,0,0,0,0,3,0,0,0,0,0,0,0,0,0,
41,서남부터미널기점 - 서남부터미널종점,45,서대전IC,0,0,0,0,0,0,0,0,0,0,0,0,0,0,3,0,0,0,0,0,0,0,0,0,
41,서남부터미널기점 - 서남부터미널종점,46,진잠중학교,0,0,0,0,3,0,0,0,0,0,0,0,0,0,0,0,0,0,0,0,0,0,0,0,
41,서남부터미널기점 - 서남부터미널종점,47,원내동,0,0,0,0,2,0,0,0,0,0,0,0,0,0,0,1,0,0,0,0,0,0,0,0,
41,서남부터미널기점 - 서남부터미널종점,48,원내네거리,0,0,0,0,5,0,1,0,0,2,5,2,2,4,0,0,0,0,0,0,0,0,0,0,
41,서남부터미널기점 - 서남부터미널종점,49,샘물타운아파트,0,0,1,0,3,0,0,0,2,0,0,0,0,0,0,1,0,0,0,0,0,0,0,0,
41,서남부터미널기점 - 서남부터미널종점,50,구봉마을5단지,0,0,0,0,0,0,2,0,3,0,7,1,0,0,0,0,0,0,0,0,0,0,0,0,
41,서남부터미널기점 - 서남부터미널종점,51,신선마을아파트,0,0,0,0,0,0,2,0,3,0,7,1,0,0,0,0,0,0,0,0,0,0,0,0,
41,서남부터미널기점 - 서남부터미널종점,52,관저네거리,0,0,0,0,4,0,0,0,0,3,9,0,0,0,0,0,0,4,1,0,0,0,0,0,
41,서남부터미널기점 - 서남부터미널종점,53,건양대병원네거리,0,0,0,0,0,1,0,1,0,0,0,0,0,3,0,1,0,0,0,0,0,0,0,0,
41,서남부터미널기점 - 서남부터미널종점,54,동방고등학교,0,0,0,0,3,0,0,0,0,0,8,0,0,0,0,0,0,0,0,0,0,0,0,0,
41,서남부터미널기점 - 서남부터미널종점,55,가수원육교.가수원시장,0,0,0,0,0,0,0,0,0,0,6,0,0,0,0,0,1,0,0,0,0,0,0,0,
41,서남부터미널기점 - 서남부터미널종점,56,가수원네거리,0,0,0,0,0,0,0,0,0,0,5,0,0,0,0,0,0,0,0,0,0,0,0,0,
41,서남부터미널기점 - 서남부터미널종점,57,정림삼거리,0,0,0,0,0,0,0,0,5,0,4,0,0,0,0,0,0,0,0,0,0,0,0,0,
41,서남부터미널기점 - 서남부터미널종점,58,정림동,0,0,0,0,0,0,0,0,0,0,0,1,0,0,0,0,0,0,0,0,0,0,0,0,
41,서남부터미널기점 - 서남부터미널종점,59,서부소방서,0,0,0,0,0,0,0,0,0,0,3,0,0,0,0,0,0,0,0,0,0,0,0,0,
41,서남부터미널기점 - 서남부터미널종점,60,도마삼거리,0,0,0,0,0,0,0,0,0,1,2,2,0,0,0,0,0,0,0,0,0,0,0,0,
41,서남부터미널기점 - 서남부터미널종점,61,도마e편한세상아파트,0,0,0,0,0,0,0,0,0,0,0,0,0,0,2,0,0,1,0,0,0,0,0,0,
41,서남부터미널기점 - 서남부터미널종점,62,도마시장,0,0,0,0,0,0,0,0,0,0,0,0,0,0,1,0,0,0,0,0,0,0,0,0,
41,서남부터미널기점 - 서남부터미널종점,63,버드내아파트,0,0,0,0,0,0,0,0,0,0,0,0,0,0,0,0,0,0,0,0,0,0,0,0,
41,서남부터미널기점 - 서남부터미널종점,64,서부종합시장,0,0,0,0,0,0,0,0,0,0,0,0,0,0,0,0,0,0,0,0,0,0,0,0,
41,서남부터미널기점 - 서남부터미널종점,65,서남부터미널,0,0,0,0,0,0,0,0,0,0,0,0,0,0,0,0,0,0,0,0,0,0,0,0,
41,서남부터미널기점 - 서남부터미널종점,66,서남부터미널종점,0,0,0,0,0,0,0,0,0,0,0,0,0,0,0,0,0,0,0,0,0,0,0,0,
42,서남부터미널기점 - 서남부터미널종점,1,서남부터미널기점,0,0,0,0,0,0,0,0,0,0,0,0,0,0,2,0,0,0,0,0,0,0,0,0,
42,서남부터미널기점 - 서남부터미널종점,2,도마시장,0,0,0,1,0,0,0,0,1,0,1,0,0,0,4,0,0,0,0,0,0,0,0,0,
42,서남부터미널기점 - 서남부터미널종점,3,도마네거리,0,0,0,1,0,0,0,0,1,0,1,0,0,0,4,0,0,0,0,0,0,0,0,0,
42,서남부터미널기점 - 서남부터미널종점,4,도마삼거리,0,0,1,4,0,0,0,1,0,0,2,2,0,0,0,0,0,0,0,0,0,0,0,0,
42,서남부터미널기점 - 서남부터미널종점,5,서부소방서,0,0,0,0,0,0,0,0,0,0,0,3,0,0,0,0,0,0,0,0,0,0,0,0,
42,서남부터미널기점 - 서남부터미널종점,6,정림동,0,0,0,0,0,0,0,4,0,0,0,0,0,0,1,0,0,0,0,0,0,0,0,0,
42,서남부터미널기점 - 서남부터미널종점,7,가수원교,0,0,0,0,0,0,0,4,0,0,0,0,0,0,1,0,0,0,0,0,0,0,0,0,
42,서남부터미널기점 - 서남부터미널종점,8,가수원육교.가수원시장,0,0,0,0,5,2,0,4,0,3,0,5,0,0,2,0,0,0,0,0,0,0,0,0,
42,서남부터미널기점 - 서남부터미널종점,9,동방고등학교,0,0,0,0,0,0,0,0,0,1,0,0,0,0,0,0,0,1,0,0,0,0,0,0,
42,서남부터미널기점 - 서남부터미널종점,10,건양대병원네거리,0,0,0,0,6,0,0,0,1,0,0,3,0,0,3,0,0,0,0,0,0,0,0,0,
42,서남부터미널기점 - 서남부터미널종점,11,관저지하차도,0,0,0,0,0,0,0,0,0,2,0,0,0,0,0,0,1,0,0,0,0,0,0,0,
42,서남부터미널기점 - 서남부터미널종점,12,관저네거리,0,0,3,0,0,0,0,5,0,0,0,2,0,0,2,0,0,0,0,0,0,0,0,0,
42,서남부터미널기점 - 서남부터미널종점,13,신선마을아파트,0,0,0,0,0,0,0,0,0,0,0,3,0,0,0,3,0,0,0,0,0,0,0,0,
42,서남부터미널기점 - 서남부터미널종점,14,롯데마트서대전점,0,0,2,0,0,3,0,0,0,1,0,0,0,0,0,0,0,0,0,0,0,0,0,0,
42,서남부터미널기점 - 서남부터미널종점,15,샘물타운아파트,0,0,0,0,0,0,0,4,0,0,0,2,0,0,1,2,0,0,0,0,0,0,0,0,
42,서남부터미널기점 - 서남부터미널종점,16,원내네거리,0,0,4,0,8,4,0,3,1,3,0,2,0,0,0,2,0,0,0,0,0,0,0,0,
42,서남부터미널기점 - 서남부터미널종점,17,원내동,0,0,4,0,8,4,0,3,1,3,0,2,0,0,0,2,0,0,0,0,0,0,0,0,
42,서남부터미널기점 - 서남부터미널종점,18,진잠중학교,0,0,0,0,9,3,0,0,2,0,0,1,0,0,0,0,0,0,0,0,0,0,0,0,
42,서남부터미널기점 - 서남부터미널종점,19,서대전IC,0,0,5,0,0,0,0,0,0,0,0,0,0,0,0,0,0,0,0,0,0,0,0,0,
42,서남부터미널기점 - 서남부터미널종점,20,방동저수지,0,0,5,0,0,0,0,0,0,0,0,0,0,0,0,0,0,0,0,0,0,0,0,0,
42,서남부터미널기점 - 서남부터미널종점,21,방동4통,0,0,0,0,0,0,0,0,0,0,0,0,0,0,0,1,0,0,0,0,0,0,0,0,
42,서남부터미널기점 - 서남부터미널종점,22,방동3통,0,0,0,0,7,0,0,0,0,0,0,0,0,0,0,0,0,0,0,0,0,0,0,0,
42,서남부터미널기점 - 서남부터미널종점,23,삿갓집,0,0,0,0,7,0,0,0,0,0,0,0,0,0,0,0,0,0,0,0,0,0,0,0,
42,서남부터미널기점 - 서남부터미널종점,24,알로에농장,0,0,0,0,0,0,0,0,1,0,0,0,0,0,0,0,0,0,0,0,0,0,0,0,
42,서남부터미널기점 - 서남부터미널종점,25,계룡과선교,0,0,0,0,0,0,0,0,1,0,0,0,0,0,0,0,0,0,0,0,0,0,0,0,
42,서남부터미널기점 - 서남부터미널종점,26,방동1통,0,0,5,0,0,0,0,2,0,0,0,0,0,0,0,0,0,0,0,0,0,0,0,0,
42,서남부터미널기점 - 서남부터미널종점,27,사봉,0,0,0,0,5,0,0,0,0,2,0,0,0,0,0,0,0,0,0,0,0,0,0,0,
42,서남부터미널기점 - 서남부터미널종점,28,세동2통,0,0,0,0,5,0,0,0,0,2,0,0,0,0,0,0,0,0,0,0,0,0,0,0,
42,서남부터미널기점 - 서남부터미널종점,29,구억들,0,0,0,0,4,0,0,0,0,0,1,0,0,0,0,0,0,0,0,0,0,0,0,0,
42,서남부터미널기점 - 서남부터미널종점,30,중세동,0,0,0,0,0,5,0,0,0,0,0,0,0,0,0,0,0,0,0,0,0,0,0,0,
42,서남부터미널기점 - 서남부터미널종점,31,삼박골,0,0,4,0,0,0,0,0,0,0,0,0,0,0,0,0,0,0,0,0,0,0,0,0,
42,서남부터미널기점 - 서남부터미널종점,32,돌마루,0,0,3,0,0,3,0,0,0,0,0,0,0,0,0,0,0,0,0,0,0,0,0,0,
42,서남부터미널기점 - 서남부터미널종점,33,양새터골,0,0,0,0,0,0,0,0,0,0,0,0,0,0,0,0,0,0,0,0,0,0,0,0,
42,서남부터미널기점 - 서남부터미널종점,34,감골,0,0,0,0,3,0,0,0,0,0,0,0,0,0,0,0,0,0,0,0,0,0,0,0,
42,서남부터미널기점 - 서남부터미널종점,35,쉼터공동체,0,0,1,0,2,2,0,0,0,0,0,0,0,0,0,0,0,0,0,0,0,0,0,0,
42,서남부터미널기점 - 서남부터미널종점,36,세동종점,0,0,0,0,0,0,0,5,0,0,0,6,0,0,1,0,0,0,0,0,0,0,0,0,
42,서남부터미널기점 - 서남부터미널종점,37,세동종점,0,0,0,0,0,0,0,5,0,0,0,6,0,0,1,0,0,0,0,0,0,0,0,0,
42,서남부터미널기점 - 서남부터미널종점,38,쉼터공동체,0,0,0,0,0,0,1,0,6,0,0,0,1,0,0,0,0,0,0,0,0,0,0,0,
42,서남부터미널기점 - 서남부터미널종점,39,감골,0,0,0,0,0,0,0,0,0,1,0,0,0,0,0,0,0,0,0,0,0,0,0,0,
42,서남부터미널기점 - 서남부터미널종점,40,양새터골,0,0,0,0,0,0,0,0,0,1,0,0,0,0,0,0,0,0,0,0,0,0,0,0,
42,서남부터미널기점 - 서남부터미널종점,41,돌마루,0,0,0,0,0,0,0,0,0,2,0,9,0,0,0,0,0,0,0,0,0,0,0,0,
42,서남부터미널기점 - 서남부터미널종점,42,삼박골,0,0,0,0,0,0,0,0,0,4,0,0,0,0,0,0,0,0,0,0,0,0,0,0,
42,서남부터미널기점 - 서남부터미널종점,43,중세동,0,0,0,0,0,0,0,0,0,0,0,10,2,0,0,0,0,0,0,0,0,0,0,0,
42,서남부터미널기점 - 서남부터미널종점,44,구억들,0,0,0,0,0,0,2,0,0,0,0,0,3,0,0,0,0,0,0,0,0,0,0,0,
42,서남부터미널기점 - 서남부터미널종점,45,세동2통,0,0,0,0,0,0,0,0,8,0,0,0,0,0,0,0,0,0,0,0,0,0,0,0,
42,서남부터미널기점 - 서남부터미널종점,46,사봉,0,0,0,0,2,0,0,0,0,0,0,0,0,0,0,0,0,0,0,0,0,0,0,0,
42,서남부터미널기점 - 서남부터미널종점,47,방동1통,0,0,0,0,0,0,0,0,0,0,3,12,0,0,0,0,0,0,0,0,0,0,0,0,
42,서남부터미널기점 - 서남부터미널종점,48,계룡과선교,0,0,0,0,0,0,0,0,0,5,0,0,0,0,0,0,0,0,0,0,0,0,0,0,
42,서남부터미널기점 - 서남부터미널종점,49,알로에농장,0,0,0,0,0,0,0,0,0,5,0,0,0,0,0,0,0,0,0,0,0,0,0,0,
42,서남부터미널기점 - 서남부터미널종점,50,삿갓집,0,0,0,0,0,0,0,0,0,5,0,0,0,0,0,0,0,0,0,0,0,0,0,0,
42,서남부터미널기점 - 서남부터미널종점,51,방동3통,0,0,1,0,0,0,0,0,0,0,0,0,0,0,0,0,0,0,0,0,0,0,0,0,
42,서남부터미널기점 - 서남부터미널종점,52,엉고개,0,0,1,0,0,0,0,0,0,0,0,0,0,0,0,0,0,0,0,0,0,0,0,0,
42,서남부터미널기점 - 서남부터미널종점,53,방동4통,0,0,1,0,0,0,0,0,0,0,0,0,0,0,0,0,0,0,0,0,0,0,0,0,
42,서남부터미널기점 - 서남부터미널종점,54,방동대교,0,0,0,0,0,0,0,0,9,0,0,0,0,0,0,0,0,0,0,0,0,0,0,0,
42,서남부터미널기점 - 서남부터미널종점,55,서대전IC,0,0,0,0,0,0,0,0,8,0,0,11,0,0,0,0,0,0,0,0,0,0,0,0,
42,서남부터미널기점 - 서남부터미널종점,56,진잠중학교,0,0,0,0,0,0,0,0,0,0,0,10,2,0,0,0,0,0,0,0,0,0,0,0,
42,서남부터미널기점 - 서남부터미널종점,57,원내동,0,0,0,0,0,0,0,0,0,4,2,8,0,0,0,0,0,0,0,0,0,0,0,0,
42,서남부터미널기점 - 서남부터미널종점,58,원내네거리,0,0,0,0,0,0,0,0,5,2,0,6,1,0,0,0,0,0,0,0,0,0,0,0,
42,서남부터미널기점 - 서남부터미널종점,59,샘물타운아파트,0,0,0,0,0,0,3,0,6,3,0,0,4,0,0,0,1,0,0,0,0,0,0,0,
42,서남부터미널기점 - 서남부터미널종점,60,구봉마을5단지,0,0,0,0,0,0,6,0,0,4,0,5,0,0,0,0,2,0,0,0,0,0,0,0,
42,서남부터미널기점 - 서남부터미널종점,61,신선마을아파트,0,0,0,0,0,0,0,0,5,5,0,4,0,0,0,0,0,2,0,0,0,0,0,0,
42,서남부터미널기점 - 서남부터미널종점,62,관저네거리,0,0,0,1,0,1,7,0,6,6,0,0,3,0,0,0,0,0,1,0,0,0,0,0,
42,서남부터미널기점 - 서남부터미널종점,63,건양대병원네거리,0,0,1,0,0,2,8,0,0,0,0,0,0,0,0,0,1,0,0,0,0,0,0,0,
42,서남부터미널기점 - 서남부터미널종점,64,동방고등학교,0,0,0,0,0,0,7,0,7,5,0,0,0,0,0,0,0,3,0,0,0,0,0,0,
42,서남부터미널기점 - 서남부터미널종점,65,가수원육교.가수원시장,0,0,0,0,0,0,5,0,6,4,0,0,4,0,0,0,0,4,0,0,0,0,0,0,
42,서남부터미널기점 - 서남부터미널종점,66,가수원네거리,0,0,0,0,0,0,0,0,0,0,0,0,0,0,0,0,0,0,2,0,0,0,0,0,
42,서남부터미널기점 - 서남부터미널종점,67,정림삼거리,0,0,0,0,0,0,5,0,5,3,0,0,3,0,0,0,0,0,0,0,0,0,0,0,
42,서남부터미널기점 - 서남부터미널종점,68,정림동,0,0,0,0,0,1,0,0,0,2,0,0,0,0,0,0,0,0,0,0,0,0,0,0,
42,서남부터미널기점 - 서남부터미널종점,69,서부소방서,0,0,0,0,0,0,0,0,0,0,0,0,0,1,0,0,0,2,0,0,0,0,0,0,
42,서남부터미널기점 - 서남부터미널종점,70,도마삼거리,0,0,0,0,0,0,2,0,3,0,0,0,0,0,0,0,0,0,0,0,0,0,0,0,
42,서남부터미널기점 - 서남부터미널종점,71,도마e편한세상아파트,0,0,0,0,0,0,1,0,2,0,0,0,0,0,0,0,0,0,0,0,0,0,0,0,
42,서남부터미널기점 - 서남부터미널종점,72,도마시장,0,0,0,0,0,0,0,0,0,0,0,0,0,0,0,0,0,0,0,0,0,0,0,0,
42,서남부터미널기점 - 서남부터미널종점,73,버드내아파트,0,0,0,0,0,0,0,0,0,0,0,0,0,0,0,0,0,0,0,0,0,0,0,0,
42,서남부터미널기점 - 서남부터미널종점,74,서부종합시장,0,0,0,0,0,0,0,0,0,0,0,0,0,0,0,0,0,0,0,0,0,0,0,0,
42,서남부터미널기점 - 서남부터미널종점,75,서남부터미널,0,0,0,0,0,0,0,0,0,0,0,0,0,0,0,0,0,0,0,0,0,0,0,0,
42,서남부터미널기점 - 서남부터미널종점,76,서남부터미널종점,0,0,0,0,0,0,0,0,0,0,0,0,0,0,0,0,0,0,0,0,0,0,0,0,
43,부강버스종점승차 - 부강버스종점,0,부강버스종점승차,0,0,0,0,0,0,0,0,0,0,0,0,0,0,0,0,0,0,0,0,0,0,0,0,
43,부강버스종점승차 - 부강버스종점,1,부강초등학교,0,0,0,0,0,0,0,0,0,0,0,0,0,0,0,0,0,0,0,0,0,0,0,0,
43,부강버스종점승차 - 부강버스종점,2,부강2리,0,0,0,0,0,0,0,0,0,0,0,0,0,0,0,0,0,0,0,0,0,0,0,0,
43,부강버스종점승차 - 부강버스종점,3,부강성당,0,0,0,0,0,0,0,0,0,0,0,0,0,0,0,0,0,0,0,0,0,0,0,0,
43,부강버스종점승차 - 부강버스종점,4,문곡1리약수터,0,0,0,0,0,0,0,0,0,0,0,0,0,0,0,0,0,0,0,0,0,0,0,0,
43,부강버스종점승차 - 부강버스종점,5,세종미래고등학교,0,0,0,0,0,0,0,0,0,0,0,0,0,0,0,0,0,0,0,0,0,0,0,0,
43,부강버스종점승차 - 부강버스종점,6,문곡3리,0,0,0,0,0,0,0,0,0,0,0,0,0,0,0,0,0,0,0,0,0,0,0,0,
43,부강버스종점승차 - 부강버스종점,7,문곡2리,0,0,0,0,0,0,0,0,0,0,0,0,0,0,0,0,0,0,0,0,0,0,0,0,
43,부강버스종점승차 - 부강버스종점,8,듬배,0,0,0,0,0,0,0,0,0,0,0,0,0,0,0,0,0,0,0,0,0,0,0,0,
43,부강버스종점승차 - 부강버스종점,9,상삼리,0,0,0,0,0,0,0,0,0,0,0,0,0,0,0,0,0,0,0,0,0,0,0,0,
43,부강버스종점승차 - 부강버스종점,10,상삼리,0,0,0,0,0,0,0,0,0,0,0,0,0,0,0,0,0,0,0,0,0,0,0,0,
43,부강버스종점승차 - 부강버스종점,11,상삼리마을회관,0,0,0,0,0,0,0,0,0,0,0,0,0,0,0,0,0,0,0,0,0,0,0,0,
43,부강버스종점승차 - 부강버스종점,12,꽃동네대학교,0,0,0,0,0,0,0,0,0,0,0,0,0,0,0,0,0,0,0,0,0,0,0,0,
43,부강버스종점승차 - 부강버스종점,13,상삼리(중산교),0,0,0,0,0,0,0,0,0,0,0,0,0,0,0,0,0,0,0,0,0,0,0,0,
43,부강버스종점승차 - 부강버스종점,14,상삼리공단입구,0,0,0,0,0,0,0,0,0,0,0,0,0,0,0,0,0,0,0,0,0,0,0,0,
43,부강버스종점승차 - 부강버스종점,15,중삼리(천지산업),0,0,0,0,0,0,0,0,0,0,0,0,0,0,0,0,0,0,0,0,0,0,0,0,
43,부강버스종점승차 - 부강버스종점,16,중삼리마을회관,0,0,0,0,0,0,0,0,0,0,0,0,0,0,0,0,0,0,0,0,0,0,0,0,
43,부강버스종점승차 - 부강버스종점,17,중삼리(한두실),0,0,0,0,0,0,0,0,0,0,0,0,0,0,0,0,0,0,0,0,0,0,0,0,
43,부강버스종점승차 - 부강버스종점,18,중삼리입구,0,0,0,0,0,0,0,0,0,0,0,0,0,0,0,0,0,0,0,0,0,0,0,0,
43,부강버스종점승차 - 부강버스종점,19,시목3리,0,0,0,0,0,0,0,0,0,0,0,0,0,0,0,0,0,0,0,0,0,0,0,0,
43,부강버스종점승차 - 부강버스종점,20,시목3리,0,0,0,0,0,0,0,0,0,0,0,0,0,0,0,0,0,0,0,0,0,0,0,0,
43,부강버스종점승차 - 부강버스종점,21,시목리,0,0,0,0,0,0,0,0,0,0,0,0,0,0,0,0,0,0,0,0,0,0,0,0,
43,부강버스종점승차 - 부강버스종점,22,매봉,0,0,0,0,0,0,0,0,0,0,0,0,0,0,0,0,0,0,0,0,0,0,0,0,
43,부강버스종점승차 - 부강버스종점,23,매봉,0,0,2,0,0,0,0,0,0,0,0,0,0,0,0,0,0,0,0,0,0,0,0,0,
43,부강버스종점승차 - 부강버스종점,24,양지리,0,0,2,0,0,0,0,0,0,0,0,0,0,0,0,0,0,0,0,0,0,0,0,0,
43,부강버스종점승차 - 부강버스종점,25,신탄진,0,0,2,0,0,0,0,0,0,0,0,0,0,0,0,0,0,0,0,0,0,0,0,0,
43,부강버스종점승차 - 부강버스종점,26,신탄진역,0,0,1,0,0,0,0,0,0,0,0,0,0,0,0,0,0,0,0,0,0,0,0,0,
43,부강버스종점승차 - 부강버스종점,27,신탄진종점,0,0,1,0,0,0,0,0,0,0,0,0,0,0,0,0,0,0,0,0,0,0,0,0,
43,부강버스종점승차 - 부강버스종점,28,신탄진역,0,0,0,0,0,0,4,0,0,0,0,1,0,0,0,0,0,0,0,0,0,0,0,0,
43,부강버스종점승차 - 부강버스종점,29,신탄진동,0,0,0,0,0,0,5,0,0,0,0,0,0,1,0,0,0,0,0,0,0,0,0,0,
43,부강버스종점승차 - 부강버스종점,30,용정초등학교,0,0,0,0,0,0,6,0,0,0,0,0,0,0,0,0,0,0,0,0,0,0,0,0,
43,부강버스종점승차 - 부강버스종점,31,보조댐,0,0,0,0,0,0,6,0,0,0,0,0,0,0,0,0,0,0,0,0,0,0,0,0,
43,부강버스종점승차 - 부강버스종점,32,노산리,0,0,0,0,0,0,6,0,0,0,0,0,0,0,0,0,0,0,0,0,0,0,0,0,
43,부강버스종점승차 - 부강버스종점,33,노산1리마을회관,0,0,0,0,0,0,0,0,1,0,0,0,0,0,0,0,0,0,0,0,0,0,0,0,
43,부강버스종점승차 - 부강버스종점,34,노산1리,0,0,0,0,0,0,0,0,1,0,0,0,0,0,0,0,0,0,0,0,0,0,0,0,
43,부강버스종점승차 - 부강버스종점,35,하석2리,0,0,0,0,0,0,0,0,2,0,2,0,0,0,0,1,0,0,0,0,0,0,0,0,
43,부강버스종점승차 - 부강버스종점,36,오가리,0,0,0,0,0,0,0,0,2,0,2,0,0,0,0,1,0,0,0,0,0,0,0,0,
43,부강버스종점승차 - 부강버스종점,37,현암사,0,0,0,0,0,0,0,0,2,0,2,0,0,0,0,1,0,0,0,0,0,0,0,0,
43,부강버스종점승차 - 부강버스종점,38,팔각정,0,0,0,0,0,0,0,0,2,0,2,0,0,0,0,1,0,0,0,0,0,0,0,0,
43,부강버스종점승차 - 부강버스종점,39,문의대교,0,0,0,0,0,0,0,0,2,0,2,0,0,0,0,1,0,0,0,0,0,0,0,0,
43,부강버스종점승차 - 부강버스종점,40,문의문화유산단지,0,0,0,0,0,0,0,0,2,0,2,0,0,0,0,1,0,0,0,0,0,0,0,0,
43,부강버스종점승차 - 부강버스종점,41,문의향교,0,0,0,0,0,0,0,0,2,0,2,0,0,0,0,1,0,0,0,0,0,0,0,0,
43,부강버스종점승차 - 부강버스종점,42,문의문화유산단지,0,0,0,0,0,0,0,0,2,0,2,0,0,0,0,1,0,0,0,0,0,0,0,0,
43,부강버스종점승차 - 부강버스종점,43,문의대교,0,0,0,0,0,0,0,0,2,0,2,0,0,0,0,1,0,0,0,0,0,0,0,0,
43,부강버스종점승차 - 부강버스종점,44,팔각정,0,0,0,0,0,0,0,0,2,0,2,0,0,0,0,1,0,0,0,0,0,0,0,0,
43,부강버스종점승차 - 부강버스종점,45,현암사,0,0,0,0,0,0,0,0,2,0,2,0,0,0,0,1,0,0,0,0,0,0,0,0,
43,부강버스종점승차 - 부강버스종점,46,오가리,0,0,0,0,0,0,0,0,2,0,2,0,0,0,0,1,0,0,0,0,0,0,0,0,
43,부강버스종점승차 - 부강버스종점,47,하석2리,0,0,0,0,0,0,0,0,2,0,2,0,0,0,0,1,0,0,0,0,0,0,0,0,
43,부강버스종점승차 - 부강버스종점,48,노산1리,0,0,0,0,0,0,0,0,2,0,2,0,0,0,0,1,0,0,0,0,0,0,0,0,
43,부강버스종점승차 - 부강버스종점,49,노산1리마을회관,0,0,0,0,0,0,0,0,2,0,2,0,0,0,0,1,0,0,0,0,0,0,0,0,
43,부강버스종점승차 - 부강버스종점,50,노산리,0,0,0,0,0,0,0,0,2,0,2,0,0,0,0,1,0,0,0,0,0,0,0,0,
43,부강버스종점승차 - 부강버스종점,51,보조댐,0,0,0,0,0,0,0,0,2,0,2,0,0,0,0,1,0,0,0,0,0,0,0,0,
43,부강버스종점승차 - 부강버스종점,52,용정초등학교,0,0,0,0,0,0,0,0,0,0,0,0,0,0,0,0,0,0,0,0,0,0,0,0,
43,부강버스종점승차 - 부강버스종점,53,신탄진동,0,0,0,0,0,0,0,0,0,0,0,0,0,0,0,0,0,0,0,0,0,0,0,0,
43,부강버스종점승차 - 부강버스종점,54,신탄진역,0,0,0,0,0,0,0,0,0,0,0,0,0,0,0,0,0,0,0,0,0,0,0,0,
43,부강버스종점승차 - 부강버스종점,55,신탄진종점,0,0,0,0,0,0,0,0,0,0,0,0,0,0,0,0,0,0,0,0,0,0,0,0,
43,부강버스종점승차 - 부강버스종점,56,신탄진역,0,0,0,0,0,0,0,0,0,0,0,0,0,0,0,0,0,0,0,0,0,0,0,0,
43,부강버스종점승차 - 부강버스종점,57,신탄진동,0,0,0,0,0,0,0,0,0,0,0,0,0,0,0,0,0,0,0,0,0,0,0,0,
43,부강버스종점승차 - 부강버스종점,58,용정초등학교,0,0,0,0,0,0,0,0,0,0,0,0,0,0,0,0,0,0,0,0,0,0,0,0,
43,부강버스종점승차 - 부강버스종점,59,보조댐,0,0,0,0,0,0,0,0,0,0,0,0,0,0,0,0,0,0,0,0,0,0,0,0,
43,부강버스종점승차 - 부강버스종점,60,노산리,0,0,0,0,0,0,0,0,0,0,0,0,0,0,0,0,0,0,0,0,0,0,0,0,
43,부강버스종점승차 - 부강버스종점,61,노산1리마을회관,0,0,0,0,0,0,0,0,0,0,0,0,0,0,0,0,0,0,0,0,0,0,0,0,
43,부강버스종점승차 - 부강버스종점,62,노산1리,0,0,0,0,0,0,0,0,0,0,0,0,0,0,0,0,0,0,0,0,0,0,0,0,
43,부강버스종점승차 - 부강버스종점,63,하석2리,0,0,0,0,0,0,0,0,0,0,0,0,0,0,0,0,0,0,0,0,0,0,0,0,
43,부강버스종점승차 - 부강버스종점,64,오가리,0,0,0,0,0,0,0,0,0,0,0,0,0,0,0,0,0,0,0,0,0,0,0,0,
43,부강버스종점승차 - 부강버스종점,65,현암사,0,0,0,0,0,0,0,0,0,0,0,0,0,0,0,0,0,0,0,0,0,0,0,0,
43,부강버스종점승차 - 부강버스종점,66,팔각정,0,0,0,0,0,0,0,0,0,0,0,0,0,0,0,0,0,0,0,0,0,0,0,0,
43,부강버스종점승차 - 부강버스종점,67,문의대교,0,0,0,0,0,0,0,0,0,0,0,0,0,0,0,0,0,0,0,0,0,0,0,0,
43,부강버스종점승차 - 부강버스종점,68,문의문화유산단지,0,0,0,0,0,0,0,0,0,0,0,0,0,0,0,0,0,0,0,0,0,0,0,0,
43,부강버스종점승차 - 부강버스종점,69,문의향교,0,0,0,0,0,0,0,0,0,0,0,0,0,0,0,0,0,0,0,0,0,0,0,0,
43,부강버스종점승차 - 부강버스종점,70,문의문화유산단지,0,0,0,0,0,0,0,0,0,0,0,0,0,0,0,0,0,0,0,0,0,0,0,0,
43,부강버스종점승차 - 부강버스종점,71,문의대교,0,0,0,0,0,0,0,0,0,0,0,0,0,0,0,0,0,0,0,0,0,0,0,0,
43,부강버스종점승차 - 부강버스종점,72,팔각정,0,0,0,0,0,0,0,0,0,0,0,0,0,0,0,0,0,0,0,0,0,0,0,0,
43,부강버스종점승차 - 부강버스종점,73,현암사,0,0,0,0,0,0,0,0,0,0,0,0,0,0,0,0,0,0,0,0,0,0,0,0,
43,부강버스종점승차 - 부강버스종점,74,오가리,0,0,0,0,0,0,0,0,0,0,0,0,0,0,0,0,0,0,0,0,0,0,0,0,
43,부강버스종점승차 - 부강버스종점,75,하석2리,0,0,0,0,0,0,0,0,0,0,0,0,0,0,0,0,0,0,0,0,0,0,0,0,
43,부강버스종점승차 - 부강버스종점,76,노산1리,0,0,0,0,0,0,0,0,0,0,0,0,0,0,0,0,0,0,0,0,0,0,0,0,
43,부강버스종점승차 - 부강버스종점,77,노산1리마을회관,0,0,0,0,0,0,0,0,0,0,0,0,0,0,0,0,0,0,0,0,0,0,0,0,
43,부강버스종점승차 - 부강버스종점,78,노산리,0,0,0,0,0,0,0,0,0,0,0,0,0,0,0,0,0,0,0,0,0,0,0,0,
43,부강버스종점승차 - 부강버스종점,79,보조댐,0,0,0,0,0,0,0,0,0,0,0,0,0,0,0,0,0,0,0,0,0,0,0,0,
43,부강버스종점승차 - 부강버스종점,80,용정초등학교,0,0,0,0,0,0,0,0,0,0,0,0,0,0,0,0,0,0,0,0,0,0,0,0,
43,부강버스종점승차 - 부강버스종점,81,신탄진동,0,0,0,0,0,0,0,0,0,0,0,0,0,0,0,0,0,0,0,0,0,0,0,0,
43,부강버스종점승차 - 부강버스종점,82,신탄진역,0,0,0,0,0,0,0,0,0,0,0,0,0,0,0,0,0,0,0,0,0,0,0,0,
43,부강버스종점승차 - 부강버스종점,83,신탄진종점,0,0,0,0,0,0,0,0,0,0,0,0,0,0,0,0,0,0,0,0,0,0,0,0,
43,부강버스종점승차 - 부강버스종점,84,신탄진역,0,0,0,0,0,0,0,0,0,0,0,0,0,0,0,0,0,0,0,0,0,0,0,0,
43,부강버스종점승차 - 부강버스종점,85,신탄진동,0,0,0,0,0,0,0,0,0,0,0,0,0,0,0,0,0,0,0,0,0,0,0,0,
43,부강버스종점승차 - 부강버스종점,86,용정초등학교,0,0,0,0,0,0,0,0,0,0,0,0,0,0,0,0,0,0,0,0,0,0,0,0,
43,부강버스종점승차 - 부강버스종점,87,보조댐,0,0,0,0,0,0,0,0,0,0,0,0,0,0,0,0,0,0,0,0,0,0,0,0,
43,부강버스종점승차 - 부강버스종점,88,노산리,0,0,0,0,0,0,0,0,0,0,0,0,0,0,0,0,0,0,0,0,0,0,0,0,
43,부강버스종점승차 - 부강버스종점,89,노산1리마을회관,0,0,0,0,0,0,0,0,0,0,0,0,0,0,0,0,0,0,0,0,0,0,0,0,
43,부강버스종점승차 - 부강버스종점,90,노산1리,0,0,0,0,0,0,0,0,0,0,0,0,0,0,0,0,0,0,0,0,0,0,0,0,
43,부강버스종점승차 - 부강버스종점,91,하석2리,0,0,0,0,0,0,0,0,0,0,0,0,0,0,0,0,0,0,0,0,0,0,0,0,
43,부강버스종점승차 - 부강버스종점,92,오가리,0,0,0,0,0,0,0,0,0,0,0,0,0,0,0,0,0,0,0,0,0,0,0,0,
43,부강버스종점승차 - 부강버스종점,93,현암사,0,0,0,0,0,0,0,0,0,0,0,0,0,0,0,0,0,0,0,0,0,0,0,0,
43,부강버스종점승차 - 부강버스종점,94,팔각정,0,0,0,0,0,0,0,0,0,0,0,0,0,0,0,0,0,0,0,0,0,0,0,0,
43,부강버스종점승차 - 부강버스종점,95,문의대교,0,0,0,0,0,0,0,0,0,0,0,0,0,0,0,0,0,0,0,0,0,0,0,0,
43,부강버스종점승차 - 부강버스종점,96,문의문화유산단지,0,0,0,0,0,0,0,0,0,0,0,0,0,0,0,0,0,0,0,0,0,0,0,0,
43,부강버스종점승차 - 부강버스종점,97,문의향교,0,0,0,0,0,0,0,0,0,0,0,0,0,0,0,0,0,0,0,0,0,0,0,0,
43,부강버스종점승차 - 부강버스종점,98,문의문화유산단지,0,0,0,0,0,0,0,0,0,0,0,0,0,0,0,0,0,0,0,0,0,0,0,0,
43,부강버스종점승차 - 부강버스종점,99,문의대교,0,0,0,0,0,0,0,0,0,0,0,0,0,0,0,0,0,0,0,0,0,0,0,0,
43,부강버스종점승차 - 부강버스종점,100,팔각정,0,0,0,0,0,0,0,0,0,0,0,0,0,0,0,0,0,0,0,0,0,0,0,0,
43,부강버스종점승차 - 부강버스종점,101,현암사,0,0,0,0,0,0,0,0,0,0,0,0,0,0,0,0,0,0,0,0,0,0,0,0,
43,부강버스종점승차 - 부강버스종점,102,오가리,0,0,0,0,0,0,0,0,0,0,0,0,0,0,0,0,0,0,0,0,0,0,0,0,
43,부강버스종점승차 - 부강버스종점,103,하석2리,0,0,0,0,0,0,0,0,0,0,0,0,0,0,0,0,0,0,0,0,0,0,0,0,
43,부강버스종점승차 - 부강버스종점,104,노산1리,0,0,0,0,0,0,0,0,0,0,0,0,0,0,0,0,0,0,0,0,0,0,0,0,
43,부강버스종점승차 - 부강버스종점,105,노산1리마을회관,0,0,0,0,0,0,0,0,0,0,0,0,0,0,0,0,0,0,0,0,0,0,0,0,
43,부강버스종점승차 - 부강버스종점,106,노산리,0,0,0,0,0,0,0,0,0,0,0,0,0,0,0,0,0,0,0,0,0,0,0,0,
43,부강버스종점승차 - 부강버스종점,107,보조댐,0,0,0,0,0,0,0,0,0,0,0,0,0,0,0,0,0,0,0,0,0,0,0,0,
43,부강버스종점승차 - 부강버스종점,108,용정초등학교,0,0,0,0,0,0,0,0,0,0,0,0,0,0,0,0,0,0,0,0,0,0,0,0,
43,부강버스종점승차 - 부강버스종점,109,신탄진동,0,0,0,0,0,0,0,0,0,0,0,0,0,0,0,0,0,0,0,0,0,0,0,0,
43,부강버스종점승차 - 부강버스종점,110,신탄진역,0,0,0,0,0,0,0,0,0,0,0,0,0,0,0,0,0,0,0,0,0,0,0,0,
43,부강버스종점승차 - 부강버스종점,111,신탄진종점,0,0,0,0,0,0,0,0,0,0,0,0,0,0,0,0,0,0,0,0,0,0,0,0,
43,부강버스종점승차 - 부강버스종점,112,신탄진역,0,0,0,0,0,0,0,0,0,0,0,0,0,0,0,0,0,0,0,0,0,0,0,0,
43,부강버스종점승차 - 부강버스종점,113,신탄진,0,0,0,0,0,0,0,0,0,0,0,0,0,0,0,0,0,0,0,0,0,0,0,0,
43,부강버스종점승차 - 부강버스종점,114,양지2리,0,0,0,0,0,0,0,0,0,0,0,0,0,0,0,0,0,0,0,0,0,0,0,0,
43,부강버스종점승차 - 부강버스종점,115,매봉리,0,0,0,0,0,0,0,0,0,0,0,0,0,0,0,0,0,0,0,0,0,0,0,0,
43,부강버스종점승차 - 부강버스종점,116,달계리,0,0,0,0,0,0,0,0,0,0,0,0,0,0,0,0,0,0,0,0,0,0,0,0,
43,부강버스종점승차 - 부강버스종점,117,현도면행정복지센터.선동리,0,0,0,1,0,0,0,0,0,0,0,0,0,0,0,0,1,0,0,0,0,0,0,0,
43,부강버스종점승차 - 부강버스종점,118,시목3리,0,0,0,1,0,0,0,0,0,0,0,0,0,0,0,0,1,0,0,0,0,0,0,0,
43,부강버스종점승차 - 부강버스종점,119,시목3리,0,0,0,0,0,0,0,0,0,0,0,0,0,0,0,0,0,0,0,0,0,0,0,0,
43,부강버스종점승차 - 부강버스종점,120,중삼리,0,0,0,0,0,0,0,0,0,0,0,0,0,0,0,0,0,0,0,0,0,0,0,0,
43,부강버스종점승차 - 부강버스종점,121,중삼리마을회관,0,0,0,0,0,0,0,0,0,0,0,0,0,0,0,0,0,0,0,0,0,0,0,0,
43,부강버스종점승차 - 부강버스종점,122,중삼리(천지산업),0,0,0,0,0,0,0,0,0,0,0,0,0,0,0,0,0,0,0,0,0,0,0,0,
43,부강버스종점승차 - 부강버스종점,123,상삼리공단입구,0,0,0,0,0,0,0,0,0,0,0,0,0,0,0,0,0,0,0,0,0,0,0,0,
43,부강버스종점승차 - 부강버스종점,124,상삼리(중산교),0,0,0,0,0,0,0,0,0,0,0,0,0,0,0,0,0,0,0,0,0,0,0,0,
43,부강버스종점승차 - 부강버스종점,125,꽃동네대학교,0,0,0,0,0,0,0,0,0,0,0,0,0,0,0,0,0,0,0,0,0,0,0,0,
43,부강버스종점승차 - 부강버스종점,126,상삼리마을회관,0,0,0,0,0,0,0,0,0,0,0,0,0,0,0,0,0,0,0,0,0,0,0,0,
43,부강버스종점승차 - 부강버스종점,127,상삼리,0,0,0,0,0,0,0,0,0,0,0,0,0,0,0,0,0,0,0,0,0,0,0,0,
43,부강버스종점승차 - 부강버스종점,128,상삼리,0,0,0,0,0,0,0,0,0,0,0,0,0,0,0,0,0,0,0,0,0,0,0,0,
43,부강버스종점승차 - 부강버스종점,129,듬배,0,0,0,0,0,0,0,0,0,0,0,0,0,0,0,0,0,0,0,0,0,0,0,0,
43,부강버스종점승차 - 부강버스종점,130,문곡2리,0,0,0,0,0,0,0,0,0,0,0,0,0,0,0,0,0,0,0,0,0,0,0,0,
43,부강버스종점승차 - 부강버스종점,131,문곡3리,0,0,0,0,0,0,0,0,0,0,0,0,0,0,0,0,0,0,0,0,0,0,0,0,
43,부강버스종점승차 - 부강버스종점,132,세종미래고등학교,0,0,0,0,0,0,0,0,0,0,0,0,0,0,0,0,0,0,0,0,0,0,0,0,
43,부강버스종점승차 - 부강버스종점,133,문곡1리,0,0,0,0,0,0,0,0,0,0,0,0,0,0,0,0,0,0,0,0,0,0,0,0,
43,부강버스종점승차 - 부강버스종점,134,부강성당,0,0,0,0,0,0,0,0,0,0,0,0,0,0,0,0,0,0,0,0,0,0,0,0,
43,부강버스종점승차 - 부강버스종점,135,부강2리,0,0,0,0,0,0,0,0,0,0,0,0,0,0,0,0,0,0,0,0,0,0,0,0,
43,부강버스종점승차 - 부강버스종점,136,부강초등학교,0,0,0,0,0,0,0,0,0,0,0,0,0,0,0,0,0,0,0,0,0,0,0,0,
43,부강버스종점승차 - 부강버스종점,137,부강버스종점승차,0,0,0,0,0,0,0,0,0,0,0,0,0,0,0,0,0,0,0,0,0,0,0,0,
43,부강버스종점승차 - 부강버스종점,138,부강초등학교,0,0,0,0,0,0,0,0,0,0,0,0,0,0,0,0,0,0,0,0,0,0,0,0,
43,부강버스종점승차 - 부강버스종점,139,부강2리,0,0,0,0,0,0,0,0,0,0,0,0,0,0,0,0,0,0,0,0,0,0,0,0,
43,부강버스종점승차 - 부강버스종점,140,부강성당,0,0,0,0,0,0,0,0,0,0,0,0,0,0,0,0,0,0,0,0,0,0,0,0,
43,부강버스종점승차 - 부강버스종점,141,문곡1리약수터,0,0,0,0,0,0,0,0,0,0,0,0,0,0,0,0,0,0,0,0,0,0,0,0,
43,부강버스종점승차 - 부강버스종점,142,세종미래고등학교,0,0,0,0,0,0,0,0,0,0,0,0,0,0,0,0,0,0,0,0,0,0,0,0,
43,부강버스종점승차 - 부강버스종점,143,문곡3리,0,0,0,0,0,0,0,0,0,0,0,0,0,0,0,0,0,0,0,0,0,0,0,0,
43,부강버스종점승차 - 부강버스종점,144,문곡2리,0,0,0,0,0,0,0,0,0,0,0,0,0,0,0,0,0,0,0,0,0,0,0,0,
43,부강버스종점승차 - 부강버스종점,145,듬배,0,0,0,0,0,0,0,0,0,0,0,0,0,0,0,0,0,0,0,0,0,0,0,0,
43,부강버스종점승차 - 부강버스종점,146,상삼리,0,0,0,0,0,0,0,0,0,0,0,0,0,0,0,0,0,0,0,0,0,0,0,0,
43,부강버스종점승차 - 부강버스종점,147,상삼리,0,0,0,0,0,0,0,0,0,0,0,0,0,0,0,0,0,0,0,0,0,0,0,0,
43,부강버스종점승차 - 부강버스종점,148,상삼리마을회관,0,0,0,0,0,0,0,0,0,0,0,0,0,0,0,0,0,0,0,0,0,0,0,0,
43,부강버스종점승차 - 부강버스종점,149,꽃동네대학교,0,0,0,0,0,0,0,0,0,0,0,0,0,0,0,0,0,0,0,0,0,0,0,0,
43,부강버스종점승차 - 부강버스종점,150,상삼리(중산교),0,0,0,0,0,0,0,0,0,0,0,0,0,0,0,0,0,0,0,0,0,0,0,0,
43,부강버스종점승차 - 부강버스종점,151,상삼리공단입구,0,0,0,0,0,0,0,0,0,0,0,0,0,0,0,0,0,0,0,0,0,0,0,0,
43,부강버스종점승차 - 부강버스종점,152,중삼리(천지산업),0,0,0,0,0,0,0,0,0,0,0,0,0,0,0,0,0,0,0,0,0,0,0,0,
43,부강버스종점승차 - 부강버스종점,153,중삼리마을회관,0,0,0,0,0,0,0,0,0,0,0,0,0,0,0,0,0,0,0,0,0,0,0,0,
43,부강버스종점승차 - 부강버스종점,154,중삼리(한두실),0,0,0,0,0,0,0,0,0,0,0,0,0,0,0,0,0,0,0,0,0,0,0,0,
43,부강버스종점승차 - 부강버스종점,155,중삼리입구,0,0,0,0,0,0,0,0,0,0,0,0,0,0,0,0,0,0,0,0,0,0,0,0,
43,부강버스종점승차 - 부강버스종점,156,시목3리,0,0,0,0,0,0,0,0,0,0,0,0,0,0,0,0,0,0,0,0,0,0,0,0,
43,부강버스종점승차 - 부강버스종점,157,시목3리,0,0,0,0,0,0,0,0,0,0,0,0,0,0,0,0,0,0,0,0,0,0,0,0,
43,부강버스종점승차 - 부강버스종점,158,시목리,0,0,0,0,0,0,0,0,0,0,0,0,0,0,0,0,0,0,0,0,0,0,0,0,
43,부강버스종점승차 - 부강버스종점,159,매봉,0,0,0,0,0,0,0,0,0,0,0,0,0,0,0,0,0,0,0,0,0,0,0,0,
43,부강버스종점승차 - 부강버스종점,160,매봉,0,0,0,0,0,0,0,0,0,0,0,0,0,0,0,0,0,0,0,0,0,0,0,0,
43,부강버스종점승차 - 부강버스종점,161,양지리,0,0,0,0,0,0,0,0,0,0,0,0,0,0,0,0,0,0,0,0,0,0,0,0,
43,부강버스종점승차 - 부강버스종점,162,신탄진,0,0,0,0,0,0,0,0,0,0,0,0,0,0,0,0,0,0,0,0,0,0,0,0,
43,부강버스종점승차 - 부강버스종점,163,신탄진역,0,0,0,0,0,0,0,0,0,0,0,0,0,0,0,0,0,0,0,0,0,0,0,0,
43,부강버스종점승차 - 부강버스종점,164,신탄진종점,0,0,0,0,0,0,0,0,0,0,0,0,0,0,0,0,0,0,0,0,0,0,0,0,
43,부강버스종점승차 - 부강버스종점,165,신탄진역,0,0,0,0,0,0,0,0,0,0,0,0,0,0,0,0,0,0,0,0,0,0,0,0,
43,부강버스종점승차 - 부강버스종점,166,신탄진,0,0,0,0,0,0,0,0,0,0,0,0,0,0,0,0,0,0,0,0,0,0,0,0,
43,부강버스종점승차 - 부강버스종점,167,양지2리,0,0,0,0,0,0,0,0,0,0,0,0,0,0,0,0,0,0,0,0,0,0,0,0,
43,부강버스종점승차 - 부강버스종점,168,매봉리,0,0,0,0,0,0,0,0,0,0,0,0,0,0,0,0,0,0,0,0,0,0,0,0,
43,부강버스종점승차 - 부강버스종점,169,달계리,0,0,0,0,0,0,0,0,0,0,0,0,0,0,0,0,0,0,0,0,0,0,0,0,
43,부강버스종점승차 - 부강버스종점,170,현도면행정복지센터.선동리,0,0,0,0,0,0,0,0,0,0,0,0,0,0,0,0,0,0,0,0,0,0,0,0,
43,부강버스종점승차 - 부강버스종점,171,시목3리,0,0,0,0,0,0,0,0,0,0,0,0,0,0,0,0,0,0,0,0,0,0,0,0,
43,부강버스종점승차 - 부강버스종점,172,시목3리,0,0,0,0,0,0,0,0,0,0,0,0,0,0,0,0,0,0,0,0,0,0,0,0,
43,부강버스종점승차 - 부강버스종점,173,중삼리,0,0,0,0,0,0,0,0,0,0,0,0,0,0,0,0,0,0,0,0,0,0,0,0,
43,부강버스종점승차 - 부강버스종점,174,중삼리마을회관,0,0,0,0,0,0,0,0,0,0,0,0,0,0,0,0,0,0,0,0,0,0,0,0,
43,부강버스종점승차 - 부강버스종점,175,중삼리(천지산업),0,0,0,0,0,0,0,0,0,0,0,0,0,0,0,0,0,0,0,0,0,0,0,0,
43,부강버스종점승차 - 부강버스종점,176,상삼리공단입구,0,0,0,0,0,0,0,0,0,0,0,0,0,0,0,0,0,0,0,0,0,0,0,0,
43,부강버스종점승차 - 부강버스종점,177,상삼리(중산교),0,0,0,0,0,0,0,0,0,0,0,0,0,0,0,0,0,0,0,0,0,0,0,0,
43,부강버스종점승차 - 부강버스종점,178,꽃동네대학교,0,0,0,0,0,0,0,0,0,0,0,0,0,0,0,0,0,0,0,0,0,0,0,0,
43,부강버스종점승차 - 부강버스종점,179,상삼리마을회관,0,0,0,0,0,0,0,0,0,0,0,0,0,0,0,0,0,0,0,0,0,0,0,0,
43,부강버스종점승차 - 부강버스종점,180,상삼리,0,0,0,0,0,0,0,0,0,0,0,0,0,0,0,0,0,0,0,0,0,0,0,0,
43,부강버스종점승차 - 부강버스종점,181,상삼리,0,0,0,0,0,0,0,0,0,0,0,0,0,0,0,0,0,0,0,0,0,0,0,0,
43,부강버스종점승차 - 부강버스종점,182,듬배,0,0,0,0,0,0,0,0,0,0,0,0,0,0,0,0,0,0,0,0,0,0,0,0,
43,부강버스종점승차 - 부강버스종점,183,문곡2리,0,0,0,0,0,0,0,0,0,0,0,0,0,0,0,0,0,0,0,0,0,0,0,0,
43,부강버스종점승차 - 부강버스종점,184,문곡3리,0,0,0,0,0,0,0,0,0,0,0,0,0,0,0,0,0,0,0,0,0,0,0,0,
43,부강버스종점승차 - 부강버스종점,185,세종미래고등학교,0,0,0,0,0,0,0,0,0,0,0,0,0,0,0,0,0,0,0,0,0,0,0,0,
43,부강버스종점승차 - 부강버스종점,186,문곡1리,0,0,0,0,0,0,0,0,0,0,0,0,0,0,0,0,0,0,0,0,0,0,0,0,
43,부강버스종점승차 - 부강버스종점,187,부강성당,0,0,0,0,0,0,0,0,0,0,0,0,0,0,0,0,0,0,0,0,0,0,0,0,
43,부강버스종점승차 - 부강버스종점,188,부강2리,0,0,0,0,0,0,0,0,0,0,0,0,0,0,0,0,0,0,0,0,0,0,0,0,
43,부강버스종점승차 - 부강버스종점,189,부강초등학교,0,0,0,0,0,0,0,0,0,0,0,0,0,0,0,0,0,0,0,0,0,0,0,0,
43,부강버스종점승차 - 부강버스종점,190,부강버스종점승차,0,0,0,0,0,0,0,0,0,0,0,0,0,0,0,0,0,0,0,0,0,0,0,0,
43,부강버스종점승차 - 부강버스종점,191,부강초등학교,0,0,0,0,0,0,0,0,0,0,0,0,0,0,0,0,0,0,0,0,0,0,0,0,
43,부강버스종점승차 - 부강버스종점,192,부강2리,0,0,0,0,0,0,0,0,0,0,0,0,0,0,0,0,0,0,0,0,0,0,0,0,
43,부강버스종점승차 - 부강버스종점,193,부강성당,0,0,0,0,0,0,0,0,0,0,0,0,0,0,0,0,0,0,0,0,0,0,0,0,
43,부강버스종점승차 - 부강버스종점,194,문곡1리약수터,0,0,0,0,0,0,0,0,0,0,0,0,0,0,0,0,0,0,0,0,0,0,0,0,
43,부강버스종점승차 - 부강버스종점,195,세종미래고등학교,0,0,0,0,0,0,0,0,0,0,0,0,0,0,0,0,0,0,0,0,0,0,0,0,
43,부강버스종점승차 - 부강버스종점,196,문곡3리,0,0,0,0,0,0,0,0,0,0,0,0,0,0,0,0,0,0,0,0,0,0,0,0,
43,부강버스종점승차 - 부강버스종점,197,문곡2리,0,0,0,0,0,0,0,0,0,0,0,0,0,0,0,0,0,0,0,0,0,0,0,0,
43,부강버스종점승차 - 부강버스종점,198,듬배,0,0,0,0,0,0,0,0,0,0,0,0,0,0,0,0,0,0,0,0,0,0,0,0,
43,부강버스종점승차 - 부강버스종점,199,상삼리,0,0,0,0,0,0,0,0,0,0,0,0,0,0,0,0,0,0,0,0,0,0,0,0,
43,부강버스종점승차 - 부강버스종점,200,상삼리,0,0,0,0,0,0,0,0,0,0,0,0,0,0,0,0,0,0,0,0,0,0,0,0,
43,부강버스종점승차 - 부강버스종점,201,상삼리마을회관,0,0,0,0,0,0,0,0,0,0,0,0,0,0,0,0,0,0,0,0,0,0,0,0,
43,부강버스종점승차 - 부강버스종점,202,꽃동네대학교,0,0,0,0,0,0,0,0,0,0,0,0,0,0,0,0,0,0,0,0,0,0,0,0,
43,부강버스종점승차 - 부강버스종점,203,상삼리(중산교),0,0,0,0,0,0,0,0,0,0,0,0,0,0,0,0,0,0,0,0,0,0,0,0,
43,부강버스종점승차 - 부강버스종점,204,상삼리공단입구,0,0,0,0,0,0,0,0,0,0,0,0,0,0,0,0,0,0,0,0,0,0,0,0,
43,부강버스종점승차 - 부강버스종점,205,중삼리(천지산업),0,0,0,0,0,0,0,0,0,0,0,0,0,0,0,0,0,0,0,0,0,0,0,0,
43,부강버스종점승차 - 부강버스종점,206,중삼리마을회관,0,0,0,0,0,0,0,0,0,0,0,0,0,0,0,0,0,0,0,0,0,0,0,0,
43,부강버스종점승차 - 부강버스종점,207,중삼리(한두실),0,0,0,0,0,0,0,0,0,0,0,0,0,0,0,0,0,0,0,0,0,0,0,0,
43,부강버스종점승차 - 부강버스종점,208,중삼리입구,0,0,0,0,0,0,0,0,0,0,0,0,0,0,0,0,0,0,0,0,0,0,0,0,
43,부강버스종점승차 - 부강버스종점,209,시목3리,0,0,0,0,0,0,0,0,0,0,0,0,0,0,0,0,0,0,0,0,0,0,0,0,
43,부강버스종점승차 - 부강버스종점,210,시목3리,0,0,0,0,0,0,0,0,0,0,0,0,0,0,0,0,0,0,0,0,0,0,0,0,
43,부강버스종점승차 - 부강버스종점,211,시목리,0,0,0,0,0,0,0,0,0,0,0,0,0,0,0,0,0,0,0,0,0,0,0,0,
43,부강버스종점승차 - 부강버스종점,212,매봉,0,0,0,0,0,0,0,0,0,0,0,0,0,0,0,0,0,0,0,0,0,0,0,0,
43,부강버스종점승차 - 부강버스종점,213,매봉,0,0,0,0,0,0,0,0,0,0,0,0,0,0,0,0,0,0,0,0,0,0,0,0,
43,부강버스종점승차 - 부강버스종점,214,양지리,0,0,0,0,0,0,0,0,0,0,0,0,0,0,0,0,0,0,0,0,0,0,0,0,
43,부강버스종점승차 - 부강버스종점,215,신탄진,0,0,0,0,0,0,0,0,0,0,0,0,0,0,0,0,0,0,0,0,0,0,0,0,
43,부강버스종점승차 - 부강버스종점,216,신탄진역,0,0,0,0,0,0,0,0,0,0,0,0,0,0,0,0,0,0,0,0,0,0,0,0,
43,부강버스종점승차 - 부강버스종점,217,신탄진종점,0,0,0,0,0,0,0,0,0,0,0,0,0,0,0,0,0,0,0,0,0,0,0,0,
43,부강버스종점승차 - 부강버스종점,218,신탄진역,0,0,0,0,0,0,0,0,0,0,0,0,0,0,0,0,0,0,0,0,0,0,0,0,
43,부강버스종점승차 - 부강버스종점,219,신탄진동,0,0,0,0,0,0,0,0,0,0,0,0,0,0,0,0,0,0,0,0,0,0,0,0,
43,부강버스종점승차 - 부강버스종점,220,용정초등학교,0,0,0,0,0,0,0,0,0,0,0,0,0,0,0,0,0,0,0,0,0,0,0,0,
43,부강버스종점승차 - 부강버스종점,221,보조댐,0,0,0,0,0,0,0,0,0,0,0,0,0,0,0,0,0,0,0,0,0,0,0,0,
43,부강버스종점승차 - 부강버스종점,222,노산리,0,0,0,0,0,0,0,0,0,0,0,0,0,0,0,0,0,0,0,0,0,0,0,0,
43,부강버스종점승차 - 부강버스종점,223,노산1리마을회관,0,0,0,0,0,0,0,0,0,0,0,0,0,0,0,0,0,0,0,0,0,0,0,0,
43,부강버스종점승차 - 부강버스종점,224,노산1리,0,0,0,0,0,0,0,0,0,0,0,0,0,0,0,0,0,0,0,0,0,0,0,0,
43,부강버스종점승차 - 부강버스종점,225,하석2리,0,0,0,0,0,0,0,0,0,0,0,0,0,0,0,0,0,0,0,0,0,0,0,0,
43,부강버스종점승차 - 부강버스종점,226,오가리,0,0,0,0,0,0,0,0,0,0,0,0,0,0,0,0,0,0,0,0,0,0,0,0,
43,부강버스종점승차 - 부강버스종점,227,현암사,0,0,0,0,0,0,0,0,0,0,0,0,0,0,0,0,0,0,0,0,0,0,0,0,
43,부강버스종점승차 - 부강버스종점,228,팔각정,0,0,0,0,0,0,0,0,0,0,0,0,0,0,0,0,0,0,0,0,0,0,0,0,
43,부강버스종점승차 - 부강버스종점,229,문의대교,0,0,0,0,0,0,0,0,0,0,0,0,0,0,0,0,0,0,0,0,0,0,0,0,
43,부강버스종점승차 - 부강버스종점,230,문의문화유산단지,0,0,0,0,0,0,0,0,0,0,0,0,0,0,0,0,0,0,0,0,0,0,0,0,
43,부강버스종점승차 - 부강버스종점,231,문의향교,0,0,0,0,0,0,0,0,0,0,0,0,0,0,0,0,0,0,0,0,0,0,0,0,
43,부강버스종점승차 - 부강버스종점,232,문의문화유산단지,0,0,0,0,0,0,0,0,0,0,0,0,0,0,0,0,0,0,0,0,0,0,0,0,
43,부강버스종점승차 - 부강버스종점,233,문의대교,0,0,0,0,0,0,0,0,0,0,0,0,0,0,0,0,0,0,0,0,0,0,0,0,
43,부강버스종점승차 - 부강버스종점,234,팔각정,0,0,0,0,0,0,0,0,0,0,0,0,0,0,0,0,0,0,0,0,0,0,0,0,
43,부강버스종점승차 - 부강버스종점,235,현암사,0,0,0,0,0,0,0,0,0,0,0,0,0,0,0,0,0,0,0,0,0,0,0,0,
43,부강버스종점승차 - 부강버스종점,236,오가리,0,0,0,0,0,0,0,0,0,0,0,0,0,0,0,0,0,0,0,0,0,0,0,0,
43,부강버스종점승차 - 부강버스종점,237,하석2리,0,0,0,0,0,0,0,0,0,0,0,0,0,0,0,0,0,0,0,0,0,0,0,0,
43,부강버스종점승차 - 부강버스종점,238,노산1리,0,0,0,0,0,0,0,0,0,0,0,0,0,0,0,0,0,0,0,0,0,0,0,0,
43,부강버스종점승차 - 부강버스종점,239,노산1리마을회관,0,0,0,0,0,0,0,0,0,0,0,0,0,0,0,0,0,0,0,0,0,0,0,0,
43,부강버스종점승차 - 부강버스종점,240,노산리,0,0,0,0,0,0,0,0,0,0,0,0,0,0,0,0,0,0,0,0,0,0,0,0,
43,부강버스종점승차 - 부강버스종점,241,보조댐,0,0,0,0,0,0,0,0,0,0,0,0,0,0,0,0,0,0,0,0,0,0,0,0,
43,부강버스종점승차 - 부강버스종점,242,용정초등학교,0,0,0,0,0,0,0,0,0,0,0,0,0,0,0,0,0,0,0,0,0,0,0,0,
43,부강버스종점승차 - 부강버스종점,243,신탄진동,0,0,0,0,0,0,0,0,0,0,0,0,0,0,0,0,0,0,0,0,0,0,0,0,
43,부강버스종점승차 - 부강버스종점,244,신탄진역,0,0,0,0,0,0,0,0,0,0,0,0,0,0,0,0,0,0,0,0,0,0,0,0,
43,부강버스종점승차 - 부강버스종점,245,신탄진종점,0,0,0,0,0,0,0,0,0,0,0,0,0,0,0,0,0,0,0,0,0,0,0,0,
43,부강버스종점승차 - 부강버스종점,246,신탄진역,0,0,0,0,0,0,0,0,0,0,0,0,0,0,0,0,0,0,0,0,0,0,0,0,
43,부강버스종점승차 - 부강버스종점,247,신탄진,0,0,0,0,0,0,0,0,0,0,0,0,0,0,0,0,0,0,0,0,0,0,0,0,
43,부강버스종점승차 - 부강버스종점,248,양지2리,0,0,0,0,0,0,0,0,0,0,0,0,0,0,0,0,0,0,0,0,0,0,0,0,
43,부강버스종점승차 - 부강버스종점,249,매봉리,0,0,0,0,0,0,0,0,0,0,0,0,0,0,0,0,0,0,0,0,0,0,0,0,
43,부강버스종점승차 - 부강버스종점,250,달계리,0,0,0,0,0,0,0,0,0,0,0,0,0,0,0,0,0,0,0,0,0,0,0,0,
43,부강버스종점승차 - 부강버스종점,251,현도면행정복지센터.선동리,0,0,0,0,0,0,0,0,0,0,0,0,0,0,0,0,0,0,0,0,0,0,0,0,
43,부강버스종점승차 - 부강버스종점,252,시목3리,0,0,0,0,0,0,0,0,0,0,0,0,0,0,0,0,0,0,0,0,0,0,0,0,
43,부강버스종점승차 - 부강버스종점,253,시목3리,0,0,0,0,0,0,0,0,0,0,0,0,0,0,0,0,0,0,0,0,0,0,0,0,
43,부강버스종점승차 - 부강버스종점,254,중삼리,0,0,0,0,0,0,0,0,0,0,0,0,0,0,0,0,0,0,0,0,0,0,0,0,
43,부강버스종점승차 - 부강버스종점,255,중삼리마을회관,0,0,0,0,0,0,0,0,0,0,0,0,0,0,0,0,0,0,0,0,0,0,0,0,
43,부강버스종점승차 - 부강버스종점,256,중삼리(천지산업),0,0,0,0,0,0,0,0,0,0,0,0,0,0,0,0,0,0,0,0,0,0,0,0,
43,부강버스종점승차 - 부강버스종점,257,상삼리공단입구,0,0,0,0,0,0,0,0,0,0,0,0,0,0,0,0,0,0,0,0,0,0,0,0,
43,부강버스종점승차 - 부강버스종점,258,상삼리(중산교),0,0,0,0,0,0,0,0,0,0,0,0,0,0,0,0,0,0,0,0,0,0,0,0,
43,부강버스종점승차 - 부강버스종점,259,꽃동네대학교,0,0,0,0,0,0,0,0,0,0,0,0,0,0,0,0,0,0,0,0,0,0,0,0,
43,부강버스종점승차 - 부강버스종점,260,상삼리마을회관,0,0,0,0,0,0,0,0,0,0,0,0,0,0,0,0,0,0,0,0,0,0,0,0,
43,부강버스종점승차 - 부강버스종점,261,상삼리,0,0,0,0,0,0,0,0,0,0,0,0,0,0,0,0,0,0,0,0,0,0,0,0,
43,부강버스종점승차 - 부강버스종점,262,상삼리,0,0,0,0,0,0,0,0,0,0,0,0,0,0,0,0,0,0,0,0,0,0,0,0,
43,부강버스종점승차 - 부강버스종점,263,듬배,0,0,0,0,0,0,0,0,0,0,0,0,0,0,0,0,0,0,0,0,0,0,0,0,
43,부강버스종점승차 - 부강버스종점,264,문곡2리,0,0,0,0,0,0,0,0,0,0,0,0,0,0,0,0,0,0,0,0,0,0,0,0,
43,부강버스종점승차 - 부강버스종점,265,문곡3리,0,0,0,0,0,0,0,0,0,0,0,0,0,0,0,0,0,0,0,0,0,0,0,0,
43,부강버스종점승차 - 부강버스종점,266,세종미래고등학교,0,0,0,0,0,0,0,0,0,0,0,0,0,0,0,0,0,0,0,0,0,0,0,0,
43,부강버스종점승차 - 부강버스종점,267,문곡1리,0,0,0,0,0,0,0,0,0,0,0,0,0,0,0,0,0,0,0,0,0,0,0,0,
43,부강버스종점승차 - 부강버스종점,268,부강성당,0,0,0,0,0,0,0,0,0,0,0,0,0,0,0,0,0,0,0,0,0,0,0,0,
43,부강버스종점승차 - 부강버스종점,269,부강2리,0,0,0,0,0,0,0,0,0,0,0,0,0,0,0,0,0,0,0,0,0,0,0,0,
43,부강버스종점승차 - 부강버스종점,270,부강초등학교,0,0,0,0,0,0,0,0,0,0,0,0,0,0,0,0,0,0,0,0,0,0,0,0,
43,부강버스종점승차 - 부강버스종점,271,부강버스종점승차,0,0,0,0,0,0,0,0,0,0,0,0,0,0,0,0,0,0,0,0,0,0,0,0,
43,부강버스종점승차 - 부강버스종점,272,부강초등학교,0,0,0,0,0,0,0,0,0,0,0,0,0,0,0,0,0,0,0,0,0,0,0,0,
43,부강버스종점승차 - 부강버스종점,273,부강2리,0,0,0,0,0,0,0,0,0,0,0,0,0,0,0,0,0,0,0,0,0,0,0,0,
43,부강버스종점승차 - 부강버스종점,274,부강성당,0,0,0,0,0,0,0,0,0,0,0,0,0,0,0,0,0,0,0,0,0,0,0,0,
43,부강버스종점승차 - 부강버스종점,275,문곡1리약수터,0,0,0,0,0,0,0,0,0,0,0,0,0,0,0,0,0,0,0,0,0,0,0,0,
43,부강버스종점승차 - 부강버스종점,276,세종미래고등학교,0,0,0,0,0,0,0,0,0,0,0,0,0,0,0,0,0,0,0,0,0,0,0,0,
43,부강버스종점승차 - 부강버스종점,277,문곡3리,0,0,0,0,0,0,0,0,0,0,0,0,0,0,0,0,0,0,0,0,0,0,0,0,
43,부강버스종점승차 - 부강버스종점,278,문곡2리,0,0,0,0,0,0,0,0,0,0,0,0,0,0,0,0,0,0,0,0,0,0,0,0,
43,부강버스종점승차 - 부강버스종점,279,듬배,0,0,0,0,0,0,0,0,0,0,0,0,0,0,0,0,0,0,0,0,0,0,0,0,
43,부강버스종점승차 - 부강버스종점,280,상삼리,0,0,0,0,0,0,0,0,0,0,0,0,0,0,0,0,0,0,0,0,0,0,0,0,
43,부강버스종점승차 - 부강버스종점,281,상삼리,0,0,0,0,0,0,0,0,0,0,0,0,0,0,0,0,0,0,0,0,0,0,0,0,
43,부강버스종점승차 - 부강버스종점,282,상삼리마을회관,0,0,0,0,0,0,0,0,0,0,0,0,0,0,0,0,0,0,0,0,0,0,0,0,
43,부강버스종점승차 - 부강버스종점,283,꽃동네대학교,0,0,0,0,0,0,0,0,0,0,0,0,0,0,0,0,0,0,0,0,0,0,0,0,
43,부강버스종점승차 - 부강버스종점,284,상삼리(중산교),0,0,0,0,0,0,0,0,0,0,0,0,0,0,0,0,0,0,0,0,0,0,0,0,
43,부강버스종점승차 - 부강버스종점,285,상삼리공단입구,0,0,0,0,0,0,0,0,0,0,0,0,0,0,0,0,0,0,0,0,0,0,0,0,
43,부강버스종점승차 - 부강버스종점,286,중삼리(천지산업),0,0,0,0,0,0,0,0,0,0,0,0,0,0,0,0,0,0,0,0,0,0,0,0,
43,부강버스종점승차 - 부강버스종점,287,중삼리마을회관,0,0,0,0,0,0,0,0,0,0,0,0,0,0,0,0,0,0,0,0,0,0,0,0,
43,부강버스종점승차 - 부강버스종점,288,중삼리(한두실),0,0,0,0,0,0,0,0,0,0,0,0,0,0,0,0,0,0,0,0,0,0,0,0,
43,부강버스종점승차 - 부강버스종점,289,중삼리입구,0,0,0,0,0,0,0,0,0,0,0,0,0,0,0,0,0,0,0,0,0,0,0,0,
43,부강버스종점승차 - 부강버스종점,290,시목3리,0,0,0,0,0,0,0,0,0,0,0,0,0,0,0,0,0,0,0,0,0,0,0,0,
43,부강버스종점승차 - 부강버스종점,291,시목3리,0,0,0,0,0,0,0,0,0,0,0,0,0,0,0,0,0,0,0,0,0,0,0,0,
43,부강버스종점승차 - 부강버스종점,292,시목리,0,0,0,0,0,0,0,0,0,0,0,0,0,0,0,0,0,0,0,0,0,0,0,0,
43,부강버스종점승차 - 부강버스종점,293,매봉,0,0,0,0,0,0,0,0,0,0,0,0,0,0,0,0,0,0,0,0,0,0,0,0,
43,부강버스종점승차 - 부강버스종점,294,매봉,0,0,0,0,0,0,0,0,0,0,0,0,0,0,0,0,0,0,0,0,0,0,0,0,
43,부강버스종점승차 - 부강버스종점,295,양지리,0,0,0,0,0,0,0,0,0,0,0,0,0,0,0,0,0,0,0,0,0,0,0,0,
43,부강버스종점승차 - 부강버스종점,296,신탄진,0,0,0,0,0,0,0,0,0,0,0,0,0,0,0,0,0,0,0,0,0,0,0,0,
43,부강버스종점승차 - 부강버스종점,297,신탄진역,0,0,0,0,0,0,0,0,0,0,0,0,0,0,0,0,0,0,0,0,0,0,0,0,
43,부강버스종점승차 - 부강버스종점,298,신탄진종점,0,0,0,0,0,0,0,0,0,0,0,0,0,0,0,0,0,0,0,0,0,0,0,0,
43,부강버스종점승차 - 부강버스종점,299,신탄진역,0,0,0,0,0,0,0,0,0,0,0,0,0,0,0,0,0,0,0,0,0,0,0,0,
43,부강버스종점승차 - 부강버스종점,300,신탄진,0,0,0,0,0,0,0,0,0,0,0,0,0,0,0,0,0,0,0,0,0,0,0,0,
43,부강버스종점승차 - 부강버스종점,301,양지2리,0,0,0,0,0,0,0,0,0,0,0,0,0,0,0,0,0,0,0,0,0,0,0,0,
43,부강버스종점승차 - 부강버스종점,302,매봉리,0,0,0,0,0,0,0,0,0,0,0,0,0,0,0,0,0,0,0,0,0,0,0,0,
43,부강버스종점승차 - 부강버스종점,303,달계리,0,0,0,0,0,0,0,0,0,0,0,0,0,0,0,0,0,0,0,0,0,0,0,0,
43,부강버스종점승차 - 부강버스종점,304,현도면행정복지센터.선동리,0,0,0,0,0,0,0,0,0,0,0,0,0,0,0,0,0,0,0,0,0,0,0,0,
43,부강버스종점승차 - 부강버스종점,305,시목3리,0,0,0,0,0,0,0,0,0,0,0,0,0,0,0,0,0,0,0,0,0,0,0,0,
43,부강버스종점승차 - 부강버스종점,306,시목3리,0,0,0,0,0,0,0,0,0,0,0,0,0,0,0,0,0,0,0,0,0,0,0,0,
43,부강버스종점승차 - 부강버스종점,307,중삼리,0,0,0,0,0,0,0,0,0,0,0,0,0,0,0,0,0,0,0,0,0,0,0,0,
43,부강버스종점승차 - 부강버스종점,308,중삼리마을회관,0,0,0,0,0,0,0,0,0,0,0,0,0,0,0,0,0,0,0,0,0,0,0,0,
43,부강버스종점승차 - 부강버스종점,309,중삼리(천지산업),0,0,0,0,0,0,0,0,0,0,0,0,0,0,0,0,0,0,0,0,0,0,0,0,
43,부강버스종점승차 - 부강버스종점,310,상삼리공단입구,0,0,0,0,0,0,0,0,0,0,0,0,0,0,0,0,0,0,0,0,0,0,0,0,
43,부강버스종점승차 - 부강버스종점,311,상삼리(중산교),0,0,0,0,0,0,0,0,0,0,0,0,0,0,0,0,0,0,0,0,0,0,0,0,
43,부강버스종점승차 - 부강버스종점,312,꽃동네대학교,0,0,0,0,0,0,0,0,0,0,0,0,0,0,0,0,0,0,0,0,0,0,0,0,
43,부강버스종점승차 - 부강버스종점,313,상삼리마을회관,0,0,0,0,0,0,0,0,0,0,0,0,0,0,0,0,0,0,0,0,0,0,0,0,
43,부강버스종점승차 - 부강버스종점,314,상삼리,0,0,0,0,0,0,0,0,0,0,0,0,0,0,0,0,0,0,0,0,0,0,0,0,
43,부강버스종점승차 - 부강버스종점,315,상삼리,0,0,0,0,0,0,0,0,0,0,0,0,0,0,0,0,0,0,0,0,0,0,0,0,
43,부강버스종점승차 - 부강버스종점,316,듬배,0,0,0,0,0,0,0,0,0,0,0,0,0,0,0,0,0,0,0,0,0,0,0,0,
43,부강버스종점승차 - 부강버스종점,317,문곡2리,0,0,0,0,0,0,0,0,0,0,0,0,0,0,0,0,0,0,0,0,0,0,0,0,
43,부강버스종점승차 - 부강버스종점,318,문곡3리,0,0,0,0,0,0,0,0,0,0,0,0,0,0,0,0,0,0,0,0,0,0,0,0,
43,부강버스종점승차 - 부강버스종점,319,세종미래고등학교,0,0,0,0,0,0,0,0,0,0,0,0,0,0,0,0,0,0,0,0,0,0,0,0,
43,부강버스종점승차 - 부강버스종점,320,문곡1리,0,0,0,0,0,0,0,0,0,0,0,0,0,0,0,0,0,0,0,0,0,0,0,0,
43,부강버스종점승차 - 부강버스종점,321,부강성당,0,0,0,0,0,0,0,0,0,0,0,0,0,0,0,0,0,0,0,0,0,0,0,0,
43,부강버스종점승차 - 부강버스종점,322,부강2리,0,0,0,0,0,0,0,0,0,0,0,0,0,0,0,0,0,0,0,0,0,0,0,0,
43,부강버스종점승차 - 부강버스종점,323,부강초등학교,0,0,0,0,0,0,0,0,0,0,0,0,0,0,0,0,0,0,0,0,0,0,0,0,
43,부강버스종점승차 - 부강버스종점,324,부강버스종점승차,0,0,0,0,0,0,0,0,0,0,0,0,0,0,0,0,0,0,0,0,0,0,0,0,
43,부강버스종점승차 - 부강버스종점,325,부강초등학교,0,0,0,0,0,0,0,0,0,0,0,0,0,0,0,0,0,0,0,0,0,0,0,0,
43,부강버스종점승차 - 부강버스종점,326,부강2리,0,0,0,0,0,0,0,0,0,0,0,0,0,0,0,0,0,0,0,0,0,0,0,0,
43,부강버스종점승차 - 부강버스종점,327,부강성당,0,0,0,0,0,0,0,0,0,0,0,0,0,0,0,0,0,0,0,0,0,0,0,0,
43,부강버스종점승차 - 부강버스종점,328,문곡1리약수터,0,0,0,0,0,0,0,0,0,0,0,0,0,0,0,0,0,0,0,0,0,0,0,0,
43,부강버스종점승차 - 부강버스종점,329,세종미래고등학교,0,0,0,0,0,0,0,0,0,0,0,0,0,0,0,0,0,0,0,0,0,0,0,0,
43,부강버스종점승차 - 부강버스종점,330,문곡3리,0,0,0,0,0,0,0,0,0,0,0,0,0,0,0,0,0,0,0,0,0,0,0,0,
43,부강버스종점승차 - 부강버스종점,331,문곡2리,0,0,0,0,0,0,0,0,0,0,0,0,0,0,0,0,0,0,0,0,0,0,0,0,
43,부강버스종점승차 - 부강버스종점,332,듬배,0,0,0,0,0,0,0,0,0,0,0,0,0,0,0,0,0,0,0,0,0,0,0,0,
43,부강버스종점승차 - 부강버스종점,333,상삼리,0,0,0,0,0,0,0,0,0,0,0,0,0,0,0,0,0,0,0,0,0,0,0,0,
43,부강버스종점승차 - 부강버스종점,334,상삼리,0,0,0,0,0,0,0,0,0,0,0,0,0,0,0,0,0,0,0,0,0,0,0,0,
43,부강버스종점승차 - 부강버스종점,335,상삼리마을회관,0,0,0,0,0,0,0,0,0,0,0,0,0,0,0,0,0,0,0,0,0,0,0,0,
43,부강버스종점승차 - 부강버스종점,336,꽃동네대학교,0,0,0,0,0,0,0,0,0,0,0,0,0,0,0,0,0,0,0,0,0,0,0,0,
43,부강버스종점승차 - 부강버스종점,337,상삼리(중산교),0,0,0,0,0,0,0,0,0,0,0,0,0,0,0,0,0,0,0,0,0,0,0,0,
43,부강버스종점승차 - 부강버스종점,338,상삼리공단입구,0,0,0,0,0,0,0,0,0,0,0,0,0,0,0,0,0,0,0,0,0,0,0,0,
43,부강버스종점승차 - 부강버스종점,339,중삼리(천지산업),0,0,0,0,0,0,0,0,0,0,0,0,0,0,0,0,0,0,0,0,0,0,0,0,
43,부강버스종점승차 - 부강버스종점,340,중삼리마을회관,0,0,0,0,0,0,0,0,0,0,0,0,0,0,0,0,0,0,0,0,0,0,0,0,
43,부강버스종점승차 - 부강버스종점,341,중삼리(한두실),0,0,0,0,0,0,0,0,0,0,0,0,0,0,0,0,0,0,0,0,0,0,0,0,
43,부강버스종점승차 - 부강버스종점,342,중삼리입구,0,0,0,0,0,0,0,0,0,0,0,0,0,0,0,0,0,0,0,0,0,0,0,0,
43,부강버스종점승차 - 부강버스종점,343,시목3리,0,0,0,0,0,0,0,0,0,0,0,0,0,0,0,0,0,0,0,0,0,0,0,0,
43,부강버스종점승차 - 부강버스종점,344,시목3리,0,0,0,0,0,0,0,0,0,0,0,0,0,0,0,0,0,0,0,0,0,0,0,0,
43,부강버스종점승차 - 부강버스종점,345,시목리,0,0,0,0,0,0,0,0,0,0,0,0,0,0,0,0,0,0,0,0,0,0,0,0,
43,부강버스종점승차 - 부강버스종점,346,매봉,0,0,0,0,0,0,0,0,0,0,0,0,0,0,0,0,0,0,0,0,0,0,0,0,
43,부강버스종점승차 - 부강버스종점,347,매봉,0,0,0,0,0,0,0,0,0,0,0,0,0,0,0,0,0,0,0,0,0,0,0,0,
43,부강버스종점승차 - 부강버스종점,348,양지리,0,0,0,0,0,0,0,0,0,0,0,0,0,0,0,0,0,0,0,0,0,0,0,0,
43,부강버스종점승차 - 부강버스종점,349,신탄진,0,0,0,0,0,0,0,0,0,0,0,0,0,0,0,0,0,0,0,0,0,0,0,0,
43,부강버스종점승차 - 부강버스종점,350,신탄진역,0,0,0,0,0,0,0,0,0,0,0,0,0,0,0,0,0,0,0,0,0,0,0,0,
43,부강버스종점승차 - 부강버스종점,351,신탄진종점,0,0,0,0,0,0,0,0,0,0,0,0,0,0,0,0,0,0,0,0,0,0,0,0,
43,부강버스종점승차 - 부강버스종점,352,신탄진역,0,0,0,0,0,0,0,0,0,0,0,0,0,0,0,0,0,0,0,0,0,0,0,0,
43,부강버스종점승차 - 부강버스종점,353,신탄진,0,0,0,0,0,0,0,0,0,0,0,0,0,0,0,0,0,0,0,0,0,0,0,0,
43,부강버스종점승차 - 부강버스종점,354,양지리(버래),0,0,0,0,0,0,0,0,0,0,0,0,0,0,0,0,0,0,0,0,0,0,0,0,
43,부강버스종점승차 - 부강버스종점,355,양지리굴다리,0,0,0,0,0,0,0,0,0,0,0,0,0,0,0,0,0,0,0,0,0,0,0,0,
43,부강버스종점승차 - 부강버스종점,356,양지마을회관,0,0,0,0,0,0,0,0,0,0,0,0,0,0,0,0,0,0,0,0,0,0,0,0,
43,부강버스종점승차 - 부강버스종점,357,양지1리,0,0,0,0,0,0,0,0,0,0,0,0,0,0,0,0,0,0,0,0,0,0,0,0,
43,부강버스종점승차 - 부강버스종점,358,중척3리,0,0,0,0,0,0,0,0,0,0,0,0,0,0,0,0,0,0,0,0,0,0,0,0,
43,부강버스종점승차 - 부강버스종점,359,중척3리(다박골),0,0,0,0,0,0,0,0,0,0,0,0,0,0,0,0,0,0,0,0,0,0,0,0,
43,부강버스종점승차 - 부강버스종점,360,중척2리,0,0,0,0,0,0,0,0,0,0,0,0,0,0,0,0,0,0,0,0,0,0,0,0,
43,부강버스종점승차 - 부강버스종점,361,중척2리종점,0,0,0,0,0,0,0,0,0,0,0,0,0,0,0,0,0,0,0,0,0,0,0,0,
43,부강버스종점승차 - 부강버스종점,362,중척1리(등기비),0,0,0,0,0,0,0,0,0,0,0,0,0,0,0,0,0,0,0,0,0,0,0,0,
43,부강버스종점승차 - 부강버스종점,363,중척1리(강정마을회관),0,0,0,0,0,0,0,0,0,0,0,0,0,0,0,0,0,0,0,0,0,0,0,0,
43,부강버스종점승차 - 부강버스종점,364,시목1리(연못골),0,0,0,0,0,0,0,0,0,0,0,0,0,0,0,0,0,0,0,0,0,0,0,0,
43,부강버스종점승차 - 부강버스종점,365,시목1리,0,0,0,0,0,0,0,0,0,0,0,0,0,0,0,0,0,0,0,0,0,0,0,0,
43,부강버스종점승차 - 부강버스종점,366,시목3리,0,0,0,0,0,0,0,0,0,0,0,0,0,0,0,0,0,0,0,0,0,0,0,0,
43,부강버스종점승차 - 부강버스종점,367,중삼리,0,0,0,0,0,0,0,0,0,0,0,0,0,0,0,0,0,0,0,0,0,0,0,0,
43,부강버스종점승차 - 부강버스종점,368,중삼리마을회관,0,0,0,0,0,0,0,0,0,0,0,0,0,0,0,0,0,0,0,0,0,0,0,0,
43,부강버스종점승차 - 부강버스종점,369,중삼리(천지산업),0,0,0,0,0,0,0,0,0,0,0,0,0,0,0,0,0,0,0,0,0,0,0,0,
43,부강버스종점승차 - 부강버스종점,370,상삼리공단입구,0,0,0,0,0,0,0,0,0,0,0,0,0,0,0,0,0,0,0,0,0,0,0,0,
43,부강버스종점승차 - 부강버스종점,371,상삼리(중산교),0,0,0,0,0,0,0,0,0,0,0,0,0,0,0,0,0,0,0,0,0,0,0,0,
43,부강버스종점승차 - 부강버스종점,372,꽃동네대학교,0,0,0,0,0,0,0,0,0,0,0,0,0,0,0,0,0,0,0,0,0,0,0,0,
43,부강버스종점승차 - 부강버스종점,373,상삼리마을회관,0,0,0,0,0,0,0,0,0,0,0,0,0,0,0,0,0,0,0,0,0,0,0,0,
43,부강버스종점승차 - 부강버스종점,374,상삼리,0,0,0,0,0,0,0,0,0,0,0,0,0,0,0,0,0,0,0,0,0,0,0,0,
43,부강버스종점승차 - 부강버스종점,375,상삼리,0,0,0,0,0,0,0,0,0,0,0,0,0,0,0,0,0,0,0,0,0,0,0,0,
43,부강버스종점승차 - 부강버스종점,376,듬배,0,0,0,0,0,0,0,0,0,0,0,0,0,0,0,0,0,0,0,0,0,0,0,0,
43,부강버스종점승차 - 부강버스종점,377,문곡2리,0,0,0,0,0,0,0,0,0,0,0,0,0,0,0,0,0,0,0,0,0,0,0,0,
43,부강버스종점승차 - 부강버스종점,378,문곡3리,0,0,0,0,0,0,0,0,0,0,0,0,0,0,0,0,0,0,0,0,0,0,0,0,
43,부강버스종점승차 - 부강버스종점,379,세종미래고등학교,0,0,0,0,0,0,0,0,0,0,0,0,0,0,0,0,0,0,0,0,0,0,0,0,
43,부강버스종점승차 - 부강버스종점,380,문곡1리,0,0,0,0,0,0,0,0,0,0,0,0,0,0,0,0,0,0,0,0,0,0,0,0,
43,부강버스종점승차 - 부강버스종점,381,부강성당,0,0,0,0,0,0,0,0,0,0,0,0,0,0,0,0,0,0,0,0,0,0,0,0,
43,부강버스종점승차 - 부강버스종점,382,부강2리,0,0,0,0,0,0,0,0,0,0,0,0,0,0,0,0,0,0,0,0,0,0,0,0,
43,부강버스종점승차 - 부강버스종점,383,부강초등학교,0,0,0,0,0,0,0,0,0,0,0,0,0,0,0,0,0,0,0,0,0,0,0,0,
43,부강버스종점승차 - 부강버스종점,384,부강버스종점,0,0,0,0,0,0,0,0,0,0,0,0,0,0,0,0,0,0,0,0,0,0,0,0,
43,서남부터미널기점 - 서남부터미널종점,1,서남부터미널기점,0,0,0,0,0,0,0,0,0,0,0,0,0,0,0,0,0,0,0,0,0,0,0,0,
43,서남부터미널기점 - 서남부터미널종점,2,도마시장,0,0,0,0,1,0,0,0,0,3,0,0,0,0,0,0,0,0,0,0,0,0,0,0,
43,서남부터미널기점 - 서남부터미널종점,3,도마네거리,0,0,0,0,1,0,0,0,0,3,0,0,0,0,0,0,0,0,0,0,0,0,0,0,
43,서남부터미널기점 - 서남부터미널종점,4,도마삼거리,0,0,0,0,0,0,0,0,0,0,0,0,0,0,0,1,0,0,0,0,0,0,0,0,
43,서남부터미널기점 - 서남부터미널종점,5,서부소방서,0,0,0,0,2,0,0,0,0,0,0,0,0,0,0,0,0,0,0,0,0,0,0,0,
43,서남부터미널기점 - 서남부터미널종점,6,정림동,0,0,0,0,3,0,0,0,0,0,0,0,3,0,0,0,0,0,0,0,0,0,0,0,
43,서남부터미널기점 - 서남부터미널종점,7,가수원교,0,0,0,0,0,0,0,0,0,0,0,0,0,0,0,0,0,0,0,0,0,0,0,0,
43,서남부터미널기점 - 서남부터미널종점,8,가수원육교.가수원시장,0,0,0,0,4,0,0,0,0,3,0,0,0,0,0,0,0,0,0,0,0,0,0,0,
43,서남부터미널기점 - 서남부터미널종점,9,동방고등학교,0,0,0,0,4,0,0,0,0,3,0,0,0,0,0,0,0,0,0,0,0,0,0,0,
43,서남부터미널기점 - 서남부터미널종점,10,건양대병원네거리,0,0,0,0,5,0,0,0,0,2,0,0,0,0,0,0,0,0,0,0,0,0,0,0,
43,서남부터미널기점 - 서남부터미널종점,11,관저지하차도,0,0,0,0,5,0,0,0,0,2,0,0,0,0,0,0,0,0,0,0,0,0,0,0,
43,서남부터미널기점 - 서남부터미널종점,12,관저네거리,0,0,0,0,4,0,0,0,0,0,0,0,0,0,0,0,0,0,0,0,0,0,0,0,
43,서남부터미널기점 - 서남부터미널종점,13,신선마을아파트,0,0,0,0,5,0,0,0,0,3,0,0,0,0,0,0,0,0,0,0,0,0,0,0,
43,서남부터미널기점 - 서남부터미널종점,14,롯데마트서대전점,0,0,0,0,3,0,0,0,0,2,0,0,0,0,0,0,0,0,0,0,0,0,0,0,
43,서남부터미널기점 - 서남부터미널종점,15,샘물타운아파트,0,0,0,0,2,0,0,0,0,1,0,0,0,0,0,0,0,0,0,0,0,0,0,0,
43,서남부터미널기점 - 서남부터미널종점,16,원내네거리,0,0,0,0,3,0,0,2,0,0,0,0,0,0,0,0,0,0,0,0,0,0,0,0,
43,서남부터미널기점 - 서남부터미널종점,17,원내동,0,0,0,0,3,0,0,2,0,0,0,0,0,0,0,0,0,0,0,0,0,0,0,0,
43,서남부터미널기점 - 서남부터미널종점,18,진잠중학교,0,0,0,0,3,0,0,2,0,0,0,0,0,0,0,0,0,0,0,0,0,0,0,0,
43,서남부터미널기점 - 서남부터미널종점,19,서대전IC,0,0,0,0,3,0,0,2,0,0,0,0,0,0,0,0,0,0,0,0,0,0,0,0,
43,서남부터미널기점 - 서남부터미널종점,20,방동저수지,0,0,0,0,0,0,0,0,0,0,0,0,0,0,0,0,0,0,0,0,0,0,0,0,
43,서남부터미널기점 - 서남부터미널종점,21,방동4통,0,0,0,0,0,0,0,0,0,0,0,0,0,0,0,0,0,0,0,0,0,0,0,0,
43,서남부터미널기점 - 서남부터미널종점,22,방동3통,0,0,0,0,2,0,0,0,0,0,0,0,0,0,0,0,0,0,0,0,0,0,0,0,
43,서남부터미널기점 - 서남부터미널종점,23,삿갓집,0,0,0,0,2,0,0,0,0,0,0,0,0,0,0,0,0,0,0,0,0,0,0,0,
43,서남부터미널기점 - 서남부터미널종점,24,알로에농장,0,0,0,0,2,0,0,0,0,0,0,0,0,0,0,0,0,0,0,0,0,0,0,0,
43,서남부터미널기점 - 서남부터미널종점,25,계룡과선교,0,0,0,0,2,0,0,0,0,0,0,0,0,0,0,0,0,0,0,0,0,0,0,0,
43,서남부터미널기점 - 서남부터미널종점,26,왕대고개,0,0,0,0,2,0,0,0,0,0,0,0,0,0,0,0,0,0,0,0,0,0,0,0,
43,서남부터미널기점 - 서남부터미널종점,27,왕대1구,0,0,0,0,1,0,0,0,0,0,0,0,0,0,0,0,0,0,0,0,0,0,0,0,
43,서남부터미널기점 - 서남부터미널종점,28,왕대2리입구,0,0,0,0,1,0,0,0,0,0,0,0,0,0,0,0,0,0,0,0,0,0,0,0,
43,서남부터미널기점 - 서남부터미널종점,29,길산스틸,0,0,0,0,1,0,0,0,0,0,0,0,0,0,0,0,0,0,0,0,0,0,0,0,
43,서남부터미널기점 - 서남부터미널종점,30,아워홈,0,0,0,0,1,0,0,0,0,0,0,0,0,0,0,0,0,0,0,0,0,0,0,0,
43,서남부터미널기점 - 서남부터미널종점,31,세화주택,0,0,0,0,1,0,0,0,0,0,0,0,0,0,0,0,0,0,0,0,0,0,0,0,
43,서남부터미널기점 - 서남부터미널종점,32,선바위,0,0,0,0,1,0,0,0,0,0,0,0,0,0,0,0,0,0,0,0,0,0,0,0,
43,서남부터미널기점 - 서남부터미널종점,33,재실,0,0,0,0,1,0,0,0,0,0,0,0,0,0,0,0,0,0,0,0,0,0,0,0,
43,서남부터미널기점 - 서남부터미널종점,34,입암리마을회관,0,0,0,0,0,0,0,0,0,0,0,0,0,0,0,0,0,0,0,0,0,0,0,0,
43,서남부터미널기점 - 서남부터미널종점,35,새터,0,0,0,0,0,0,0,0,0,0,0,0,0,0,0,0,0,0,0,0,0,0,0,0,
43,서남부터미널기점 - 서남부터미널종점,36,입암리수변공원종점,0,0,0,0,0,0,0,0,0,0,0,0,0,0,0,0,0,0,0,0,0,0,0,0,
43,서남부터미널기점 - 서남부터미널종점,37,새터,0,0,0,0,0,0,0,0,0,0,0,0,0,0,0,0,0,0,0,0,0,0,0,0,
43,서남부터미널기점 - 서남부터미널종점,38,입암리마을회관,0,0,0,0,0,0,0,0,0,0,0,0,0,0,0,0,0,0,0,0,0,0,0,0,
43,서남부터미널기점 - 서남부터미널종점,39,재실,0,0,0,0,0,0,0,0,0,0,0,0,0,0,0,0,0,0,0,0,0,0,0,0,
43,서남부터미널기점 - 서남부터미널종점,40,선바위,0,0,0,0,0,0,0,0,0,0,0,0,0,0,0,0,0,0,0,0,0,0,0,0,
43,서남부터미널기점 - 서남부터미널종점,41,세화주택,0,0,0,0,0,0,0,0,0,0,0,0,0,0,0,0,0,0,0,0,0,0,0,0,
43,서남부터미널기점 - 서남부터미널종점,42,아워홈,0,0,0,0,0,0,0,0,0,0,0,0,0,0,0,0,0,0,0,0,0,0,0,0,
43,서남부터미널기점 - 서남부터미널종점,43,길산스틸,0,0,0,0,0,0,0,0,0,0,0,0,0,2,0,0,0,0,0,0,0,0,0,0,
43,서남부터미널기점 - 서남부터미널종점,44,왕대2리입구,0,0,0,0,0,0,0,0,0,0,0,0,0,2,0,0,0,0,0,0,0,0,0,0,
43,서남부터미널기점 - 서남부터미널종점,45,왕대1구,0,0,0,0,0,0,0,0,0,0,0,0,0,2,0,0,0,0,0,0,0,0,0,0,
43,서남부터미널기점 - 서남부터미널종점,46,왕대고개,0,0,0,0,0,0,0,0,0,0,0,0,0,0,0,0,1,0,0,0,0,0,0,0,
43,서남부터미널기점 - 서남부터미널종점,47,계룡과선교,0,0,0,0,0,0,0,0,0,0,0,0,0,0,0,0,1,0,0,0,0,0,0,0,
43,서남부터미널기점 - 서남부터미널종점,48,알로에농장,0,0,0,0,0,0,0,0,0,0,0,0,0,0,0,0,1,0,0,0,0,0,0,0,
43,서남부터미널기점 - 서남부터미널종점,49,삿갓집,0,0,0,0,0,0,0,0,0,0,0,0,0,0,0,0,1,0,0,0,0,0,0,0,
43,서남부터미널기점 - 서남부터미널종점,50,방동3통,0,0,0,0,0,0,0,0,0,0,1,0,0,0,0,0,0,0,0,0,0,0,0,0,
43,서남부터미널기점 - 서남부터미널종점,51,엉고개,0,0,0,0,0,0,0,0,0,0,1,0,0,0,0,0,0,0,0,0,0,0,0,0,
43,서남부터미널기점 - 서남부터미널종점,52,방동4통,0,0,0,0,0,0,0,0,0,0,1,0,0,0,0,0,0,0,0,0,0,0,0,0,
43,서남부터미널기점 - 서남부터미널종점,53,방동대교,0,0,0,0,0,1,0,0,0,0,0,0,0,0,0,0,0,0,0,0,0,0,0,0,
43,서남부터미널기점 - 서남부터미널종점,54,서대전IC,0,0,0,0,0,1,0,0,0,0,0,0,0,0,0,0,0,0,0,0,0,0,0,0,
43,서남부터미널기점 - 서남부터미널종점,55,진잠중학교,0,0,0,0,0,2,0,0,0,0,0,0,0,0,0,0,0,0,0,0,0,0,0,0,
43,서남부터미널기점 - 서남부터미널종점,56,원내동,0,0,0,0,0,2,0,0,0,0,0,0,0,0,0,0,0,0,0,0,0,0,0,0,
43,서남부터미널기점 - 서남부터미널종점,57,원내네거리,0,0,0,0,0,0,0,0,2,0,0,0,0,0,0,0,1,0,0,0,0,0,0,0,
43,서남부터미널기점 - 서남부터미널종점,58,샘물타운아파트,0,0,0,0,0,0,0,0,0,0,0,3,0,0,0,0,0,0,0,0,0,0,0,0,
43,서남부터미널기점 - 서남부터미널종점,59,구봉마을5단지,0,0,0,0,0,0,0,0,4,0,0,0,0,0,0,0,0,0,0,0,0,0,0,0,
43,서남부터미널기점 - 서남부터미널종점,60,신선마을아파트,0,0,0,0,0,0,0,0,4,0,0,0,0,0,0,0,0,0,0,0,0,0,0,0,
43,서남부터미널기점 - 서남부터미널종점,61,관저네거리,0,0,0,0,0,0,0,0,3,0,0,0,0,3,0,0,0,0,0,0,0,0,0,0,
43,서남부터미널기점 - 서남부터미널종점,62,건양대병원네거리,0,0,0,0,0,0,0,0,7,0,0,0,0,0,0,0,0,0,0,0,0,0,0,0,
43,서남부터미널기점 - 서남부터미널종점,63,동방고등학교,0,0,0,0,0,1,0,0,6,0,0,0,0,0,0,0,0,0,0,0,0,0,0,0,
43,서남부터미널기점 - 서남부터미널종점,64,가수원육교.가수원시장,0,0,0,0,0,2,0,0,5,0,0,3,0,2,0,0,0,0,0,0,0,0,0,0,
43,서남부터미널기점 - 서남부터미널종점,65,가수원네거리,0,0,0,0,0,0,0,0,6,0,0,0,0,0,0,0,0,0,0,0,0,0,0,0,
43,서남부터미널기점 - 서남부터미널종점,66,정림삼거리,0,0,0,0,0,2,0,0,0,0,0,0,0,0,0,0,0,0,0,0,0,0,0,0,
43,서남부터미널기점 - 서남부터미널종점,67,정림동,0,0,0,0,0,2,0,0,0,0,0,0,0,0,0,0,0,0,0,0,0,0,0,0,
43,서남부터미널기점 - 서남부터미널종점,68,서부소방서,0,0,0,0,0,0,0,0,0,0,0,2,0,0,0,0,0,0,0,0,0,0,0,0,
43,서남부터미널기점 - 서남부터미널종점,69,도마삼거리,0,0,0,0,0,1,0,0,5,0,0,0,0,0,0,0,0,0,0,0,0,0,0,0,
43,서남부터미널기점 - 서남부터미널종점,70,도마e편한세상아파트,0,0,0,0,0,0,0,0,1,0,0,0,0,0,0,0,0,0,0,0,0,0,0,0,
43,서남부터미널기점 - 서남부터미널종점,71,도마시장,0,0,0,0,0,0,0,0,0,0,0,0,0,0,0,0,0,0,0,0,0,0,0,0,
43,서남부터미널기점 - 서남부터미널종점,72,버드내아파트,0,0,0,0,0,0,0,0,0,0,0,0,0,0,0,0,0,0,0,0,0,0,0,0,
43,서남부터미널기점 - 서남부터미널종점,73,서부종합시장,0,0,0,0,0,0,0,0,0,0,0,0,0,0,0,0,0,0,0,0,0,0,0,0,
43,서남부터미널기점 - 서남부터미널종점,74,서남부터미널,0,0,0,0,0,0,0,0,0,0,0,0,0,0,0,0,0,0,0,0,0,0,0,0,
43,서남부터미널기점 - 서남부터미널종점,75,서남부터미널종점,0,0,0,0,0,0,0,0,0,0,0,0,0,0,0,0,0,0,0,0,0,0,0,0,
45,건양대병원 - 건양대병원,1,건양대병원,0,0,0,0,0,0,1,0,0,0,0,0,2,0,0,0,1,0,0,0,0,0,0,0,
45,건양대병원 - 건양대병원,2,원앙1.2단지,0,0,0,0,1,0,2,0,0,0,0,0,0,0,0,0,0,0,0,0,0,0,0,0,
45,건양대병원 - 건양대병원,3,대자연아파트,0,0,0,0,0,0,3,0,0,0,0,0,0,0,0,0,0,0,0,0,0,0,0,0,
45,건양대병원 - 건양대병원,4,원앙4단지,0,0,0,0,0,0,0,0,0,0,1,0,0,0,0,0,0,0,0,0,0,0,0,0,
45,건양대병원 - 건양대병원,5,건양대병원네거리,0,0,0,0,2,0,0,0,0,0,0,0,0,0,0,0,0,1,0,0,0,0,0,0,
45,건양대병원 - 건양대병원,6,느리울12단지,0,0,0,0,0,0,0,0,0,0,0,0,0,0,0,0,0,0,0,0,0,0,0,0,
45,건양대병원 - 건양대병원,7,느리울13단지,0,0,0,0,0,0,2,0,0,0,0,0,0,0,0,0,0,0,0,0,0,0,0,0,
45,건양대병원 - 건양대병원,8,선암초교네거리,0,0,1,0,0,0,0,0,0,0,0,0,0,0,0,0,3,0,0,0,0,0,0,0,
45,건양대병원 - 건양대병원,9,구봉마을8단지,0,0,0,0,3,0,0,0,0,0,0,0,0,0,0,0,0,0,0,0,0,0,0,0,
45,건양대병원 - 건양대병원,10,금동초등학교,0,0,0,0,3,0,0,0,0,0,0,0,0,0,0,0,0,0,0,0,0,0,0,0,
45,건양대병원 - 건양대병원,11,진잠네거리,0,0,0,0,3,0,0,0,0,0,0,0,0,0,0,0,0,0,0,0,0,0,0,0,
45,건양대병원 - 건양대병원,12,샘물타운아파트,0,0,0,0,0,0,0,0,0,0,2,0,0,0,0,0,2,0,0,0,0,0,0,0,
45,건양대병원 - 건양대병원,13,원내네거리,0,0,0,0,0,0,4,0,0,0,3,1,0,0,1,0,0,0,0,0,0,0,0,0,
45,건양대병원 - 건양대병원,14,원내동,0,0,0,0,0,0,4,0,0,0,3,1,0,0,1,0,0,0,0,0,0,0,0,0,
45,건양대병원 - 건양대병원,15,진잠중학교,0,0,0,0,0,0,4,0,0,0,3,1,0,0,1,0,0,0,0,0,0,0,0,0,
45,건양대병원 - 건양대병원,16,서대전IC,0,0,1,0,0,0,0,0,0,0,0,0,0,0,0,2,3,0,0,0,0,0,0,0,
45,건양대병원 - 건양대병원,17,방동저수지,0,0,0,0,2,0,0,0,0,0,0,0,2,0,0,0,0,0,0,0,0,0,0,0,
45,건양대병원 - 건양대병원,18,방동4통,0,0,0,0,2,0,0,0,0,0,0,0,2,0,0,0,0,0,0,0,0,0,0,0,
45,건양대병원 - 건양대병원,19,방동3통,0,0,0,0,0,0,0,0,0,0,2,0,0,0,0,0,0,0,0,0,0,0,0,0,
45,건양대병원 - 건양대병원,20,삿갓집,0,0,0,0,0,0,0,0,0,0,2,0,0,0,0,0,0,0,0,0,0,0,0,0,
45,건양대병원 - 건양대병원,21,알로에농장,0,0,0,0,0,0,0,0,0,0,2,0,0,0,0,0,0,0,0,0,0,0,0,0,
45,건양대병원 - 건양대병원,22,계룡과선교,0,0,0,0,0,0,0,0,0,0,2,0,0,0,0,0,0,0,0,0,0,0,0,0,
45,건양대병원 - 건양대병원,23,왕대고개,0,0,0,0,0,0,0,0,1,0,0,0,0,0,0,0,0,0,0,0,0,0,0,0,
45,건양대병원 - 건양대병원,24,국민체육센터,0,0,0,0,0,0,0,0,1,0,0,0,0,0,0,0,0,0,0,0,0,0,0,0,
45,건양대병원 - 건양대병원,25,두마면사무소,0,0,0,0,0,0,0,0,3,0,3,0,0,0,0,0,2,0,0,0,0,0,0,0,
45,건양대병원 - 건양대병원,26,두마초등학교,0,0,0,0,0,0,0,0,4,0,4,0,3,0,0,0,1,0,0,0,0,0,0,0,
45,건양대병원 - 건양대병원,27,이편한세상아파트,0,0,0,0,0,0,6,0,0,0,0,0,0,0,0,0,0,0,0,0,0,0,0,0,
45,건양대병원 - 건양대병원,28,계룡역,0,0,0,0,0,0,5,0,5,0,7,0,0,0,0,0,0,0,0,0,0,0,0,0,
45,건양대병원 - 건양대병원,29,홈플러스계룡점,0,0,0,0,0,0,0,0,0,0,6,0,0,0,0,0,0,0,0,0,0,0,0,0,
45,건양대병원 - 건양대병원,30,노인종합복지관,0,0,0,0,0,0,0,0,0,0,0,0,0,0,0,1,0,0,0,0,0,0,0,0,
45,건양대병원 - 건양대병원,31,금암주공아파트,0,0,0,0,0,0,0,0,4,0,0,0,0,0,0,0,0,0,0,0,0,0,0,0,
45,건양대병원 - 건양대병원,32,쉐리움오피스텔,0,0,0,0,0,0,0,0,0,0,4,0,2,0,0,0,2,0,0,0,0,0,0,0,
45,건양대병원 - 건양대병원,33,계룡시보건소,0,0,0,0,0,0,7,0,0,0,3,0,3,0,0,0,0,0,2,0,0,0,0,0,
45,건양대병원 - 건양대병원,34,계룡시청,0,0,0,0,1,0,0,0,5,0,0,0,0,0,0,1,0,0,0,0,0,0,0,0,
45,건양대병원 - 건양대병원,35,금암삼거리,0,0,0,0,0,0,0,0,0,0,0,0,0,0,0,0,0,0,0,0,0,0,0,0,
45,건양대병원 - 건양대병원,36,금암2통,0,0,0,0,0,0,0,0,0,0,0,4,0,0,0,0,0,0,0,0,0,0,0,0,
45,건양대병원 - 건양대병원,37,천마사,0,0,0,0,0,0,0,0,0,0,0,4,0,0,0,0,0,0,0,0,0,0,0,0,
45,건양대병원 - 건양대병원,38,양정,0,0,0,0,0,0,0,0,0,0,0,3,1,0,0,0,0,0,0,0,0,0,0,0,
45,건양대병원 - 건양대병원,39,삼진아파트,0,0,0,0,0,0,0,0,5,0,0,0,1,0,0,0,0,0,0,0,0,0,0,0,
45,건양대병원 - 건양대병원,40,성원아파트,0,0,1,0,0,0,5,0,2,0,0,1,2,0,0,0,1,0,0,0,0,0,0,0,
45,건양대병원 - 건양대병원,41,엄사면사무소,0,0,0,0,0,0,5,0,1,0,0,0,1,0,0,2,2,0,1,0,0,0,0,0,
45,건양대병원 - 건양대병원,42,엄사1리,0,0,0,0,0,0,4,0,0,0,0,0,0,0,0,0,0,0,0,0,0,0,0,0,
45,건양대병원 - 건양대병원,43,파라디아아파트,0,0,0,0,0,0,3,0,0,0,0,0,0,0,0,0,0,0,0,0,0,0,0,0,
45,건양대병원 - 건양대병원,44,다울터마을,0,0,0,0,0,0,3,0,0,0,0,0,0,0,0,0,0,0,0,0,0,0,0,0,
45,건양대병원 - 건양대병원,45,유동2리,0,0,0,0,0,0,0,0,0,0,0,0,0,0,0,0,0,0,0,0,0,0,0,0,
45,건양대병원 - 건양대병원,46,원통골,0,0,0,0,0,0,0,0,0,0,0,0,0,0,0,0,0,0,0,0,0,0,0,0,
45,건양대병원 - 건양대병원,47,종합사회복지관,0,0,0,0,0,0,0,0,0,0,0,0,0,0,0,0,0,0,0,0,0,0,0,0,
45,건양대병원 - 건양대병원,48,계룡예술의전당,0,0,0,0,0,0,0,0,0,0,0,0,0,0,0,0,0,0,0,0,0,0,0,0,
45,건양대병원 - 건양대병원,49,계룡시민체육관,0,0,0,0,0,0,0,0,0,0,0,0,0,0,0,0,0,0,0,0,0,0,0,0,
45,건양대병원 - 건양대병원,50,합판리,0,0,0,0,0,0,0,0,0,0,0,0,0,0,0,0,0,0,0,0,0,0,0,0,
45,건양대병원 - 건양대병원,51,광석리,0,0,0,0,0,0,0,0,0,0,0,0,0,0,0,0,0,0,0,0,0,0,0,0,
45,건양대병원 - 건양대병원,52,광석낚시터,0,0,0,0,0,0,0,0,0,0,0,0,0,0,0,0,0,0,0,0,0,0,0,0,
45,건양대병원 - 건양대병원,53,소라실,0,0,0,0,0,0,0,0,0,0,0,0,0,0,0,0,0,0,0,0,0,0,0,0,
45,건양대병원 - 건양대병원,54,향한리용기말,0,0,0,0,0,0,0,0,0,0,0,0,0,0,0,0,0,0,0,0,0,0,0,0,
45,건양대병원 - 건양대병원,55,향한리마을회관,0,0,0,0,0,0,0,1,0,0,0,0,0,0,0,0,1,0,0,0,0,0,0,0,
45,건양대병원 - 건양대병원,56,향적산입구,0,0,0,0,0,0,0,0,0,0,0,0,0,0,0,0,0,0,0,0,0,0,0,0,
45,건양대병원 - 건양대병원,57,장자동,0,0,0,0,0,0,0,0,0,0,0,0,0,0,0,0,0,0,0,0,0,0,0,0,
45,건양대병원 - 건양대병원,58,도곡2교,0,0,0,0,0,0,0,0,0,0,0,0,0,0,0,0,0,0,0,0,0,0,0,0,
45,건양대병원 - 건양대병원,59,도곡1리마을회관,0,0,0,0,0,0,0,0,0,0,0,0,0,0,0,0,0,0,0,0,0,0,0,0,
45,건양대병원 - 건양대병원,60,도곡2리,0,0,0,0,0,1,0,0,0,0,0,1,0,0,0,0,0,0,0,0,0,0,0,0,
45,건양대병원 - 건양대병원,61,도곡1리마을회관,0,0,0,0,0,1,0,0,0,0,0,1,0,0,0,0,0,0,0,0,0,0,0,0,
45,건양대병원 - 건양대병원,62,도곡2교,0,0,0,0,0,1,0,0,0,0,0,1,0,0,0,0,0,0,0,0,0,0,0,0,
45,건양대병원 - 건양대병원,63,장자동,0,0,0,0,0,0,0,0,0,0,0,0,0,0,0,0,1,0,0,0,0,0,0,0,
45,건양대병원 - 건양대병원,64,향적산입구,0,0,0,0,0,0,0,0,0,0,0,2,0,0,0,0,0,0,0,0,0,0,0,0,
45,건양대병원 - 건양대병원,65,향한리마을회관,0,0,0,0,0,0,0,1,0,0,0,3,0,2,0,0,0,0,0,0,0,0,0,0,
45,건양대병원 - 건양대병원,66,향한리용기말,0,0,0,0,0,0,0,0,0,0,0,0,0,3,0,0,0,0,0,0,0,0,0,0,
45,건양대병원 - 건양대병원,67,소라실,0,0,0,0,0,0,0,0,0,0,0,0,0,3,0,0,0,0,0,0,0,0,0,0,
45,건양대병원 - 건양대병원,68,광석낚시터,0,0,0,0,0,0,0,0,0,0,0,0,0,3,0,0,0,0,0,0,0,0,0,0,
45,건양대병원 - 건양대병원,69,광석리,0,0,0,1,0,0,0,0,0,0,0,0,0,0,0,0,0,0,0,0,0,0,0,0,
45,건양대병원 - 건양대병원,70,합판리,0,0,0,1,0,0,0,0,0,0,0,0,0,0,0,0,0,0,0,0,0,0,0,0,
45,건양대병원 - 건양대병원,71,계룡시민체육관,0,0,0,1,0,0,0,0,0,0,0,0,0,0,0,0,0,0,0,0,0,0,0,0,
45,건양대병원 - 건양대병원,72,계룡예술의전당,0,0,0,1,0,0,0,0,0,0,0,0,0,0,0,0,0,0,0,0,0,0,0,0,
45,건양대병원 - 건양대병원,73,종합사회복지관,0,0,0,0,0,0,0,0,0,0,0,0,4,0,0,0,0,0,0,0,0,0,0,0,
45,건양대병원 - 건양대병원,74,원통골,0,0,0,0,0,0,0,0,0,0,0,0,4,0,0,0,0,0,0,0,0,0,0,0,
45,건양대병원 - 건양대병원,75,유동2리,0,0,0,0,0,0,0,0,0,0,0,0,4,0,0,0,0,0,0,0,0,0,0,0,
45,건양대병원 - 건양대병원,76,다울터마을,0,0,0,0,0,0,0,0,0,0,0,0,4,0,0,0,0,0,0,0,0,0,0,0,
45,건양대병원 - 건양대병원,77,파라디아아파트,0,0,0,3,0,6,0,2,0,2,0,0,0,0,0,0,0,0,0,0,0,0,0,0,
45,건양대병원 - 건양대병원,78,엄사1리,0,0,0,0,4,0,0,1,0,0,0,0,0,0,0,0,0,0,0,0,0,0,0,0,
45,건양대병원 - 건양대병원,79,엄사면사무소,0,0,0,0,5,5,0,0,0,0,0,0,3,4,0,0,0,0,0,0,0,0,0,0,
45,건양대병원 - 건양대병원,80,두산아파트,0,0,0,0,0,0,8,3,0,0,1,0,3,6,0,0,0,0,0,0,0,0,0,0,
45,건양대병원 - 건양대병원,81,삼진아파트,0,0,0,0,0,0,11,0,0,0,3,0,0,5,0,0,0,1,0,0,0,0,0,0,
45,건양대병원 - 건양대병원,82,양정,0,0,0,0,0,0,12,0,0,0,0,0,0,6,0,0,0,0,0,0,0,0,0,0,
45,건양대병원 - 건양대병원,83,천마사,0,0,0,0,0,0,12,0,0,0,0,0,0,6,0,0,0,0,0,0,0,0,0,0,
45,건양대병원 - 건양대병원,84,금암2통,0,0,0,0,0,0,0,0,0,0,4,0,0,0,0,0,0,0,0,0,0,0,0,0,
45,건양대병원 - 건양대병원,85,금암삼거리,0,0,0,0,0,0,0,0,0,0,4,0,0,0,0,0,0,0,0,0,0,0,0,0,
45,건양대병원 - 건양대병원,86,계룡시청,0,0,0,0,0,0,10,0,0,0,0,0,0,5,0,0,0,0,0,0,0,0,0,0,
45,건양대병원 - 건양대병원,87,계룡시보건소,0,0,0,0,0,0,10,0,4,0,3,0,4,0,0,0,0,0,3,0,0,0,0,0,
45,건양대병원 - 건양대병원,88,쉐리움오피스텔,0,0,0,0,0,0,7,0,2,0,0,0,0,0,0,0,0,0,0,0,0,0,0,0,
45,건양대병원 - 건양대병원,89,금암주공아파트,0,0,0,0,0,0,6,0,0,0,2,0,0,0,0,0,1,0,2,0,0,0,0,0,
45,건양대병원 - 건양대병원,90,노인종합복지관,0,0,0,0,0,0,6,0,0,0,2,0,0,0,0,0,1,0,2,0,0,0,0,0,
45,건양대병원 - 건양대병원,91,홈플러스계룡점,0,0,0,0,0,0,7,0,0,0,0,0,0,6,0,0,2,0,4,0,0,0,0,0,
45,건양대병원 - 건양대병원,92,신계룡변전소,0,0,0,0,0,0,7,0,0,0,0,0,0,6,0,0,2,0,4,0,0,0,0,0,
45,건양대병원 - 건양대병원,93,계룡역,0,0,0,0,5,0,6,0,0,0,0,0,5,8,0,0,0,0,0,0,0,0,0,0,
45,건양대병원 - 건양대병원,94,두마초등학교,0,0,0,0,0,0,0,0,0,0,0,0,0,0,0,0,1,0,3,0,0,0,0,0,
45,건양대병원 - 건양대병원,95,두마면사무소,0,0,0,0,0,0,0,0,0,0,0,0,0,0,0,0,1,0,3,0,0,0,0,0,
45,건양대병원 - 건양대병원,96,국민체육센터,0,0,0,0,0,0,0,0,0,0,1,0,0,0,0,0,0,0,0,0,0,0,0,0,
45,건양대병원 - 건양대병원,97,왕대고개,0,0,0,0,0,0,0,0,0,0,1,0,0,0,0,0,0,0,0,0,0,0,0,0,
45,건양대병원 - 건양대병원,98,계룡과선교,0,0,0,0,0,0,0,0,0,0,1,0,0,0,0,0,0,0,0,0,0,0,0,0,
45,건양대병원 - 건양대병원,99,알로에농장,0,0,0,0,0,0,0,0,0,0,1,0,0,0,0,0,0,0,0,0,0,0,0,0,
45,건양대병원 - 건양대병원,100,삿갓집,0,0,0,0,0,0,0,0,0,0,1,0,0,0,0,0,0,0,0,0,0,0,0,0,
45,건양대병원 - 건양대병원,101,방동3통,0,0,0,0,0,0,0,0,0,0,1,0,0,0,0,0,0,0,0,0,0,0,0,0,
45,건양대병원 - 건양대병원,102,엉고개,0,0,0,0,0,0,0,0,0,0,1,0,0,0,0,0,0,0,0,0,0,0,0,0,
45,건양대병원 - 건양대병원,103,방동4통,0,0,0,0,0,0,0,0,0,0,1,0,0,0,0,0,0,0,0,0,0,0,0,0,
45,건양대병원 - 건양대병원,104,방동대교,0,0,0,0,0,0,0,0,3,0,0,0,0,0,0,0,0,0,0,0,0,0,0,0,
45,건양대병원 - 건양대병원,105,서대전IC,0,0,0,0,0,0,5,0,0,0,0,0,3,0,0,0,0,0,0,0,0,0,0,0,
45,건양대병원 - 건양대병원,106,진잠중학교,0,0,0,0,0,0,0,0,0,0,0,0,0,0,0,0,0,0,2,0,0,0,0,0,
45,건양대병원 - 건양대병원,107,원내동,0,0,0,0,0,0,0,0,0,0,0,0,2,0,5,0,0,0,0,0,0,0,0,0,
45,건양대병원 - 건양대병원,108,원내네거리,0,0,0,0,2,0,3,0,0,0,0,0,1,0,4,0,0,0,1,0,0,0,0,0,
45,건양대병원 - 건양대병원,109,샘물타운아파트,0,0,0,0,0,0,1,0,0,0,0,0,0,0,0,0,0,0,0,0,0,0,0,0,
45,건양대병원 - 건양대병원,110,진잠네거리,0,0,0,0,0,0,0,0,0,0,0,0,0,0,0,0,0,0,0,0,0,0,0,0,
45,건양대병원 - 건양대병원,111,구봉마을7단지,0,0,0,0,0,0,0,0,2,0,0,0,0,0,0,0,0,0,0,0,0,0,0,0,
45,건양대병원 - 건양대병원,112,구봉마을9단지,0,0,0,0,1,0,0,0,1,0,0,0,0,0,2,0,0,0,0,0,0,0,0,0,
45,건양대병원 - 건양대병원,113,선암초교네거리,0,0,0,0,0,0,0,0,0,0,0,0,0,0,0,0,0,0,0,0,0,0,0,0,
45,건양대병원 - 건양대병원,114,느리울13단지,0,0,0,0,0,0,0,0,0,0,0,0,0,0,0,0,0,0,0,0,0,0,0,0,
45,건양대병원 - 건양대병원,115,느리울12단지,0,0,0,0,0,0,0,0,0,0,0,0,0,0,0,0,0,0,0,0,0,0,0,0,
45,건양대병원 - 건양대병원,116,건양대병원,0,0,0,0,0,0,0,0,0,0,0,0,0,0,0,0,0,0,0,0,0,0,0,0,
46,서남부터미널기점 - 서남부터미널종점,1,서남부터미널기점,0,0,0,0,0,0,0,0,0,0,2,0,0,0,0,0,0,0,0,0,0,0,0,0,
46,서남부터미널기점 - 서남부터미널종점,2,도마시장,0,0,1,2,1,0,0,0,0,1,0,0,2,0,1,0,0,0,0,0,0,0,0,0,
46,서남부터미널기점 - 서남부터미널종점,3,도마네거리,0,0,0,0,0,0,1,0,0,0,0,0,0,0,0,0,1,0,1,0,0,0,0,0,
46,서남부터미널기점 - 서남부터미널종점,4,도마삼거리,0,0,1,4,3,1,0,0,0,0,0,0,4,0,0,0,0,0,0,0,0,0,0,0,
46,서남부터미널기점 - 서남부터미널종점,5,서부소방서,0,0,0,0,5,0,0,0,0,0,0,0,0,0,0,0,0,0,0,0,0,0,0,0,
46,서남부터미널기점 - 서남부터미널종점,6,정림동,0,0,3,0,0,0,3,0,0,0,0,0,1,0,2,0,0,0,0,0,0,0,0,0,
46,서남부터미널기점 - 서남부터미널종점,7,가수원교,0,0,3,0,0,0,3,0,0,0,0,0,1,0,2,0,0,0,0,0,0,0,0,0,
46,서남부터미널기점 - 서남부터미널종점,8,가수원육교.가수원시장,0,0,0,4,7,2,4,1,0,2,3,0,3,0,4,0,1,2,1,0,0,0,0,0,
46,서남부터미널기점 - 서남부터미널종점,9,동방고등학교,0,0,0,0,0,0,0,2,0,3,0,0,0,0,3,0,0,0,0,0,0,0,0,0,
46,서남부터미널기점 - 서남부터미널종점,10,건양대병원네거리,0,0,0,5,0,3,6,0,0,4,0,0,3,0,0,0,0,1,0,0,0,0,0,0,
46,서남부터미널기점 - 서남부터미널종점,11,관저지하차도,0,0,0,3,8,0,0,0,0,5,0,0,1,0,5,0,0,0,0,0,0,0,0,0,
46,서남부터미널기점 - 서남부터미널종점,12,관저네거리,0,0,0,0,0,2,0,0,0,6,0,0,2,0,0,1,0,0,0,0,0,0,0,0,
46,서남부터미널기점 - 서남부터미널종점,13,신선마을아파트,0,0,2,4,0,0,5,0,0,5,4,0,0,0,0,0,0,0,2,0,0,0,0,0,
46,서남부터미널기점 - 서남부터미널종점,14,롯데마트서대전점,0,0,0,0,9,0,0,0,3,5,0,0,0,0,2,0,0,0,0,0,0,0,0,0,
46,서남부터미널기점 - 서남부터미널종점,15,샘물타운아파트,0,0,0,0,0,0,0,0,0,6,3,0,3,0,3,0,0,4,0,0,0,0,0,0,
46,서남부터미널기점 - 서남부터미널종점,16,원내네거리,0,0,0,6,11,1,0,1,0,4,0,0,0,0,0,0,0,0,0,0,0,0,0,0,
46,서남부터미널기점 - 서남부터미널종점,17,원내동,0,0,0,6,11,1,0,1,0,4,0,0,0,0,0,0,0,0,0,0,0,0,0,0,
46,서남부터미널기점 - 서남부터미널종점,18,진잠중학교,0,0,0,0,0,2,0,0,0,3,0,0,0,0,3,0,0,3,0,0,0,0,0,0,
46,서남부터미널기점 - 서남부터미널종점,19,서대전IC,0,0,0,0,0,0,0,0,0,4,0,0,3,0,0,0,0,4,0,0,0,0,0,0,
46,서남부터미널기점 - 서남부터미널종점,20,방동저수지,0,0,0,0,0,0,0,0,0,3,0,0,0,0,0,0,0,0,0,0,0,0,0,0,
46,서남부터미널기점 - 서남부터미널종점,21,방동4통,0,0,0,0,5,0,0,0,0,0,0,0,0,0,0,0,0,0,0,0,0,0,0,0,
46,서남부터미널기점 - 서남부터미널종점,22,방동3통,0,0,0,5,0,10,0,0,0,2,0,0,0,0,0,0,0,0,0,0,0,0,0,0,
46,서남부터미널기점 - 서남부터미널종점,23,삿갓집,0,0,0,5,0,10,0,0,0,2,0,0,0,0,0,0,0,0,0,0,0,0,0,0,
46,서남부터미널기점 - 서남부터미널종점,24,알로에농장,0,0,0,0,0,0,4,0,0,0,0,0,0,0,0,0,0,0,0,0,0,0,0,0,
46,서남부터미널기점 - 서남부터미널종점,25,계룡과선교,0,0,1,0,0,0,0,0,0,1,0,0,0,0,0,0,0,0,0,0,0,0,0,0,
46,서남부터미널기점 - 서남부터미널종점,26,방동1통,0,0,0,0,0,9,0,0,0,0,0,0,0,0,0,0,0,0,0,0,0,0,0,0,
46,서남부터미널기점 - 서남부터미널종점,27,방동길,0,0,0,4,4,0,0,0,0,0,0,0,0,0,0,0,0,0,0,0,0,0,0,0,
46,서남부터미널기점 - 서남부터미널종점,28,송정2통,0,0,0,0,0,1,0,0,0,0,0,0,0,0,0,0,0,0,0,0,0,0,0,0,
46,서남부터미널기점 - 서남부터미널종점,29,송정1통,0,0,0,3,0,2,3,0,0,0,0,0,0,0,0,0,0,3,0,0,0,0,0,0,
46,서남부터미널기점 - 서남부터미널종점,30,엄사리,0,0,0,2,0,8,0,0,2,0,0,0,1,1,0,2,0,0,0,0,0,0,0,0,
46,서남부터미널기점 - 서남부터미널종점,31,계룡대제2문,0,0,0,0,0,1,0,0,0,0,1,0,0,0,0,1,0,0,0,0,0,0,0,0,
46,서남부터미널기점 - 서남부터미널종점,32,신도안면사무소,0,0,0,0,0,1,0,0,0,0,1,0,0,0,0,1,0,0,0,0,0,0,0,0,
46,서남부터미널기점 - 서남부터미널종점,33,계룡대쇼핑센터,0,0,0,0,0,0,0,0,0,0,0,0,0,0,0,0,0,0,0,0,0,0,0,0,
46,서남부터미널기점 - 서남부터미널종점,34,용남고등학교,0,0,0,0,0,0,0,0,0,0,0,0,0,0,0,0,0,0,0,0,0,0,0,0,
46,서남부터미널기점 - 서남부터미널종점,35,한배미뜰,0,0,0,0,0,0,0,0,0,0,0,0,0,0,0,0,0,0,0,0,0,0,0,0,
46,서남부터미널기점 - 서남부터미널종점,36,안골입구,0,0,0,0,0,0,0,0,0,0,0,0,0,0,0,0,0,0,0,0,0,0,0,0,
46,서남부터미널기점 - 서남부터미널종점,37,송정소징이,0,0,0,0,0,0,0,0,0,0,0,0,0,0,0,0,0,0,0,0,0,0,0,0,
46,서남부터미널기점 - 서남부터미널종점,38,송정소징이,0,0,0,0,0,0,0,0,0,0,0,0,0,0,0,0,0,0,0,0,0,0,0,0,
46,서남부터미널기점 - 서남부터미널종점,39,송정소징이,0,0,0,0,0,0,0,0,0,0,0,0,0,0,0,0,0,0,0,0,0,0,0,0,
46,서남부터미널기점 - 서남부터미널종점,40,안골입구,0,0,0,0,0,0,0,0,1,0,0,0,0,0,0,0,0,0,0,0,0,0,0,0,
46,서남부터미널기점 - 서남부터미널종점,41,한배미뜰,0,0,0,0,0,0,0,0,1,0,0,0,0,0,0,0,0,0,0,0,0,0,0,0,
46,서남부터미널기점 - 서남부터미널종점,42,용남고등학교,0,0,0,0,0,0,2,0,0,0,0,0,0,0,0,0,0,1,0,0,0,0,0,0,
46,서남부터미널기점 - 서남부터미널종점,43,계룡대아파트,0,0,0,0,1,0,0,0,0,0,0,0,0,1,0,0,0,0,0,0,0,0,0,0,
46,서남부터미널기점 - 서남부터미널종점,44,신도안면사무소,0,0,1,2,3,0,0,0,0,0,0,0,0,2,0,0,0,0,0,0,0,0,0,0,
46,서남부터미널기점 - 서남부터미널종점,45,무궁화동산,0,0,0,0,0,0,0,0,3,0,0,0,0,3,0,0,0,0,0,0,0,0,0,0,
46,서남부터미널기점 - 서남부터미널종점,46,엄사리,0,0,2,3,4,3,3,1,5,0,3,1,0,7,3,0,0,0,0,0,0,0,0,0,
46,서남부터미널기점 - 서남부터미널종점,47,송정1통,0,0,2,3,4,3,3,1,5,0,3,1,0,7,3,0,0,0,0,0,0,0,0,0,
46,서남부터미널기점 - 서남부터미널종점,48,송정2통,0,0,0,0,0,0,0,0,0,0,0,0,0,2,0,0,0,0,0,0,0,0,0,0,
46,서남부터미널기점 - 서남부터미널종점,49,방동길,0,0,3,0,0,0,0,0,0,0,4,0,0,0,0,0,0,0,0,0,0,0,0,0,
46,서남부터미널기점 - 서남부터미널종점,50,방동1통,0,0,2,0,0,0,0,0,0,0,0,0,0,0,0,0,0,0,0,0,0,0,0,0,
46,서남부터미널기점 - 서남부터미널종점,51,계룡과선교,0,0,0,0,0,0,0,0,7,1,0,0,0,0,0,0,0,0,0,0,0,0,0,0,
46,서남부터미널기점 - 서남부터미널종점,52,알로에농장,0,0,0,0,0,0,0,0,7,1,0,0,0,0,0,0,0,0,0,0,0,0,0,0,
46,서남부터미널기점 - 서남부터미널종점,53,삿갓집,0,0,0,0,0,0,0,0,7,1,0,0,0,0,0,0,0,0,0,0,0,0,0,0,
46,서남부터미널기점 - 서남부터미널종점,54,방동3통,0,0,0,0,0,0,0,0,0,0,0,2,0,0,0,0,0,0,0,0,0,0,0,0,
46,서남부터미널기점 - 서남부터미널종점,55,엉고개,0,0,0,0,0,0,0,0,0,0,0,2,0,0,0,0,0,0,0,0,0,0,0,0,
46,서남부터미널기점 - 서남부터미널종점,56,방동4통,0,0,0,0,0,0,0,0,0,0,0,2,0,0,0,0,0,0,0,0,0,0,0,0,
46,서남부터미널기점 - 서남부터미널종점,57,방동대교,0,0,0,0,0,0,0,0,8,0,0,3,0,0,0,0,0,0,0,0,0,0,0,0,
46,서남부터미널기점 - 서남부터미널종점,58,서대전IC,0,0,0,0,1,0,2,0,0,0,0,0,0,0,0,0,0,0,0,0,0,0,0,0,
46,서남부터미널기점 - 서남부터미널종점,59,진잠중학교,0,0,0,0,0,3,0,0,0,0,0,0,0,0,0,0,0,0,0,0,0,0,0,0,
46,서남부터미널기점 - 서남부터미널종점,60,원내동,0,0,0,0,0,0,0,0,0,0,0,0,0,0,0,0,0,0,0,0,0,0,0,0,
46,서남부터미널기점 - 서남부터미널종점,61,원내네거리,0,0,0,4,0,4,5,0,0,6,3,3,0,0,6,3,0,0,0,0,0,0,0,0,
46,서남부터미널기점 - 서남부터미널종점,62,샘물타운아파트,0,0,0,0,0,0,3,0,0,0,2,4,0,0,0,0,0,0,0,0,0,0,0,0,
46,서남부터미널기점 - 서남부터미널종점,63,구봉마을5단지,0,0,0,0,0,0,3,0,0,0,0,0,0,0,0,0,0,0,0,0,0,0,0,0,
46,서남부터미널기점 - 서남부터미널종점,64,신선마을아파트,0,0,0,0,0,3,0,0,0,7,0,0,0,0,0,0,0,0,0,0,0,0,0,0,
46,서남부터미널기점 - 서남부터미널종점,65,관저네거리,0,0,0,2,0,0,2,0,0,6,0,4,0,5,5,2,0,0,0,0,0,0,0,0,
46,서남부터미널기점 - 서남부터미널종점,66,건양대병원네거리,0,0,0,0,0,0,2,0,0,6,0,0,0,0,3,0,0,0,1,0,0,0,0,0,
46,서남부터미널기점 - 서남부터미널종점,67,동방고등학교,0,0,1,1,0,0,1,0,0,5,0,0,0,0,4,0,0,0,2,0,0,0,0,0,
46,서남부터미널기점 - 서남부터미널종점,68,가수원육교.가수원시장,0,0,0,0,0,2,0,0,0,6,0,0,0,5,3,2,0,0,1,0,0,0,0,0,
46,서남부터미널기점 - 서남부터미널종점,69,가수원네거리,0,0,0,0,0,1,0,0,0,0,0,0,0,0,0,0,0,0,0,0,0,0,0,0,
46,서남부터미널기점 - 서남부터미널종점,70,정림삼거리,0,0,0,0,0,0,0,0,0,0,0,0,3,4,2,0,1,0,0,0,0,0,0,0,
46,서남부터미널기점 - 서남부터미널종점,71,정림동,0,0,0,0,0,0,0,0,0,5,1,0,0,4,0,0,0,0,0,0,0,0,0,0,
46,서남부터미널기점 - 서남부터미널종점,72,서부소방서,0,0,0,0,0,0,0,0,0,3,0,0,0,3,0,0,0,0,0,0,0,0,0,0,
46,서남부터미널기점 - 서남부터미널종점,73,도마삼거리,0,0,0,0,0,0,0,0,0,2,0,0,2,2,0,0,0,0,0,0,0,0,0,0,
46,서남부터미널기점 - 서남부터미널종점,74,도마e편한세상아파트,0,0,0,0,0,0,0,1,0,0,0,0,1,0,0,0,1,0,0,0,0,0,0,0,
46,서남부터미널기점 - 서남부터미널종점,75,도마시장,0,0,0,0,0,0,0,0,0,0,0,0,0,1,0,0,0,0,0,0,0,0,0,0,
46,서남부터미널기점 - 서남부터미널종점,76,버드내아파트,0,0,0,0,0,0,0,0,0,0,0,0,0,1,0,0,0,0,0,0,0,0,0,0,
46,서남부터미널기점 - 서남부터미널종점,77,서부종합시장,0,0,0,0,0,0,0,0,0,0,0,0,0,0,0,0,0,0,0,0,0,0,0,0,
46,서남부터미널기점 - 서남부터미널종점,78,서남부터미널,0,0,0,0,0,0,0,0,0,0,0,0,0,0,0,0,0,0,0,0,0,0,0,0,
46,서남부터미널기점 - 서남부터미널종점,79,서남부터미널종점,0,0,0,0,0,0,0,0,0,0,0,0,0,0,0,0,0,0,0,0,0,0,0,0,
47,건양대병원 - 건양대병원,1,건양대병원,0,0,0,0,0,0,0,0,0,0,0,0,0,0,0,0,0,0,0,0,0,0,0,0,
47,건양대병원 - 건양대병원,2,원앙1.2단지,0,0,0,0,0,0,0,0,0,0,0,0,0,0,0,0,0,0,0,0,0,0,0,0,
47,건양대병원 - 건양대병원,3,대자연아파트,0,0,0,0,0,0,0,0,0,0,0,0,0,0,0,0,0,0,0,0,0,0,0,0,
47,건양대병원 - 건양대병원,4,원앙4단지,0,0,0,0,0,0,0,0,0,0,0,0,0,0,0,0,0,0,0,0,0,0,0,0,
47,건양대병원 - 건양대병원,5,건양대병원네거리,0,0,0,0,0,0,0,0,0,0,0,0,0,0,0,0,0,0,0,0,0,0,0,0,
47,건양대병원 - 건양대병원,6,느리울12단지,0,0,0,0,0,0,0,0,0,0,0,0,0,0,0,0,0,0,0,0,0,0,0,0,
47,건양대병원 - 건양대병원,7,느리울13단지,0,0,0,0,0,0,0,0,0,0,0,0,0,0,0,0,0,0,0,0,0,0,0,0,
47,건양대병원 - 건양대병원,8,선암초교네거리,0,0,0,0,0,0,0,0,0,0,0,0,0,0,0,0,0,0,0,0,0,0,0,0,
47,건양대병원 - 건양대병원,9,구봉마을8단지,0,0,0,0,0,0,0,0,0,0,0,0,0,0,0,0,0,0,0,0,0,0,0,0,
47,건양대병원 - 건양대병원,10,금동초등학교,0,0,0,0,0,0,0,0,0,0,0,0,0,0,0,0,0,0,0,0,0,0,0,0,
47,건양대병원 - 건양대병원,11,진잠네거리,0,0,0,0,0,0,0,0,0,0,0,0,0,0,0,0,0,0,0,0,0,0,0,0,
47,건양대병원 - 건양대병원,12,샘물타운아파트,0,0,0,0,0,0,0,0,0,0,0,0,0,0,0,0,0,0,0,0,0,0,0,0,
47,건양대병원 - 건양대병원,13,원내네거리,0,0,0,0,0,0,0,0,0,0,0,0,0,0,0,0,0,0,0,0,0,0,0,0,
47,건양대병원 - 건양대병원,14,원내동,0,0,0,0,0,0,0,0,0,0,0,0,0,0,0,0,0,0,0,0,0,0,0,0,
47,건양대병원 - 건양대병원,15,진잠중학교,0,0,0,0,0,0,0,0,0,0,0,0,0,0,0,0,0,0,0,0,0,0,0,0,
47,건양대병원 - 건양대병원,16,서대전IC,0,0,0,0,0,0,0,0,0,0,0,0,0,0,0,0,0,0,0,0,0,0,0,0,
47,건양대병원 - 건양대병원,17,방동저수지,0,0,0,0,0,0,0,0,0,0,0,0,0,0,0,0,0,0,0,0,0,0,0,0,
47,건양대병원 - 건양대병원,18,방동4통,0,0,0,0,0,0,0,0,0,0,0,0,0,0,0,0,0,0,0,0,0,0,0,0,
47,건양대병원 - 건양대병원,19,방동3통,0,0,0,0,0,0,0,0,0,0,0,0,0,0,0,0,0,0,0,0,0,0,0,0,
47,건양대병원 - 건양대병원,20,삿갓집,0,0,0,0,0,0,0,0,0,0,0,0,0,0,0,0,0,0,0,0,0,0,0,0,
47,건양대병원 - 건양대병원,21,알로에농장,0,0,0,0,0,0,0,0,0,0,0,0,0,0,0,0,0,0,0,0,0,0,0,0,
47,건양대병원 - 건양대병원,22,계룡과선교,0,0,0,0,0,0,0,0,0,0,0,0,0,0,0,0,0,0,0,0,0,0,0,0,
47,건양대병원 - 건양대병원,23,왕대고개,0,0,0,0,0,0,0,0,0,0,0,0,0,0,0,0,0,0,0,0,0,0,0,0,
47,건양대병원 - 건양대병원,24,국민체육센터,0,0,0,0,0,0,0,0,0,0,0,0,0,0,0,0,0,0,0,0,0,0,0,0,
47,건양대병원 - 건양대병원,25,두마면사무소,0,0,0,0,0,0,0,0,0,0,0,0,0,0,0,0,0,0,0,0,0,0,0,0,
47,건양대병원 - 건양대병원,26,두마초등학교,0,0,0,0,0,0,0,0,0,0,0,0,0,0,0,0,0,0,0,0,0,0,0,0,
47,건양대병원 - 건양대병원,27,이편한세상아파트,0,0,0,0,0,0,0,0,0,0,0,0,0,0,0,0,0,0,0,0,0,0,0,0,
47,건양대병원 - 건양대병원,28,계룡역,0,0,0,0,0,0,0,0,0,0,0,0,0,0,0,0,0,0,0,0,0,0,0,0,
47,건양대병원 - 건양대병원,29,홈플러스계룡점,0,0,0,0,0,0,0,0,0,0,0,0,0,0,0,0,0,0,0,0,0,0,0,0,
47,건양대병원 - 건양대병원,30,노인종합복지관,0,0,0,0,0,0,0,0,0,0,0,0,0,0,0,0,0,0,0,0,0,0,0,0,
47,건양대병원 - 건양대병원,31,금암주공아파트,0,0,0,0,0,0,0,0,0,0,0,0,0,0,0,0,0,0,0,0,0,0,0,0,
47,건양대병원 - 건양대병원,32,쉐리움오피스텔,0,0,0,0,0,0,0,0,0,0,0,0,0,0,0,0,0,0,0,0,0,0,0,0,
47,건양대병원 - 건양대병원,33,계룡시보건소,0,0,0,0,0,0,0,0,0,0,0,0,0,0,0,0,0,0,0,0,0,0,0,0,
47,건양대병원 - 건양대병원,34,계룡시청,0,0,0,0,0,0,0,0,0,0,0,0,0,0,0,0,0,0,0,0,0,0,0,0,
47,건양대병원 - 건양대병원,35,MG새마을금고,0,0,0,0,0,0,0,0,0,0,0,0,0,0,0,0,0,0,0,0,0,0,0,0,
47,건양대병원 - 건양대병원,36,신성2차아파트,0,0,0,0,0,0,0,0,0,0,0,0,0,0,0,0,0,0,0,0,0,0,0,0,
47,건양대병원 - 건양대병원,37,진들,0,0,0,0,0,0,0,0,0,0,0,0,0,0,0,0,0,0,0,0,0,0,0,0,
47,건양대병원 - 건양대병원,38,계룡대실LH4단지아파트,0,0,0,0,0,0,0,0,0,0,0,0,0,0,0,0,0,0,0,0,0,0,0,0,
47,건양대병원 - 건양대병원,39,계룡대실초등학교,0,0,0,0,0,0,0,0,0,0,0,0,0,0,0,0,0,0,0,0,0,0,0,0,
47,건양대병원 - 건양대병원,40,하대실,0,0,0,0,0,0,0,0,0,0,0,0,0,0,0,0,0,0,0,0,0,0,0,0,
47,건양대병원 - 건양대병원,41,농소리마을회관,0,0,0,0,0,0,0,0,0,0,0,0,0,0,0,0,0,0,0,0,0,0,0,0,
47,건양대병원 - 건양대병원,42,구억말,0,0,0,0,0,0,0,0,0,0,0,0,0,0,0,0,0,0,0,0,0,0,0,0,
47,건양대병원 - 건양대병원,43,옷샘약수터,0,0,0,0,0,0,0,0,0,0,0,0,0,0,0,0,0,0,0,0,0,0,0,0,
47,건양대병원 - 건양대병원,44,농소리종점,0,0,0,0,0,0,0,0,0,0,0,0,0,0,0,0,0,0,0,0,0,0,0,0,
47,건양대병원 - 건양대병원,45,옷샘약수터,0,0,0,0,0,0,0,0,0,0,0,0,0,0,0,0,0,0,0,0,0,0,0,0,
47,건양대병원 - 건양대병원,46,구억말,0,0,0,0,0,0,0,0,0,0,0,0,0,0,0,0,0,0,0,0,0,0,0,0,
47,건양대병원 - 건양대병원,47,농소리마을회관,0,0,0,0,0,0,0,0,0,0,0,0,0,0,0,0,0,0,0,0,0,0,0,0,
47,건양대병원 - 건양대병원,48,하대실,0,0,0,0,0,0,0,0,0,0,0,0,0,0,0,0,0,0,0,0,0,0,0,0,
47,건양대병원 - 건양대병원,49,계룡대실초등학교,0,0,0,0,0,0,0,0,0,0,0,0,0,0,0,0,0,0,0,0,0,0,0,0,
47,건양대병원 - 건양대병원,50,계룡자이아파트,0,0,0,0,0,0,0,0,0,0,0,0,0,0,0,0,0,0,0,0,0,0,0,0,
47,건양대병원 - 건양대병원,51,진들,0,0,0,0,0,0,0,0,0,0,0,0,0,0,0,0,0,0,0,0,0,0,0,0,
47,건양대병원 - 건양대병원,52,신성2차아파트,0,0,0,0,0,0,0,0,0,0,0,0,0,0,0,0,0,0,0,0,0,0,0,0,
47,건양대병원 - 건양대병원,53,MG새마을금고,0,0,0,0,0,0,0,0,0,0,0,0,0,0,0,0,0,0,0,0,0,0,0,0,
47,건양대병원 - 건양대병원,54,계룡시청,0,0,0,0,0,0,0,0,0,0,0,0,0,0,0,0,0,2,0,0,0,0,0,0,
47,건양대병원 - 건양대병원,55,계룡시보건소,0,0,0,0,0,0,0,0,0,0,0,0,0,0,0,0,0,2,0,0,0,0,0,0,
47,건양대병원 - 건양대병원,56,쉐리움오피스텔,0,0,0,0,0,0,0,0,0,0,0,0,0,0,0,0,0,2,0,0,0,0,0,0,
47,건양대병원 - 건양대병원,57,금암주공아파트,0,0,0,0,0,0,0,0,0,0,0,0,0,0,0,0,0,2,0,0,0,0,0,0,
47,건양대병원 - 건양대병원,58,노인종합복지관,0,0,0,0,0,0,0,0,0,0,0,0,0,0,0,0,0,2,0,0,0,0,0,0,
47,건양대병원 - 건양대병원,59,홈플러스계룡점,0,0,0,0,0,0,0,0,0,0,0,0,0,0,0,0,0,3,0,0,0,0,0,0,
47,건양대병원 - 건양대병원,60,신계룡변전소,0,0,0,0,0,0,0,0,0,0,0,0,0,0,0,0,0,3,0,0,0,0,0,0,
47,건양대병원 - 건양대병원,61,계룡역,0,0,0,0,0,0,0,0,0,0,0,0,0,0,0,0,0,3,0,0,0,0,0,0,
47,건양대병원 - 건양대병원,62,두마초등학교,0,0,0,0,0,0,0,0,0,0,0,0,0,0,0,0,0,3,0,0,0,0,0,0,
47,건양대병원 - 건양대병원,63,두마면사무소,0,0,0,0,0,0,0,0,0,0,0,0,0,0,0,0,0,3,0,0,0,0,0,0,
47,건양대병원 - 건양대병원,64,국민체육센터,0,0,0,0,0,0,0,0,0,0,0,0,0,0,0,0,0,3,0,0,0,0,0,0,
47,건양대병원 - 건양대병원,65,왕대고개,0,0,0,0,0,0,0,0,0,0,0,0,0,0,0,0,0,3,0,0,0,0,0,0,
47,건양대병원 - 건양대병원,66,계룡과선교,0,0,0,0,0,0,0,0,0,0,0,0,0,0,0,0,0,3,0,0,0,0,0,0,
47,건양대병원 - 건양대병원,67,알로에농장,0,0,0,0,0,0,0,0,0,0,0,0,0,0,0,0,0,3,0,0,0,0,0,0,
47,건양대병원 - 건양대병원,68,삿갓집,0,0,0,0,0,0,0,0,0,0,0,0,0,0,0,0,0,3,0,0,0,0,0,0,
47,건양대병원 - 건양대병원,69,방동3통,0,0,0,0,0,0,0,0,0,0,0,0,0,0,0,0,0,3,0,0,0,0,0,0,
47,건양대병원 - 건양대병원,70,엉고개,0,0,0,0,0,0,0,0,0,0,0,0,0,0,0,0,0,3,0,0,0,0,0,0,
47,건양대병원 - 건양대병원,71,방동4통,0,0,0,0,0,0,0,0,0,0,0,0,0,0,0,0,0,3,0,0,0,0,0,0,
47,건양대병원 - 건양대병원,72,방동대교,0,0,0,0,0,0,0,0,0,0,0,0,0,0,0,0,0,3,0,0,0,0,0,0,
47,건양대병원 - 건양대병원,73,서대전IC,0,0,0,0,0,0,0,0,0,0,0,0,0,0,0,0,0,3,0,0,0,0,0,0,
47,건양대병원 - 건양대병원,74,진잠중학교,0,0,0,0,0,0,0,0,0,0,0,0,0,0,0,0,0,3,0,0,0,0,0,0,
47,건양대병원 - 건양대병원,75,원내동,0,0,0,0,0,0,0,0,0,0,0,0,0,0,0,0,0,3,0,0,0,0,0,0,
47,건양대병원 - 건양대병원,76,원내네거리,0,0,0,0,0,0,0,0,0,0,0,0,0,0,0,0,0,4,0,0,0,0,0,0,
47,건양대병원 - 건양대병원,77,샘물타운아파트,0,0,0,0,0,0,0,0,0,0,0,0,0,0,0,0,0,4,0,0,0,0,0,0,
47,건양대병원 - 건양대병원,78,진잠네거리,0,0,0,0,0,0,0,0,0,0,0,0,0,0,0,0,0,4,0,0,0,0,0,0,
47,건양대병원 - 건양대병원,79,구봉마을7단지,0,0,0,0,0,0,0,0,0,0,0,0,0,0,0,0,0,2,0,0,0,0,0,0,
47,건양대병원 - 건양대병원,80,구봉마을9단지,0,0,0,0,0,0,0,0,0,0,0,0,0,0,0,0,0,2,0,0,0,0,0,0,
47,건양대병원 - 건양대병원,81,선암초교네거리,0,0,0,0,0,0,0,0,0,0,0,0,0,0,0,0,0,2,0,0,0,0,0,0,
47,건양대병원 - 건양대병원,82,느리울13단지,0,0,0,0,0,0,0,0,0,0,0,0,0,0,0,0,0,1,0,0,0,0,0,0,
47,건양대병원 - 건양대병원,83,느리울12단지,0,0,0,0,0,0,0,0,0,0,0,0,0,0,0,0,0,0,0,0,0,0,0,0,
47,건양대병원 - 건양대병원,84,건양대병원,0,0,0,0,0,0,0,0,0,0,0,0,0,0,0,0,0,0,0,0,0,0,0,0,
47-1,서남부터미널기점 - 서남부터미널기점,1,서남부터미널기점,0,0,0,0,0,0,0,0,0,0,0,0,0,0,0,0,0,0,0,0,0,0,0,0,
47-1,서남부터미널기점 - 서남부터미널기점,2,도마시장,0,0,0,0,0,0,0,0,0,0,0,0,2,0,0,0,0,0,0,0,0,0,0,0,
47-1,서남부터미널기점 - 서남부터미널기점,3,도마네거리,0,0,0,0,0,0,0,0,0,0,0,0,2,0,0,0,0,0,0,0,0,0,0,0,
47-1,서남부터미널기점 - 서남부터미널기점,4,도마삼거리,0,0,0,0,0,0,0,1,0,0,0,0,0,0,0,1,0,0,0,0,0,0,0,0,
47-1,서남부터미널기점 - 서남부터미널기점,5,서부소방서,0,0,0,0,0,0,0,0,0,0,0,0,0,0,0,0,0,0,0,0,0,0,0,0,
47-1,서남부터미널기점 - 서남부터미널기점,6,정림동,0,0,0,0,0,0,0,0,0,0,0,0,0,0,0,0,0,0,0,0,0,0,0,0,
47-1,서남부터미널기점 - 서남부터미널기점,7,가수원교,0,0,0,0,0,0,0,0,0,0,0,0,0,0,0,0,0,0,0,0,0,0,0,0,
47-1,서남부터미널기점 - 서남부터미널기점,8,가수원네거리,0,0,0,0,0,0,0,0,0,0,0,0,0,0,0,0,0,0,0,0,0,0,0,0,
47-1,서남부터미널기점 - 서남부터미널기점,9,가수원육교.가수원시장,0,0,0,0,0,0,0,0,0,0,0,0,0,0,0,0,0,0,0,0,0,0,0,0,
47-1,서남부터미널기점 - 서남부터미널기점,10,동방고등학교,0,0,0,0,0,0,0,0,0,0,0,0,0,0,0,0,0,0,0,0,0,0,0,0,
47-1,서남부터미널기점 - 서남부터미널기점,11,건양대병원네거리,0,0,0,0,0,0,0,0,0,0,0,0,0,0,0,0,0,0,0,0,0,0,0,0,
47-1,서남부터미널기점 - 서남부터미널기점,12,느리울12단지,0,0,0,0,0,0,0,0,0,0,0,0,0,0,0,0,0,0,0,0,0,0,0,0,
47-1,서남부터미널기점 - 서남부터미널기점,13,느리울13단지,0,0,0,0,0,0,0,0,0,0,0,0,0,0,0,0,0,0,0,0,0,0,0,0,
47-1,서남부터미널기점 - 서남부터미널기점,14,선암초교네거리,0,0,0,0,1,0,0,0,0,0,0,0,0,0,0,0,0,0,0,0,0,0,0,0,
47-1,서남부터미널기점 - 서남부터미널기점,15,구봉마을8단지,0,0,0,0,1,0,0,0,0,0,0,0,0,0,0,0,0,0,0,0,0,0,0,0,
47-1,서남부터미널기점 - 서남부터미널기점,16,금동초등학교,0,0,0,0,3,0,0,0,0,0,0,0,0,0,0,0,0,0,0,0,0,0,0,0,
47-1,서남부터미널기점 - 서남부터미널기점,17,진잠네거리,0,0,0,0,0,0,0,0,0,0,0,0,0,0,0,0,0,0,0,0,0,0,0,0,
47-1,서남부터미널기점 - 서남부터미널기점,18,샘물타운아파트,0,0,0,0,0,0,0,0,0,0,0,0,0,0,0,0,0,0,0,0,0,0,0,0,
47-1,서남부터미널기점 - 서남부터미널기점,19,원내네거리,0,0,0,0,0,0,0,0,0,0,0,0,3,0,0,0,1,0,0,0,0,0,0,0,
47-1,서남부터미널기점 - 서남부터미널기점,20,원내동,0,0,0,0,0,0,0,0,0,0,0,0,3,0,0,0,1,0,0,0,0,0,0,0,
47-1,서남부터미널기점 - 서남부터미널기점,21,진잠중학교,0,0,0,0,0,0,0,0,0,0,0,0,0,0,0,0,2,0,0,0,0,0,0,0,
47-1,서남부터미널기점 - 서남부터미널기점,22,서대전IC,0,0,0,0,0,0,0,0,0,0,0,0,0,0,0,0,2,0,0,0,0,0,0,0,
47-1,서남부터미널기점 - 서남부터미널기점,23,방동저수지,0,0,0,0,0,0,0,0,0,0,0,0,0,0,0,0,2,0,0,0,0,0,0,0,
47-1,서남부터미널기점 - 서남부터미널기점,24,방동4통,0,0,0,0,0,0,0,0,0,0,0,0,0,0,0,0,2,0,0,0,0,0,0,0,
47-1,서남부터미널기점 - 서남부터미널기점,25,방동3통,0,0,0,0,2,0,0,0,0,0,0,0,0,0,0,0,1,0,0,0,0,0,0,0,
47-1,서남부터미널기점 - 서남부터미널기점,26,삿갓집,0,0,0,0,2,0,0,0,0,0,0,0,0,0,0,0,1,0,0,0,0,0,0,0,
47-1,서남부터미널기점 - 서남부터미널기점,27,알로에농장,0,0,0,0,2,0,0,0,0,0,0,0,0,0,0,0,1,0,0,0,0,0,0,0,
47-1,서남부터미널기점 - 서남부터미널기점,28,계룡과선교,0,0,0,0,2,0,0,0,0,0,0,0,0,0,0,0,1,0,0,0,0,0,0,0,
47-1,서남부터미널기점 - 서남부터미널기점,29,왕대고개,0,0,0,0,0,0,0,0,0,0,0,0,4,0,0,0,0,0,0,0,0,0,0,0,
47-1,서남부터미널기점 - 서남부터미널기점,30,국민체육센터,0,0,0,0,0,0,0,0,0,0,0,0,4,0,0,0,0,0,0,0,0,0,0,0,
47-1,서남부터미널기점 - 서남부터미널기점,31,두마면사무소,0,0,0,0,0,0,0,0,0,0,0,0,3,0,0,0,0,0,0,0,0,0,0,0,
47-1,서남부터미널기점 - 서남부터미널기점,32,두마초등학교,0,0,0,0,0,0,0,0,0,0,0,0,2,0,0,0,0,0,0,0,0,0,0,0,
47-1,서남부터미널기점 - 서남부터미널기점,33,이편한세상아파트,0,0,0,0,0,0,0,0,0,0,0,0,2,0,0,0,0,0,0,0,0,0,0,0,
47-1,서남부터미널기점 - 서남부터미널기점,34,계룡역,0,0,0,0,0,0,0,0,0,0,0,0,2,0,0,0,0,0,0,0,0,0,0,0,
47-1,서남부터미널기점 - 서남부터미널기점,35,홈플러스계룡점,0,0,0,0,0,0,0,0,0,0,0,0,3,0,0,0,0,0,0,0,0,0,0,0,
47-1,서남부터미널기점 - 서남부터미널기점,36,노인종합복지관,0,0,0,0,0,0,0,0,0,0,0,0,3,0,0,0,0,0,0,0,0,0,0,0,
47-1,서남부터미널기점 - 서남부터미널기점,37,금암주공아파트,0,0,0,0,0,0,0,0,0,0,0,0,1,0,0,0,0,0,0,0,0,0,0,0,
47-1,서남부터미널기점 - 서남부터미널기점,38,쉐리움오피스텔,0,0,0,0,0,0,0,0,0,0,0,0,1,0,0,0,0,0,0,0,0,0,0,0,
47-1,서남부터미널기점 - 서남부터미널기점,39,계룡시보건소,0,0,0,0,0,0,0,0,0,0,0,0,0,0,0,0,0,0,0,0,0,0,0,0,
47-1,서남부터미널기점 - 서남부터미널기점,40,계룡시청,0,0,0,0,0,0,0,0,0,0,0,0,0,0,0,0,0,0,0,0,0,0,0,0,
47-1,서남부터미널기점 - 서남부터미널기점,41,MG새마을금고,0,0,0,0,0,0,0,0,0,0,0,0,0,0,0,0,0,0,0,0,0,0,0,0,
47-1,서남부터미널기점 - 서남부터미널기점,42,신성2차아파트,0,0,0,0,0,0,0,0,0,0,0,0,0,0,0,0,0,0,0,0,0,0,0,0,
47-1,서남부터미널기점 - 서남부터미널기점,43,진들,0,0,0,0,0,0,0,0,0,0,0,0,0,0,0,0,0,0,0,0,0,0,0,0,
47-1,서남부터미널기점 - 서남부터미널기점,44,계룡대실LH4단지아파트,0,0,0,0,0,0,0,0,0,0,0,0,0,0,0,0,0,0,0,0,0,0,0,0,
47-1,서남부터미널기점 - 서남부터미널기점,45,계룡대실초등학교,0,0,0,0,0,0,0,0,0,0,0,0,0,0,0,0,0,0,0,0,0,0,0,0,
47-1,서남부터미널기점 - 서남부터미널기점,46,하대실,0,0,0,0,0,0,0,0,0,0,0,0,0,0,0,0,0,0,0,0,0,0,0,0,
47-1,서남부터미널기점 - 서남부터미널기점,47,농소리마을회관,0,0,0,0,0,0,0,0,0,0,0,0,0,0,0,0,0,0,0,0,0,0,0,0,
47-1,서남부터미널기점 - 서남부터미널기점,48,구억말,0,0,0,0,0,0,0,0,0,0,0,0,0,0,0,0,0,0,0,0,0,0,0,0,
47-1,서남부터미널기점 - 서남부터미널기점,49,옷샘약수터,0,0,0,0,0,0,0,0,0,0,0,0,0,0,0,0,0,0,0,0,0,0,0,0,
47-1,서남부터미널기점 - 서남부터미널기점,50,농소리종점,0,0,0,0,0,0,0,0,0,0,0,0,0,0,0,0,0,0,0,0,0,0,0,0,
47-1,서남부터미널기점 - 서남부터미널기점,51,옷샘약수터,0,0,0,0,0,0,0,0,0,0,0,0,0,0,0,0,0,0,0,0,0,0,0,0,
47-1,서남부터미널기점 - 서남부터미널기점,52,구억말,0,0,0,0,0,0,0,0,0,0,0,0,0,0,0,0,0,0,0,0,0,0,0,0,
47-1,서남부터미널기점 - 서남부터미널기점,53,농소리마을회관,0,0,0,0,0,0,0,0,0,0,0,0,0,0,0,0,0,0,0,0,0,0,0,0,
47-1,서남부터미널기점 - 서남부터미널기점,54,하대실,0,0,0,0,0,0,0,0,0,0,0,0,0,0,0,0,0,0,0,0,0,0,0,0,
47-1,서남부터미널기점 - 서남부터미널기점,55,계룡대실초등학교,0,0,0,0,0,0,0,0,0,0,0,0,0,0,0,0,0,0,0,0,0,0,0,0,
47-1,서남부터미널기점 - 서남부터미널기점,56,계룡자이아파트,0,0,0,0,0,1,0,0,0,0,0,0,0,0,0,0,0,0,0,0,0,0,0,0,
47-1,서남부터미널기점 - 서남부터미널기점,57,진들,0,0,0,0,0,1,0,0,0,0,0,0,0,0,0,0,0,0,0,0,0,0,0,0,
47-1,서남부터미널기점 - 서남부터미널기점,58,신성2차아파트,0,0,0,0,0,1,0,0,0,0,0,0,0,0,0,0,0,0,0,0,0,0,0,0,
47-1,서남부터미널기점 - 서남부터미널기점,59,MG새마을금고,0,0,0,0,0,1,0,0,0,0,0,0,0,0,0,0,0,0,0,0,0,0,0,0,
47-1,서남부터미널기점 - 서남부터미널기점,60,계룡시청,0,0,0,0,0,1,0,0,0,0,0,0,0,0,0,0,0,0,0,0,0,0,0,0,
47-1,서남부터미널기점 - 서남부터미널기점,61,계룡시보건소,0,0,0,0,0,1,0,0,0,0,0,0,0,0,0,0,0,0,0,0,0,0,0,0,
47-1,서남부터미널기점 - 서남부터미널기점,62,쉐리움오피스텔,0,0,0,0,0,1,0,0,0,0,0,0,0,0,0,0,0,0,0,0,0,0,0,0,
47-1,서남부터미널기점 - 서남부터미널기점,63,금암주공아파트,0,0,0,0,0,0,0,0,0,0,1,0,0,0,0,0,0,0,0,0,0,0,0,0,
47-1,서남부터미널기점 - 서남부터미널기점,64,노인종합복지관,0,0,0,0,0,0,0,0,0,0,1,0,0,0,0,0,0,0,0,0,0,0,0,0,
47-1,서남부터미널기점 - 서남부터미널기점,65,홈플러스계룡점,0,0,0,0,0,0,0,0,0,0,1,0,0,0,0,0,0,0,0,0,0,0,0,0,
47-1,서남부터미널기점 - 서남부터미널기점,66,신계룡변전소,0,0,0,0,0,0,0,0,0,0,0,0,0,0,0,0,0,0,0,0,0,0,0,0,
47-1,서남부터미널기점 - 서남부터미널기점,67,계룡역,0,0,0,0,0,1,0,0,0,0,0,0,0,0,0,0,0,0,0,0,0,0,0,0,
47-1,서남부터미널기점 - 서남부터미널기점,68,두마초등학교,0,0,0,0,0,1,0,0,0,0,0,0,0,0,0,0,0,0,0,0,0,0,0,0,
47-1,서남부터미널기점 - 서남부터미널기점,69,두마면사무소,0,0,0,0,0,1,0,0,0,0,0,0,0,0,0,0,0,0,0,0,0,0,0,0,
47-1,서남부터미널기점 - 서남부터미널기점,70,국민체육센터,0,0,0,0,0,1,0,0,0,0,0,0,0,0,0,0,0,0,0,0,0,0,0,0,
47-1,서남부터미널기점 - 서남부터미널기점,71,왕대고개,0,0,0,0,0,1,0,0,0,0,0,0,0,0,0,0,0,0,0,0,0,0,0,0,
47-1,서남부터미널기점 - 서남부터미널기점,72,계룡과선교,0,0,0,0,0,1,0,0,0,0,0,0,0,0,0,0,0,0,0,0,0,0,0,0,
47-1,서남부터미널기점 - 서남부터미널기점,73,알로에농장,0,0,0,0,0,1,0,0,0,0,0,0,0,0,0,0,0,0,0,0,0,0,0,0,
47-1,서남부터미널기점 - 서남부터미널기점,74,삿갓집,0,0,0,0,0,1,0,0,0,0,0,0,0,0,0,0,0,0,0,0,0,0,0,0,
47-1,서남부터미널기점 - 서남부터미널기점,75,방동3통,0,0,0,0,0,1,0,0,0,0,0,0,0,0,0,0,0,0,0,0,0,0,0,0,
47-1,서남부터미널기점 - 서남부터미널기점,76,엉고개,0,0,0,0,0,1,0,0,0,0,0,0,0,0,0,0,0,0,0,0,0,0,0,0,
47-1,서남부터미널기점 - 서남부터미널기점,77,방동4통,0,0,0,0,0,1,0,0,0,0,0,0,0,0,0,0,0,0,0,0,0,0,0,0,
47-1,서남부터미널기점 - 서남부터미널기점,78,방동대교,0,0,0,0,0,1,0,0,0,0,0,0,0,0,0,0,0,0,0,0,0,0,0,0,
47-1,서남부터미널기점 - 서남부터미널기점,79,서대전IC,0,0,0,0,0,1,0,0,0,0,0,0,0,0,0,0,0,0,0,0,0,0,0,0,
47-1,서남부터미널기점 - 서남부터미널기점,80,진잠중학교,0,0,0,0,0,1,0,0,0,0,0,0,0,0,0,0,0,0,0,0,0,0,0,0,
47-1,서남부터미널기점 - 서남부터미널기점,81,원내동,0,0,0,0,0,1,0,0,0,0,0,0,0,0,0,0,0,0,0,0,0,0,0,0,
47-1,서남부터미널기점 - 서남부터미널기점,82,원내네거리,0,0,0,0,0,0,0,0,0,0,0,0,0,0,0,0,0,0,0,0,0,0,0,0,
47-1,서남부터미널기점 - 서남부터미널기점,83,샘물타운아파트,0,0,0,0,0,0,4,0,0,0,0,0,0,0,0,0,0,0,0,0,0,0,0,0,
47-1,서남부터미널기점 - 서남부터미널기점,84,진잠네거리,0,0,0,0,0,0,4,0,0,0,0,0,0,0,0,0,0,0,0,0,0,0,0,0,
47-1,서남부터미널기점 - 서남부터미널기점,85,구봉마을7단지,0,0,0,0,0,0,4,0,0,0,0,0,0,0,0,0,0,0,0,0,0,0,0,0,
47-1,서남부터미널기점 - 서남부터미널기점,86,구봉마을9단지,0,0,0,0,0,0,3,0,0,0,1,0,0,0,0,0,0,0,0,0,0,0,0,0,
47-1,서남부터미널기점 - 서남부터미널기점,87,선암초교네거리,0,0,0,0,0,0,3,0,0,0,1,0,0,0,0,0,0,0,0,0,0,0,0,0,
47-1,서남부터미널기점 - 서남부터미널기점,88,느리울13단지,0,0,1,0,0,0,0,0,0,0,0,0,0,0,0,0,0,0,0,0,0,0,0,0,
47-1,서남부터미널기점 - 서남부터미널기점,89,느리울12단지,0,0,1,0,0,0,0,0,0,0,0,0,0,0,0,0,0,0,0,0,0,0,0,0,
47-1,서남부터미널기점 - 서남부터미널기점,90,건양대병원네거리,0,0,1,0,0,0,0,0,0,0,0,0,0,0,0,0,0,0,0,0,0,0,0,0,
47-1,서남부터미널기점 - 서남부터미널기점,91,동방고등학교,0,0,1,0,0,0,0,0,0,0,0,0,0,0,0,0,0,0,0,0,0,0,0,0,
47-1,서남부터미널기점 - 서남부터미널기점,92,가수원육교.가수원시장,0,0,0,0,0,0,0,0,0,0,0,0,0,0,1,0,0,0,0,0,0,0,0,0,
47-1,서남부터미널기점 - 서남부터미널기점,93,가수원네거리,0,0,0,0,0,0,0,0,0,0,0,0,0,0,1,0,0,0,0,0,0,0,0,0,
47-1,서남부터미널기점 - 서남부터미널기점,94,정림삼거리,0,0,0,0,0,0,0,0,0,0,0,0,0,0,1,0,0,0,0,0,0,0,0,0,
47-1,서남부터미널기점 - 서남부터미널기점,95,정림동,0,0,0,0,0,0,0,0,0,0,0,0,0,0,1,0,0,0,0,0,0,0,0,0,
47-1,서남부터미널기점 - 서남부터미널기점,96,서부소방서,0,0,0,0,0,0,0,0,0,0,0,0,0,0,1,0,0,0,0,0,0,0,0,0,
47-1,서남부터미널기점 - 서남부터미널기점,97,도마삼거리,0,0,0,0,0,0,0,0,0,0,0,0,0,0,1,0,0,0,0,0,0,0,0,0,
47-1,서남부터미널기점 - 서남부터미널기점,98,도마e편한세상아파트,0,0,0,0,0,0,0,0,0,0,0,0,0,0,0,0,0,0,0,0,0,0,0,0,
47-1,서남부터미널기점 - 서남부터미널기점,99,도마시장,0,0,0,0,0,0,0,0,0,0,0,0,0,0,0,0,0,0,0,0,0,0,0,0,
47-1,서남부터미널기점 - 서남부터미널기점,100,버드내아파트,0,0,0,0,0,0,0,0,0,0,0,0,0,0,0,0,0,0,0,0,0,0,0,0,
47-1,서남부터미널기점 - 서남부터미널기점,101,서부종합시장,0,0,0,0,0,0,0,0,0,0,0,0,0,0,0,0,0,0,0,0,0,0,0,0,
47-1,서남부터미널기점 - 서남부터미널기점,102,서남부터미널,0,0,0,0,0,0,0,0,0,0,0,0,0,0,0,0,0,0,0,0,0,0,0,0,
47-1,서남부터미널기점 - 서남부터미널기점,103,서남부터미널기점,0,0,0,0,0,0,0,0,0,0,0,0,0,0,0,0,0,0,0,0,0,0,0,0,
48,충대농대종점 - 충대농대종점,1,충대농대종점,0,0,0,0,0,0,0,0,0,0,0,0,0,0,0,0,0,0,0,0,0,0,0,0,
48,충대농대종점 - 충대농대종점,2,충남대도서관,0,0,1,0,2,1,1,2,3,2,2,5,1,3,1,2,0,3,4,0,0,0,0,0,
48,충대농대종점 - 충대농대종점,3,충남대산학연,0,0,0,0,0,0,0,0,0,3,0,7,0,1,0,4,2,2,0,0,0,0,0,0,
48,충대농대종점 - 충대농대종점,4,충남대학교,0,0,0,0,0,4,3,1,5,7,5,8,0,5,1,6,5,0,7,0,0,0,0,0,
48,충대농대종점 - 충대농대종점,5,온천교,0,0,0,0,0,5,0,3,0,0,8,9,6,6,5,5,7,6,0,0,0,0,0,0,
48,충대농대종점 - 충대농대종점,6,유성온천역6번출구,0,0,3,0,1,7,4,5,5,12,10,10,10,10,7,7,9,7,8,0,0,0,0,0,
48,충대농대종점 - 충대농대종점,7,유성온천역5번출구,0,0,0,1,3,9,0,6,7,15,13,10,11,14,0,9,0,0,9,0,0,0,0,0,
48,충대농대종점 - 충대농대종점,8,봉명네거리,0,0,5,0,0,12,6,5,0,16,14,10,0,0,0,10,0,0,11,0,0,0,0,0,
48,충대농대종점 - 충대농대종점,9,구암역,0,0,0,2,4,13,7,5,0,16,0,8,13,0,0,0,0,8,10,0,0,0,0,0,
48,충대농대종점 - 충대농대종점,10,천양원,0,0,0,0,0,15,0,0,0,0,15,0,0,0,15,0,10,0,0,0,0,0,0,0,
48,충대농대종점 - 충대농대종점,11,현충원역3번출구,0,0,9,0,6,17,7,0,5,23,19,15,20,17,20,13,17,11,14,0,0,0,0,0,
48,충대농대종점 - 충대농대종점,12,구암8통,0,0,0,0,0,0,0,0,0,0,0,14,0,0,0,0,0,0,0,0,0,0,0,0,
48,충대농대종점 - 충대농대종점,13,덕명네거리,0,0,0,0,0,19,6,6,0,0,0,13,0,0,0,14,18,0,11,0,0,0,0,0,
48,충대농대종점 - 충대농대종점,14,국립대전현충원,0,0,0,0,0,0,5,0,0,0,0,14,21,0,0,0,0,0,0,0,0,0,0,0,
48,충대농대종점 - 충대농대종점,15,유성컨트리클럽,0,0,0,0,5,18,0,0,0,0,0,15,0,0,0,0,0,0,0,0,0,0,0,0,
48,충대농대종점 - 충대농대종점,16,갑동,0,0,0,0,3,0,4,0,0,0,0,0,20,0,0,0,0,10,0,0,0,0,0,0,
48,충대농대종점 - 충대농대종점,17,사봉,0,0,0,0,0,0,0,5,0,0,18,0,0,0,0,0,0,0,0,0,0,0,0,0,
48,충대농대종점 - 충대농대종점,18,박정자삼거리,0,0,0,0,0,17,0,0,0,0,0,0,0,0,22,0,0,0,0,0,0,0,0,0,
48,충대농대종점 - 충대농대종점,19,학봉삼거리,0,0,6,0,2,8,0,3,0,8,21,13,21,0,0,14,17,0,0,0,0,0,0,0,
48,충대농대종점 - 충대농대종점,20,사기소,0,0,6,0,2,8,0,3,0,8,21,13,21,0,0,14,17,0,0,0,0,0,0,0,
48,충대농대종점 - 충대농대종점,21,여성정책개발원.동월마을,0,0,0,0,0,0,0,0,0,0,0,0,0,18,8,0,0,0,13,0,0,0,0,0,
48,충대농대종점 - 충대농대종점,22,밀목재.천수암,0,0,0,0,0,5,0,0,0,0,0,0,0,0,0,0,0,0,0,0,0,0,0,0,
48,충대농대종점 - 충대농대종점,23,계룡대CC.괴목정,0,0,5,0,0,0,0,0,0,0,0,0,23,0,0,0,0,0,0,0,0,0,0,0,
48,충대농대종점 - 충대농대종점,24,계룡대제3문,0,0,5,0,0,0,0,0,0,0,0,0,23,0,0,0,0,0,0,0,0,0,0,0,
48,충대농대종점 - 충대농대종점,25,계룡대제1정문,0,0,0,0,0,3,0,0,0,0,20,0,22,0,7,19,11,0,8,0,0,0,0,0,
48,충대농대종점 - 충대농대종점,26,계룡대제2문,0,0,0,1,0,4,0,4,0,7,13,0,0,0,0,0,16,0,0,0,0,0,0,0,
48,충대농대종점 - 충대농대종점,27,신도안면사무소,0,0,0,3,3,6,6,5,7,12,13,13,20,19,0,17,13,8,6,10,0,0,0,0,
48,충대농대종점 - 충대농대종점,28,계룡대쇼핑센터,0,0,0,0,0,0,0,4,0,0,0,0,0,0,5,16,12,0,0,0,0,0,0,0,
48,충대농대종점 - 충대농대종점,29,용남고등학교,0,0,0,0,0,5,4,6,10,14,15,13,25,20,0,14,12,7,5,9,0,0,0,0,
48,충대농대종점 - 충대농대종점,30,엄사입구,0,0,0,2,2,5,1,5,9,0,14,8,27,17,6,9,11,8,6,13,0,0,0,0,
48,충대농대종점 - 충대농대종점,31,두산아파트,0,0,0,3,2,6,0,6,6,13,6,5,14,13,2,11,10,6,0,10,0,0,0,0,
48,충대농대종점 - 충대농대종점,32,삼진아파트,0,0,0,0,5,6,0,5,0,9,3,6,11,11,0,9,11,5,0,9,0,0,0,0,
48,충대농대종점 - 충대농대종점,33,양정,0,0,0,2,0,0,0,0,0,0,0,0,0,0,0,0,0,0,0,0,0,0,0,0,
48,충대농대종점 - 충대농대종점,34,천마사,0,0,0,2,0,0,0,0,0,0,0,0,0,0,0,0,0,0,0,0,0,0,0,0,
48,충대농대종점 - 충대농대종점,35,금암2통,0,0,0,0,0,0,3,0,0,0,0,4,0,0,0,0,9,0,0,0,0,0,0,0,
48,충대농대종점 - 충대농대종점,36,금암삼거리,0,0,0,0,0,5,0,0,0,0,0,5,0,10,9,0,0,0,0,0,0,0,0,0,
48,충대농대종점 - 충대농대종점,37,계룡시청,0,0,0,0,0,0,0,0,3,7,0,0,0,0,0,0,0,7,0,0,0,0,0,0,
48,충대농대종점 - 충대농대종점,38,계룡시보건소,0,0,0,0,0,7,0,4,4,10,3,5,15,12,10,7,5,6,4,7,0,0,0,0,
48,충대농대종점 - 충대농대종점,39,쉐리움오피스텔,0,0,0,0,0,5,0,0,0,0,0,6,14,13,7,9,0,0,0,0,0,0,0,0,
48,충대농대종점 - 충대농대종점,40,계룡고등학교,0,0,0,0,0,3,0,0,3,7,0,0,0,12,6,7,6,5,3,5,0,0,0,0,
48,충대농대종점 - 충대농대종점,41,한라비발디아파트,0,0,0,0,0,2,1,0,3,5,2,4,11,8,5,8,5,6,0,0,0,0,0,0,
48,충대농대종점 - 충대농대종점,42,계룡리슈빌아파트,0,0,0,0,0,0,1,0,2,4,2,5,8,5,6,4,4,5,2,3,0,0,0,0,
48,충대농대종점 - 충대농대종점,43,계룡대실초등학교,0,0,0,1,0,0,0,0,0,0,3,0,0,0,0,0,0,0,0,0,0,0,0,0,
48,충대농대종점 - 충대농대종점,44,계룡자이아파트,0,0,0,0,0,4,0,0,4,4,3,3,7,0,7,2,2,3,0,1,0,0,0,0,
48,충대농대종점 - 충대농대종점,45,진들,0,0,0,0,0,4,0,0,4,4,3,3,7,0,7,2,2,3,0,1,0,0,0,0,
48,충대농대종점 - 충대농대종점,46,신성2차아파트,0,0,0,0,0,4,0,2,0,0,2,0,0,0,0,0,4,0,0,0,0,0,0,0,
48,충대농대종점 - 충대농대종점,47,노인종합복지관,0,0,0,0,0,4,0,2,0,0,2,0,0,0,0,0,4,0,0,0,0,0,0,0,
48,충대농대종점 - 충대농대종점,48,홈플러스계룡점,0,0,0,0,0,0,0,0,2,0,1,0,0,0,0,0,0,0,0,0,0,0,0,0,
48,충대농대종점 - 충대농대종점,49,신계룡변전소,0,0,0,0,0,0,0,0,0,0,0,0,0,0,0,0,0,0,0,0,0,0,0,0,
48,충대농대종점 - 충대농대종점,50,계룡역,0,0,0,0,0,0,0,1,0,2,0,2,1,3,2,1,2,1,0,0,0,0,0,0,
48,충대농대종점 - 충대농대종점,51,두마초등학교,0,0,0,0,0,0,0,0,0,0,0,1,0,1,0,0,0,0,0,0,0,0,0,0,
48,충대농대종점 - 충대농대종점,52,두마면사무소앞,0,0,0,0,0,1,0,0,0,0,0,0,0,0,0,0,0,0,0,0,0,0,0,0,
48,충대농대종점 - 충대농대종점,53,더샵아파트,0,0,0,0,0,2,1,2,0,1,4,0,2,0,0,2,0,0,0,0,0,0,0,0,
48,충대농대종점 - 충대농대종점,54,이편한세상아파트정문,0,0,0,2,0,0,2,4,0,0,0,4,0,0,0,4,0,0,0,0,0,0,0,0,
48,충대농대종점 - 충대농대종점,55,신성2차아파트,0,0,0,0,0,0,0,0,0,0,0,5,2,0,0,5,0,0,0,0,0,0,0,0,
48,충대농대종점 - 충대농대종점,56,진들,0,0,0,0,0,3,3,0,0,0,0,4,0,0,0,0,0,0,0,0,0,0,0,0,
48,충대농대종점 - 충대농대종점,57,계룡대실LH4단지아파트,0,0,0,0,0,7,6,5,1,3,5,5,3,2,0,0,0,0,0,0,0,0,0,0,
48,충대농대종점 - 충대농대종점,58,계룡대실초등학교,0,0,0,0,0,7,6,5,1,3,5,5,3,2,0,0,0,0,0,0,0,0,0,0,
48,충대농대종점 - 충대농대종점,59,계룡푸르지오아파트,0,0,0,1,0,10,8,6,0,4,7,9,4,3,2,6,0,0,1,0,0,0,0,0,
48,충대농대종점 - 충대농대종점,60,한라비발디아파트,0,0,1,0,0,12,10,0,0,6,11,12,5,5,3,0,0,1,0,0,0,0,0,0,
48,충대농대종점 - 충대농대종점,61,계룡고등학교,0,0,2,3,0,0,11,8,0,0,0,15,5,6,0,0,0,0,0,0,0,0,0,0,
48,충대농대종점 - 충대농대종점,62,쉐리움오피스텔,0,0,0,0,0,0,9,9,0,0,0,8,0,6,0,0,0,0,0,0,0,0,0,0,
48,충대농대종점 - 충대농대종점,63,계룡시보건소,0,0,3,5,2,20,12,12,4,8,5,14,7,7,2,0,7,0,3,0,0,0,0,0,
48,충대농대종점 - 충대농대종점,64,계룡시청,0,0,0,0,0,0,0,0,0,0,0,15,0,9,0,0,0,0,0,0,0,0,0,0,
48,충대농대종점 - 충대농대종점,65,금암삼거리,0,0,0,0,0,0,14,0,0,0,0,0,0,11,0,0,8,0,4,0,0,0,0,0,
48,충대농대종점 - 충대농대종점,66,금암2통,0,0,0,0,0,0,0,0,0,0,0,0,0,0,0,0,9,0,0,0,0,0,0,0,
48,충대농대종점 - 충대농대종점,67,천마사,0,0,0,0,0,19,0,0,0,0,0,0,0,0,0,0,0,0,0,0,0,0,0,0,
48,충대농대종점 - 충대농대종점,68,양정,0,0,0,0,4,17,0,0,0,7,0,16,7,12,0,0,0,0,0,0,0,0,0,0,
48,충대농대종점 - 충대농대종점,69,삼진아파트,0,0,6,5,5,18,18,15,3,7,6,19,9,11,6,1,0,0,3,0,0,0,0,0,
48,충대농대종점 - 충대농대종점,70,성원아파트,0,0,4,6,9,20,25,21,8,8,5,18,0,10,9,2,9,2,0,0,0,0,0,0,
48,충대농대종점 - 충대농대종점,71,엄사네거리,0,0,8,8,10,22,26,24,10,12,6,19,10,11,10,4,11,4,0,0,0,0,0,0,
48,충대농대종점 - 충대농대종점,72,평리,0,0,0,0,0,0,0,25,0,0,0,0,0,0,0,0,0,0,0,0,0,0,0,0,
48,충대농대종점 - 충대농대종점,73,용남고등학교,0,0,7,0,0,23,23,24,10,0,8,17,0,6,10,0,11,5,0,0,0,0,0,0,
48,충대농대종점 - 충대농대종점,74,계룡대아파트,0,0,0,0,11,0,22,0,0,16,0,18,11,0,10,0,0,2,0,0,0,0,0,0,
48,충대농대종점 - 충대농대종점,75,신도안아파트,0,0,0,0,11,0,22,0,0,16,0,18,11,0,10,0,0,2,0,0,0,0,0,0,
48,충대농대종점 - 충대농대종점,76,신도안면사무소,0,0,0,6,13,21,18,26,12,17,0,20,14,8,12,4,0,3,3,0,0,0,0,0,
48,충대농대종점 - 충대농대종점,77,계룡대제2문,0,0,0,0,12,0,19,13,0,19,0,13,13,0,10,0,0,0,0,0,0,0,0,0,
48,충대농대종점 - 충대농대종점,78,계룡대제1정문,0,0,0,7,13,23,18,0,0,0,0,21,0,0,0,0,0,0,0,0,0,0,0,0,
48,충대농대종점 - 충대농대종점,79,계룡대제3문,0,0,0,7,13,23,18,0,0,0,0,21,0,0,0,0,0,0,0,0,0,0,0,0,
48,충대농대종점 - 충대농대종점,80,계룡대CC.괴목정,0,0,0,7,13,23,18,0,0,0,0,21,0,0,0,0,0,0,0,0,0,0,0,0,
48,충대농대종점 - 충대농대종점,81,밀목재.천수암,0,0,0,0,0,22,0,14,0,0,0,0,0,0,0,0,0,0,0,0,0,0,0,0,
48,충대농대종점 - 충대농대종점,82,여성정책개발원.동월마을,0,0,0,0,12,0,0,27,0,0,0,0,0,0,0,0,0,0,0,0,0,0,0,0,
48,충대농대종점 - 충대농대종점,83,사기소,0,0,5,6,9,0,17,31,0,0,0,0,0,0,0,0,0,0,0,0,0,0,0,0,
48,충대농대종점 - 충대농대종점,84,학봉삼거리,0,0,4,7,8,23,16,32,12,0,0,19,0,10,13,4,13,0,5,0,0,0,0,0,
48,충대농대종점 - 충대농대종점,85,박정자삼거리,0,0,0,0,11,0,0,0,0,0,0,20,0,0,0,15,0,0,0,0,0,0,0,0,
48,충대농대종점 - 충대농대종점,86,사봉,0,0,0,0,0,0,0,31,0,0,0,22,0,0,0,0,0,0,0,0,0,0,0,0,
48,충대농대종점 - 충대농대종점,87,갑동,0,0,0,0,0,23,0,0,0,20,0,0,0,11,13,0,15,0,0,0,0,0,0,0,
48,충대농대종점 - 충대농대종점,88,유성컨트리클럽,0,0,0,6,8,0,0,0,0,0,0,0,12,0,0,0,0,0,0,0,0,0,0,0,
48,충대농대종점 - 충대농대종점,89,국립대전현충원,0,0,0,0,0,0,17,0,0,0,0,0,13,0,0,14,0,0,0,0,0,0,0,0,
48,충대농대종점 - 충대농대종점,90,덕명네거리,0,0,0,0,0,0,16,28,11,18,0,0,11,12,12,0,0,4,0,4,0,0,0,0,
48,충대농대종점 - 충대농대종점,91,주유소,0,0,0,0,0,0,0,0,0,0,0,22,0,13,0,0,0,0,3,0,0,0,0,0,
48,충대농대종점 - 충대농대종점,92,구암8통,0,0,0,6,0,0,0,0,10,0,0,0,0,0,0,0,0,0,0,0,0,0,0,0,
48,충대농대종점 - 충대농대종점,93,현충원역1번출구,0,0,1,2,6,0,14,17,8,8,0,13,8,9,2,7,11,3,2,0,0,0,0,0,
48,충대농대종점 - 충대농대종점,94,천양원,0,0,0,0,4,0,0,0,0,0,6,12,6,0,0,0,10,0,0,0,0,0,0,0,
48,충대농대종점 - 충대농대종점,95,구암역,0,0,2,0,7,0,11,14,5,0,8,10,5,12,3,12,14,0,0,5,0,0,0,0,
48,충대농대종점 - 충대농대종점,96,봉명네거리,0,0,0,0,7,0,10,13,0,0,11,11,6,12,4,0,0,0,0,0,0,0,0,0,
48,충대농대종점 - 충대농대종점,97,봉명동우체국,0,0,0,0,5,0,0,8,2,0,9,10,4,11,0,11,12,2,0,6,0,0,0,0,
48,충대농대종점 - 충대농대종점,98,유성온천역7번출구,0,0,0,1,4,0,6,3,8,1,9,7,3,10,3,7,9,7,1,6,0,0,0,0,
48,충대농대종점 - 충대농대종점,99,온천교,0,0,1,0,0,0,0,1,4,0,8,10,11,7,0,5,8,0,0,5,0,0,0,0,
48,충대농대종점 - 충대농대종점,100,충남대학교,0,0,0,0,3,0,5,0,3,0,0,0,0,5,0,6,5,8,2,4,0,0,0,0,
48,충대농대종점 - 충대농대종점,101,충남대산학연,0,0,0,0,2,0,4,0,1,0,0,0,7,4,0,0,7,7,0,0,0,0,0,0,
48,충대농대종점 - 충대농대종점,102,충남대도서관,0,0,0,0,0,0,2,1,0,0,2,2,1,1,0,1,0,0,0,0,0,0,0,0,
48,충대농대종점 - 충대농대종점,103,충대농대종점,0,0,0,0,0,0,0,0,0,0,0,0,0,0,0,0,0,0,0,0,0,0,0,0,
5,봉산동기점 - 봉산동기점,1,봉산동기점,0,0,0,0,0,0,0,0,0,0,0,0,0,0,0,0,0,0,0,0,0,0,0,0,
5,봉산동기점 - 봉산동기점,2,협진운수,0,0,0,0,0,0,0,0,0,0,0,0,0,0,0,0,0,0,0,0,0,0,0,0,
5,봉산동기점 - 봉산동기점,3,대광로제비앙아파트,0,0,0,0,2,0,2,0,1,0,0,0,0,0,0,0,0,0,0,0,0,0,0,0,
5,봉산동기점 - 봉산동기점,4,구즉동주민센터,0,0,1,1,3,1,3,0,2,0,0,0,2,0,0,0,1,0,0,0,0,0,0,0,
5,봉산동기점 - 봉산동기점,5,구즉초등학교,0,0,0,0,5,0,5,0,0,0,0,1,0,0,1,0,0,0,0,0,0,0,0,0,
5,봉산동기점 - 봉산동기점,6,휴먼시아1단지,0,0,0,0,6,2,1,1,5,0,1,0,0,0,0,0,0,0,0,0,0,0,0,0,
5,봉산동기점 - 봉산동기점,7,송강마을아파트,0,0,1,0,10,4,8,5,7,2,3,5,1,1,2,0,0,1,0,0,0,0,0,0,
5,봉산동기점 - 봉산동기점,8,송강전통시장,0,0,3,0,14,5,12,7,10,4,5,6,0,2,3,0,3,0,1,0,0,0,0,0,
5,봉산동기점 - 봉산동기점,9,송강초등학교,0,0,3,2,20,7,17,10,14,0,7,7,4,0,4,0,0,0,0,0,0,0,0,0,
5,봉산동기점 - 봉산동기점,10,그린아파트,0,0,0,3,11,8,0,0,15,10,0,0,7,0,7,1,3,0,0,0,0,0,0,0,
5,봉산동기점 - 봉산동기점,11,한마을아파트,0,0,4,4,23,9,19,11,0,13,0,8,10,4,9,3,4,2,1,0,0,0,0,0,
5,봉산동기점 - 봉산동기점,12,테크노밸리7단지,0,0,0,5,24,10,17,0,0,14,0,0,11,0,10,4,0,0,3,0,0,0,0,0,
5,봉산동기점 - 봉산동기점,13,테크노밸리1단지,0,0,0,0,14,0,0,0,18,0,7,0,0,3,0,0,0,0,0,0,0,0,0,0,
5,봉산동기점 - 봉산동기점,14,북대전IC네거리,0,0,0,0,13,0,0,0,17,0,0,9,0,0,11,0,5,0,0,0,0,0,0,0,
5,봉산동기점 - 봉산동기점,15,전자디자인고,0,0,0,6,23,0,0,0,16,0,0,0,12,0,0,3,6,0,0,0,0,0,0,0,
5,봉산동기점 - 봉산동기점,16,에이팩,0,0,0,6,23,0,0,0,16,0,0,0,12,0,0,3,6,0,0,0,0,0,0,0,
5,봉산동기점 - 봉산동기점,17,한국천문연구원,0,0,0,0,22,0,0,0,0,0,0,0,0,0,0,0,5,0,0,0,0,0,0,0,
5,봉산동기점 - 봉산동기점,18,국가정보자원관리원,0,0,0,0,14,0,15,0,9,0,0,0,13,0,12,0,6,0,0,0,0,0,0,0,
5,봉산동기점 - 봉산동기점,19,대덕고등학교,0,0,4,7,22,15,0,13,17,15,8,12,12,4,0,5,6,4,9,0,0,0,0,0,
5,봉산동기점 - 봉산동기점,20,공동관리아파트,0,0,0,6,18,14,15,12,0,17,0,0,13,6,11,2,0,6,0,0,0,0,0,0,
5,봉산동기점 - 봉산동기점,21,대덕중학교,0,0,0,5,20,14,14,13,17,18,13,14,0,11,0,0,5,7,10,0,0,0,0,0,
5,봉산동기점 - 봉산동기점,22,국립중앙과학관입구,0,0,0,0,18,13,13,12,17,18,9,7,12,0,12,5,3,9,2,0,0,0,0,0,
5,봉산동기점 - 봉산동기점,23,국립중앙과학관,0,0,0,0,0,0,16,11,20,20,0,10,17,34,22,8,0,0,12,0,0,0,0,0,
5,봉산동기점 - 봉산동기점,24,보건환경연구원,0,0,0,0,0,0,0,0,0,0,11,0,0,0,0,7,0,0,0,0,0,0,0,0,
5,봉산동기점 - 봉산동기점,25,대전지방기상청,0,0,3,0,0,0,0,11,0,21,0,13,0,35,23,0,0,0,0,0,0,0,0,0,
5,봉산동기점 - 봉산동기점,26,카이스트,0,0,0,0,17,0,15,0,0,0,0,12,19,33,25,7,5,8,3,0,0,0,0,0,
5,봉산동기점 - 봉산동기점,27,한빛아파트,0,0,0,5,16,12,12,9,23,18,26,10,18,26,20,6,5,9,12,0,0,0,0,0,
5,봉산동기점 - 봉산동기점,28,유성구청,0,0,0,6,15,11,11,0,20,14,27,11,20,27,19,7,0,8,0,0,0,0,0,0,
5,봉산동기점 - 봉산동기점,29,충대농대입구,0,0,2,5,15,9,10,8,18,13,26,8,0,13,0,0,0,0,10,0,0,0,0,0,
5,봉산동기점 - 봉산동기점,30,궁동,0,0,0,4,0,13,11,9,17,15,27,10,19,23,14,7,0,8,9,0,0,0,0,0,
5,봉산동기점 - 봉산동기점,31,충남대학교,0,0,4,4,6,11,7,8,19,11,22,3,18,22,13,7,0,7,4,0,0,0,0,0,
5,봉산동기점 - 봉산동기점,32,온천교,0,0,0,3,0,5,8,7,17,9,20,2,15,21,11,0,6,7,3,0,0,0,0,0,
5,봉산동기점 - 봉산동기점,33,유성온천역6번출구,0,0,3,2,3,7,2,4,10,9,6,3,14,15,8,6,6,9,6,0,0,0,0,0,
5,봉산동기점 - 봉산동기점,34,유성온천역5번출구,0,0,2,0,0,0,1,3,6,0,4,4,16,9,5,8,3,8,5,0,0,0,0,0,
5,봉산동기점 - 봉산동기점,35,봉명네거리,0,0,1,4,2,6,2,2,5,0,6,0,18,15,6,0,0,0,0,0,0,0,0,0,
5,봉산동기점 - 봉산동기점,36,구암동,0,0,0,0,0,5,1,0,4,0,6,3,0,11,5,0,0,6,5,0,0,0,0,0,
5,봉산동기점 - 봉산동기점,37,원불교유성교당,0,0,1,0,2,4,0,1,0,8,4,0,14,6,10,6,5,5,0,3,0,0,0,0,
5,봉산동기점 - 봉산동기점,38,유성생명과학고,0,0,0,0,1,1,1,0,5,6,3,2,10,4,8,3,4,0,0,2,0,0,0,0,
5,봉산동기점 - 봉산동기점,39,대전예술고등학교,0,0,2,0,0,2,2,3,2,2,0,1,3,2,6,2,0,4,3,0,0,0,0,0,
5,봉산동기점 - 봉산동기점,40,유성중학교,0,0,0,0,0,0,0,0,0,0,2,0,8,0,0,0,2,1,2,0,0,0,0,0,
5,봉산동기점 - 봉산동기점,41,한라비발디아파트,0,0,2,4,0,6,6,3,2,3,2,1,1,1,4,0,0,0,0,0,0,0,0,0,
5,봉산동기점 - 봉산동기점,42,목련아파트,0,0,0,0,1,7,6,0,0,3,3,4,0,0,1,0,0,0,0,0,0,0,0,0,
5,봉산동기점 - 봉산동기점,43,유성생명과학고,0,0,0,0,1,7,6,0,0,3,3,4,0,0,1,0,0,0,0,0,0,0,0,0,
5,봉산동기점 - 봉산동기점,44,대전예술고등학교,0,0,0,0,1,7,6,0,0,3,3,4,0,0,1,0,0,0,0,0,0,0,0,0,
5,봉산동기점 - 봉산동기점,45,유성중학교,0,0,0,0,1,7,6,0,0,3,3,4,0,0,1,0,0,0,0,0,0,0,0,0,
5,봉산동기점 - 봉산동기점,46,한라비발디아파트,0,0,0,0,1,7,6,0,0,3,3,4,0,0,1,0,0,0,0,0,0,0,0,0,
5,봉산동기점 - 봉산동기점,47,목련아파트,0,0,0,0,1,7,6,0,0,3,3,4,0,0,1,0,0,0,0,0,0,0,0,0,
5,봉산동기점 - 봉산동기점,48,원불교유성교당,0,0,0,5,4,6,10,9,6,10,4,0,3,2,3,0,2,0,0,0,0,0,0,0,
5,봉산동기점 - 봉산동기점,49,구암동,0,0,2,0,0,7,11,9,7,6,0,0,0,0,0,0,0,0,0,0,0,0,0,0,
5,봉산동기점 - 봉산동기점,50,봉명네거리,0,0,0,4,3,8,15,10,8,8,3,3,4,5,5,5,1,0,1,0,0,0,0,0,
5,봉산동기점 - 봉산동기점,51,봉명동우체국,0,0,3,0,2,9,0,12,8,8,0,4,0,0,0,6,3,0,0,0,0,0,0,0,
5,봉산동기점 - 봉산동기점,52,유성온천역7번출구,0,0,4,5,4,10,11,16,7,16,10,6,8,17,7,7,0,4,0,0,0,0,0,0,
5,봉산동기점 - 봉산동기점,53,온천교,0,0,3,4,6,0,13,18,10,0,10,0,11,8,6,0,0,5,0,0,0,0,0,0,
5,봉산동기점 - 봉산동기점,54,충남대학교,0,0,3,5,0,11,12,18,12,0,12,12,13,19,7,6,0,5,0,0,0,0,0,0,
5,봉산동기점 - 봉산동기점,55,궁동,0,0,4,0,0,15,13,25,0,19,10,15,16,17,6,7,4,6,4,0,0,0,0,0,
5,봉산동기점 - 봉산동기점,56,유성구청,0,0,3,5,7,11,15,23,15,14,21,20,18,23,9,14,5,5,5,0,0,0,0,0,
5,봉산동기점 - 봉산동기점,57,카이스트,0,0,0,0,0,12,0,24,18,16,23,22,23,22,12,15,0,5,0,0,0,0,0,0,
5,봉산동기점 - 봉산동기점,58,대전지방기상청,0,0,0,0,0,11,0,14,19,0,22,0,22,21,9,13,3,0,0,0,0,0,0,0,
5,봉산동기점 - 봉산동기점,59,금강유역환경청,0,0,0,0,0,0,14,0,17,0,0,0,0,22,0,0,0,0,0,0,0,0,0,0,
5,봉산동기점 - 봉산동기점,60,신세계백화점,0,0,2,3,4,5,6,7,10,10,22,8,15,14,14,6,15,7,6,0,0,0,0,0,
5,봉산동기점 - 봉산동기점,61,대덕중학교,0,0,1,0,2,0,4,5,10,9,20,0,13,10,12,7,0,0,0,0,0,0,0,0,
5,봉산동기점 - 봉산동기점,62,공동관리아파트,0,0,0,0,0,0,3,0,8,0,6,0,14,0,10,0,0,0,0,0,0,0,0,0,
5,봉산동기점 - 봉산동기점,63,대덕고등학교,0,0,0,0,0,0,2,3,9,0,23,4,15,0,11,8,12,0,8,0,0,0,0,0,
5,봉산동기점 - 봉산동기점,64,삼양사중앙연구소,0,0,0,1,0,3,0,2,6,0,0,0,10,0,0,0,0,0,7,0,0,0,0,0,
5,봉산동기점 - 봉산동기점,65,한국천문연구원,0,0,0,2,0,0,0,0,0,0,0,0,0,0,0,0,0,0,0,0,0,0,0,0,
5,봉산동기점 - 봉산동기점,66,에이팩,0,0,0,2,0,0,0,0,0,0,0,0,0,0,0,0,0,0,0,0,0,0,0,0,
5,봉산동기점 - 봉산동기점,67,화암네거리,0,0,0,0,0,0,0,0,0,0,0,0,0,0,0,0,6,0,0,0,0,0,0,0,
5,봉산동기점 - 봉산동기점,68,전자디자인고,0,0,0,1,0,0,0,0,8,0,0,0,0,0,0,0,0,0,0,0,0,0,0,0,
5,봉산동기점 - 봉산동기점,69,북대전IC네거리,0,0,0,0,0,0,0,0,6,10,22,23,0,11,9,9,7,6,0,0,0,0,0,0,
5,봉산동기점 - 봉산동기점,70,테크노밸리1단지,0,0,0,0,0,0,1,0,0,9,0,16,0,9,0,0,9,0,0,0,0,0,0,0,
5,봉산동기점 - 봉산동기점,71,테크노밸리7단지,0,0,0,0,0,0,0,0,6,7,0,3,9,7,10,0,8,0,0,0,0,0,0,0,
5,봉산동기점 - 봉산동기점,72,한마을아파트후문,0,0,0,0,0,2,0,0,3,0,0,14,14,4,4,7,0,0,6,2,0,0,0,0,
5,봉산동기점 - 봉산동기점,73,한마을아파트,0,0,0,0,3,0,1,0,0,0,4,2,9,3,9,0,5,4,5,0,0,0,0,0,
5,봉산동기점 - 봉산동기점,74,한솔아파트,0,0,0,0,1,3,0,0,0,4,3,10,5,7,7,6,0,3,0,0,0,0,0,0,
5,봉산동기점 - 봉산동기점,75,송강전통시장,0,0,0,0,2,2,0,0,2,1,0,4,3,5,3,0,1,1,2,0,0,0,0,0,
5,봉산동기점 - 봉산동기점,76,휴먼시아아파트,0,0,0,0,0,0,0,1,0,0,0,2,0,4,2,5,0,0,0,0,0,0,0,0,
5,봉산동기점 - 봉산동기점,77,송강중학교,0,0,0,0,0,0,0,0,0,0,0,1,0,0,0,2,0,0,0,0,0,0,0,0,
5,봉산동기점 - 봉산동기점,78,구즉초등학교,0,0,0,0,0,1,0,0,0,0,0,1,0,2,0,1,0,0,0,0,0,0,0,0,
5,봉산동기점 - 봉산동기점,79,구즉동주민센터,0,0,0,0,0,0,0,0,0,0,0,0,0,4,0,0,0,0,0,0,0,0,0,0,
5,봉산동기점 - 봉산동기점,80,대광로제비앙아파트,0,0,0,0,0,0,0,0,0,0,0,0,0,0,0,0,0,0,0,0,0,0,0,0,
5,봉산동기점 - 봉산동기점,81,협진운수,0,0,0,0,0,0,0,0,0,0,0,0,0,0,0,0,0,0,0,0,0,0,0,0,
5,봉산동기점 - 봉산동기점,82,봉산동기점,0,0,0,0,0,0,0,0,0,0,0,0,0,0,0,0,0,0,0,0,0,0,0,0,
501,비래동종점 - 비래동종점,1,비래동종점,0,0,0,0,0,1,0,3,1,0,1,0,0,2,1,1,0,0,0,0,0,0,0,0,
501,비래동종점 - 비래동종점,2,비래동,0,0,2,1,0,0,2,3,2,2,0,0,0,0,1,2,0,0,1,0,0,0,0,0,
501,비래동종점 - 비래동종점,3,만남웨딩홀,0,2,0,3,2,2,4,6,6,4,3,2,1,2,3,3,2,2,0,0,0,0,0,0,
501,비래동종점 - 비래동종점,4,비래검문소,0,0,0,0,2,4,5,5,7,6,0,1,2,0,0,0,1,3,0,0,0,0,0,0,
501,비래동종점 - 비래동종점,5,한신휴플러스,0,0,3,5,4,1,6,6,11,8,5,1,4,3,6,1,2,0,0,0,0,0,0,0,
501,비래동종점 - 비래동종점,6,적십자혈액원,0,0,3,5,2,0,5,6,13,9,6,0,0,4,4,2,0,1,0,0,0,0,0,0,
501,비래동종점 - 비래동종점,7,동부네거리,0,3,2,6,5,0,7,7,10,15,4,4,7,4,7,9,6,12,3,0,0,0,0,0,
501,비래동종점 - 비래동종점,8,복합터미널,0,2,7,9,8,8,11,17,18,21,17,17,14,17,19,17,21,28,11,0,0,0,0,0,
501,비래동종점 - 비래동종점,9,효촌마을아파트,0,0,5,8,9,9,17,19,22,22,20,19,12,19,20,0,15,29,0,0,0,0,0,0,
501,비래동종점 - 비래동종점,10,스마트뷰아파트,0,0,6,11,10,1,17,22,24,15,0,14,14,13,15,16,15,11,0,0,0,0,0,0,
501,비래동종점 - 비래동종점,11,성남네거리,0,0,10,15,9,11,18,21,22,18,23,22,19,18,21,13,23,0,10,0,0,0,0,0,
501,비래동종점 - 비래동종점,12,삼성초등학교,0,0,11,14,10,13,23,15,25,23,23,20,22,23,20,10,21,29,11,0,0,0,0,0,
501,비래동종점 - 비래동종점,13,대전역,0,2,9,13,12,14,32,17,23,29,18,33,27,31,33,20,27,36,23,0,0,0,0,0,
501,비래동종점 - 비래동종점,14,중앙시장,0,3,9,14,15,19,36,26,22,28,27,39,38,33,38,24,35,37,26,0,0,0,0,0,
501,비래동종점 - 비래동종점,15,원동네거리,0,5,11,14,13,19,36,17,22,28,28,38,42,34,26,23,32,37,19,0,0,0,0,0,
501,비래동종점 - 비래동종점,16,인동네거리,0,0,8,15,16,18,35,26,21,26,26,37,38,37,39,35,31,37,25,0,0,0,0,0,
501,비래동종점 - 비래동종점,17,인동현대아파트,0,0,7,0,15,14,22,24,0,27,27,36,36,35,36,32,30,36,24,0,0,0,0,0,
501,비래동종점 - 비래동종점,18,효동네거리,0,0,12,15,16,17,37,20,19,26,26,32,36,31,21,14,30,35,25,0,0,0,0,0,
501,비래동종점 - 비래동종점,19,문창시장,0,6,13,16,18,18,40,18,19,24,26,35,35,28,35,20,22,39,28,0,0,0,0,0,
501,비래동종점 - 비래동종점,20,부사오거리,0,0,14,14,17,19,39,16,22,22,28,32,34,25,36,30,29,30,39,0,0,0,0,0,
501,비래동종점 - 비래동종점,21,동명중학교,0,0,0,11,15,19,37,10,20,20,20,26,32,23,35,19,18,28,14,0,0,0,0,0,
501,비래동종점 - 비래동종점,22,석교동행정복지센터,0,0,9,14,14,20,32,15,18,20,17,25,28,23,35,0,27,27,40,0,0,0,0,0,
501,비래동종점 - 비래동종점,23,석교치안센터,0,0,0,12,14,20,32,16,17,20,19,29,27,22,34,29,0,26,25,0,0,0,0,0,
501,비래동종점 - 비래동종점,24,호동,0,0,11,13,15,18,31,15,17,19,15,28,25,24,33,28,17,0,39,0,0,0,0,0,
501,비래동종점 - 비래동종점,25,은혜아파트,0,0,13,13,13,17,30,14,18,15,19,27,24,23,32,26,27,28,38,0,0,0,0,0,
501,비래동종점 - 비래동종점,26,옥계동,0,0,11,0,8,19,21,14,19,15,18,25,21,19,31,25,25,22,36,0,0,0,0,0,
501,비래동종점 - 비래동종점,27,옥계교,0,0,12,9,14,0,15,0,19,11,12,24,21,18,28,0,16,24,37,0,0,0,0,0,
501,비래동종점 - 비래동종점,28,대성삼거리,0,0,14,14,14,21,16,8,11,11,16,0,20,0,27,11,15,22,38,0,0,0,0,0,
501,비래동종점 - 비래동종점,29,운전면허시험장,0,0,0,0,16,20,20,0,0,0,15,21,23,0,18,0,13,11,18,0,0,0,0,0,
501,비래동종점 - 비래동종점,30,오투그란데아파트,0,0,13,0,10,0,21,0,18,0,8,21,18,11,26,0,16,0,37,0,0,0,0,0,
501,비래동종점 - 비래동종점,31,산내주공아파트,0,0,9,14,17,17,20,14,17,0,17,22,22,17,25,18,16,21,24,0,0,0,0,0,
501,비래동종점 - 비래동종점,32,e편한세상아파트,0,0,8,15,9,20,23,13,15,14,6,22,25,18,28,24,26,13,34,0,0,0,0,0,
501,비래동종점 - 비래동종점,33,산내초등학교,0,0,8,15,18,24,14,7,14,15,5,24,24,20,16,23,29,13,33,0,0,0,0,0,
501,비래동종점 - 비래동종점,34,구도동,0,0,0,4,0,23,22,0,0,14,0,0,20,0,0,11,20,0,32,0,0,0,0,0,
501,비래동종점 - 비래동종점,35,삼괴동/덕산마을,0,0,0,0,0,0,12,0,13,9,16,23,0,0,0,0,0,10,24,0,0,0,0,0,
501,비래동종점 - 비래동종점,36,삼괴동/송촌마을,0,0,0,12,0,0,21,0,0,0,0,0,0,9,0,0,0,0,0,0,0,0,0,0,
501,비래동종점 - 비래동종점,37,공주마을,0,0,12,14,0,0,20,11,0,0,15,0,23,19,15,0,10,0,15,0,0,0,0,0,
501,비래동종점 - 비래동종점,38,소룡골입구,0,0,0,11,8,22,18,9,0,0,9,22,15,0,0,10,19,0,0,0,0,0,0,0,
501,비래동종점 - 비래동종점,39,상소동산림욕장,0,0,0,0,17,0,17,6,0,0,12,20,14,0,14,0,0,0,0,0,0,0,0,0,
501,비래동종점 - 비래동종점,40,산정마을,0,0,10,0,0,21,0,0,0,0,0,0,0,0,0,0,0,0,0,0,0,0,0,0,
501,비래동종점 - 비래동종점,41,상소동(노인병원),0,0,5,12,16,20,16,0,6,12,13,19,0,0,19,0,18,21,0,0,0,0,0,0,
501,비래동종점 - 비래동종점,42,산흥초등학교,0,0,0,10,15,16,15,8,7,8,13,0,0,20,18,22,0,0,23,0,0,0,0,0,
501,비래동종점 - 비래동종점,43,청소년수련원,0,0,14,9,14,7,14,0,0,8,0,0,13,0,27,21,0,0,0,0,0,0,0,0,
501,비래동종점 - 비래동종점,44,하소1통,0,0,0,7,7,6,12,3,8,0,10,17,17,19,26,13,0,0,14,0,0,0,0,0,
501,비래동종점 - 비래동종점,45,하소2통,0,0,0,0,13,7,0,7,9,14,0,0,24,21,25,20,17,20,33,0,0,0,0,0,
501,비래동종점 - 비래동종점,46,옛터민속박물관,0,0,0,0,0,15,11,0,0,13,0,0,0,0,0,0,20,0,0,0,0,0,0,0,
501,비래동종점 - 비래동종점,47,대전제2시립노인병원,0,0,0,0,0,0,0,6,0,12,0,0,25,0,0,14,0,0,0,10,0,0,0,0,
501,비래동종점 - 비래동종점,48,가목정마을,0,0,0,13,6,5,0,0,6,0,0,0,0,0,26,0,9,0,0,0,0,0,0,0,
501,비래동종점 - 비래동종점,49,문글램핑,0,0,0,13,6,5,0,0,6,0,0,0,0,0,26,0,9,0,0,0,0,0,0,0,
501,비래동종점 - 비래동종점,50,만인산공원,0,0,0,0,0,11,9,5,0,10,12,0,0,0,15,0,0,0,0,0,0,0,0,0,
501,비래동종점 - 비래동종점,51,만인산휴양림,0,0,7,2,6,10,9,11,7,8,7,16,25,20,0,19,0,0,0,0,0,0,0,0,
501,비래동종점 - 비래동종점,52,태조대왕태실,0,0,0,3,0,0,0,0,5,0,0,6,17,0,0,0,0,0,0,13,0,0,0,0,
501,비래동종점 - 비래동종점,53,중부대입구,0,0,6,9,13,11,6,9,6,9,5,12,21,16,18,12,24,20,25,16,0,0,0,0,
501,비래동종점 - 비래동종점,54,중부대학교,0,0,0,0,11,0,6,3,7,7,3,10,15,15,12,9,8,9,11,4,0,0,0,0,
501,비래동종점 - 비래동종점,55,중부대입구,0,0,0,4,12,10,0,0,0,5,4,7,0,12,0,3,2,7,8,3,0,0,0,0,
501,비래동종점 - 비래동종점,56,마전.태봉마을,0,0,0,0,11,0,5,8,4,6,4,0,14,10,11,6,3,6,3,2,0,0,0,0,
501,비래동종점 - 비래동종점,57,추부중학교입구,0,0,5,7,7,9,8,3,6,5,2,4,10,8,0,10,2,5,1,0,0,0,0,0,
501,비래동종점 - 비래동종점,58,마전종점,0,2,4,5,6,13,15,9,11,12,11,10,8,11,4,2,2,1,1,0,0,0,0,0,
501,비래동종점 - 비래동종점,59,마전종점,0,0,0,0,0,2,0,0,0,0,0,0,0,0,0,0,2,0,0,0,0,0,0,0,
501,비래동종점 - 비래동종점,60,추부중학교입구,0,0,0,6,0,3,0,0,5,13,0,10,10,0,6,3,0,0,0,0,0,0,0,0,
501,비래동종점 - 비래동종점,61,마전.태봉마을,0,3,2,7,7,17,18,10,4,15,14,15,11,12,5,3,4,1,0,0,0,0,0,0,
501,비래동종점 - 비래동종점,62,중부대입구,0,0,4,9,9,23,9,5,14,18,14,20,14,13,7,8,0,1,0,0,0,0,0,0,
501,비래동종점 - 비래동종점,63,중부대학교,0,0,0,10,8,25,22,11,9,18,14,23,16,12,6,6,5,7,2,0,0,0,0,0,
501,비래동종점 - 비래동종점,64,중부대입구,0,0,2,9,10,28,10,12,10,7,0,25,17,16,0,9,6,3,4,0,0,0,0,0,
501,비래동종점 - 비래동종점,65,태조대왕태실,0,0,1,5,0,13,13,0,13,0,14,21,10,0,0,0,1,0,0,0,0,0,0,0,
501,비래동종점 - 비래동종점,66,만인산휴양림,0,0,0,9,8,0,23,0,13,13,15,28,18,7,7,0,0,0,0,0,0,0,0,0,
501,비래동종점 - 비래동종점,67,만인산공원,0,0,0,0,0,0,13,13,17,0,18,0,19,0,0,0,0,0,0,0,0,0,0,0,
501,비래동종점 - 비래동종점,68,문글램핑,0,0,0,10,0,0,0,0,0,0,19,0,0,0,0,7,0,0,0,0,0,0,0,0,
501,비래동종점 - 비래동종점,69,가목정마을,0,0,0,0,0,0,0,11,0,0,0,0,0,9,7,7,0,0,0,0,0,0,0,0,
501,비래동종점 - 비래동종점,70,대전제2시립노인병원,0,4,0,11,0,0,0,7,11,0,19,0,0,0,0,6,0,0,0,0,0,0,0,0,
501,비래동종점 - 비래동종점,71,옛터민속박물관,0,0,0,0,0,0,13,9,15,11,0,0,20,0,0,0,2,6,7,0,0,0,0,0,
501,비래동종점 - 비래동종점,72,하소2통,0,5,2,7,9,10,14,14,14,19,16,29,20,13,5,0,0,0,0,0,0,0,0,0,
501,비래동종점 - 비래동종점,73,하소1통,0,6,0,0,9,29,15,15,7,16,0,14,0,18,17,0,0,0,6,0,0,0,0,0,
501,비래동종점 - 비래동종점,74,청소년수련원,0,0,6,0,8,24,0,4,0,26,0,15,22,12,0,4,0,0,0,0,0,0,0,0,
501,비래동종점 - 비래동종점,75,산흥초등학교,0,8,0,12,9,0,16,5,15,27,20,18,11,12,19,0,0,0,0,0,0,0,0,0,
501,비래동종점 - 비래동종점,76,상소동(노인병원),0,8,0,12,9,0,16,5,15,27,20,18,11,12,19,0,0,0,0,0,0,0,0,0,
501,비래동종점 - 비래동종점,77,산정마을,0,0,0,13,11,17,24,0,0,28,0,30,23,19,8,0,0,3,0,0,0,0,0,0,
501,비래동종점 - 비래동종점,78,상소동산림욕장,0,0,0,0,0,0,22,9,12,30,20,35,25,14,0,8,0,8,0,0,0,0,0,0,
501,비래동종점 - 비래동종점,79,소룡골입구,0,0,0,0,10,0,0,0,0,0,22,0,23,21,0,0,0,0,0,0,0,0,0,0,
501,비래동종점 - 비래동종점,80,공주마을,0,0,0,0,0,18,18,10,12,17,23,0,24,11,0,0,0,0,0,0,0,0,0,0,
501,비래동종점 - 비래동종점,81,삼괴동/송촌마을,0,0,0,0,12,0,0,0,0,18,0,0,24,12,0,0,0,0,0,0,0,0,0,0,
501,비래동종점 - 비래동종점,82,삼괴동/덕산마을,0,0,0,0,10,13,0,0,0,0,26,0,25,22,0,0,0,0,0,0,0,0,0,0,
501,비래동종점 - 비래동종점,83,구도동,0,0,0,0,0,0,0,0,11,19,25,0,0,16,0,7,0,0,5,0,0,0,0,0,
501,비래동종점 - 비래동종점,84,산내초등학교,0,0,10,11,11,17,26,21,11,28,22,30,26,23,21,7,0,6,7,0,0,0,0,0,
501,비래동종점 - 비래동종점,85,e편한세상아파트,0,0,0,9,12,18,27,12,14,29,21,27,25,19,14,0,2,5,0,0,0,0,0,0,
501,비래동종점 - 비래동종점,86,산내주공아파트,0,0,0,0,0,0,0,0,0,0,19,17,24,0,0,0,0,0,0,0,0,0,0,0,
501,비래동종점 - 비래동종점,87,오투그란데아파트,0,0,3,0,11,19,28,22,16,30,12,29,25,18,22,6,4,0,0,0,0,0,0,0,
501,비래동종점 - 비래동종점,88,운전면허시험장,0,0,0,10,0,0,15,23,17,20,0,29,15,0,18,8,0,0,3,0,0,0,0,0,
501,비래동종점 - 비래동종점,89,대성동,0,0,0,0,0,0,0,7,0,0,0,0,24,14,20,0,0,0,8,0,0,0,0,0,
501,비래동종점 - 비래동종점,90,대성삼거리,0,0,11,6,13,17,29,26,0,21,21,30,25,19,18,8,3,4,0,0,0,0,0,0,
501,비래동종점 - 비래동종점,91,옥계동,0,1,10,11,14,16,29,28,17,37,22,32,28,20,17,7,0,3,0,0,0,0,0,0,
501,비래동종점 - 비래동종점,92,은혜아파트,0,2,12,12,13,16,28,0,0,39,24,23,22,15,19,8,0,5,0,0,0,0,0,0,
501,비래동종점 - 비래동종점,93,호동,0,4,7,13,14,18,28,31,20,23,25,37,26,22,20,0,7,4,5,0,0,0,0,0,
501,비래동종점 - 비래동종점,94,석교치안센터,0,5,3,14,16,19,28,30,23,26,40,28,31,18,15,0,0,0,0,0,0,0,0,0,
501,비래동종점 - 비래동종점,95,석교동행정복지센터,0,7,14,16,17,20,29,33,24,30,41,38,34,23,13,0,8,0,0,0,0,0,0,0,
501,비래동종점 - 비래동종점,96,동명중학교,0,0,16,18,16,21,31,36,26,24,41,28,34,22,0,0,6,1,6,0,0,0,0,0,
501,비래동종점 - 비래동종점,97,부사오거리,0,0,14,18,17,18,32,34,28,30,37,38,34,23,23,9,10,3,6,0,0,0,0,0,
501,비래동종점 - 비래동종점,98,문창시장,0,0,4,17,16,19,38,37,28,32,38,36,30,26,25,12,12,0,5,1,0,0,0,0,
501,비래동종점 - 비래동종점,99,효동네거리,0,8,14,16,17,20,42,38,29,32,37,28,27,24,24,12,11,2,0,2,0,0,0,0,
501,비래동종점 - 비래동종점,100,인동현대아파트,0,9,14,17,19,21,44,41,27,30,37,37,28,27,26,11,10,0,7,0,0,0,0,0,
501,비래동종점 - 비래동종점,101,신인동주민센터,0,0,0,21,14,19,44,45,27,29,33,35,31,24,29,10,10,0,4,1,0,0,0,0,
501,비래동종점 - 비래동종점,102,원동네거리,0,8,13,18,17,17,41,42,28,29,28,31,33,24,27,0,8,9,0,0,0,0,0,0,
501,비래동종점 - 비래동종점,103,대전역/역전시장,0,2,8,15,16,12,20,17,13,25,16,24,27,17,17,7,6,8,4,0,0,0,0,0,
501,비래동종점 - 비래동종점,104,대전역/하나은행,0,1,7,9,15,11,10,16,10,23,24,20,28,17,16,6,5,7,1,0,0,0,0,0,
501,비래동종점 - 비래동종점,105,삼성네거리,0,0,6,14,14,10,21,16,8,9,25,19,26,15,15,0,5,6,3,0,0,0,0,0,
501,비래동종점 - 비래동종점,106,계룡디지텍고입구,0,0,0,12,12,11,20,15,8,10,21,17,24,15,14,0,0,3,1,0,0,0,0,0,
501,비래동종점 - 비래동종점,107,성남네거리,0,0,0,11,11,9,21,16,7,14,15,15,22,15,10,6,4,1,2,0,0,0,0,0,
501,비래동종점 - 비래동종점,108,효촌마을아파트,0,0,4,7,10,11,18,15,6,13,14,14,20,14,10,0,0,3,1,0,0,0,0,0,
501,비래동종점 - 비래동종점,109,복합터미널,0,0,1,7,5,5,3,2,4,4,9,9,5,9,2,3,4,5,2,0,0,0,0,0,
501,비래동종점 - 비래동종점,110,동부네거리,0,0,0,0,4,6,0,1,0,0,0,7,4,5,0,2,3,6,0,0,0,0,0,0,
501,비래동종점 - 비래동종점,111,가양중학교입구,0,0,0,2,1,2,2,0,2,0,8,5,0,4,0,1,0,1,0,0,0,0,0,0,
501,비래동종점 - 비래동종점,112,한신휴플러스,0,0,0,2,4,3,1,0,2,3,7,4,1,3,1,0,2,4,1,0,0,0,0,0,
501,비래동종점 - 비래동종점,113,비래동노인회관,0,0,0,1,2,2,0,0,0,2,3,3,2,1,0,0,1,3,0,0,0,0,0,0,
501,비래동종점 - 비래동종점,114,만남웨딩홀,0,0,0,0,2,1,0,0,1,2,0,2,0,2,0,0,0,0,0,0,0,0,0,0,
501,비래동종점 - 비래동종점,115,비래동,0,0,0,0,1,0,0,0,1,0,0,1,0,0,0,0,0,0,0,0,0,0,0,0,
501,비래동종점 - 비래동종점,116,비래동종점,0,0,0,0,0,0,0,0,0,0,0,0,0,0,0,0,0,0,0,0,0,0,0,0,
511,낭월공영차고지기점 - 낭월공영차고지,1,낭월공영차고지기점,0,0,0,3,0,0,0,0,0,1,0,0,0,0,0,0,0,0,0,0,0,0,0,0,
511,낭월공영차고지기점 - 낭월공영차고지,2,낭월공영차고지,0,0,0,3,0,0,0,0,0,1,0,0,0,0,0,0,0,0,0,0,0,0,0,0,
511,낭월공영차고지기점 - 낭월공영차고지,3,남대전종합물류단지,0,0,0,0,0,0,0,0,0,1,2,0,1,1,3,1,0,0,0,0,0,0,0,0,
511,낭월공영차고지기점 - 낭월공영차고지,4,석천들마을아파트,0,0,2,2,4,4,5,2,5,3,2,1,2,2,5,1,1,1,0,0,0,0,0,0,
511,낭월공영차고지기점 - 낭월공영차고지,5,산내초등학교,0,3,4,0,7,3,6,3,6,7,3,6,3,3,2,2,2,2,1,0,0,0,0,0,
511,낭월공영차고지기점 - 낭월공영차고지,6,e편한세상아파트,0,5,5,0,6,5,8,5,12,7,5,8,5,6,4,4,0,1,2,0,0,0,0,0,
511,낭월공영차고지기점 - 낭월공영차고지,7,산내주공아파트,0,0,0,4,0,0,0,0,0,10,0,0,0,0,3,0,0,1,0,0,0,0,0,0,
511,낭월공영차고지기점 - 낭월공영차고지,8,오투그란데아파트,0,7,5,4,7,8,12,9,8,9,9,11,7,7,8,5,4,3,4,0,0,0,0,0,
511,낭월공영차고지기점 - 낭월공영차고지,9,운전면허시험장,0,0,1,4,8,9,13,6,0,0,0,12,8,9,7,2,0,0,0,0,0,0,0,0,
511,낭월공영차고지기점 - 낭월공영차고지,10,대성동,0,0,0,0,0,0,0,0,0,0,0,0,0,0,0,0,0,0,0,0,0,0,0,0,
511,낭월공영차고지기점 - 낭월공영차고지,11,고산사입구,0,8,8,7,13,11,17,7,18,14,12,14,8,10,13,4,3,3,2,0,0,0,0,0,
511,낭월공영차고지기점 - 낭월공영차고지,12,하늘채2차아파트,0,10,6,9,14,16,20,11,19,15,9,16,11,11,14,5,2,2,1,0,0,0,0,0,
511,낭월공영차고지기점 - 낭월공영차고지,13,은어송초등학교,0,0,9,10,16,18,18,9,23,20,13,18,13,10,15,5,6,3,4,0,0,0,0,0,
511,낭월공영차고지기점 - 낭월공영차고지,14,남대전변전소,0,9,10,8,13,16,18,13,22,20,12,20,11,13,16,6,8,4,6,0,0,0,0,0,
511,낭월공영차고지기점 - 낭월공영차고지,15,가오주공아파트,0,9,11,12,14,19,19,16,24,27,18,20,12,18,18,10,11,10,8,1,0,0,0,0,
511,낭월공영차고지기점 - 낭월공영차고지,16,가오동,0,12,0,10,15,12,21,17,25,29,20,11,13,9,19,10,0,12,0,0,0,0,0,0,
511,낭월공영차고지기점 - 낭월공영차고지,17,천동주공아파트,0,0,9,13,0,0,20,16,15,31,15,9,11,17,0,5,4,5,7,0,0,0,0,0,
511,낭월공영차고지기점 - 낭월공영차고지,18,천동,0,0,13,9,14,17,25,0,20,28,23,21,13,9,16,9,0,0,0,0,0,0,0,0,
511,낭월공영차고지기점 - 낭월공영차고지,19,천석교,0,0,0,0,16,14,21,13,0,34,17,0,0,6,9,8,0,7,0,0,0,0,0,0,
511,낭월공영차고지기점 - 낭월공영차고지,20,효동네거리,0,0,14,12,19,15,26,16,26,34,21,11,14,13,16,9,8,11,0,0,0,0,0,0,
511,낭월공영차고지기점 - 낭월공영차고지,21,인동현대아파트,0,0,13,15,21,18,28,18,32,38,19,24,17,11,17,11,13,11,6,0,0,0,0,0,
511,낭월공영차고지기점 - 낭월공영차고지,22,신인동주민센터,0,0,12,14,20,20,26,18,33,39,20,23,18,15,19,10,12,6,5,0,0,0,0,0,
511,낭월공영차고지기점 - 낭월공영차고지,23,원동네거리,0,0,13,9,17,15,20,15,30,35,21,22,22,10,16,10,11,10,4,2,0,0,0,0,
511,낭월공영차고지기점 - 낭월공영차고지,24,대전역/역전시장,0,0,9,9,12,10,12,15,15,25,23,18,13,13,13,9,7,7,3,3,0,0,0,0,
511,낭월공영차고지기점 - 낭월공영차고지,25,목척교,0,0,5,6,9,8,14,17,14,22,24,24,19,19,18,13,11,12,6,8,0,0,0,0,
511,낭월공영차고지기점 - 낭월공영차고지,26,으능정이거리,0,0,4,5,6,7,13,17,16,22,22,17,21,20,19,16,15,15,10,9,0,0,0,0,
511,낭월공영차고지기점 - 낭월공영차고지,27,대전테크노파크,0,0,5,6,6,7,13,19,20,19,31,19,22,23,20,17,16,19,9,0,0,0,0,0,
511,낭월공영차고지기점 - 낭월공영차고지,28,나라키움청사/3.8기념관,0,0,0,3,5,8,15,11,18,17,33,18,12,22,20,21,11,17,9,8,0,0,0,0,
511,낭월공영차고지기점 - 낭월공영차고지,29,국립농산물품질관리원,0,0,4,7,5,7,13,0,20,16,32,17,23,24,0,23,6,15,3,0,0,0,0,0,
511,낭월공영차고지기점 - 낭월공영차고지,30,목동더샵리슈빌,0,0,0,5,4,7,12,10,18,16,20,16,25,21,15,19,13,13,9,5,0,0,0,0,
511,낭월공영차고지기점 - 낭월공영차고지,31,목동네거리,0,0,2,4,3,5,8,8,16,13,15,14,22,14,15,8,10,11,10,3,0,0,0,0,
511,낭월공영차고지기점 - 낭월공영차고지,32,선병원,0,0,1,4,3,3,6,6,12,11,11,9,9,9,12,5,4,9,3,2,0,0,0,0,
511,낭월공영차고지기점 - 낭월공영차고지,33,중촌SK뷰아파트,0,0,1,1,2,2,1,2,11,10,7,7,7,7,10,4,3,3,2,0,0,0,0,0,
511,낭월공영차고지기점 - 낭월공영차고지,34,중촌동과선교,0,0,0,1,2,1,2,1,5,9,2,3,1,5,8,4,2,2,0,0,0,0,0,0,
511,낭월공영차고지기점 - 낭월공영차고지,35,중촌주공2단지,0,0,0,0,0,1,0,1,0,2,0,1,1,2,2,0,0,1,0,0,0,0,0,0,
511,낭월공영차고지기점 - 낭월공영차고지,36,푸르지오아파트,0,0,1,1,1,1,2,2,2,1,1,0,1,0,1,2,2,0,1,0,0,0,0,0,
511,낭월공영차고지기점 - 낭월공영차고지,37,중촌주공2단지,0,1,3,2,5,8,8,7,8,5,6,2,4,1,2,2,1,0,1,0,0,0,0,0,
511,낭월공영차고지기점 - 낭월공영차고지,38,중촌주공2단지,0,0,2,0,0,5,0,6,0,0,0,0,0,0,0,0,0,0,0,0,0,0,0,0,
511,낭월공영차고지기점 - 낭월공영차고지,39,중촌동과선교,0,3,2,1,7,6,10,7,11,6,8,3,4,1,3,3,0,3,0,0,0,0,0,0,
511,낭월공영차고지기점 - 낭월공영차고지,40,하늘아파트,0,5,6,3,10,12,18,14,16,9,10,4,10,8,4,4,3,4,1,1,0,0,0,0,
511,낭월공영차고지기점 - 낭월공영차고지,41,선병원,0,6,10,5,12,13,20,19,16,11,13,11,14,6,6,6,1,5,0,1,0,0,0,0,
511,낭월공영차고지기점 - 낭월공영차고지,42,목동네거리,0,7,10,6,13,10,26,21,26,20,15,9,14,14,4,7,3,7,3,2,0,0,0,0,
511,낭월공영차고지기점 - 낭월공영차고지,43,은행선화동주민센터,0,0,11,6,18,12,31,24,30,18,17,11,14,15,5,6,0,4,2,0,0,0,0,0,
511,낭월공영차고지기점 - 낭월공영차고지,44,국립농산물품질관리원,0,0,10,5,11,11,28,22,31,25,16,9,15,16,4,5,4,0,4,0,0,0,0,0,
511,낭월공영차고지기점 - 낭월공영차고지,45,나라키움청사/3.8기념관,0,0,4,7,18,13,30,24,29,25,16,14,18,18,6,7,5,6,4,1,0,0,0,0,
511,낭월공영차고지기점 - 낭월공영차고지,46,중앙로역4번출구,0,4,11,6,15,12,23,20,27,21,13,11,16,14,7,9,6,8,5,1,0,0,0,0,
511,낭월공영차고지기점 - 낭월공영차고지,47,으능정이거리,0,0,9,4,14,11,20,14,16,15,14,10,18,18,17,13,12,11,8,5,0,0,0,0,
511,낭월공영차고지기점 - 낭월공영차고지,48,대전역,0,3,4,4,9,9,20,15,17,16,14,13,18,17,21,16,15,14,11,6,0,0,0,0,
511,낭월공영차고지기점 - 낭월공영차고지,49,중앙시장,0,2,5,10,9,12,21,12,21,22,23,21,30,23,25,19,16,17,9,5,0,0,0,0,
511,낭월공영차고지기점 - 낭월공영차고지,50,원동네거리,0,0,4,6,10,12,15,20,16,23,17,9,31,22,25,17,17,15,11,0,0,0,0,0,
511,낭월공영차고지기점 - 낭월공영차고지,51,인동네거리,0,0,6,10,11,10,15,17,14,15,24,19,30,23,27,14,13,15,8,3,0,0,0,0,
511,낭월공영차고지기점 - 낭월공영차고지,52,인동현대아파트,0,0,3,4,10,11,10,16,9,22,15,13,27,22,20,13,13,14,6,7,0,0,0,0,
511,낭월공영차고지기점 - 낭월공영차고지,53,효동네거리,0,0,8,4,10,12,14,17,15,20,12,9,25,19,25,14,11,14,5,3,0,0,0,0,
511,낭월공영차고지기점 - 낭월공영차고지,54,천석교,0,0,0,0,7,9,6,8,0,5,26,11,24,17,23,3,9,12,0,2,0,0,0,0,
511,낭월공영차고지기점 - 낭월공영차고지,55,천동,0,0,3,3,9,5,11,18,16,9,27,12,19,19,15,12,12,11,5,0,0,0,0,0,
511,낭월공영차고지기점 - 낭월공영차고지,56,천동주공아파트,0,0,7,0,5,6,0,0,13,0,27,6,0,0,22,0,0,15,0,0,0,0,0,0,
511,낭월공영차고지기점 - 낭월공영차고지,57,가오동,0,0,0,3,8,9,10,17,12,17,9,10,22,19,21,11,12,12,2,0,0,0,0,0,
511,낭월공영차고지기점 - 낭월공영차고지,58,가오주공아파트,0,0,0,2,4,8,7,15,15,15,23,11,22,15,17,13,10,13,9,6,0,0,0,0,
511,낭월공영차고지기점 - 낭월공영차고지,59,남대전변전소,0,0,0,1,3,7,7,14,6,13,22,9,21,15,15,10,10,10,9,7,0,0,0,0,
511,낭월공영차고지기점 - 낭월공영차고지,60,은어송초등학교,0,0,0,0,5,8,7,13,4,12,18,7,17,11,11,12,9,8,7,6,0,0,0,0,
511,낭월공영차고지기점 - 낭월공영차고지,61,은어송하늘채리버뷰,0,0,6,2,2,4,6,12,12,5,14,5,16,10,9,11,8,6,5,6,0,0,0,0,
511,낭월공영차고지기점 - 낭월공영차고지,62,고산사입구,0,0,5,0,5,7,5,9,8,10,12,7,12,8,11,9,6,5,4,0,0,0,0,0,
511,낭월공영차고지기점 - 낭월공영차고지,63,운전면허시험장,0,0,3,0,0,6,0,3,0,9,9,3,14,5,10,0,0,3,5,1,0,0,0,0,
511,낭월공영차고지기점 - 낭월공영차고지,64,오투그란데아파트,0,0,0,0,4,4,4,8,7,0,7,3,12,3,8,6,3,8,3,4,0,0,0,0,
511,낭월공영차고지기점 - 낭월공영차고지,65,산내주공아파트,0,0,3,0,3,3,4,7,5,6,4,6,10,0,5,6,2,5,4,4,0,0,0,0,
511,낭월공영차고지기점 - 낭월공영차고지,66,e편한세상아파트,0,0,2,0,0,2,2,5,2,3,3,4,7,3,5,3,5,3,3,3,0,0,0,0,
511,낭월공영차고지기점 - 낭월공영차고지,67,산내초등학교,0,0,1,1,0,1,1,1,3,2,1,1,4,2,2,1,2,2,1,2,0,0,0,0,
511,낭월공영차고지기점 - 낭월공영차고지,68,석천들마을아파트,0,0,2,0,0,2,0,0,0,1,0,0,2,0,0,1,1,0,0,1,0,0,0,0,
511,낭월공영차고지기점 - 낭월공영차고지,69,남대전종합물류단지,0,0,1,0,0,0,0,0,0,0,0,0,0,0,0,0,0,0,0,0,0,0,0,0,
511,낭월공영차고지기점 - 낭월공영차고지,70,낭월공영차고지,0,0,0,0,0,0,0,0,0,0,0,0,0,0,0,0,0,0,0,0,0,0,0,0,
512,대한통운종점 - 대한통운종점,1,대한통운종점,0,0,0,0,0,0,0,0,0,0,0,0,0,0,0,0,0,0,0,0,0,0,0,0,
512,대한통운종점 - 대한통운종점,2,대한통운종점,0,0,0,1,0,0,0,0,0,1,1,0,0,0,0,0,0,0,0,0,0,0,0,0,
512,대한통운종점 - 대한통운종점,3,대한통운,0,1,0,2,3,1,1,1,2,2,2,0,0,2,0,0,1,0,0,0,0,0,0,0,
512,대한통운종점 - 대한통운종점,4,회덕동주민센터,0,0,1,0,4,3,2,3,9,2,4,1,1,3,1,0,0,0,1,0,0,0,0,0,
512,대한통운종점 - 대한통운종점,5,읍내네거리,0,3,1,0,0,5,3,0,0,3,0,0,0,5,2,0,0,1,0,0,0,0,0,0,
512,대한통운종점 - 대한통운종점,6,대전산업단지삼거리,0,3,1,0,0,5,3,0,0,3,0,0,0,5,2,0,0,1,0,0,0,0,0,0,
512,대한통운종점 - 대한통운종점,7,대화동육교,0,0,2,4,6,9,2,5,6,12,0,5,0,3,2,1,3,0,0,0,0,0,0,0,
512,대한통운종점 - 대한통운종점,8,대화동고개,0,0,0,0,3,0,4,0,6,0,8,0,0,0,0,0,0,0,0,0,0,0,0,0,
512,대한통운종점 - 대한통운종점,9,오정육교,0,0,0,3,0,3,0,0,0,0,0,0,0,0,0,0,4,0,0,0,0,0,0,0,
512,대한통운종점 - 대한통운종점,10,오정동,0,4,0,0,0,8,0,0,0,0,9,0,0,0,0,0,3,0,0,0,0,0,0,0,
512,대한통운종점 - 대한통운종점,11,한남대학교,0,0,0,6,8,9,3,6,10,17,10,1,2,6,0,0,0,2,0,0,0,0,0,0,
512,대한통운종점 - 대한통운종점,12,홍도지하보도,0,6,3,10,9,2,4,7,8,17,9,0,0,6,3,0,0,0,0,0,0,0,0,0,
512,대한통운종점 - 대한통운종점,13,홍도동현암아파트,0,0,3,1,0,5,4,1,11,7,13,7,4,6,1,0,4,0,0,0,0,0,0,0,
512,대한통운종점 - 대한통운종점,14,한밭자이아파트,0,0,5,12,6,6,11,8,12,18,14,10,5,7,4,1,1,1,0,0,0,0,0,0,
512,대한통운종점 - 대한통운종점,15,삼성초등학교,0,5,0,10,4,5,13,9,15,19,11,9,6,2,5,3,4,4,0,0,0,0,0,0,
512,대한통운종점 - 대한통운종점,16,대전역,0,3,2,11,4,4,13,5,15,16,7,7,7,8,10,6,5,6,2,0,0,0,0,0,
512,대한통운종점 - 대한통운종점,17,대전역/중앙시장,0,1,2,14,5,6,10,8,6,20,11,19,10,12,15,8,6,7,7,0,0,0,0,0,
512,대한통운종점 - 대한통운종점,18,이스트시티아파트,0,0,1,14,7,8,12,7,9,23,12,19,11,14,10,12,7,8,6,0,0,0,0,0,
512,대한통운종점 - 대한통운종점,19,새들뫼아파트,0,0,0,5,6,10,15,8,13,26,16,20,12,15,16,11,0,0,0,0,0,0,0,0,
512,대한통운종점 - 대한통운종점,20,충남중학교,0,0,2,4,6,11,12,7,14,26,19,19,12,9,15,0,0,0,0,0,0,0,0,0,
512,대한통운종점 - 대한통운종점,21,신흥동시외버스정류소,0,0,3,13,0,6,14,0,8,24,0,18,12,15,0,0,0,0,0,0,0,0,0,0,
512,대한통운종점 - 대한통운종점,22,어진마을아파트,0,0,1,13,7,10,19,7,13,22,18,18,11,11,15,5,9,7,6,0,0,0,0,0,
512,대한통운종점 - 대한통운종점,23,효동주민센터,0,0,2,13,7,9,20,9,12,17,15,16,12,10,14,12,1,0,5,0,0,0,0,0,
512,대한통운종점 - 대한통운종점,24,천동초등학교,0,0,3,10,5,10,19,7,13,18,18,16,7,11,12,9,5,4,4,0,0,0,0,0,
512,대한통운종점 - 대한통운종점,25,천동휴먼시아,0,0,2,8,7,10,18,12,12,17,10,12,6,8,11,5,3,2,3,0,0,0,0,0,
512,대한통운종점 - 대한통운종점,26,천동주공아파트,0,0,0,7,0,5,0,0,13,7,7,0,7,6,0,8,0,0,0,0,0,0,0,0,
512,대한통운종점 - 대한통운종점,27,가오동,0,0,0,5,0,9,7,8,9,16,16,0,0,7,3,0,0,0,0,0,0,0,0,0,
512,대한통운종점 - 대한통운종점,28,가오고등학교,0,0,2,4,3,8,13,10,13,12,11,7,8,7,9,7,1,2,5,0,0,0,0,0,
512,대한통운종점 - 대한통운종점,29,홈플러스가오점,0,0,1,3,1,8,9,4,7,5,7,5,6,4,7,8,5,5,4,1,0,0,0,0,
512,대한통운종점 - 대한통운종점,30,은어송마을2단지,0,0,0,2,0,7,8,5,6,0,6,3,5,0,0,0,0,5,0,0,0,0,0,0,
512,대한통운종점 - 대한통운종점,31,은어송하늘채리버뷰,0,0,1,2,0,1,7,0,3,5,3,4,0,0,6,7,0,0,0,0,0,0,0,0,
512,대한통운종점 - 대한통운종점,32,고산사입구,0,0,2,1,0,0,8,4,4,4,3,3,0,0,0,5,0,4,0,0,0,0,0,0,
512,대한통운종점 - 대한통운종점,33,운전면허시험장,0,0,0,0,1,2,4,0,0,3,0,0,0,0,0,0,0,3,0,0,0,0,0,0,
512,대한통운종점 - 대한통운종점,34,오투그란데아파트,0,0,0,0,0,0,7,2,0,2,2,2,4,3,5,4,0,0,1,0,0,0,0,0,
512,대한통운종점 - 대한통운종점,35,산내주공아파트,0,0,0,0,0,1,5,3,0,1,0,0,3,3,3,2,5,0,1,0,0,0,0,0,
512,대한통운종점 - 대한통운종점,36,e편한세상아파트,0,0,2,0,0,0,1,2,2,0,2,2,1,0,2,1,0,4,0,0,0,0,0,0,
512,대한통운종점 - 대한통운종점,37,산내초등학교,0,0,0,1,0,0,0,0,1,0,0,1,2,0,0,0,2,1,0,0,0,0,0,0,
512,대한통운종점 - 대한통운종점,38,석천들마을아파트,0,0,3,0,2,0,0,1,0,0,1,0,0,0,2,0,1,2,0,0,0,0,0,0,
512,대한통운종점 - 대한통운종점,39,남대전물류단지,0,0,0,0,0,0,0,0,0,0,0,0,0,0,0,0,0,1,0,0,0,0,0,0,
512,대한통운종점 - 대한통운종점,40,팽나무수변공원,0,0,0,0,1,0,0,0,0,0,0,0,0,0,0,0,0,0,0,0,0,0,0,0,
512,대한통운종점 - 대한통운종점,41,동구아름다운복지관,0,0,2,0,0,0,0,0,0,0,0,0,0,0,1,0,0,0,0,0,0,0,0,0,
512,대한통운종점 - 대한통운종점,42,동구아름다운복지관,0,0,0,2,0,2,1,0,0,0,1,2,0,2,0,0,0,0,0,0,0,0,0,0,
512,대한통운종점 - 대한통운종점,43,팽나무수변공원,0,1,0,0,0,0,0,0,0,0,0,3,0,0,1,0,0,0,0,0,0,0,0,0,
512,대한통운종점 - 대한통운종점,44,남대전물류단지,0,0,0,0,0,0,0,0,0,0,0,0,0,0,0,0,1,0,1,0,0,0,0,0,
512,대한통운종점 - 대한통운종점,45,석천들마을아파트,0,0,0,1,4,1,2,2,2,0,1,5,0,0,0,0,2,0,2,0,0,0,0,0,
512,대한통운종점 - 대한통운종점,46,산내초등학교,0,0,1,0,3,2,3,0,5,0,0,6,0,2,1,3,1,0,0,0,0,0,0,0,
512,대한통운종점 - 대한통운종점,47,e편한세상아파트,0,0,1,4,4,3,5,3,4,3,4,7,1,4,2,4,0,0,0,0,0,0,0,0,
512,대한통운종점 - 대한통운종점,48,산내주공아파트,0,0,1,4,4,3,5,3,4,3,4,7,1,4,2,4,0,0,0,0,0,0,0,0,
512,대한통운종점 - 대한통운종점,49,오투그란데아파트,0,0,2,0,2,2,0,2,7,4,2,8,1,7,0,0,4,0,0,0,0,0,0,0,
512,대한통운종점 - 대한통운종점,50,운전면허시험장,0,0,0,3,3,0,0,0,7,0,0,3,0,0,0,0,0,0,0,0,0,0,0,0,
512,대한통운종점 - 대한통운종점,51,대성동,0,0,0,3,3,0,0,0,7,0,0,3,0,0,0,0,0,0,0,0,0,0,0,0,
512,대한통운종점 - 대한통운종점,52,고산사입구,0,0,3,0,0,4,7,0,8,6,3,9,0,3,0,5,3,0,0,0,0,0,0,0,
512,대한통운종점 - 대한통운종점,53,하늘채2차아파트,0,0,0,0,0,0,0,1,0,7,4,6,0,8,3,0,0,1,1,0,0,0,0,0,
512,대한통운종점 - 대한통운종점,54,남부여성가족원,0,0,0,3,0,5,0,0,0,0,5,0,0,0,3,2,0,0,0,0,0,0,0,0,
512,대한통운종점 - 대한통운종점,55,홈플러스가오점,0,0,0,6,4,4,8,2,8,10,8,13,11,15,11,7,6,3,4,0,0,0,0,0,
512,대한통운종점 - 대한통운종점,56,가오고등학교,0,0,1,4,4,4,5,5,9,10,6,13,12,17,15,5,7,3,4,0,0,0,0,0,
512,대한통운종점 - 대한통운종점,57,가오동,0,0,0,0,5,0,0,5,2,11,0,0,5,0,16,0,0,4,0,0,0,0,0,0,
512,대한통운종점 - 대한통운종점,58,천동주공아파트,0,0,0,0,0,0,0,3,0,0,0,0,0,16,0,0,8,0,0,0,0,0,0,0,
512,대한통운종점 - 대한통운종점,59,천동휴먼시아,0,0,6,7,8,7,9,6,11,11,7,17,15,0,4,6,0,3,3,0,0,0,0,0,
512,대한통운종점 - 대한통운종점,60,천동초등학교,0,0,3,6,10,0,10,8,13,12,11,15,11,13,13,8,7,2,2,0,0,0,0,0,
512,대한통운종점 - 대한통운종점,61,효동현대아파트,0,0,0,6,16,5,12,9,10,14,9,14,12,4,7,7,9,0,1,0,0,0,0,0,
512,대한통운종점 - 대한통운종점,62,신흥마을아파트정문,0,0,6,7,0,18,15,9,11,16,13,14,12,14,0,5,7,2,0,0,0,0,0,0,
512,대한통운종점 - 대한통운종점,63,신흥동시외버스정류소,0,0,0,8,11,10,16,0,10,14,0,0,0,5,0,5,8,0,2,0,0,0,0,0,
512,대한통운종점 - 대한통운종점,64,충남중학교,0,0,5,9,0,17,17,9,12,13,12,12,13,13,8,4,6,1,0,0,0,0,0,0,
512,대한통운종점 - 대한통운종점,65,충남중네거리,0,0,7,0,8,12,16,0,0,12,9,11,12,12,9,3,7,1,0,0,0,0,0,0,
512,대한통운종점 - 대한통운종점,66,대동역3번출구,0,0,6,6,6,8,10,8,10,10,9,7,7,7,8,5,7,0,0,1,0,0,0,0,
512,대한통운종점 - 대한통운종점,67,대전화병원,0,0,0,0,7,9,4,9,0,0,5,8,6,0,7,4,4,0,1,0,0,0,0,0,
512,대한통운종점 - 대한통운종점,68,중앙시장,0,0,5,0,6,3,10,0,12,6,8,6,8,7,0,3,0,0,3,0,0,0,0,0,
512,대한통운종점 - 대한통운종점,69,대전역/역전시장,0,0,2,7,4,4,8,8,6,13,12,19,17,8,6,6,3,0,2,0,0,0,0,0,
512,대한통운종점 - 대한통운종점,70,대전역,0,0,1,8,6,6,8,10,11,20,14,21,22,12,9,11,8,5,8,0,0,0,0,0,
512,대한통운종점 - 대한통운종점,71,삼성초등학교,0,0,0,7,0,0,4,0,10,0,15,10,21,11,0,0,0,9,0,0,0,0,0,0,
512,대한통운종점 - 대한통운종점,72,삼성네거리,0,0,3,0,0,5,0,0,4,10,14,23,20,0,2,10,5,0,7,0,0,0,0,0,
512,대한통운종점 - 대한통운종점,73,한밭자이아파트,0,0,0,0,2,0,7,5,8,16,14,21,19,0,7,9,3,4,6,0,0,0,0,0,
512,대한통운종점 - 대한통운종점,74,홍도동현암아파트,0,0,0,6,5,4,4,0,0,15,11,20,18,8,0,0,3,8,0,0,0,0,0,0,
512,대한통운종점 - 대한통운종점,75,홍도지하보도,0,0,0,5,6,3,5,3,5,12,10,18,13,11,1,7,0,0,4,0,0,0,0,0,
512,대한통운종점 - 대한통운종점,76,한남대학교,0,0,2,0,0,3,1,5,6,10,8,16,12,2,5,4,2,7,2,0,0,0,0,0,
512,대한통운종점 - 대한통운종점,77,오정동,0,0,0,0,4,0,0,0,0,4,6,15,0,0,0,2,0,0,0,0,0,0,0,0,
512,대한통운종점 - 대한통운종점,78,오정육교,0,0,0,0,2,0,0,1,5,0,5,14,0,10,2,1,0,3,0,0,0,0,0,0,
512,대한통운종점 - 대한통운종점,79,대전병원,0,0,1,6,4,1,3,3,0,7,1,8,11,5,4,3,0,2,4,0,0,0,0,0,
512,대한통운종점 - 대한통운종점,80,대화동육교,0,0,0,5,0,0,2,0,4,5,0,5,0,7,5,0,0,2,3,0,0,0,0,0,
512,대한통운종점 - 대한통운종점,81,대전산업단지삼거리,0,0,0,4,3,0,0,6,0,0,0,3,10,5,0,0,0,0,0,0,0,0,0,0,
512,대한통운종점 - 대한통운종점,82,읍내네거리,0,0,0,2,2,1,0,2,0,0,0,0,8,0,0,0,0,0,2,0,0,0,0,0,
512,대한통운종점 - 대한통운종점,83,회덕동주민센터,0,0,0,0,0,1,0,1,1,1,1,2,7,0,1,1,0,0,1,0,0,0,0,0,
512,대한통운종점 - 대한통운종점,84,대한통운,0,0,0,0,0,0,0,0,0,0,0,0,0,0,0,0,0,0,0,0,0,0,0,0,
512,대한통운종점 - 대한통운종점,85,대한통운종점,0,0,0,0,0,0,0,0,0,0,0,0,0,0,0,0,0,0,0,0,0,0,0,0,
513,낭월공영차고지기점 - 낭월공영차고지,1,낭월공영차고지기점,0,0,0,0,0,0,0,0,0,0,2,0,0,0,0,0,0,0,0,0,0,0,0,0,
513,낭월공영차고지기점 - 낭월공영차고지,2,낭월공영차고지,0,0,0,0,0,0,0,0,0,0,2,0,0,0,0,0,0,0,0,0,0,0,0,0,
513,낭월공영차고지기점 - 낭월공영차고지,3,남대전종합물류단지,0,0,0,0,0,1,0,0,0,0,0,0,0,1,0,0,0,1,0,0,0,0,0,0,
513,낭월공영차고지기점 - 낭월공영차고지,4,석천들마을아파트,0,0,0,0,0,0,3,1,0,3,1,1,1,2,0,0,0,3,1,0,0,0,0,0,
513,낭월공영차고지기점 - 낭월공영차고지,5,산내초등학교,0,0,0,0,1,2,6,0,1,1,3,0,4,0,1,1,0,0,1,0,0,0,0,0,
513,낭월공영차고지기점 - 낭월공영차고지,6,e편한세상아파트,0,2,0,1,0,2,9,2,2,1,4,2,6,3,5,0,1,0,2,0,0,0,0,0,
513,낭월공영차고지기점 - 낭월공영차고지,7,산내주공아파트,0,0,0,0,0,0,0,0,0,4,0,0,0,0,0,0,0,0,0,0,0,0,0,0,
513,낭월공영차고지기점 - 낭월공영차고지,8,오투그란데아파트,0,3,3,2,3,0,14,3,0,2,0,0,6,0,0,0,0,0,0,0,0,0,0,0,
513,낭월공영차고지기점 - 낭월공영차고지,9,운전면허시험장,0,0,0,0,0,0,0,3,1,2,0,0,7,0,6,0,0,0,0,0,0,0,0,0,
513,낭월공영차고지기점 - 낭월공영차고지,10,대성동,0,0,0,0,0,0,0,0,0,0,3,0,0,0,0,0,0,0,0,0,0,0,0,0,
513,낭월공영차고지기점 - 낭월공영차고지,11,대성삼거리,0,0,0,0,4,5,12,6,3,3,5,4,6,5,0,0,0,4,0,0,0,0,0,0,
513,낭월공영차고지기점 - 낭월공영차고지,12,옥계동,0,4,6,0,6,5,0,9,5,6,4,6,8,6,9,2,0,0,0,0,0,0,0,0,
513,낭월공영차고지기점 - 낭월공영차고지,13,은혜아파트,0,5,0,0,5,0,9,11,7,7,7,0,0,0,10,3,0,0,0,0,0,0,0,0,
513,낭월공영차고지기점 - 낭월공영차고지,14,호동,0,0,2,3,6,7,10,14,8,12,6,0,10,7,0,5,0,1,2,0,0,0,0,0,
513,낭월공영차고지기점 - 낭월공영차고지,15,석교치안센터,0,6,0,0,7,10,11,16,9,11,6,7,11,9,11,1,1,3,0,0,0,0,0,0,
513,낭월공영차고지기점 - 낭월공영차고지,16,석교동행정복지센터,0,0,4,5,10,13,12,17,0,9,5,8,13,12,10,6,0,0,0,0,0,0,0,0,
513,낭월공영차고지기점 - 낭월공영차고지,17,동명중학교,0,0,7,6,9,13,15,17,0,10,9,6,0,14,11,2,7,0,0,0,0,0,0,0,
513,낭월공영차고지기점 - 낭월공영차고지,18,부사오거리,0,0,5,0,10,12,16,21,12,8,8,9,9,15,11,3,2,2,1,0,0,0,0,0,
513,낭월공영차고지기점 - 낭월공영차고지,19,한밭종합운동장,0,0,6,7,11,10,15,18,11,4,9,10,13,31,12,0,13,0,0,0,0,0,0,0,
513,낭월공영차고지기점 - 낭월공영차고지,20,오토바이거리,0,0,5,7,9,11,14,19,14,7,7,12,12,33,14,5,0,5,0,0,0,0,0,0,
513,낭월공영차고지기점 - 낭월공영차고지,21,대흥동네거리,0,0,5,8,8,10,15,16,13,6,9,15,12,34,15,7,5,7,0,0,0,0,0,0,
513,낭월공영차고지기점 - 낭월공영차고지,22,대고오거리,0,0,0,5,7,0,13,15,0,7,10,0,13,18,14,0,4,0,0,0,0,0,0,0,
513,낭월공영차고지기점 - 낭월공영차고지,23,성모병원,0,0,5,0,6,6,10,14,0,6,9,14,11,30,11,10,0,0,0,0,0,0,0,0,
513,낭월공영차고지기점 - 낭월공영차고지,24,대전충남병무청,0,0,2,6,7,8,9,10,12,6,5,11,9,26,11,10,12,0,2,0,0,0,0,0,
513,낭월공영차고지기점 - 낭월공영차고지,25,서대전네거리역3번출구,0,0,4,5,6,7,11,9,8,7,6,9,9,14,8,10,13,3,6,0,0,0,0,0,
513,낭월공영차고지기점 - 낭월공영차고지,26,문화동삼익아파트,0,0,2,1,1,3,10,8,7,6,7,7,7,13,2,5,13,0,8,0,0,0,0,0,
513,낭월공영차고지기점 - 낭월공영차고지,27,센트럴파크1단지,0,0,0,4,0,7,0,5,8,4,2,3,9,0,7,0,12,0,0,0,0,0,0,0,
513,낭월공영차고지기점 - 낭월공영차고지,28,동산중고등학교,0,0,0,0,7,4,11,7,8,5,8,6,6,9,1,9,4,0,5,0,0,0,0,0,
513,낭월공영차고지기점 - 낭월공영차고지,29,문화초등학교,0,0,0,0,6,4,10,5,7,4,9,5,4,10,0,7,0,0,0,0,0,0,0,0,
513,낭월공영차고지기점 - 낭월공영차고지,30,산성우성아파트,0,0,1,2,4,7,11,0,0,4,8,6,3,6,6,8,9,0,4,0,0,0,0,0,
513,낭월공영차고지기점 - 낭월공영차고지,31,문성초등학교입구,0,0,2,3,5,10,5,5,0,0,9,8,0,5,7,0,0,0,0,0,0,0,0,0,
513,낭월공영차고지기점 - 낭월공영차고지,32,머티네거리,0,0,3,0,4,9,12,6,0,5,9,3,7,2,6,0,9,2,0,0,0,0,0,0,
513,낭월공영차고지기점 - 낭월공영차고지,33,산성동행정복지센터,0,0,0,0,5,6,7,0,5,4,7,2,3,4,6,7,6,0,3,0,0,0,0,0,
513,낭월공영차고지기점 - 낭월공영차고지,34,산성네거리,0,0,4,4,7,7,8,8,4,8,8,2,5,4,2,4,4,0,2,0,0,0,0,0,
513,낭월공영차고지기점 - 낭월공영차고지,35,산성초등학교,0,0,0,3,0,0,6,9,0,0,0,1,0,0,1,3,2,0,1,0,0,0,0,0,
513,낭월공영차고지기점 - 낭월공영차고지,36,사정동,0,0,3,0,0,2,6,7,5,8,9,0,1,3,0,0,0,0,0,0,0,0,0,0,
513,낭월공영차고지기점 - 낭월공영차고지,37,우남스타원아파트,0,0,0,2,0,1,5,6,5,6,5,0,0,3,0,2,0,0,0,0,0,0,0,0,
513,낭월공영차고지기점 - 낭월공영차고지,38,농산물유통센터,0,0,1,0,3,0,5,4,2,2,1,0,0,0,0,1,5,0,0,0,0,0,0,0,
513,낭월공영차고지기점 - 낭월공영차고지,39,안영생활체육단지,0,0,0,0,0,0,3,0,0,0,0,0,0,0,0,0,3,0,0,0,0,0,0,0,
513,낭월공영차고지기점 - 낭월공영차고지,40,한빛고교,0,0,0,0,0,0,3,0,0,0,0,0,0,0,0,0,3,0,0,0,0,0,0,0,
513,낭월공영차고지기점 - 낭월공영차고지,41,안영동검바위마을,0,0,0,0,0,1,0,0,0,0,0,0,0,0,0,0,0,0,0,0,0,0,0,0,
513,낭월공영차고지기점 - 낭월공영차고지,42,안영동검바위마을,0,0,0,0,0,0,0,0,0,0,0,0,0,0,0,0,0,0,0,0,0,0,0,0,
513,낭월공영차고지기점 - 낭월공영차고지,43,한빛고교,0,0,0,0,0,0,0,0,1,0,1,0,0,0,0,0,0,0,0,0,0,0,0,0,
513,낭월공영차고지기점 - 낭월공영차고지,44,안영생활체육단지,0,0,0,0,0,0,0,0,1,0,1,0,0,0,0,0,0,0,0,0,0,0,0,0,
513,낭월공영차고지기점 - 낭월공영차고지,45,농산물유통센터,0,0,0,2,0,3,2,1,4,6,7,9,2,8,3,0,3,0,1,0,0,0,0,0,
513,낭월공영차고지기점 - 낭월공영차고지,46,우남스타원아파트,0,0,1,0,0,4,0,0,5,6,0,4,4,9,0,1,0,0,0,0,0,0,0,0,
513,낭월공영차고지기점 - 낭월공영차고지,47,사정동,0,0,2,2,2,5,0,0,4,7,4,10,8,8,4,0,2,0,0,0,0,0,0,0,
513,낭월공영차고지기점 - 낭월공영차고지,48,산성초등학교,0,0,0,3,4,3,1,0,0,0,6,9,10,7,0,0,3,0,0,0,0,0,0,0,
513,낭월공영차고지기점 - 낭월공영차고지,49,산성네거리,0,0,4,2,5,7,3,1,3,9,0,6,8,11,4,4,2,1,0,0,0,0,0,0,
513,낭월공영차고지기점 - 낭월공영차고지,50,산성시장,0,0,4,0,8,9,9,4,6,12,7,4,10,3,7,5,4,1,0,0,0,0,0,0,
513,낭월공영차고지기점 - 낭월공영차고지,51,문성초등학교입구,0,0,0,0,7,10,9,5,9,10,9,10,11,9,0,4,0,0,0,0,0,0,0,0,
513,낭월공영차고지기점 - 낭월공영차고지,52,산성우성아파트,0,2,0,2,0,11,9,6,11,13,12,13,12,8,7,0,5,0,0,0,0,0,0,0,
513,낭월공영차고지기점 - 낭월공영차고지,53,문화초등학교,0,0,0,3,0,0,5,0,12,0,12,4,13,0,0,5,0,0,1,0,0,0,0,0,
513,낭월공영차고지기점 - 낭월공영차고지,54,문화육교,0,0,4,1,5,0,6,7,13,15,14,0,12,7,0,6,6,0,0,0,0,0,0,0,
513,낭월공영차고지기점 - 낭월공영차고지,55,동산중고등학교,0,0,5,3,7,0,0,9,15,17,13,0,2,6,4,5,0,0,1,0,0,0,0,0,
513,낭월공영차고지기점 - 낭월공영차고지,56,센트럴파크1단지,0,3,0,5,6,12,7,11,8,18,15,14,4,0,0,7,5,1,0,0,0,0,0,0,
513,낭월공영차고지기점 - 낭월공영차고지,57,서대전역네거리,0,4,7,3,8,7,11,11,15,18,13,16,14,9,7,7,7,2,2,0,0,0,0,0,
513,낭월공영차고지기점 - 낭월공영차고지,58,서대전네거리역2번출구,0,0,5,7,8,8,12,13,11,18,13,13,12,9,8,8,11,2,4,0,0,0,0,0,
513,낭월공영차고지기점 - 낭월공영차고지,59,대전충남병무청,0,0,6,7,8,7,19,13,12,13,16,16,8,8,9,7,7,3,0,0,0,0,0,0,
513,낭월공영차고지기점 - 낭월공영차고지,60,성모병원,0,0,0,0,0,0,21,12,10,19,17,5,0,0,5,8,0,3,0,0,0,0,0,0,
513,낭월공영차고지기점 - 낭월공영차고지,61,성모오거리,0,0,0,6,10,7,0,0,9,20,17,11,14,8,10,8,0,0,0,0,0,0,0,0,
513,낭월공영차고지기점 - 낭월공영차고지,62,대전고등학교,0,0,0,0,8,6,0,11,3,12,16,6,0,0,11,9,0,2,0,0,0,0,0,0,
513,낭월공영차고지기점 - 낭월공영차고지,63,대흥동네거리,0,0,0,6,7,0,15,0,0,19,14,10,7,8,11,0,8,0,0,0,0,0,0,0,
513,낭월공영차고지기점 - 낭월공영차고지,64,오토바이거리,0,0,7,5,7,7,20,9,11,15,9,11,11,6,10,8,7,5,3,0,0,0,0,0,
513,낭월공영차고지기점 - 낭월공영차고지,65,한밭종합운동장,0,0,4,3,4,4,13,7,1,10,6,7,12,9,11,7,0,0,0,0,0,0,0,0,
513,낭월공영차고지기점 - 낭월공영차고지,66,부사오거리,0,0,3,3,3,8,12,7,1,11,6,7,11,10,8,9,11,3,0,0,0,0,0,0,
513,낭월공영차고지기점 - 낭월공영차고지,67,동명중학교,0,0,0,3,0,10,13,0,0,9,0,6,11,8,1,0,8,3,0,0,0,0,0,0,
513,낭월공영차고지기점 - 낭월공영차고지,68,석교동행정복지센터,0,0,1,0,0,13,13,6,0,6,5,5,8,7,5,8,3,3,2,0,0,0,0,0,
513,낭월공영차고지기점 - 낭월공영차고지,69,석교치안센터,0,0,0,2,1,0,12,5,2,11,0,4,10,5,0,0,0,0,1,0,0,0,0,0,
513,낭월공영차고지기점 - 낭월공영차고지,70,호동,0,0,0,0,2,0,11,4,0,9,3,0,8,4,0,4,7,0,0,0,0,0,0,0,
513,낭월공영차고지기점 - 낭월공영차고지,71,은혜아파트,0,0,0,4,1,9,8,4,5,0,2,2,9,5,0,0,0,5,0,0,0,0,0,0,
513,낭월공영차고지기점 - 낭월공영차고지,72,옥계동,0,0,0,3,0,9,7,3,2,2,0,0,8,4,3,3,2,0,0,0,0,0,0,0,
513,낭월공영차고지기점 - 낭월공영차고지,73,옥계교,0,0,2,0,0,0,6,2,5,6,0,2,0,3,0,2,4,0,2,0,0,0,0,0,
513,낭월공영차고지기점 - 낭월공영차고지,74,대성삼거리,0,0,0,0,2,7,4,1,12,5,0,0,4,0,4,0,1,0,0,0,0,0,0,0,
513,낭월공영차고지기점 - 낭월공영차고지,75,운전면허시험장,0,0,0,1,0,6,0,0,11,2,0,0,7,0,0,0,3,0,0,0,0,0,0,0,
513,낭월공영차고지기점 - 낭월공영차고지,76,오투그란데아파트,0,0,0,0,1,5,0,0,8,0,0,0,0,0,6,1,0,0,0,0,0,0,0,0,
513,낭월공영차고지기점 - 낭월공영차고지,77,산내주공아파트,0,0,0,0,0,0,2,0,0,0,1,0,6,2,5,0,2,3,1,0,0,0,0,0,
513,낭월공영차고지기점 - 낭월공영차고지,78,e편한세상아파트,0,0,0,0,2,1,0,0,9,0,0,0,4,0,1,0,0,1,0,0,0,0,0,0,
513,낭월공영차고지기점 - 낭월공영차고지,79,산내초등학교,0,0,0,0,0,0,1,1,8,0,0,0,2,0,1,0,0,0,0,0,0,0,0,0,
513,낭월공영차고지기점 - 낭월공영차고지,80,석천들마을아파트,0,0,0,0,0,0,0,0,0,0,0,1,0,0,0,0,1,0,0,0,0,0,0,0,
513,낭월공영차고지기점 - 낭월공영차고지,81,남대전종합물류단지,0,0,0,0,0,0,0,0,0,0,0,0,0,0,0,0,0,0,0,0,0,0,0,0,
513,낭월공영차고지기점 - 낭월공영차고지,82,낭월공영차고지,0,0,0,0,0,0,0,0,0,0,0,0,0,0,0,0,0,0,0,0,0,0,0,0,
514,낭월공영차고지기점 - 낭월공영차고지,1,낭월공영차고지기점,0,0,0,0,0,0,0,0,0,0,0,0,0,0,0,0,0,0,0,0,0,0,0,0,
514,낭월공영차고지기점 - 낭월공영차고지,2,낭월공영차고지,0,0,0,0,0,0,0,0,0,0,0,0,0,0,0,0,0,0,0,0,0,0,0,0,
514,낭월공영차고지기점 - 낭월공영차고지,3,남대전종합물류단지,0,0,1,0,0,0,2,1,1,0,0,0,1,0,0,0,0,1,0,0,0,0,0,0,
514,낭월공영차고지기점 - 낭월공영차고지,4,석천들마을아파트,0,0,1,0,1,1,2,3,2,1,2,0,2,1,0,0,0,0,0,0,0,0,0,0,
514,낭월공영차고지기점 - 낭월공영차고지,5,산내초등학교,0,0,0,0,3,0,3,2,2,3,3,3,0,2,0,2,1,0,0,0,0,0,0,0,
514,낭월공영차고지기점 - 낭월공영차고지,6,e편한세상아파트,0,0,2,0,4,3,4,5,4,6,4,5,3,6,1,1,0,0,1,0,0,0,0,0,
514,낭월공영차고지기점 - 낭월공영차고지,7,산내주공아파트,0,0,2,0,4,3,4,5,4,6,4,5,3,6,1,1,0,0,1,0,0,0,0,0,
514,낭월공영차고지기점 - 낭월공영차고지,8,오투그란데아파트,0,0,0,1,0,5,6,5,7,6,7,6,4,7,0,0,2,0,1,0,0,0,0,0,
514,낭월공영차고지기점 - 낭월공영차고지,9,운전면허시험장,0,0,0,0,0,0,0,4,0,7,0,4,0,8,0,0,0,0,0,0,0,0,0,0,
514,낭월공영차고지기점 - 낭월공영차고지,10,대성동,0,0,0,0,0,0,0,0,0,6,0,0,0,7,0,0,0,0,0,0,0,0,0,0,
514,낭월공영차고지기점 - 낭월공영차고지,11,고산사입구,0,0,0,1,0,3,8,5,10,6,6,7,0,5,0,0,0,0,0,0,0,0,0,0,
514,낭월공영차고지기점 - 낭월공영차고지,12,하늘채2차아파트,0,0,1,0,5,4,4,0,10,7,7,0,7,0,0,0,0,0,0,0,0,0,0,0,
514,낭월공영차고지기점 - 낭월공영차고지,13,은어송초등학교,0,0,2,3,7,8,5,6,11,7,6,8,8,6,0,2,0,2,2,0,0,0,0,0,
514,낭월공영차고지기점 - 낭월공영차고지,14,은어송마을2단지,0,1,4,4,1,14,11,10,15,10,7,13,0,3,7,4,0,0,0,0,0,0,0,0,
514,낭월공영차고지기점 - 낭월공영차고지,15,홈플러스가오점,0,0,0,5,8,14,11,12,17,11,8,16,8,9,10,6,3,6,0,0,0,0,0,0,
514,낭월공영차고지기점 - 낭월공영차고지,16,은어송마을5단지,0,0,5,9,10,16,14,16,16,15,13,18,10,11,14,10,4,12,3,0,0,0,0,0,
514,낭월공영차고지기점 - 낭월공영차고지,17,은어송마을4단지,0,1,8,5,13,16,15,17,15,19,18,20,10,12,15,12,6,13,3,0,0,0,0,0,
514,낭월공영차고지기점 - 낭월공영차고지,18,은어송마을3단지후문,0,3,9,13,14,18,0,19,17,19,21,21,4,12,4,0,0,6,0,0,0,0,0,0,
514,낭월공영차고지기점 - 낭월공영차고지,19,은어송마을6단지,0,4,10,7,0,5,16,21,19,22,24,22,12,13,16,6,0,14,1,0,0,0,0,0,
514,낭월공영차고지기점 - 낭월공영차고지,20,동구청,0,6,10,14,15,17,18,22,20,29,28,25,12,17,19,13,7,9,5,0,0,0,0,0,
514,낭월공영차고지기점 - 낭월공영차고지,21,판암역네거리,0,8,7,12,10,16,15,20,17,22,23,23,15,14,3,11,8,14,5,0,0,0,0,0,
514,낭월공영차고지기점 - 낭월공영차고지,22,판암근린공원,0,7,3,11,0,0,13,12,0,21,24,11,0,13,0,0,0,0,7,0,0,0,0,0,
514,낭월공영차고지기점 - 낭월공영차고지,23,신흥역,0,0,7,8,9,5,12,17,15,16,20,16,12,9,17,0,3,12,5,0,0,0,0,0,
514,낭월공영차고지기점 - 낭월공영차고지,24,신흥마을아파트,0,0,8,10,11,9,12,18,15,18,17,15,14,9,16,11,7,11,2,0,0,0,0,0,
514,낭월공영차고지기점 - 낭월공영차고지,25,동부경찰서,0,8,11,14,5,20,14,18,15,19,8,16,15,10,15,0,0,10,5,0,0,0,0,0,
514,낭월공영차고지기점 - 낭월공영차고지,26,신인동주민센터,0,7,0,10,13,22,13,20,16,17,18,15,16,12,14,9,2,6,4,0,0,0,0,0,
514,낭월공영차고지기점 - 낭월공영차고지,27,원동네거리,0,4,0,6,6,25,12,19,20,17,18,17,11,9,14,12,0,9,3,0,0,0,0,0,
514,낭월공영차고지기점 - 낭월공영차고지,28,대전역/역전시장,0,5,7,10,13,19,13,20,22,19,21,26,17,12,13,13,8,9,13,0,0,0,0,0,
514,낭월공영차고지기점 - 낭월공영차고지,29,목척교,0,0,6,11,11,17,14,22,22,17,23,33,27,17,17,14,14,12,14,0,0,0,0,0,
514,낭월공영차고지기점 - 낭월공영차고지,30,중앙로역9번출구,0,0,5,0,10,18,14,18,23,17,21,44,31,25,22,18,22,14,16,0,0,0,0,0,
514,낭월공영차고지기점 - 낭월공영차고지,31,중앙로역8번출구,0,0,0,11,8,15,12,19,12,24,18,45,34,26,24,0,22,16,0,0,0,0,0,0,
514,낭월공영차고지기점 - 낭월공영차고지,32,대전여상,0,0,3,10,7,13,10,17,13,23,20,44,33,24,23,19,19,8,15,0,0,0,0,0,
514,낭월공영차고지기점 - 낭월공영차고지,33,선화동천주교회,0,0,2,5,10,14,9,14,14,15,19,41,32,25,8,18,15,16,13,2,0,0,0,0,
514,낭월공영차고지기점 - 낭월공영차고지,34,중앙중고등학교,0,0,5,4,10,13,10,12,15,17,17,13,38,22,0,15,18,14,14,0,0,0,0,0,
514,낭월공영차고지기점 - 낭월공영차고지,35,중촌초등학교,0,0,4,3,6,14,12,13,3,16,19,16,25,19,21,16,13,0,13,0,0,0,0,0,
514,낭월공영차고지기점 - 낭월공영차고지,36,남선공원네거리,0,0,4,0,8,6,0,12,13,17,17,17,34,17,19,15,13,17,6,0,0,0,0,0,
514,낭월공영차고지기점 - 낭월공영차고지,37,남선공원종합체육관,0,0,3,3,7,12,10,12,11,11,15,15,29,13,20,15,8,14,9,0,0,0,0,0,
514,낭월공영차고지기점 - 낭월공영차고지,38,문정초등학교,0,0,2,2,0,9,8,10,10,13,11,15,28,11,20,12,9,12,7,0,0,0,0,0,
514,낭월공영차고지기점 - 낭월공영차고지,39,국화아파트,0,0,0,0,6,6,8,9,9,13,10,13,24,13,13,10,6,9,6,0,0,0,0,0,
514,낭월공영차고지기점 - 낭월공영차고지,40,햇님아파트,0,0,0,3,0,5,8,10,6,15,9,11,24,12,14,6,5,8,0,0,0,0,0,0,
514,낭월공영차고지기점 - 낭월공영차고지,41,법원.검찰청,0,0,3,3,7,0,0,9,10,0,0,0,13,11,13,0,1,0,0,0,0,0,0,0,
514,낭월공영차고지기점 - 낭월공영차고지,42,서구청,0,0,1,1,0,0,7,0,4,14,5,0,0,10,0,0,0,0,0,0,0,0,0,0,
514,낭월공영차고지기점 - 낭월공영차고지,43,이마트,0,0,2,0,0,5,6,5,7,11,9,9,20,0,11,5,0,6,7,1,0,0,0,0,
514,낭월공영차고지기점 - 낭월공영차고지,44,파랑새아파트,0,0,0,0,6,4,4,0,3,13,10,0,19,0,5,7,4,3,5,0,0,0,0,0,
514,낭월공영차고지기점 - 낭월공영차고지,45,무지개아파트,0,0,0,0,8,3,3,4,5,0,12,8,15,9,9,5,3,2,3,0,0,0,0,0,
514,낭월공영차고지기점 - 낭월공영차고지,46,황실타운아파트,0,0,0,0,7,0,2,4,1,6,11,7,16,7,8,6,4,4,2,2,0,0,0,0,
514,낭월공영차고지기점 - 낭월공영차고지,47,월평주공아파트,0,0,0,0,6,2,2,1,5,2,7,4,11,5,5,3,2,0,3,0,0,0,0,0,
514,낭월공영차고지기점 - 낭월공영차고지,48,백합네거리,0,0,0,2,5,3,1,0,5,2,5,3,10,4,2,1,1,0,0,0,0,0,0,0,
514,낭월공영차고지기점 - 낭월공영차고지,49,정부대전청사서문,0,0,0,0,4,2,3,0,1,0,4,0,7,3,0,0,0,0,0,0,0,0,0,0,
514,낭월공영차고지기점 - 낭월공영차고지,50,강변아파트,0,0,0,0,0,0,0,0,0,0,0,0,1,0,0,0,1,0,0,0,0,0,0,0,
514,낭월공영차고지기점 - 낭월공영차고지,51,둔천초등학교,0,0,0,0,1,0,0,0,0,0,0,0,0,0,0,0,0,0,0,0,0,0,0,0,
514,낭월공영차고지기점 - 낭월공영차고지,52,둔천초등학교,0,0,0,0,1,0,0,0,0,0,0,0,0,0,0,0,0,0,0,0,0,0,0,0,
514,낭월공영차고지기점 - 낭월공영차고지,53,서구보건소,0,1,0,1,0,3,1,4,1,5,8,6,2,7,3,0,2,3,0,0,0,0,0,0,
514,낭월공영차고지기점 - 낭월공영차고지,54,무궁화아파트,0,0,0,0,0,0,0,3,2,9,7,6,3,0,0,1,0,0,1,0,0,0,0,0,
514,낭월공영차고지기점 - 낭월공영차고지,55,한아름아파트,0,0,0,0,0,5,2,1,2,12,10,8,3,9,0,0,3,2,2,0,0,0,0,0,
514,낭월공영차고지기점 - 낭월공영차고지,56,월평주공아파트,0,3,2,3,3,10,7,10,5,18,9,10,6,10,4,0,0,1,0,0,0,0,0,0,
514,낭월공영차고지기점 - 낭월공영차고지,57,누리아파트,0,4,3,5,0,4,10,12,12,19,7,11,8,11,6,3,0,0,0,0,0,0,0,0,
514,낭월공영차고지기점 - 낭월공영차고지,58,누리아파트후문,0,0,0,6,0,12,13,0,13,18,8,12,10,2,0,0,0,0,0,0,0,0,0,0,
514,낭월공영차고지기점 - 낭월공영차고지,59,향촌아파트,0,5,4,2,3,14,14,5,14,7,5,13,7,12,7,0,2,0,0,0,0,0,0,0,
514,낭월공영차고지기점 - 낭월공영차고지,60,이마트,0,7,2,2,2,0,12,11,10,17,9,14,9,15,10,4,6,5,3,0,0,0,0,0,
514,낭월공영차고지기점 - 낭월공영차고지,61,서구청,0,0,0,0,4,0,10,0,0,16,0,17,0,0,0,0,6,0,0,0,0,0,0,0,
514,낭월공영차고지기점 - 낭월공영차고지,62,법원.검찰청,0,8,0,3,0,6,11,12,9,0,0,0,8,0,9,0,0,0,0,0,0,0,0,0,
514,낭월공영차고지기점 - 낭월공영차고지,63,한마루아파트,0,0,0,7,6,15,12,13,12,13,8,11,18,18,8,4,0,0,4,0,0,0,0,0,
514,낭월공영차고지기점 - 낭월공영차고지,64,한밭초등학교,0,1,3,8,8,17,16,17,20,15,11,14,14,16,6,6,9,0,2,0,0,0,0,0,
514,낭월공영차고지기점 - 낭월공영차고지,65,탄방중학교,0,3,9,9,9,18,17,20,23,15,13,17,15,19,9,7,6,4,0,0,0,0,0,0,
514,낭월공영차고지기점 - 낭월공영차고지,66,남선공원종합체육관,0,0,7,11,9,17,18,25,15,20,22,19,14,30,9,11,8,3,2,0,0,0,0,0,
514,낭월공영차고지기점 - 낭월공영차고지,67,남선공원네거리,0,6,10,12,6,19,17,26,24,23,23,22,0,29,9,14,0,4,3,0,0,0,0,0,
514,낭월공영차고지기점 - 낭월공영차고지,68,중촌초등학교,0,8,11,7,7,23,17,26,27,26,25,20,15,26,26,13,10,2,3,0,0,0,0,0,
514,낭월공영차고지기점 - 낭월공영차고지,69,중촌동행정복지센터,0,0,12,14,10,24,20,20,32,22,30,18,12,0,26,10,11,6,0,0,0,0,0,0,
514,낭월공영차고지기점 - 낭월공영차고지,70,세명요양병원,0,10,11,19,12,23,21,17,33,23,31,19,12,18,10,12,13,7,5,0,0,0,0,0,
514,낭월공영차고지기점 - 낭월공영차고지,71,대전여상,0,0,0,18,12,0,22,21,22,0,29,0,16,0,11,0,0,5,0,0,0,0,0,0,
514,낭월공영차고지기점 - 낭월공영차고지,72,중앙로역7번출구,0,0,10,7,0,15,22,19,29,22,21,18,11,17,25,11,0,8,0,0,0,0,0,0,
514,낭월공영차고지기점 - 낭월공영차고지,73,으능정이거리,0,0,7,15,10,17,17,19,29,24,16,13,17,16,20,20,12,11,6,0,0,0,0,0,
514,낭월공영차고지기점 - 낭월공영차고지,74,대전역,0,0,6,7,7,11,14,11,12,14,11,16,15,16,16,16,11,12,8,0,0,0,0,0,
514,낭월공영차고지기점 - 낭월공영차고지,75,중앙시장,0,0,4,11,7,9,13,10,11,15,16,20,21,21,18,18,13,10,0,2,0,0,0,0,
514,낭월공영차고지기점 - 낭월공영차고지,76,원동네거리,0,0,0,7,5,10,13,10,10,14,9,21,21,22,16,12,12,9,9,0,0,0,0,0,
514,낭월공영차고지기점 - 낭월공영차고지,77,인동네거리,0,0,3,8,0,9,12,6,11,13,15,19,18,25,17,12,11,8,0,1,0,0,0,0,
514,낭월공영차고지기점 - 낭월공영차고지,78,동부경찰서,0,0,1,7,4,8,10,0,10,7,0,17,19,14,0,16,7,11,8,0,0,0,0,0,
514,낭월공영차고지기점 - 낭월공영차고지,79,신흥마을아파트후문,0,0,4,7,8,9,8,10,11,13,17,16,16,19,11,14,10,10,7,0,0,0,0,0,
514,낭월공영차고지기점 - 낭월공영차고지,80,신흥역,0,0,5,6,9,0,5,0,12,15,12,19,12,19,10,13,12,12,0,0,0,0,0,0,
514,낭월공영차고지기점 - 낭월공영차고지,81,판암근린공원,0,0,0,5,0,5,6,0,14,0,15,24,0,0,0,12,11,14,2,0,0,0,0,0,
514,낭월공영차고지기점 - 낭월공영차고지,82,미리내아파트,0,0,2,2,7,8,8,10,16,17,17,22,0,21,17,14,10,7,7,0,0,0,0,0,
514,낭월공영차고지기점 - 낭월공영차고지,83,동구청,0,0,0,0,4,6,6,9,15,14,15,21,11,10,16,13,10,12,8,0,0,0,0,0,
514,낭월공영차고지기점 - 낭월공영차고지,84,은어송마을6단지,0,0,4,6,3,0,5,0,7,14,0,17,9,18,13,12,6,11,7,0,0,0,0,0,
514,낭월공영차고지기점 - 낭월공영차고지,85,은어송마을3단지후문,0,0,0,5,2,5,0,9,0,14,11,15,8,15,0,11,0,8,6,3,0,0,0,0,
514,낭월공영차고지기점 - 낭월공영차고지,86,은어송마을3단지,0,0,3,1,2,9,6,0,0,11,0,12,12,14,9,10,4,7,5,1,0,0,0,0,
514,낭월공영차고지기점 - 낭월공영차고지,87,은어송마을5단지,0,0,0,4,1,10,6,6,0,9,7,11,9,10,8,8,3,3,4,0,0,0,0,0,
514,낭월공영차고지기점 - 낭월공영차고지,88,홈플러스가오점,0,0,2,0,2,3,0,6,4,6,6,12,4,8,6,8,6,6,4,0,0,0,0,0,
514,낭월공영차고지기점 - 낭월공영차고지,89,은어송마을1단지,0,0,0,0,0,8,8,0,0,2,5,11,1,6,7,4,0,0,3,0,0,0,0,0,
514,낭월공영차고지기점 - 낭월공영차고지,90,은어송초등학교,0,0,0,3,0,0,7,5,2,5,4,10,3,3,7,7,0,5,0,0,0,0,0,0,
514,낭월공영차고지기점 - 낭월공영차고지,91,은어송하늘채리버뷰,0,0,0,1,0,7,0,0,0,4,1,8,0,0,0,8,0,2,0,0,0,0,0,0,
514,낭월공영차고지기점 - 낭월공영차고지,92,고산사입구,0,0,0,0,1,5,0,4,4,5,1,9,1,0,5,6,4,4,3,0,0,0,0,0,
514,낭월공영차고지기점 - 낭월공영차고지,93,운전면허시험장,0,0,0,0,0,0,4,0,0,4,0,8,0,0,0,5,1,1,0,0,0,0,0,0,
514,낭월공영차고지기점 - 낭월공영차고지,94,오투그란데아파트,0,0,1,0,0,0,0,0,0,0,0,6,0,1,0,4,3,2,0,0,0,0,0,0,
514,낭월공영차고지기점 - 낭월공영차고지,95,산내주공아파트,0,0,0,0,1,1,3,0,3,0,0,5,0,2,2,3,0,1,0,0,0,0,0,0,
514,낭월공영차고지기점 - 낭월공영차고지,96,e편한세상아파트,0,0,0,0,0,3,2,2,0,2,2,4,0,0,0,2,1,1,2,0,0,0,0,0,
514,낭월공영차고지기점 - 낭월공영차고지,97,산내초등학교,0,0,0,0,0,0,0,0,0,0,0,2,0,0,0,0,0,0,1,0,0,0,0,0,
514,낭월공영차고지기점 - 낭월공영차고지,98,석천들마을아파트,0,0,0,0,0,0,0,1,0,0,0,0,0,0,0,0,0,0,0,0,0,0,0,0,
514,낭월공영차고지기점 - 낭월공영차고지,99,남대전종합물류단지,0,0,0,0,0,0,0,0,0,0,0,0,0,0,0,0,0,0,0,0,0,0,0,0,
514,낭월공영차고지기점 - 낭월공영차고지,100,낭월공영차고지,0,0,0,0,0,0,0,0,0,0,0,0,0,0,0,0,0,0,0,0,0,0,0,0,
52,대전역동광장종점 - 대전역동광장종점,1,대전역동광장종점,0,0,0,0,0,0,0,0,0,0,0,0,0,0,0,0,0,0,0,0,0,0,0,0,
52,대전역동광장종점 - 대전역동광장종점,2,대전역동광장종점,0,0,0,0,0,0,0,0,0,0,0,0,0,0,0,0,0,0,0,0,0,0,0,0,
52,대전역동광장종점 - 대전역동광장종점,3,중앙시장,0,0,0,0,2,0,0,1,0,0,1,0,0,2,0,0,0,0,0,0,0,0,0,0,
52,대전역동광장종점 - 대전역동광장종점,4,원동네거리,0,0,0,0,2,0,0,1,0,0,1,0,0,2,0,0,0,0,0,0,0,0,0,0,
52,대전역동광장종점 - 대전역동광장종점,5,대흥교,0,0,0,0,3,0,0,0,0,0,0,0,0,0,0,0,0,0,0,0,0,0,0,0,
52,대전역동광장종점 - 대전역동광장종점,6,오토바이거리,0,0,0,0,0,0,0,0,0,0,0,0,0,0,3,0,0,0,0,0,0,0,0,0,
52,대전역동광장종점 - 대전역동광장종점,7,한밭종합운동장,0,0,0,0,0,0,0,0,0,0,0,0,0,0,2,0,0,0,0,0,0,0,0,0,
52,대전역동광장종점 - 대전역동광장종점,8,부사오거리,0,1,0,0,4,0,0,0,0,0,0,0,0,0,0,0,0,2,0,0,0,0,0,0,
52,대전역동광장종점 - 대전역동광장종점,9,동명중학교,0,1,0,0,4,0,0,0,0,0,0,0,0,0,0,0,0,2,0,0,0,0,0,0,
52,대전역동광장종점 - 대전역동광장종점,10,석교동행정복지센터,0,0,0,0,0,0,0,0,0,0,0,4,0,0,0,0,0,3,0,0,0,0,0,0,
52,대전역동광장종점 - 대전역동광장종점,11,석교치안센터,0,0,0,0,0,0,0,0,0,0,0,4,0,0,0,0,0,3,0,0,0,0,0,0,
52,대전역동광장종점 - 대전역동광장종점,12,가오동,0,0,0,0,0,0,0,0,0,0,0,4,0,0,0,0,0,3,0,0,0,0,0,0,
52,대전역동광장종점 - 대전역동광장종점,13,가오고등학교,0,0,0,0,0,0,0,0,0,0,0,4,0,0,0,0,0,2,0,0,0,0,0,0,
52,대전역동광장종점 - 대전역동광장종점,14,가오동네거리,0,0,0,0,0,5,0,0,4,0,0,3,0,0,0,0,0,0,0,0,0,0,0,0,
52,대전역동광장종점 - 대전역동광장종점,15,남대전변전소,0,0,0,0,0,0,0,0,3,0,0,6,0,0,0,0,0,0,0,0,0,0,0,0,
52,대전역동광장종점 - 대전역동광장종점,16,은어송초등학교,0,0,2,0,0,8,0,0,2,0,0,0,0,0,0,0,0,0,0,0,0,0,0,0,
52,대전역동광장종점 - 대전역동광장종점,17,은어송하늘채리버뷰,0,0,0,0,0,0,0,0,0,0,0,5,0,0,0,0,0,0,0,0,0,0,0,0,
52,대전역동광장종점 - 대전역동광장종점,18,고산사입구,0,0,0,0,0,9,0,0,0,0,0,3,0,0,1,0,0,0,0,0,0,0,0,0,
52,대전역동광장종점 - 대전역동광장종점,19,운전면허시험장,0,0,0,0,0,9,0,0,0,0,0,3,0,0,1,0,0,0,0,0,0,0,0,0,
52,대전역동광장종점 - 대전역동광장종점,20,면허시험장,0,0,1,0,0,0,0,0,0,0,0,2,0,0,0,0,0,0,0,0,0,0,0,0,
52,대전역동광장종점 - 대전역동광장종점,21,이사동입구,0,0,0,0,0,5,0,0,0,0,0,0,0,0,0,0,0,0,0,0,0,0,0,0,
52,대전역동광장종점 - 대전역동광장종점,22,안대별,0,0,0,0,0,5,0,0,0,0,0,0,0,0,0,0,0,0,0,0,0,0,0,0,
52,대전역동광장종점 - 대전역동광장종점,23,온누리노인요양원,0,0,0,0,0,5,0,0,0,0,0,0,0,0,0,0,0,0,0,0,0,0,0,0,
52,대전역동광장종점 - 대전역동광장종점,24,이사동하사,0,0,0,0,0,4,0,0,1,0,0,0,0,0,0,0,0,0,0,0,0,0,0,0,
52,대전역동광장종점 - 대전역동광장종점,25,이사동,0,0,0,0,0,6,1,0,0,0,0,0,0,0,0,0,0,0,0,0,0,0,0,0,
52,대전역동광장종점 - 대전역동광장종점,26,이사동상사,0,0,0,0,0,4,4,0,1,1,0,0,1,0,0,0,0,0,0,0,0,0,0,0,
52,대전역동광장종점 - 대전역동광장종점,27,이사동,0,0,0,0,0,4,4,0,1,1,0,0,1,0,0,0,0,0,0,0,0,0,0,0,
52,대전역동광장종점 - 대전역동광장종점,28,이사동하사,0,0,0,0,0,0,5,0,0,2,0,0,2,0,0,0,0,0,0,0,0,0,0,0,
52,대전역동광장종점 - 대전역동광장종점,29,온누리노인요양원,0,0,0,0,0,0,5,0,0,2,0,0,2,0,0,0,0,0,0,0,0,0,0,0,
52,대전역동광장종점 - 대전역동광장종점,30,안대별,0,0,0,0,0,0,5,0,0,2,0,0,2,0,0,0,0,0,0,0,0,0,0,0,
52,대전역동광장종점 - 대전역동광장종점,31,이사동입구,0,0,0,0,0,3,0,0,2,0,0,0,0,0,0,0,0,0,0,0,0,0,0,0,
52,대전역동광장종점 - 대전역동광장종점,32,면허시험장,0,0,0,0,0,0,0,0,1,0,0,0,0,0,0,0,0,0,0,0,0,0,0,0,
52,대전역동광장종점 - 대전역동광장종점,33,오투그란데아파트,0,0,0,0,0,0,0,0,1,0,0,0,0,0,0,0,0,0,0,0,0,0,0,0,
52,대전역동광장종점 - 대전역동광장종점,34,산내주공아파트,0,0,0,0,0,2,0,0,0,0,0,0,0,0,0,0,0,0,0,0,0,0,0,0,
52,대전역동광장종점 - 대전역동광장종점,35,e편한세상아파트,0,0,0,0,0,0,0,0,0,0,0,0,0,0,0,0,0,0,0,0,0,0,0,0,
52,대전역동광장종점 - 대전역동광장종점,36,산내초등학교,0,0,0,0,0,0,0,0,0,0,0,0,0,0,0,0,0,0,0,0,0,0,0,0,
52,대전역동광장종점 - 대전역동광장종점,37,구도동,0,0,0,0,0,0,0,0,0,0,0,0,0,0,0,0,0,0,0,0,0,0,0,0,
52,대전역동광장종점 - 대전역동광장종점,38,삼괴동/덕산마을,0,0,0,0,0,0,0,0,0,0,0,0,0,0,0,0,0,0,0,0,0,0,0,0,
52,대전역동광장종점 - 대전역동광장종점,39,삼괴동/송촌마을,0,0,0,0,0,0,0,0,0,0,0,0,0,0,0,0,0,0,0,0,0,0,0,0,
52,대전역동광장종점 - 대전역동광장종점,40,공주마을,0,0,0,0,0,0,0,0,0,0,0,0,0,0,0,0,0,0,0,0,0,0,0,0,
52,대전역동광장종점 - 대전역동광장종점,41,소룡골입구,0,0,0,0,0,0,0,0,1,0,0,0,0,0,0,0,0,0,0,0,0,0,0,0,
52,대전역동광장종점 - 대전역동광장종점,42,하소룡골,0,0,0,0,0,0,0,0,1,0,0,0,0,0,0,0,0,0,0,0,0,0,0,0,
52,대전역동광장종점 - 대전역동광장종점,43,상소룡골,0,0,0,0,0,1,0,0,0,0,0,0,0,0,0,0,0,0,0,0,0,0,0,0,
52,대전역동광장종점 - 대전역동광장종점,44,상소룡골,0,0,0,0,0,1,0,0,0,0,0,0,0,0,0,0,0,0,0,0,0,0,0,0,
52,대전역동광장종점 - 대전역동광장종점,45,하소룡골,0,0,0,0,0,0,1,0,0,0,0,0,0,0,0,0,0,0,0,0,0,0,0,0,
52,대전역동광장종점 - 대전역동광장종점,46,산정마을입구,0,0,0,0,0,0,1,0,0,0,0,0,0,0,0,0,0,0,0,0,0,0,0,0,
52,대전역동광장종점 - 대전역동광장종점,47,산정마을종점,0,0,0,0,0,0,0,0,0,0,0,0,0,0,0,0,0,0,0,0,0,0,0,0,
52,대전역동광장종점 - 대전역동광장종점,48,산정마을종점(출발),0,0,0,0,0,0,0,0,0,0,0,0,0,0,0,0,0,0,0,0,0,0,0,0,
52,대전역동광장종점 - 대전역동광장종점,49,산정마을입구,0,0,0,0,0,0,0,0,0,0,0,0,0,0,0,0,0,0,0,0,0,0,0,0,
52,대전역동광장종점 - 대전역동광장종점,50,구완동,0,0,0,0,0,0,0,0,0,0,0,0,0,0,0,0,0,0,0,0,0,0,0,0,
52,대전역동광장종점 - 대전역동광장종점,51,하소룡골,0,0,0,0,0,0,0,0,0,0,0,0,0,0,0,0,0,0,0,0,0,0,0,0,
52,대전역동광장종점 - 대전역동광장종점,52,상소룡골,0,0,0,0,0,0,0,0,0,0,0,0,0,0,0,0,0,0,0,0,0,0,0,0,
52,대전역동광장종점 - 대전역동광장종점,53,상소룡골,0,0,0,0,0,0,0,0,0,0,0,0,0,0,0,0,0,0,0,0,0,0,0,0,
52,대전역동광장종점 - 대전역동광장종점,54,하소룡골,0,0,0,0,0,0,0,0,0,0,0,0,0,0,0,0,0,0,0,0,0,0,0,0,
52,대전역동광장종점 - 대전역동광장종점,55,소룡골입구,0,0,0,0,0,0,0,0,0,0,0,0,0,0,0,0,0,0,0,0,0,0,0,0,
52,대전역동광장종점 - 대전역동광장종점,56,공주마을,0,0,0,1,0,0,0,0,0,0,0,0,0,0,0,0,0,0,0,0,0,0,0,0,
52,대전역동광장종점 - 대전역동광장종점,57,삼괴동/송촌마을,0,0,0,1,0,0,0,0,0,0,0,0,0,0,0,0,0,0,0,0,0,0,0,0,
52,대전역동광장종점 - 대전역동광장종점,58,삼괴동/덕산마을,0,0,0,1,0,0,0,0,0,0,0,0,0,0,0,0,0,0,0,0,0,0,0,0,
52,대전역동광장종점 - 대전역동광장종점,59,구도동,0,0,0,1,0,0,0,0,0,0,0,0,0,0,0,0,0,0,0,0,0,0,0,0,
52,대전역동광장종점 - 대전역동광장종점,60,산내초등학교,0,0,0,0,0,0,0,0,0,0,0,0,0,0,0,0,0,0,0,0,0,0,0,0,
52,대전역동광장종점 - 대전역동광장종점,61,e편한세상아파트,0,0,0,0,0,0,0,0,0,0,0,0,0,0,0,0,0,0,0,0,0,0,0,0,
52,대전역동광장종점 - 대전역동광장종점,62,산내주공아파트,0,0,0,0,0,0,0,0,0,0,0,0,0,0,0,0,0,0,0,0,0,0,0,0,
52,대전역동광장종점 - 대전역동광장종점,63,오투그란데아파트,0,0,0,0,0,0,0,0,0,0,0,0,0,0,0,0,0,0,0,0,0,0,0,0,
52,대전역동광장종점 - 대전역동광장종점,64,면허시험장,0,0,0,0,0,0,0,0,0,0,0,0,0,0,0,0,0,0,0,0,0,0,0,0,
52,대전역동광장종점 - 대전역동광장종점,65,이사동입구,0,0,0,0,0,0,0,0,0,0,0,0,0,0,0,0,0,0,0,0,0,0,0,0,
52,대전역동광장종점 - 대전역동광장종점,66,안대별,0,0,0,0,0,0,0,0,0,0,0,0,0,0,0,0,0,0,0,0,0,0,0,0,
52,대전역동광장종점 - 대전역동광장종점,67,온누리노인요양원,0,0,0,0,0,0,0,0,0,0,0,0,0,0,0,0,0,0,0,0,0,0,0,0,
52,대전역동광장종점 - 대전역동광장종점,68,이사동하사,0,0,0,0,0,0,0,0,0,0,0,0,0,0,0,0,0,0,0,0,0,0,0,0,
52,대전역동광장종점 - 대전역동광장종점,69,이사동,0,0,0,0,0,0,0,0,0,0,0,0,0,0,0,0,0,0,0,0,0,0,0,0,
52,대전역동광장종점 - 대전역동광장종점,70,이사동상사,0,0,0,0,0,0,0,0,0,0,0,0,0,0,0,0,0,0,0,0,0,0,0,0,
52,대전역동광장종점 - 대전역동광장종점,71,이사동,0,0,0,0,0,0,0,0,0,0,0,0,0,0,0,0,0,0,0,0,0,0,0,0,
52,대전역동광장종점 - 대전역동광장종점,72,이사동하사,0,0,0,0,0,0,0,0,0,0,0,0,0,0,0,0,0,0,0,0,0,0,0,0,
52,대전역동광장종점 - 대전역동광장종점,73,온누리노인요양원,0,0,0,0,0,0,0,0,0,0,0,0,0,0,0,0,0,0,0,0,0,0,0,0,
52,대전역동광장종점 - 대전역동광장종점,74,안대별,0,0,0,0,0,0,0,0,0,0,0,0,0,0,0,0,0,0,0,0,0,0,0,0,
52,대전역동광장종점 - 대전역동광장종점,75,이사동입구,0,0,0,0,0,0,0,0,0,0,0,0,0,0,0,0,0,0,0,0,0,0,0,0,
52,대전역동광장종점 - 대전역동광장종점,76,면허시험장,0,0,0,0,0,0,0,0,0,0,0,0,0,0,0,0,0,0,0,0,0,0,0,0,
52,대전역동광장종점 - 대전역동광장종점,77,운전면허시험장,0,0,0,0,0,0,4,0,0,3,0,0,0,0,0,0,0,0,0,0,0,0,0,0,
52,대전역동광장종점 - 대전역동광장종점,78,대성동,0,0,0,0,0,0,4,0,0,3,0,0,0,0,0,0,0,0,0,0,0,0,0,0,
52,대전역동광장종점 - 대전역동광장종점,79,고산사입구,0,0,0,0,0,0,3,0,0,5,0,0,0,0,0,0,0,0,0,0,0,0,0,0,
52,대전역동광장종점 - 대전역동광장종점,80,하늘채2차아파트,0,0,0,0,0,0,3,0,0,5,0,0,0,0,0,0,0,0,0,0,0,0,0,0,
52,대전역동광장종점 - 대전역동광장종점,81,은어송초등학교,0,0,0,0,0,0,0,0,0,7,0,0,0,0,0,0,0,0,0,0,0,0,0,0,
52,대전역동광장종점 - 대전역동광장종점,82,남대전변전소,0,0,0,0,0,0,2,0,0,0,0,0,0,0,0,0,0,0,0,0,0,0,0,0,
52,대전역동광장종점 - 대전역동광장종점,83,가오동네거리,0,0,0,0,0,0,2,0,0,0,0,0,0,0,0,0,0,0,0,0,0,0,0,0,
52,대전역동광장종점 - 대전역동광장종점,84,가오고등학교,0,0,0,0,0,0,1,0,0,0,5,0,0,0,0,0,1,0,0,0,0,0,0,0,
52,대전역동광장종점 - 대전역동광장종점,85,가오동,0,0,0,0,0,0,1,0,0,0,5,0,0,0,0,0,1,0,0,0,0,0,0,0,
52,대전역동광장종점 - 대전역동광장종점,86,석교치안센터,0,0,0,0,0,0,1,0,0,0,5,0,0,0,0,0,1,0,0,0,0,0,0,0,
52,대전역동광장종점 - 대전역동광장종점,87,석교동행정복지센터,0,0,0,1,0,0,2,0,0,0,7,0,0,0,0,0,0,0,0,0,0,0,0,0,
52,대전역동광장종점 - 대전역동광장종점,88,동명중학교,0,0,0,2,0,0,0,0,0,0,0,0,0,0,0,0,0,0,0,0,0,0,0,0,
52,대전역동광장종점 - 대전역동광장종점,89,부사오거리,0,0,0,0,0,0,1,0,0,0,4,0,2,0,0,0,0,0,0,0,0,0,0,0,
52,대전역동광장종점 - 대전역동광장종점,90,한밭종합운동장,0,0,0,3,0,0,0,0,0,0,5,0,7,0,0,0,0,0,0,0,0,0,0,0,
52,대전역동광장종점 - 대전역동광장종점,91,오토바이거리,0,0,0,0,0,0,0,0,0,0,4,0,0,0,0,0,0,0,0,0,0,0,0,0,
52,대전역동광장종점 - 대전역동광장종점,92,대흥교,0,0,0,0,0,0,0,0,0,0,4,0,0,0,0,0,0,0,0,0,0,0,0,0,
52,대전역동광장종점 - 대전역동광장종점,93,원동네거리,0,0,0,0,0,0,0,0,0,0,0,0,0,0,0,0,0,0,0,0,0,0,0,0,
52,대전역동광장종점 - 대전역동광장종점,94,대전역/역전시장,0,0,0,0,0,0,0,0,0,0,0,0,0,2,0,0,0,0,0,0,0,0,0,0,
52,대전역동광장종점 - 대전역동광장종점,95,대전역동광장,0,0,0,0,0,0,0,0,0,0,0,0,0,0,0,0,0,0,0,0,0,0,0,0,
52,대전역동광장종점 - 대전역동광장종점,96,대전역동광장종점,0,0,0,0,0,0,0,0,0,0,0,0,0,0,0,0,0,0,0,0,0,0,0,0,
60,대전역동광장종점 - 대전역동광장종점,1,대전역동광장종점,0,0,1,0,0,0,0,0,3,0,0,0,0,0,0,0,0,0,0,0,0,0,0,0,
60,대전역동광장종점 - 대전역동광장종점,2,대전역동광장종점,0,0,1,0,0,0,0,0,3,0,0,0,0,0,0,0,0,0,0,0,0,0,0,0,
60,대전역동광장종점 - 대전역동광장종점,3,중앙동주민센터,0,0,1,0,0,0,0,0,3,0,0,0,0,0,0,0,0,0,0,0,0,0,0,0,
60,대전역동광장종점 - 대전역동광장종점,4,대성여자고등학교,0,0,1,0,0,0,0,0,3,0,0,0,0,0,0,0,0,0,0,0,0,0,0,0,
60,대전역동광장종점 - 대전역동광장종점,5,성남네거리,0,0,3,1,1,0,0,0,0,2,0,0,0,2,0,0,0,0,0,0,0,0,0,0,
60,대전역동광장종점 - 대전역동광장종점,6,삼성초등학교,0,0,0,0,0,0,0,0,0,3,0,0,1,3,0,0,0,1,0,0,0,0,0,0,
60,대전역동광장종점 - 대전역동광장종점,7,대전역,0,0,0,0,3,1,0,0,0,0,0,0,0,4,0,0,0,2,0,0,0,0,0,0,
60,대전역동광장종점 - 대전역동광장종점,8,중앙시장,0,0,6,7,9,6,0,4,5,8,0,7,2,3,1,0,0,0,1,0,0,0,0,0,
60,대전역동광장종점 - 대전역동광장종점,9,원동네거리,0,0,0,0,0,0,0,5,0,0,0,0,0,0,0,0,0,0,0,0,0,0,0,0,
60,대전역동광장종점 - 대전역동광장종점,10,인동네거리,0,0,0,0,0,0,0,5,0,0,0,0,0,0,0,0,0,0,0,0,0,0,0,0,
60,대전역동광장종점 - 대전역동광장종점,11,동부경찰서,0,0,0,0,0,0,0,0,0,0,0,4,0,0,0,0,0,0,0,0,0,0,0,0,
60,대전역동광장종점 - 대전역동광장종점,12,신흥마을아파트후문,0,0,0,0,10,0,0,7,6,9,0,4,0,3,0,0,0,1,0,0,0,0,0,0,
60,대전역동광장종점 - 대전역동광장종점,13,신흥역,0,0,0,0,0,7,0,0,5,8,0,0,0,2,0,0,0,0,0,0,0,0,0,0,
60,대전역동광장종점 - 대전역동광장종점,14,판암근린공원,0,0,0,0,0,0,0,0,0,8,0,0,0,0,0,0,0,0,0,0,0,0,0,0,
60,대전역동광장종점 - 대전역동광장종점,15,미리내아파트,0,0,7,0,0,0,0,6,0,9,0,2,0,0,0,0,0,0,0,0,0,0,0,0,
60,대전역동광장종점 - 대전역동광장종점,16,판암역,0,0,7,0,11,9,0,11,7,15,0,0,6,5,0,0,1,3,1,0,0,0,0,0,
60,대전역동광장종점 - 대전역동광장종점,17,판암네거리,0,0,0,0,0,0,0,0,0,0,14,0,0,0,0,0,0,0,0,0,0,0,0,0,
60,대전역동광장종점 - 대전역동광장종점,18,판암차량기지,0,0,0,0,0,0,0,0,0,0,14,0,0,0,0,0,0,0,0,0,0,0,0,0,
60,대전역동광장종점 - 대전역동광장종점,19,삼정동,0,0,0,0,0,0,0,0,0,0,14,0,0,0,0,0,0,0,0,0,0,0,0,0,
60,대전역동광장종점 - 대전역동광장종점,20,비룡동입구,0,0,0,0,0,0,0,0,0,0,14,0,0,0,0,0,0,0,0,0,0,0,0,0,
60,대전역동광장종점 - 대전역동광장종점,21,비룡/줄골,0,0,5,5,0,0,8,10,0,0,13,0,4,0,0,0,0,0,0,0,0,0,0,0,
60,대전역동광장종점 - 대전역동광장종점,22,비룡/새동네,0,0,0,0,10,0,7,11,0,0,0,0,0,0,0,0,0,0,0,0,0,0,0,0,
60,대전역동광장종점 - 대전역동광장종점,23,비룡교차로,0,0,4,0,8,0,0,0,0,0,0,0,0,0,0,0,0,0,0,0,0,0,0,0,
60,대전역동광장종점 - 대전역동광장종점,24,금성마을,0,0,4,0,8,0,0,0,0,0,0,0,0,0,0,0,0,0,0,0,0,0,0,0,
60,대전역동광장종점 - 대전역동광장종점,25,주산동/상촌,0,0,0,0,7,0,0,9,9,0,12,0,0,0,4,0,0,0,0,0,0,0,0,0,
60,대전역동광장종점 - 대전역동광장종점,26,원주산.양지말,0,0,0,4,0,0,0,0,0,0,0,0,0,0,3,0,0,0,0,0,0,0,0,0,
60,대전역동광장종점 - 대전역동광장종점,27,추동취수장,0,0,0,3,5,0,6,8,6,0,0,0,3,0,2,0,0,0,0,0,0,0,0,0,
60,대전역동광장종점 - 대전역동광장종점,28,동명초등학교,0,0,1,0,3,0,0,5,0,0,0,0,0,0,0,0,0,0,0,0,0,0,0,0,
60,대전역동광장종점 - 대전역동광장종점,29,대청호자연생태관,0,0,0,0,0,0,5,0,5,0,11,0,0,0,0,0,0,0,0,0,0,0,0,0,
60,대전역동광장종점 - 대전역동광장종점,30,중말,0,0,0,0,0,0,0,0,0,0,10,1,0,0,1,0,0,0,0,0,0,0,0,0,
60,대전역동광장종점 - 대전역동광장종점,31,대청호자연생태관,0,0,0,0,2,1,0,0,1,0,1,0,0,0,0,0,0,0,0,0,0,0,0,0,
60,대전역동광장종점 - 대전역동광장종점,32,동명초등학교,0,0,0,0,0,0,0,0,0,0,0,0,2,0,0,0,0,1,0,0,0,0,0,0,
60,대전역동광장종점 - 대전역동광장종점,33,중추마을/가래울,0,0,0,0,0,2,0,0,0,0,8,0,1,0,0,0,0,0,0,0,0,0,0,0,
60,대전역동광장종점 - 대전역동광장종점,34,마산B지구,0,0,3,4,0,0,3,1,4,0,5,0,0,0,0,0,0,0,0,0,0,0,0,0,
60,대전역동광장종점 - 대전역동광장종점,35,마산/진등날,0,0,0,3,0,0,0,0,0,0,0,0,0,0,0,0,0,0,0,0,0,0,0,0,
60,대전역동광장종점 - 대전역동광장종점,36,원마산,0,0,2,0,0,0,0,0,2,0,0,0,0,0,0,0,0,0,0,0,0,0,0,0,
60,대전역동광장종점 - 대전역동광장종점,37,효평고개소공원,0,0,2,0,0,0,0,0,2,0,0,0,0,0,0,0,0,0,0,0,0,0,0,0,
60,대전역동광장종점 - 대전역동광장종점,38,구래뜰,0,0,0,2,0,0,0,0,0,0,0,0,0,0,0,0,0,0,0,0,0,0,0,0,
60,대전역동광장종점 - 대전역동광장종점,39,효평동,0,0,1,0,0,0,2,0,0,0,0,0,0,0,0,0,0,0,0,0,0,0,0,0,
60,대전역동광장종점 - 대전역동광장종점,40,효평마루,0,0,0,1,0,0,0,0,0,0,4,0,0,0,0,0,0,0,0,0,0,0,0,0,
60,대전역동광장종점 - 대전역동광장종점,41,효평삼거리,0,0,0,0,0,0,0,0,0,0,2,0,0,0,0,0,0,0,0,0,0,0,0,0,
60,대전역동광장종점 - 대전역동광장종점,42,직동종점,0,0,0,0,1,0,0,0,0,1,0,3,0,0,0,0,0,0,0,0,0,0,0,0,
60,대전역동광장종점 - 대전역동광장종점,43,직동종점,0,0,0,0,1,0,0,0,0,1,0,3,0,0,0,0,0,0,0,0,0,0,0,0,
60,대전역동광장종점 - 대전역동광장종점,44,효평삼거리,0,0,0,0,2,1,0,2,0,0,0,5,0,0,0,0,0,0,0,0,0,0,0,0,
60,대전역동광장종점 - 대전역동광장종점,45,효평마루,0,0,0,0,0,0,0,0,0,2,1,0,0,1,0,0,0,0,0,0,0,0,0,0,
60,대전역동광장종점 - 대전역동광장종점,46,효평동,0,0,0,0,0,0,1,4,0,5,0,0,0,0,0,0,0,0,0,0,0,0,0,0,
60,대전역동광장종점 - 대전역동광장종점,47,구래뜰,0,0,0,0,0,0,1,4,0,5,0,0,0,0,0,0,0,0,0,0,0,0,0,0,
60,대전역동광장종점 - 대전역동광장종점,48,효평고개소공원,0,0,0,0,0,0,1,4,0,5,0,0,0,0,0,0,0,0,0,0,0,0,0,0,
60,대전역동광장종점 - 대전역동광장종점,49,원마산,0,0,2,0,1,0,0,0,0,0,0,0,11,0,1,0,0,0,0,0,0,0,0,0,
60,대전역동광장종점 - 대전역동광장종점,50,마산/진등날,0,0,0,0,0,0,0,0,0,0,2,0,0,0,0,0,0,0,0,0,0,0,0,0,
60,대전역동광장종점 - 대전역동광장종점,51,마산B지구,0,0,0,0,0,0,2,0,0,0,6,0,17,5,3,0,0,0,0,0,0,0,0,0,
60,대전역동광장종점 - 대전역동광장종점,52,중추마을/가래울,0,0,0,0,0,0,0,0,0,6,9,0,0,0,0,0,0,0,0,0,0,0,0,0,
60,대전역동광장종점 - 대전역동광장종점,53,동명초등학교,0,0,0,0,0,0,0,0,0,6,9,0,0,0,0,0,0,0,0,0,0,0,0,0,
60,대전역동광장종점 - 대전역동광장종점,54,대청호자연생태관,0,0,0,0,0,0,0,0,0,6,9,0,0,0,0,0,0,0,0,0,0,0,0,0,
60,대전역동광장종점 - 대전역동광장종점,55,중말,0,0,0,0,0,0,0,0,0,6,9,0,0,0,0,0,0,0,0,0,0,0,0,0,
60,대전역동광장종점 - 대전역동광장종점,56,대청호자연생태관,0,0,0,0,0,0,0,0,0,6,9,0,0,0,0,0,0,0,0,0,0,0,0,0,
60,대전역동광장종점 - 대전역동광장종점,57,동명초등학교,0,0,0,0,0,0,0,0,0,0,0,0,18,0,0,1,0,0,0,0,0,0,0,0,
60,대전역동광장종점 - 대전역동광장종점,58,추동취수장,0,0,0,0,0,2,4,0,0,7,4,0,0,6,0,0,0,0,0,0,0,0,0,0,
60,대전역동광장종점 - 대전역동광장종점,59,원주산.양지말,0,0,0,1,0,0,5,0,0,0,0,0,0,7,0,0,0,0,0,0,0,0,0,0,
60,대전역동광장종점 - 대전역동광장종점,60,주산동/상촌,0,0,0,0,3,0,6,0,0,0,0,0,0,8,0,0,0,1,0,0,0,0,0,0,
60,대전역동광장종점 - 대전역동광장종점,61,금성마을,0,0,0,0,3,0,6,0,0,0,0,0,0,8,0,0,0,1,0,0,0,0,0,0,
60,대전역동광장종점 - 대전역동광장종점,62,비룡교차로,0,0,0,0,0,3,0,0,0,8,5,0,0,0,0,0,0,0,0,0,0,0,0,0,
60,대전역동광장종점 - 대전역동광장종점,63,비룡/새동네,0,0,0,0,0,3,0,0,0,8,5,0,0,0,0,0,0,0,0,0,0,0,0,0,
60,대전역동광장종점 - 대전역동광장종점,64,비룡/줄골,0,0,2,0,0,0,0,0,0,0,6,0,0,0,0,0,0,0,0,0,0,0,0,0,
60,대전역동광장종점 - 대전역동광장종점,65,대전동신과학고,0,0,0,0,4,0,8,0,0,0,0,9,0,0,4,0,0,0,0,0,0,0,0,0,
60,대전역동광장종점 - 대전역동광장종점,66,삼정동,0,0,0,0,5,0,8,0,0,0,0,0,0,0,0,0,0,0,0,0,0,0,0,0,
60,대전역동광장종점 - 대전역동광장종점,67,판암차량기지,0,0,0,0,5,0,8,0,0,0,0,0,0,0,0,0,0,0,0,0,0,0,0,0,
60,대전역동광장종점 - 대전역동광장종점,68,판암IC,0,0,0,0,0,0,0,0,0,0,0,0,0,6,0,0,0,0,0,0,0,0,0,0,
60,대전역동광장종점 - 대전역동광장종점,69,판암네거리,0,0,0,0,4,0,0,0,3,0,0,0,17,0,0,0,0,0,0,0,0,0,0,0,
60,대전역동광장종점 - 대전역동광장종점,70,판암역,0,0,4,0,4,1,0,0,1,6,0,8,11,5,2,0,0,0,0,0,0,0,0,0,
60,대전역동광장종점 - 대전역동광장종점,71,판암역네거리,0,0,0,0,0,0,0,6,0,0,0,0,0,0,1,0,0,0,0,0,0,0,0,0,
60,대전역동광장종점 - 대전역동광장종점,72,판암근린공원,0,0,5,0,0,0,0,0,0,0,0,0,0,5,0,0,0,0,0,0,0,0,0,0,
60,대전역동광장종점 - 대전역동광장종점,73,신흥역,0,0,0,0,0,0,0,7,0,0,0,0,0,0,0,0,0,0,0,0,0,0,0,0,
60,대전역동광장종점 - 대전역동광장종점,74,신흥마을아파트,0,0,0,0,5,0,0,7,2,0,0,0,0,0,0,0,0,0,0,0,0,0,0,0,
60,대전역동광장종점 - 대전역동광장종점,75,동부경찰서,0,0,0,0,0,2,0,0,0,0,0,5,0,4,0,0,0,0,0,0,0,0,0,0,
60,대전역동광장종점 - 대전역동광장종점,76,신인동주민센터,0,0,4,0,4,0,0,7,0,0,0,6,14,0,0,0,0,0,0,0,0,0,0,0,
60,대전역동광장종점 - 대전역동광장종점,77,원동네거리,0,0,3,0,0,0,0,6,2,5,0,0,13,0,0,0,0,0,0,0,0,0,0,0,
60,대전역동광장종점 - 대전역동광장종점,78,대전역/역전시장,0,0,1,0,0,0,0,0,0,2,0,1,4,1,0,0,0,0,0,0,0,0,0,0,
60,대전역동광장종점 - 대전역동광장종점,79,대전역/하나은행,0,0,1,0,0,0,0,0,0,2,0,1,4,1,0,0,0,0,0,0,0,0,0,0,
60,대전역동광장종점 - 대전역동광장종점,80,삼성네거리,0,0,0,0,0,0,0,0,0,1,0,0,0,0,0,0,0,0,0,0,0,0,0,0,
60,대전역동광장종점 - 대전역동광장종점,81,계룡디지텍고입구,0,0,0,0,0,0,1,0,0,0,0,0,0,0,0,0,0,0,0,0,0,0,0,0,
60,대전역동광장종점 - 대전역동광장종점,82,성남네거리,0,0,0,0,0,0,0,0,0,0,0,0,3,0,0,0,0,0,0,0,0,0,0,0,
60,대전역동광장종점 - 대전역동광장종점,83,대성여자고등학교,0,0,0,0,0,0,0,0,0,0,0,0,0,0,0,0,0,0,0,0,0,0,0,0,
60,대전역동광장종점 - 대전역동광장종점,84,중앙동주민센터,0,0,0,0,0,0,0,0,0,0,0,0,0,0,0,0,0,0,0,0,0,0,0,0,
60,대전역동광장종점 - 대전역동광장종점,85,대전역동광장종점,0,0,0,0,0,0,0,0,0,0,0,0,0,0,0,0,0,0,0,0,0,0,0,0,
601,비래동종점 - 비래동종점,1,비래동종점,0,0,1,0,1,1,0,0,0,0,0,2,1,0,0,2,0,0,0,0,0,0,0,0,
601,비래동종점 - 비래동종점,2,비래동,0,1,0,1,0,2,0,1,1,3,1,3,0,2,0,0,1,0,0,0,0,0,0,0,
601,비래동종점 - 비래동종점,3,만남웨딩홀,0,0,0,3,3,5,3,4,6,4,2,7,2,3,0,0,3,0,0,0,0,0,0,0,
601,비래동종점 - 비래동종점,4,비래검문소,0,3,2,3,1,6,3,6,8,0,8,5,3,5,3,4,5,3,1,0,0,0,0,0,
601,비래동종점 - 비래동종점,5,한신휴플러스,0,6,0,6,2,8,5,8,7,3,9,8,4,0,2,5,8,0,0,0,0,0,0,0,
601,비래동종점 - 비래동종점,6,적십자혈액원,0,7,0,5,4,7,6,9,0,0,0,0,0,0,2,0,6,0,0,0,0,0,0,0,
601,비래동종점 - 비래동종점,7,동부네거리,0,5,0,6,4,6,9,14,7,5,10,11,9,5,4,5,13,9,4,0,0,0,0,0,
601,비래동종점 - 비래동종점,8,복합터미널,0,6,2,11,7,12,19,17,14,13,16,22,21,16,15,22,24,27,14,0,0,0,0,0,
601,비래동종점 - 비래동종점,9,홍도지하차도,0,7,1,13,9,14,22,19,15,15,17,21,24,19,16,24,24,26,15,0,0,0,0,0,
601,비래동종점 - 비래동종점,10,현암교,0,0,3,14,11,16,22,20,15,14,16,19,23,26,10,13,21,16,11,0,0,0,0,0,
601,비래동종점 - 비래동종점,11,중촌네거리,0,0,9,13,9,14,20,18,13,16,14,17,23,24,0,11,23,24,14,0,0,0,0,0,
601,비래동종점 - 비래동종점,12,목동네거리,0,0,8,9,11,13,23,18,11,13,19,15,22,23,13,12,21,21,14,0,0,0,0,0,
601,비래동종점 - 비래동종점,13,대성중고등학교,0,0,7,4,8,11,24,17,10,12,20,13,22,0,24,12,20,21,15,4,0,0,0,0,
601,비래동종점 - 비래동종점,14,오룡역6번출구,0,0,6,0,6,10,16,15,10,11,13,11,17,19,25,10,17,19,14,0,0,0,0,0,
601,비래동종점 - 비래동종점,15,오룡역3번출구,0,0,6,9,0,14,18,15,10,12,19,10,26,20,24,16,18,20,13,0,0,0,0,0,
601,비래동종점 - 비래동종점,16,태평1동주민센터,0,0,7,8,7,10,18,13,8,11,13,9,25,16,17,16,14,18,11,0,0,0,0,0,
601,비래동종점 - 비래동종점,17,태평오거리,0,0,8,7,5,13,19,13,7,10,10,9,23,15,18,16,14,16,11,0,0,0,0,0,
601,비래동종점 - 비래동종점,18,가장교오거리,0,0,0,1,5,0,17,11,0,13,9,6,21,14,0,15,13,12,10,3,0,0,0,0,
601,비래동종점 - 비래동종점,19,가장제일장로교회,0,0,7,0,0,0,12,9,0,12,0,0,8,0,5,14,13,11,0,0,0,0,0,0,
601,비래동종점 - 비래동종점,20,내동초등학교,0,0,8,4,7,11,19,11,8,11,11,5,18,9,15,12,11,12,8,0,0,0,0,0,
601,비래동종점 - 비래동종점,21,내동네거리,0,0,0,5,8,9,17,10,7,0,12,7,16,7,13,12,12,11,8,2,0,0,0,0,
601,비래동종점 - 비래동종점,22,서중학교입구,0,0,7,3,7,10,15,0,7,14,11,9,18,5,12,3,5,10,7,0,0,0,0,0,
601,비래동종점 - 비래동종점,23,코오롱아파트,0,0,8,2,7,12,19,10,6,20,10,8,13,8,12,2,9,9,7,0,0,0,0,0,
601,비래동종점 - 비래동종점,24,옥녀봉체육공원,0,0,7,0,5,6,15,6,12,19,4,6,12,11,11,11,10,8,5,1,0,0,0,0,
601,비래동종점 - 비래동종점,25,어울림하트12단지,0,0,0,0,0,5,0,0,0,16,0,3,4,10,12,0,5,7,4,0,0,0,0,0,
601,비래동종점 - 비래동종점,26,목원대네거리,0,0,6,2,3,10,6,5,9,11,2,2,3,5,9,5,5,4,8,3,0,0,0,0,
601,비래동종점 - 비래동종점,27,법원등기국,0,0,0,2,6,4,2,5,5,9,0,4,7,3,3,9,4,0,7,0,0,0,0,0,
601,비래동종점 - 비래동종점,28,아이파크시티,0,0,0,0,4,4,1,4,5,5,1,4,0,5,0,6,4,2,3,2,0,0,0,0,
601,비래동종점 - 비래동종점,29,상대네거리,0,0,0,1,4,2,0,0,4,0,0,5,2,5,4,0,2,1,0,0,0,0,0,0,
601,비래동종점 - 비래동종점,30,트리풀시티9단지,0,0,1,0,0,3,0,0,3,4,1,4,6,4,0,1,3,1,2,1,0,0,0,0,
601,비래동종점 - 비래동종점,31,도안센트럴시티,0,0,0,0,5,3,0,0,0,1,3,0,4,3,3,1,2,0,0,0,0,0,0,0,
601,비래동종점 - 비래동종점,32,진터네거리,0,0,0,0,0,0,0,0,0,0,0,0,0,2,0,0,0,2,0,0,0,0,0,0,
601,비래동종점 - 비래동종점,33,유성고등학교,0,0,0,0,6,2,0,2,3,0,2,3,2,0,0,0,0,0,0,0,0,0,0,0,
601,비래동종점 - 비래동종점,34,유성생명과학고등학교,0,0,0,0,4,1,0,5,1,0,0,4,1,0,0,0,0,1,0,0,0,0,0,0,
601,비래동종점 - 비래동종점,35,구암동,0,0,0,0,0,0,0,0,2,0,0,0,0,0,0,0,0,0,0,0,0,0,0,0,
601,비래동종점 - 비래동종점,36,유성구보건소,0,0,0,0,0,1,0,0,0,1,1,1,0,1,0,0,0,0,0,0,0,0,0,0,
601,비래동종점 - 비래동종점,37,구암동기점지,0,0,0,0,1,1,0,1,0,0,2,1,1,1,1,0,0,0,1,0,0,0,0,0,
601,비래동종점 - 비래동종점,38,유성구보건소,0,0,0,0,3,2,0,0,0,0,0,2,0,2,0,0,0,0,0,0,0,0,0,0,
601,비래동종점 - 비래동종점,39,구암동,0,0,0,0,4,0,0,0,0,1,0,2,1,0,0,3,0,0,0,0,0,0,0,0,
601,비래동종점 - 비래동종점,40,유성생명과학고등학교,0,0,0,0,1,0,0,0,0,0,0,0,2,0,0,0,1,2,0,0,0,0,0,0,
601,비래동종점 - 비래동종점,41,대전예술고등학교,0,0,0,2,3,3,0,2,2,1,5,0,2,3,2,2,1,0,2,0,0,0,0,0,
601,비래동종점 - 비래동종점,42,상대초등학교,0,0,0,0,0,0,0,0,0,0,0,0,3,0,1,0,0,0,0,0,0,0,0,0,
601,비래동종점 - 비래동종점,43,휴먼시아4단지,0,0,1,0,1,2,0,2,4,3,8,0,0,1,8,2,2,1,0,0,0,0,0,0,
601,비래동종점 - 비래동종점,44,트리풀시티9단지,0,0,0,0,3,0,0,3,0,0,0,1,0,0,0,0,3,0,0,0,0,0,0,0,
601,비래동종점 - 비래동종점,45,상대네거리,0,0,3,0,0,4,0,3,0,5,9,0,0,0,0,3,0,0,0,0,0,0,0,0,
601,비래동종점 - 비래동종점,46,아이파크시티,0,0,0,0,2,4,4,5,3,2,7,0,9,4,5,2,2,3,0,0,0,0,0,0,
601,비래동종점 - 비래동종점,47,법원등기국,0,0,2,2,0,5,6,0,7,7,9,3,12,8,8,1,0,0,4,0,0,0,0,0,
601,비래동종점 - 비래동종점,48,목원대네거리,0,0,4,2,3,6,7,8,10,7,10,6,11,13,14,6,0,2,6,0,0,0,0,0,
601,비래동종점 - 비래동종점,49,도안동예미지아파트,0,0,5,0,3,9,4,7,12,8,11,6,12,7,0,0,0,2,5,0,0,0,0,0,
601,비래동종점 - 비래동종점,50,옥녀봉체육공원,0,0,0,3,5,6,7,0,0,9,0,11,11,15,17,0,2,0,0,0,0,0,0,0,
601,비래동종점 - 비래동종점,51,서우아파트1단지,0,0,0,2,5,10,8,8,12,7,12,10,10,0,15,4,3,2,4,0,0,0,0,0,
601,비래동종점 - 비래동종점,52,서우아파트2단지,0,1,6,7,6,10,9,8,13,8,11,10,9,16,14,0,0,0,0,0,0,0,0,0,
601,비래동종점 - 비래동종점,53,봉산중학교,0,0,2,4,7,8,11,7,0,9,11,11,0,16,6,5,3,0,0,0,0,0,0,0,
601,비래동종점 - 비래동종점,54,내동초등학교,0,0,5,5,9,12,12,11,15,8,10,10,11,17,11,5,0,4,4,4,0,0,0,0,
601,비래동종점 - 비래동종점,55,변동복개도로,0,0,0,0,0,0,13,11,16,0,11,0,0,19,0,0,0,0,3,0,0,0,0,0,
601,비래동종점 - 비래동종점,56,가장교오거리,0,0,5,6,0,11,15,10,0,7,10,10,13,20,10,0,0,0,0,3,0,0,0,0,
601,비래동종점 - 비래동종점,57,태평오거리,0,0,7,9,13,11,18,11,14,12,15,12,15,20,11,0,0,4,4,4,0,0,0,0,
601,비래동종점 - 비래동종점,58,태평1동주민센터,0,0,9,12,16,13,27,8,19,12,23,16,15,24,14,7,3,6,5,5,0,0,0,0,
601,비래동종점 - 비래동종점,59,오룡역2번출구,0,0,10,9,15,12,24,14,20,15,25,17,12,23,14,7,4,7,4,0,0,0,0,0,
601,비래동종점 - 비래동종점,60,오룡역7번출구,0,0,11,5,16,14,24,11,21,16,23,15,14,26,18,10,3,8,5,4,0,0,0,0,
601,비래동종점 - 비래동종점,61,충남여자중고등학교,0,0,11,10,17,15,25,12,18,19,0,24,16,26,0,0,4,7,4,0,0,0,0,0,
601,비래동종점 - 비래동종점,62,한사랑아파트,0,0,13,10,19,16,30,14,21,18,22,19,14,23,18,9,5,7,3,0,0,0,0,0,
601,비래동종점 - 비래동종점,63,중촌네거리,0,0,15,12,22,16,32,15,23,14,27,19,14,27,17,9,6,0,4,0,0,0,0,0,
601,비래동종점 - 비래동종점,64,대전하늘채스카이앤,0,0,14,0,0,0,31,13,22,17,0,18,9,9,19,8,0,5,3,3,0,0,0,0,
601,비래동종점 - 비래동종점,65,현암교,0,0,15,14,21,14,30,19,20,17,26,15,14,0,16,7,6,4,1,0,0,0,0,0,
601,비래동종점 - 비래동종점,66,홍도지하차도,0,0,14,13,18,13,19,17,16,14,25,16,13,25,13,6,5,3,2,1,0,0,0,0,
601,비래동종점 - 비래동종점,67,복합터미널,0,0,8,5,3,9,6,4,5,5,7,3,3,3,4,2,2,3,1,2,0,0,0,0,
601,비래동종점 - 비래동종점,68,동부네거리,0,0,2,6,2,3,0,2,2,7,8,0,0,2,5,1,0,4,2,0,0,0,0,0,
601,비래동종점 - 비래동종점,69,가양중학교입구,0,0,0,5,0,0,3,0,1,6,0,0,0,0,4,0,1,3,1,0,0,0,0,0,
601,비래동종점 - 비래동종점,70,한신휴플러스,0,0,0,2,0,2,2,1,3,0,6,2,2,0,0,2,0,1,0,1,0,0,0,0,
601,비래동종점 - 비래동종점,71,비래동노인회관,0,0,0,1,0,0,0,0,2,2,3,1,0,0,1,0,1,0,0,0,0,0,0,0,
601,비래동종점 - 비래동종점,72,만남웨딩홀,0,0,0,0,0,0,1,0,0,0,2,0,0,1,0,1,0,0,0,0,0,0,0,0,
601,비래동종점 - 비래동종점,73,비래동,0,0,0,0,0,1,0,0,0,0,0,0,0,0,0,0,0,0,0,0,0,0,0,0,
601,비래동종점 - 비래동종점,74,비래동종점,0,0,0,0,0,0,0,0,0,0,0,0,0,0,0,0,0,0,0,0,0,0,0,0,
602,비래동종점 - 비래동종점,1,비래동종점,0,0,0,0,1,1,1,0,0,2,0,0,3,1,0,1,1,1,0,0,0,0,0,0,
602,비래동종점 - 비래동종점,2,비래동,0,0,0,1,4,1,1,1,2,0,1,0,4,0,1,0,0,0,0,0,0,0,0,0,
602,비래동종점 - 비래동종점,3,만남웨딩홀,0,0,0,2,5,6,2,2,2,2,2,1,2,5,2,0,2,0,1,0,0,0,0,0,
602,비래동종점 - 비래동종점,4,비래검문소,0,0,0,3,5,10,0,0,0,5,0,4,3,0,3,1,0,4,2,0,0,0,0,0,
602,비래동종점 - 비래동종점,5,한신휴플러스,0,0,1,4,8,10,5,6,4,0,1,4,4,6,5,4,3,6,0,0,0,0,0,0,
602,비래동종점 - 비래동종점,6,적십자혈액원,0,0,0,3,10,12,6,0,9,6,1,3,0,7,0,2,2,0,3,0,0,0,0,0,
602,비래동종점 - 비래동종점,7,동부네거리,0,0,1,5,8,10,8,4,12,5,4,6,5,6,8,5,6,6,4,0,0,0,0,0,
602,비래동종점 - 비래동종점,8,복합터미널,0,2,2,8,11,8,13,13,19,14,8,20,12,18,16,14,11,15,9,0,0,0,0,0,
602,비래동종점 - 비래동종점,9,홍도지하차도,0,0,0,9,11,9,11,14,20,17,9,9,11,14,18,16,14,12,0,0,0,0,0,0,
602,비래동종점 - 비래동종점,10,홍도치안센터,0,5,0,8,16,10,16,16,15,19,11,18,16,18,18,16,13,0,11,0,0,0,0,0,
602,비래동종점 - 비래동종점,11,동산지하차도,0,0,1,10,17,11,15,0,13,10,9,0,7,20,20,17,0,0,0,0,0,0,0,0,
602,비래동종점 - 비래동종점,12,솔랑마을아파트,0,0,2,9,14,12,14,15,11,9,18,18,16,8,16,0,12,9,10,0,0,0,0,0,
602,비래동종점 - 비래동종점,13,현암교,0,0,0,10,18,14,16,16,12,10,16,12,17,12,21,20,9,13,11,0,0,0,0,0,
602,비래동종점 - 비래동종점,14,중앙중고등학교,0,0,6,2,19,15,0,17,11,13,14,19,17,15,20,19,10,10,10,0,0,0,0,0,
602,비래동종점 - 비래동종점,15,중촌초등학교,0,0,5,13,22,18,15,22,13,14,17,20,14,16,19,16,11,12,8,0,0,0,0,0,
602,비래동종점 - 비래동종점,16,도산서원,0,0,0,10,24,18,17,20,3,14,17,8,12,9,20,18,0,8,6,0,0,0,0,0,
602,비래동종점 - 비래동종점,17,e편한세상아파트,0,0,0,0,13,20,15,22,15,17,18,17,0,14,19,16,10,7,0,0,0,0,0,0,
602,비래동종점 - 비래동종점,18,둔산전자타운,0,0,3,0,10,14,11,16,15,18,15,13,11,11,20,12,8,11,7,8,0,0,0,0,
602,비래동종점 - 비래동종점,19,용문역5번출구,0,0,2,4,9,11,7,22,18,15,17,12,11,11,22,11,10,13,6,8,0,0,0,0,
602,비래동종점 - 비래동종점,20,백운초등학교,0,0,0,2,9,12,7,23,15,15,16,12,9,9,19,16,11,12,11,4,0,0,0,0,
602,비래동종점 - 비래동종점,21,KT서대전지사입구,0,0,4,1,7,13,5,25,17,17,13,7,8,10,18,6,9,9,7,3,0,0,0,0,
602,비래동종점 - 비래동종점,22,괴정동주민센터,0,0,5,0,8,13,4,25,17,16,10,11,8,9,14,12,9,7,6,4,0,0,0,0,
602,비래동종점 - 비래동종점,23,괴정네거리,0,0,2,2,0,10,2,24,16,6,0,13,7,7,11,14,8,8,7,0,0,0,0,0,
602,비래동종점 - 비래동종점,24,KT인재개발원,0,0,3,1,1,10,0,23,16,15,10,10,5,6,12,13,7,7,6,3,0,0,0,0,
602,비래동종점 - 비래동종점,25,푸른아파트,0,0,0,1,2,8,3,17,13,10,7,9,4,4,11,11,4,4,3,1,0,0,0,0,
602,비래동종점 - 비래동종점,26,둔산소방서,0,0,0,2,3,5,4,14,13,9,5,8,3,3,8,9,2,3,1,0,0,0,0,0,
602,비래동종점 - 비래동종점,27,동산아파트입구,0,0,0,0,4,4,3,10,7,7,5,5,3,4,10,5,0,2,1,0,0,0,0,0,
602,비래동종점 - 비래동종점,28,갈마초등학교,0,0,1,1,5,3,2,0,4,7,1,5,0,3,0,3,0,1,0,0,0,0,0,0,
602,비래동종점 - 비래동종점,29,서대전고등학교,0,0,0,0,4,2,1,6,0,4,0,3,1,0,5,2,1,1,0,0,0,0,0,0,
602,비래동종점 - 비래동종점,30,월평주공아파트,0,0,1,1,2,5,4,2,2,2,3,1,2,4,1,2,0,0,0,0,0,0,0,0,
602,비래동종점 - 비래동종점,31,월평주공아파트,0,0,0,0,0,0,0,0,0,0,0,0,0,0,0,0,0,1,0,0,0,0,0,0,
602,비래동종점 - 비래동종점,32,성룡초등학교,0,1,0,0,3,4,5,3,5,0,5,2,2,4,0,0,1,0,0,0,0,0,0,0,
602,비래동종점 - 비래동종점,33,황실타운아파트,0,0,0,1,1,5,5,4,0,3,0,3,0,5,0,1,0,0,1,0,0,0,0,0,
602,비래동종점 - 비래동종점,34,진달래아파트,0,0,0,2,0,7,5,0,3,3,3,3,3,4,6,2,0,0,0,0,0,0,0,0,
602,비래동종점 - 비래동종점,35,갈마초등학교,0,0,0,0,3,6,7,3,5,3,6,4,5,6,2,4,2,0,2,0,0,0,0,0,
602,비래동종점 - 비래동종점,36,갈마삼거리,0,0,1,1,5,12,7,5,4,4,5,4,4,7,6,4,4,2,3,0,0,0,0,0,
602,비래동종점 - 비래동종점,37,한밭고.갈마중입구,0,0,0,2,5,7,6,4,9,5,6,8,6,5,8,6,5,4,4,0,0,0,0,0,
602,비래동종점 - 비래동종점,38,갈마아파트3단지,0,0,2,0,0,11,0,0,1,1,9,7,12,6,0,5,0,0,0,0,0,0,0,0,
602,비래동종점 - 비래동종점,39,KT인재개발원,0,3,3,5,9,14,10,8,10,6,11,9,10,11,11,8,6,3,6,0,0,0,0,0,
602,비래동종점 - 비래동종점,40,괴정네거리,0,0,2,4,10,13,11,13,11,6,17,12,10,10,0,9,0,0,4,0,0,0,0,0,
602,비래동종점 - 비래동종점,41,괴정동주민센터,0,4,3,8,12,15,14,14,9,8,16,9,10,17,13,8,7,4,6,0,0,0,0,0,
602,비래동종점 - 비래동종점,42,KT서대전지사입구,0,0,0,8,15,20,17,18,14,8,19,9,11,11,14,9,6,3,5,0,0,0,0,0,
602,비래동종점 - 비래동종점,43,예지중고등학교,0,0,4,6,12,19,17,19,13,5,20,12,9,13,11,10,5,6,5,0,0,0,0,0,
602,비래동종점 - 비래동종점,44,롯데백화점,0,4,0,7,16,16,20,26,8,12,25,17,14,24,13,21,13,7,8,2,0,0,0,0,
602,비래동종점 - 비래동종점,45,용문역7번출구,0,0,5,8,13,17,16,35,12,18,40,17,23,25,31,21,13,9,11,4,0,0,0,0,
602,비래동종점 - 비래동종점,46,e편한세상아파트,0,0,0,7,14,11,12,32,13,18,38,20,23,16,16,0,15,0,12,0,0,0,0,0,
602,비래동종점 - 비래동종점,47,도산서원,0,0,0,8,14,13,17,30,14,19,38,17,24,16,15,9,0,8,11,3,0,0,0,0,
602,비래동종점 - 비래동종점,48,중촌초등학교,0,0,5,9,14,14,18,31,11,16,34,18,22,24,27,16,14,7,10,2,0,0,0,0,
602,비래동종점 - 비래동종점,49,중촌동행정복지센터,0,0,0,8,15,13,17,32,12,17,34,17,22,21,27,15,0,8,9,3,0,0,0,0,
602,비래동종점 - 비래동종점,50,현암교,0,0,2,0,14,12,0,29,10,15,31,13,19,22,13,8,13,0,8,0,0,0,0,0,
602,비래동종점 - 비래동종점,51,솔랑마을아파트,0,0,3,7,13,8,16,27,12,11,31,0,16,14,27,13,12,8,5,2,0,0,0,0,
602,비래동종점 - 비래동종점,52,동산지하차도,0,0,4,5,5,9,0,9,13,13,19,15,9,0,26,0,0,6,2,0,0,0,0,0,
602,비래동종점 - 비래동종점,53,홍도치안센터,0,0,6,0,15,11,15,24,9,14,28,15,14,21,25,11,11,5,4,1,0,0,0,0,
602,비래동종점 - 비래동종점,54,홍도아파트,0,0,4,0,15,11,14,22,11,14,28,16,13,19,24,0,4,0,0,0,0,0,0,0,
602,비래동종점 - 비래동종점,55,홍도지하차도,0,0,0,0,0,7,12,18,12,13,25,13,12,17,21,9,9,0,4,0,0,0,0,0,
602,비래동종점 - 비래동종점,56,복합터미널,0,0,2,4,5,3,5,4,7,7,12,6,12,6,6,4,6,3,3,0,0,0,0,0,
602,비래동종점 - 비래동종점,57,동부네거리,0,0,1,0,1,0,3,3,6,5,10,0,10,7,5,3,4,0,0,0,0,0,0,0,
602,비래동종점 - 비래동종점,58,가양중학교입구,0,0,0,3,4,2,2,1,5,1,0,9,8,4,3,0,0,4,0,0,0,0,0,0,
602,비래동종점 - 비래동종점,59,한신휴플러스,0,0,0,2,3,1,2,0,3,3,3,4,5,2,0,2,0,3,2,0,0,0,0,0,
602,비래동종점 - 비래동종점,60,비래동노인회관,0,0,0,1,1,0,1,1,1,2,0,2,3,0,2,1,0,0,1,0,0,0,0,0,
602,비래동종점 - 비래동종점,61,만남웨딩홀,0,0,0,0,0,0,0,0,1,0,1,0,0,1,1,0,2,2,0,0,0,0,0,0,
602,비래동종점 - 비래동종점,62,비래동,0,0,0,0,0,0,0,0,0,0,0,1,1,0,0,0,0,0,0,0,0,0,0,0,
602,비래동종점 - 비래동종점,63,비래동종점,0,0,0,0,0,0,0,0,0,0,0,0,0,0,0,0,0,0,0,0,0,0,0,0,
603,목원대학교 - 목원대학교,1,목원대학교,0,0,2,3,4,4,2,1,3,2,1,1,3,2,4,2,1,0,2,0,0,0,0,0,
603,목원대학교 - 목원대학교,2,목원대네거리,0,1,4,6,5,5,3,4,7,6,3,4,5,3,0,3,3,1,4,0,0,0,0,0,
603,목원대학교 - 목원대학교,3,도안동예미지아파트,0,0,0,0,0,6,6,6,4,0,3,0,6,0,0,0,0,0,2,0,0,0,0,0,
603,목원대학교 - 목원대학교,4,옥녀봉체육공원,0,0,0,7,2,3,5,0,6,5,5,5,9,5,0,4,6,0,5,0,0,0,0,0,
603,목원대학교 - 목원대학교,5,서우아파트1단지,0,0,3,6,4,4,8,4,7,8,5,2,6,4,4,3,5,0,2,0,0,0,0,0,
603,목원대학교 - 목원대학교,6,내동중학교,0,0,1,5,5,0,0,3,6,10,6,0,8,6,3,3,4,0,1,0,0,0,0,0,
603,목원대학교 - 목원대학교,7,목운주택입구,0,0,3,5,4,5,9,4,7,9,6,1,6,5,4,4,3,0,0,0,0,0,0,0,
603,목원대학교 - 목원대학교,8,한국전력공사,0,0,4,7,8,6,10,5,9,12,12,6,7,9,4,3,4,2,2,0,0,0,0,0,
603,목원대학교 - 목원대학교,9,봉산중학교입구,0,0,0,0,0,8,13,6,10,13,10,3,6,9,0,0,2,0,3,0,0,0,0,0,
603,목원대학교 - 목원대학교,10,내동주민센터,0,0,0,1,0,9,16,0,13,0,0,3,8,0,2,0,2,0,0,0,0,0,0,0,
603,목원대학교 - 목원대학교,11,괴정네거리,0,0,5,5,1,5,16,5,10,9,0,4,7,10,8,4,3,0,0,0,0,0,0,0,
603,목원대학교 - 목원대학교,12,괴정동주민센터,0,5,6,8,7,9,13,9,10,11,10,8,7,10,9,2,2,1,3,0,0,0,0,0,
603,목원대학교 - 목원대학교,13,KT서대전지사입구,0,6,8,5,6,9,10,10,12,12,9,9,11,10,10,7,6,1,3,0,0,0,0,0,
603,목원대학교 - 목원대학교,14,래미안아파트2단지,0,0,7,10,11,9,8,12,11,14,12,10,12,11,11,3,6,3,2,0,0,0,0,0,
603,목원대학교 - 목원대학교,15,가장네거리,0,0,8,8,13,10,12,10,12,11,11,14,13,5,8,4,5,0,4,0,0,0,0,0,
603,목원대학교 - 목원대학교,16,가장교,0,0,0,7,8,5,15,12,13,17,11,15,10,12,13,5,6,4,0,0,0,0,0,0,
603,목원대학교 - 목원대학교,17,태평오거리,0,0,7,8,13,11,17,9,13,18,12,19,13,9,9,0,0,1,3,0,0,0,0,0,
603,목원대학교 - 목원대학교,18,삼부아파트,0,0,7,9,12,14,18,10,15,22,13,17,12,14,9,7,6,4,2,0,0,0,0,0,
603,목원대학교 - 목원대학교,19,태평초등학교,0,0,4,10,12,16,19,13,16,23,11,11,14,10,10,8,6,5,1,0,0,0,0,0,
603,목원대학교 - 목원대학교,20,쌍용예가아파트,0,0,9,12,13,15,19,16,20,25,12,14,14,11,10,7,5,6,4,0,0,0,0,0,
603,목원대학교 - 목원대학교,21,서대전역입구,0,0,10,12,15,15,21,23,21,28,15,22,15,14,13,10,5,9,4,0,0,0,0,0,
603,목원대학교 - 목원대학교,22,오류초등학교입구,0,0,12,13,13,14,16,22,21,29,14,17,14,13,14,6,0,0,0,0,0,0,0,0,
603,목원대학교 - 목원대학교,23,중도일보,0,0,0,2,14,0,16,25,21,30,19,23,15,14,16,7,5,2,3,0,0,0,0,0,
603,목원대학교 - 목원대학교,24,서대전초등학교,0,0,8,12,14,14,0,24,0,31,21,25,10,13,8,8,6,0,6,0,0,0,0,0,
603,목원대학교 - 목원대학교,25,호수돈여고,0,0,13,11,14,15,15,28,22,35,24,25,17,13,18,8,11,11,0,0,0,0,0,0,
603,목원대학교 - 목원대학교,26,중구국민체육센터,0,0,14,12,14,17,12,29,21,34,21,24,18,14,6,7,4,9,0,0,0,0,0,0,
603,목원대학교 - 목원대학교,27,나라키움청사/3.8기념관,0,0,13,11,16,15,13,28,22,33,20,22,17,11,21,5,13,8,4,0,0,0,0,0,
603,목원대학교 - 목원대학교,28,대전도시공사,0,0,0,7,12,11,10,27,23,32,18,23,19,13,19,7,10,9,6,4,0,0,0,0,
603,목원대학교 - 목원대학교,29,으능정이거리,0,0,12,9,9,9,9,25,16,23,19,30,18,18,20,15,22,14,21,5,0,0,0,0,
603,목원대학교 - 목원대학교,30,대전역,0,0,10,7,6,6,6,18,13,22,17,29,19,17,18,17,22,16,22,0,0,0,0,0,
603,목원대학교 - 목원대학교,31,대전역/중앙시장,0,0,8,11,8,6,9,13,19,22,34,37,22,21,28,28,29,21,31,7,0,0,0,0,
603,목원대학교 - 목원대학교,32,이스트시티아파트,0,0,7,0,6,6,11,15,23,19,33,37,24,18,27,25,32,21,36,0,0,0,0,0,
603,목원대학교 - 목원대학교,33,새들뫼아파트,0,0,8,12,8,0,13,14,16,19,33,38,24,22,30,26,21,22,34,0,0,0,0,0,
603,목원대학교 - 목원대학교,34,대동초등학교,0,0,0,11,0,8,12,12,22,17,34,33,25,19,29,13,29,16,31,6,0,0,0,0,
603,목원대학교 - 목원대학교,35,용방마을아파트,0,0,7,9,7,7,11,14,21,18,30,30,24,13,25,23,22,15,23,0,0,0,0,0,
603,목원대학교 - 목원대학교,36,용운종합사회복지관,0,0,0,7,7,7,8,7,14,17,24,27,29,18,25,19,24,18,22,0,0,0,0,0,
603,목원대학교 - 목원대학교,37,대전대학교입구,0,0,6,1,6,6,6,5,14,14,19,21,27,16,21,11,18,15,17,4,0,0,0,0,
603,목원대학교 - 목원대학교,38,대전대학교,0,0,0,3,2,9,6,6,13,12,17,17,24,13,17,7,16,13,5,7,0,0,0,0,
603,목원대학교 - 목원대학교,39,에코포레아파트,0,0,1,4,8,10,5,5,16,11,14,13,19,10,13,4,14,11,4,4,0,0,0,0,
603,목원대학교 - 목원대학교,40,용운동주민센터,0,0,0,0,9,9,0,4,13,9,14,0,18,9,12,3,10,9,4,1,0,0,0,0,
603,목원대학교 - 목원대학교,41,용운초등학교,0,0,0,3,3,8,6,5,7,10,12,14,10,0,11,0,9,8,0,0,0,0,0,0,
603,목원대학교 - 목원대학교,42,용운도서관,0,0,0,4,8,7,7,9,0,0,5,11,17,8,10,5,6,9,3,0,0,0,0,0,
603,목원대학교 - 목원대학교,43,모리아파트,0,0,0,0,7,0,4,0,11,7,11,10,14,0,6,2,5,7,0,3,0,0,0,0,
603,목원대학교 - 목원대학교,44,판암주공5단지,0,0,0,7,7,13,6,10,6,6,6,6,11,6,5,2,5,4,1,1,0,0,0,0,
603,목원대학교 - 목원대학교,45,판암2동주민센터,0,0,0,0,6,5,6,9,5,9,4,0,9,5,1,0,4,0,0,0,0,0,0,0,
603,목원대학교 - 목원대학교,46,판암역,0,0,0,1,1,2,3,1,1,5,2,2,4,6,2,1,1,2,2,1,0,0,0,0,
603,목원대학교 - 목원대학교,47,판암동성당,0,0,0,0,0,1,0,1,3,0,1,0,0,4,1,0,0,0,0,0,0,0,0,0,
603,목원대학교 - 목원대학교,48,용운국제수영장,0,0,0,0,0,0,1,0,0,2,0,0,0,0,1,0,0,0,0,0,0,0,0,0,
603,목원대학교 - 목원대학교,49,복음아파트,0,0,0,0,0,0,0,0,2,3,0,0,1,1,0,0,0,1,0,0,0,0,0,0,
603,목원대학교 - 목원대학교,50,새울,0,0,0,0,0,0,0,0,0,2,0,0,0,0,0,0,0,0,0,0,0,0,0,0,
603,목원대학교 - 목원대학교,51,대전대학교,0,0,0,0,0,0,0,0,0,0,0,0,0,0,0,0,0,0,0,0,0,0,0,0,
603,목원대학교 - 목원대학교,52,대전대학교,0,0,0,0,0,0,0,0,0,0,0,0,2,0,0,0,0,0,0,0,0,0,0,0,
603,목원대학교 - 목원대학교,53,새울,0,0,0,0,0,2,2,1,1,0,0,1,0,0,1,0,0,0,0,0,0,0,0,0,
603,목원대학교 - 목원대학교,54,에코포레아파트,0,0,1,2,2,4,4,4,1,0,1,1,2,1,0,1,0,1,0,0,0,0,0,0,
603,목원대학교 - 목원대학교,55,용운국제수영장,0,0,0,0,0,0,5,0,0,0,2,0,0,0,0,0,0,0,0,0,0,0,0,0,
603,목원대학교 - 목원대학교,56,판암동성당,0,0,0,0,3,0,2,6,4,3,0,0,0,2,0,0,0,0,0,0,0,0,0,0,
603,목원대학교 - 목원대학교,57,판암네거리,0,0,0,2,3,5,3,6,5,0,1,2,4,2,1,0,0,1,0,0,0,0,0,0,
603,목원대학교 - 목원대학교,58,판암역,0,0,1,2,5,3,6,13,7,9,8,9,10,10,7,6,3,4,3,0,0,0,0,0,
603,목원대학교 - 목원대학교,59,판암역네거리,0,0,2,2,2,9,7,5,5,13,9,11,0,13,8,6,1,5,5,0,0,0,0,0,
603,목원대학교 - 목원대학교,60,판암주공4단지,0,1,6,7,9,9,6,16,11,12,12,11,10,13,7,4,2,0,4,0,0,0,0,0,
603,목원대학교 - 목원대학교,61,판암테크노타운,0,2,7,11,10,12,10,19,14,8,15,11,4,15,9,4,1,6,0,0,0,0,0,0,
603,목원대학교 - 목원대학교,62,용운도서관,0,0,9,15,9,14,6,21,15,12,13,13,8,14,8,4,2,0,1,0,0,0,0,0,
603,목원대학교 - 목원대학교,63,용운동주민센터,0,3,12,19,15,21,18,27,25,18,25,20,14,12,9,8,6,6,5,0,0,0,0,0,
603,목원대학교 - 목원대학교,64,대전대학교입구,0,5,14,21,19,26,21,28,28,24,21,23,17,16,12,11,7,7,4,0,0,0,0,0,
603,목원대학교 - 목원대학교,65,용운주공2단지,0,8,17,29,21,37,27,35,31,31,30,29,20,17,9,13,8,8,5,0,0,0,0,0,
603,목원대학교 - 목원대학교,66,용방마을아파트,0,0,16,31,18,38,30,38,33,0,31,31,10,16,12,6,0,2,0,0,0,0,0,0,
603,목원대학교 - 목원대학교,67,대동초등학교,0,0,18,25,22,37,33,28,27,36,27,22,22,13,12,12,7,0,2,0,0,0,0,0,
603,목원대학교 - 목원대학교,68,충남중네거리,0,0,16,17,30,35,33,29,32,32,30,29,24,15,11,4,8,0,0,0,0,0,0,0,
603,목원대학교 - 목원대학교,69,대동역3번출구,0,0,13,18,24,24,31,33,22,31,25,25,20,13,11,7,9,4,5,0,0,0,0,0,
603,목원대학교 - 목원대학교,70,대전화병원,0,0,0,0,0,0,26,34,23,30,23,26,19,12,0,6,0,5,6,0,0,0,0,0,
603,목원대학교 - 목원대학교,71,원동네거리,0,0,11,17,22,22,26,35,18,28,23,25,20,13,10,8,7,3,5,0,0,0,0,0,
603,목원대학교 - 목원대학교,72,대전역/역전시장,0,0,6,14,8,18,22,26,15,16,19,31,27,23,15,10,8,12,11,0,0,0,0,0,
603,목원대학교 - 목원대학교,73,으능정이거리,0,0,4,12,8,13,19,14,14,14,23,28,19,21,14,12,11,14,15,0,0,0,0,0,
603,목원대학교 - 목원대학교,74,대전테크노파크,0,0,4,7,9,10,12,14,11,11,21,30,20,21,16,13,16,18,16,0,0,0,0,0,
603,목원대학교 - 목원대학교,75,나라키움청사/3.8기념관,0,0,0,5,10,12,13,16,7,18,17,29,30,22,15,14,17,17,15,0,0,0,0,0,
603,목원대학교 - 목원대학교,76,중구국민체육센터,0,0,5,5,9,11,5,10,10,17,15,27,25,23,14,0,18,8,6,4,0,0,0,0,
603,목원대학교 - 목원대학교,77,중앙초등학교,0,0,2,9,11,14,18,9,12,16,17,25,24,24,16,14,19,7,11,6,0,0,0,0,
603,목원대학교 - 목원대학교,78,호수돈여고,0,0,0,7,10,13,18,14,9,11,15,22,20,18,12,12,7,13,5,0,0,0,0,0,
603,목원대학교 - 목원대학교,79,용두동주민센터,0,0,0,6,8,12,18,12,8,8,0,16,19,13,12,9,17,12,4,0,0,0,0,0,
603,목원대학교 - 목원대학교,80,오류초등학교입구,0,0,0,4,8,12,13,12,15,8,14,14,17,12,11,12,5,13,0,7,0,0,0,0,
603,목원대학교 - 목원대학교,81,서대전역입구,0,0,3,5,8,10,12,11,14,9,14,18,17,18,15,16,13,13,6,0,0,0,0,0,
603,목원대학교 - 목원대학교,82,쌍용예가아파트,0,0,2,6,8,11,13,11,6,8,12,17,11,17,14,7,13,10,9,0,0,0,0,0,
603,목원대학교 - 목원대학교,83,태평초등학교,0,0,0,2,0,10,10,12,8,3,11,12,12,18,14,15,11,6,8,0,0,0,0,0,
603,목원대학교 - 목원대학교,84,삼부아파트,0,0,3,7,7,11,13,12,10,8,10,15,12,16,15,10,7,9,7,0,0,0,0,0,
603,목원대학교 - 목원대학교,85,태평오거리,0,0,2,5,6,13,12,13,12,8,10,8,9,13,12,0,8,10,8,0,0,0,0,0,
603,목원대학교 - 목원대학교,86,가장교,0,0,0,0,5,12,10,10,0,7,0,13,0,17,13,0,7,0,0,0,0,0,0,0,
603,목원대학교 - 목원대학교,87,가장네거리,0,0,1,6,4,11,10,11,8,6,9,0,11,0,11,6,8,0,4,0,0,0,0,0,
603,목원대학교 - 목원대학교,88,래미안아파트1단지,0,0,2,2,4,10,8,10,10,3,9,11,10,16,11,8,0,7,0,0,0,0,0,0,
603,목원대학교 - 목원대학교,89,래미안아파트2단지,0,0,0,1,6,11,6,3,8,4,10,12,11,8,11,7,10,0,7,6,0,0,0,0,
603,목원대학교 - 목원대학교,90,KT서대전지사입구,0,0,3,5,2,9,6,5,7,7,8,13,8,13,10,5,8,8,7,6,0,0,0,0,
603,목원대학교 - 목원대학교,91,괴정동주민센터,0,0,1,6,7,8,6,6,9,8,8,12,10,12,11,6,8,6,7,6,0,0,0,0,
603,목원대학교 - 목원대학교,92,괴정네거리,0,0,0,1,5,0,5,1,7,0,8,11,11,11,8,2,0,0,6,4,0,0,0,0,
603,목원대학교 - 목원대학교,93,내동네거리,0,0,0,2,0,6,6,0,9,7,7,12,9,11,7,0,0,7,0,3,0,0,0,0,
603,목원대학교 - 목원대학교,94,서대전여고,0,0,0,0,5,7,6,6,8,5,5,6,8,9,6,10,7,1,0,3,0,0,0,0,
603,목원대학교 - 목원대학교,95,목운주택입구,0,0,0,4,5,6,5,7,9,3,6,9,7,7,9,0,6,5,6,0,0,0,0,0,
603,목원대학교 - 목원대학교,96,내동중학교,0,0,0,2,7,6,3,6,5,4,4,4,8,0,8,2,5,0,0,0,0,0,0,0,
603,목원대학교 - 목원대학교,97,코오롱아파트,0,0,0,3,7,6,6,7,7,8,3,5,8,5,7,8,0,6,4,4,0,0,0,0,
603,목원대학교 - 목원대학교,98,옥녀봉체육공원,0,0,0,1,3,5,2,3,3,4,2,3,6,5,4,9,6,4,0,0,0,0,0,0,
603,목원대학교 - 목원대학교,99,어울림하트12단지,0,0,0,2,6,3,0,1,0,1,2,3,5,4,5,8,0,1,0,0,0,0,0,0,
603,목원대학교 - 목원대학교,100,목원대학교,0,0,0,0,0,0,0,0,0,0,0,0,0,0,0,0,0,0,0,0,0,0,0,0,
604,대전동신과학고 - 대전동신과학고,1,대전동신과학고,0,0,0,0,0,0,0,0,0,0,0,0,0,0,0,2,0,0,0,0,0,0,0,0,
604,대전동신과학고 - 대전동신과학고,2,삼정동,0,1,0,0,0,0,1,2,1,1,1,0,6,1,0,2,1,0,0,0,0,0,0,0,
604,대전동신과학고 - 대전동신과학고,3,판암차량기지,0,0,0,0,0,0,0,3,0,0,0,0,0,0,0,0,0,0,1,0,0,0,0,0,
604,대전동신과학고 - 대전동신과학고,4,판암IC,0,0,0,0,0,0,1,0,0,0,0,0,0,1,0,0,0,0,0,0,0,0,0,0,
604,대전동신과학고 - 대전동신과학고,5,판암네거리,0,0,0,1,1,1,0,1,1,5,1,3,2,2,0,0,1,1,0,0,0,0,0,0,
604,대전동신과학고 - 대전동신과학고,6,판암역,0,1,1,2,1,4,6,6,4,6,2,5,4,3,4,2,2,1,2,0,0,0,0,0,
604,대전동신과학고 - 대전동신과학고,7,판암역네거리,0,0,0,3,3,1,4,11,4,7,5,5,9,5,5,3,3,1,0,0,0,0,0,0,
604,대전동신과학고 - 대전동신과학고,8,판암근린공원,0,0,0,0,0,0,7,0,0,4,0,3,0,0,0,0,0,3,2,0,0,0,0,0,
604,대전동신과학고 - 대전동신과학고,9,신흥역,0,0,0,1,0,5,5,4,3,7,7,6,9,4,8,1,0,0,0,0,0,0,0,0,
604,대전동신과학고 - 대전동신과학고,10,어진마을아파트,0,0,2,4,8,8,11,13,8,10,9,4,8,4,8,3,2,2,1,0,0,0,0,0,
604,대전동신과학고 - 대전동신과학고,11,효동현대아파트,0,1,3,7,11,7,16,25,9,19,9,5,6,5,9,5,5,0,1,0,0,0,0,0,
604,대전동신과학고 - 대전동신과학고,12,효동행정복지센터,0,0,3,0,11,6,17,27,12,20,10,0,9,4,0,0,6,0,0,0,0,0,0,0,
604,대전동신과학고 - 대전동신과학고,13,문창시장,0,3,4,6,10,8,10,25,11,19,10,7,12,5,10,6,4,2,1,0,0,0,0,0,
604,대전동신과학고 - 대전동신과학고,14,부사오거리,0,5,4,10,16,14,25,30,18,20,15,10,13,14,11,5,8,6,2,0,0,0,0,0,
604,대전동신과학고 - 대전동신과학고,15,한밭종합운동장,0,0,0,6,17,13,26,26,19,21,11,23,34,42,14,6,10,7,3,0,0,0,0,0,
604,대전동신과학고 - 대전동신과학고,16,오토바이거리,0,6,6,13,20,13,23,25,20,23,13,21,34,44,15,7,6,7,3,0,0,0,0,0,
604,대전동신과학고 - 대전동신과학고,17,대흥동성당,0,0,4,15,15,11,15,21,18,18,17,14,26,40,16,13,12,9,4,0,0,0,0,0,
604,대전동신과학고 - 대전동신과학고,18,중앙로역8번출구,0,0,2,14,17,11,15,24,23,15,23,26,24,41,15,14,17,11,6,0,0,0,0,0,
604,대전동신과학고 - 대전동신과학고,19,대전여상,0,0,5,3,17,18,17,24,0,15,24,24,24,39,14,12,0,12,4,0,0,0,0,0,
604,대전동신과학고 - 대전동신과학고,20,선화동천주교회,0,0,7,19,19,17,20,32,16,23,27,23,17,36,15,9,17,8,7,0,0,0,0,0,
604,대전동신과학고 - 대전동신과학고,21,중촌네거리,0,2,0,18,22,18,28,38,19,20,25,22,24,37,0,9,17,9,3,0,0,0,0,0,
604,대전동신과학고 - 대전동신과학고,22,목동네거리,0,3,6,6,25,24,28,48,21,19,28,25,26,37,13,13,9,12,7,0,0,0,0,0,
604,대전동신과학고 - 대전동신과학고,23,대성중고등학교,0,0,0,6,25,26,30,50,21,23,27,26,17,35,14,14,16,13,8,0,0,0,0,0,
604,대전동신과학고 - 대전동신과학고,24,오룡역6번출구,0,0,6,5,24,23,24,49,18,16,29,24,26,33,16,13,6,10,0,0,0,0,0,0,
604,대전동신과학고 - 대전동신과학고,25,오룡역5번출구,0,0,2,4,25,23,31,25,22,22,29,25,28,30,16,14,18,11,10,0,0,0,0,0,
604,대전동신과학고 - 대전동신과학고,26,용문역8번출구,0,0,3,6,16,24,20,49,21,22,35,28,27,38,19,13,24,12,8,3,0,0,0,0,
604,대전동신과학고 - 대전동신과학고,27,용문역5번출구,0,3,7,6,17,25,20,48,26,28,38,30,23,38,13,16,22,14,10,0,0,0,0,0,
604,대전동신과학고 - 대전동신과학고,28,서부농협본점,0,4,5,5,19,28,18,50,28,29,34,32,27,40,21,20,21,11,9,0,0,0,0,0,
604,대전동신과학고 - 대전동신과학고,29,개나리아파트,0,0,6,3,20,29,19,46,31,31,41,35,29,37,24,22,8,18,7,0,0,0,0,0,
604,대전동신과학고 - 대전동신과학고,30,대전상공회의소,0,3,5,3,19,28,15,46,34,31,38,34,28,33,23,20,11,18,8,0,0,0,0,0,
604,대전동신과학고 - 대전동신과학고,31,은하수네거리,0,2,7,7,17,21,17,36,32,21,30,26,24,24,16,17,8,9,7,3,0,0,0,0,
604,대전동신과학고 - 대전동신과학고,32,파랑새네거리,0,1,3,6,16,18,19,33,22,19,28,15,21,18,21,20,11,8,9,0,0,0,0,0,
604,대전동신과학고 - 대전동신과학고,33,둔산경찰서,0,0,8,4,16,23,20,39,40,27,32,17,23,22,24,24,16,18,17,10,0,0,0,0,
604,대전동신과학고 - 대전동신과학고,34,정부대전청사서문,0,0,0,7,16,18,14,36,35,26,27,22,21,22,23,23,17,18,12,0,0,0,0,0,
604,대전동신과학고 - 대전동신과학고,35,서구보건소,0,0,1,4,11,10,10,26,29,18,27,19,18,19,17,21,15,13,20,8,0,0,0,0,
604,대전동신과학고 - 대전동신과학고,36,국립중앙과학관,0,0,0,3,3,3,3,12,16,8,15,11,15,16,15,21,8,18,9,0,0,0,0,0,
604,대전동신과학고 - 대전동신과학고,37,보건환경연구원,0,0,0,0,0,1,0,0,8,0,3,6,0,15,14,0,0,0,0,0,0,0,0,0,
604,대전동신과학고 - 대전동신과학고,38,대전지방기상청,0,0,2,0,4,1,0,3,0,0,11,3,12,14,12,17,12,17,15,6,0,0,0,0,
604,대전동신과학고 - 대전동신과학고,39,원자력안전기술원,0,0,2,1,2,2,2,5,9,5,11,7,8,10,10,11,7,14,8,6,0,0,0,0,
604,대전동신과학고 - 대전동신과학고,40,한국지질자원연구원,0,0,3,0,0,1,0,4,0,6,8,4,9,0,9,0,4,8,6,0,0,0,0,0,
604,대전동신과학고 - 대전동신과학고,41,한국항공우주연구원,0,0,0,1,1,0,1,0,6,4,7,3,7,9,5,10,6,8,4,3,0,0,0,0,
604,대전동신과학고 - 대전동신과학고,42,시민천문대,0,0,1,0,1,0,1,1,4,3,5,1,6,3,4,5,4,3,2,2,0,0,0,0,
604,대전동신과학고 - 대전동신과학고,43,한국에너지기술연구원,0,0,0,1,0,0,2,1,1,0,4,0,5,2,2,3,1,2,1,1,0,0,0,0,
604,대전동신과학고 - 대전동신과학고,44,KT북대전지사,0,0,0,0,0,0,0,0,0,0,0,0,0,0,0,0,0,0,0,0,0,0,0,0,
604,대전동신과학고 - 대전동신과학고,45,한국연구재단,0,0,0,0,0,0,0,0,0,2,0,0,4,0,1,0,0,0,0,0,0,0,0,0,
604,대전동신과학고 - 대전동신과학고,46,대덕대학교,0,0,0,0,0,0,1,0,0,0,0,0,2,1,0,2,1,0,1,0,0,0,0,0,
604,대전동신과학고 - 대전동신과학고,47,중소벤처기업청,0,0,0,0,0,0,0,0,0,0,0,0,0,1,0,0,0,0,0,0,0,0,0,0,
604,대전동신과학고 - 대전동신과학고,48,한국기계연구원,0,0,0,0,0,0,0,0,0,0,1,0,0,1,0,0,0,0,0,0,0,0,0,0,
604,대전동신과학고 - 대전동신과학고,49,충렬사삼거리,0,0,0,0,0,0,0,0,0,0,0,1,0,0,0,0,0,0,0,0,0,0,0,0,
604,대전동신과학고 - 대전동신과학고,50,충렬사삼거리,0,0,0,0,0,0,0,0,0,0,0,0,0,0,0,0,0,0,0,0,0,0,0,0,
604,대전동신과학고 - 대전동신과학고,51,수천이들근린공원,0,0,0,0,1,1,2,1,3,0,3,2,0,1,0,0,2,1,1,0,0,0,0,0,
604,대전동신과학고 - 대전동신과학고,52,자운근린공원,0,0,0,0,1,2,0,3,1,1,6,3,1,3,0,1,3,2,2,0,0,0,0,0,
604,대전동신과학고 - 대전동신과학고,53,한국기계연구원,0,0,0,1,0,3,3,0,3,0,2,0,1,1,0,0,0,1,0,0,0,0,0,0,
604,대전동신과학고 - 대전동신과학고,54,중소벤처기업청,0,0,0,0,1,0,0,0,0,0,0,0,2,4,0,0,0,0,0,0,0,0,0,0,
604,대전동신과학고 - 대전동신과학고,55,대덕대학교,0,0,0,1,0,3,3,4,4,6,3,0,3,1,0,2,4,0,0,0,0,0,0,0,
604,대전동신과학고 - 대전동신과학고,56,LG생활건강기술연구원,0,0,0,0,2,0,0,0,0,0,2,0,0,1,0,2,4,0,3,0,0,0,0,0,
604,대전동신과학고 - 대전동신과학고,57,한국화학연구원,0,0,0,0,1,4,4,4,3,2,0,3,4,2,1,3,0,2,0,0,0,0,0,0,
604,대전동신과학고 - 대전동신과학고,58,시민천문대,0,1,0,4,7,3,7,5,11,10,10,6,9,2,6,4,1,2,1,0,0,0,0,0,
604,대전동신과학고 - 대전동신과학고,59,한국항공우주연구원,0,0,2,0,8,0,8,6,10,12,7,8,1,3,7,4,5,0,0,0,0,0,0,0,
604,대전동신과학고 - 대전동신과학고,60,한국생명공학연구원,0,0,0,0,0,0,4,0,11,0,8,0,0,7,3,0,2,4,2,0,0,0,0,0,
604,대전동신과학고 - 대전동신과학고,61,카이스트,0,0,1,5,8,5,5,5,10,11,11,11,12,3,6,8,0,5,4,0,0,0,0,0,
604,대전동신과학고 - 대전동신과학고,62,구성삼거리,0,0,0,3,9,0,10,7,12,13,15,12,0,8,5,9,4,3,3,0,0,0,0,0,
604,대전동신과학고 - 대전동신과학고,63,대전지방기상청,0,0,0,0,0,5,9,7,0,12,0,13,8,9,3,9,5,1,4,0,0,0,0,0,
604,대전동신과학고 - 대전동신과학고,64,금강유역환경청,0,0,0,0,0,0,7,0,0,0,0,5,0,0,4,0,0,4,0,0,0,0,0,0,
604,대전동신과학고 - 대전동신과학고,65,국립중앙과학관,0,0,0,0,7,5,11,9,12,13,17,15,23,42,11,10,11,8,3,0,0,0,0,0,
604,대전동신과학고 - 대전동신과학고,66,서구보건소,0,0,6,6,16,9,16,13,33,19,21,25,33,51,19,12,19,16,5,0,0,0,0,0,
604,대전동신과학고 - 대전동신과학고,67,선사유적지,0,0,6,4,19,9,15,14,33,19,26,30,26,51,21,15,20,20,6,0,0,0,0,0,
604,대전동신과학고 - 대전동신과학고,68,통계센터,0,0,0,6,21,8,16,11,28,21,26,30,27,45,23,21,22,22,8,0,0,0,0,0,
604,대전동신과학고 - 대전동신과학고,69,이마트,0,0,3,5,21,11,17,16,27,20,28,27,21,44,25,20,20,21,10,0,0,0,0,0,
604,대전동신과학고 - 대전동신과학고,70,갤러리아타임월드,0,0,0,4,18,10,17,22,25,24,34,26,27,49,34,23,30,21,12,0,0,0,0,0,
604,대전동신과학고 - 대전동신과학고,71,은하수네거리,0,0,6,5,18,12,20,27,29,26,30,42,34,50,40,26,27,24,15,0,0,0,0,0,
604,대전동신과학고 - 대전동신과학고,72,큰마을아파트,0,0,8,7,32,14,24,30,31,31,30,44,34,50,43,25,28,22,15,0,0,0,0,0,
604,대전동신과학고 - 대전동신과학고,73,유승기업사,0,0,6,5,37,15,25,31,28,36,29,42,35,53,29,24,26,23,14,0,0,0,0,0,
604,대전동신과학고 - 대전동신과학고,74,탄방네거리,0,0,8,6,24,23,27,31,30,40,27,41,33,55,41,23,23,21,0,0,0,0,0,0,
604,대전동신과학고 - 대전동신과학고,75,롯데백화점,0,0,3,7,28,22,31,30,36,36,32,33,36,47,39,22,29,18,14,1,0,0,0,0,
604,대전동신과학고 - 대전동신과학고,76,용문역1번출구,0,0,7,6,12,16,29,29,31,42,45,28,36,53,35,20,31,17,16,3,0,0,0,0,
604,대전동신과학고 - 대전동신과학고,77,오룡역4번출구,0,0,4,8,12,15,20,30,30,41,43,27,35,54,30,18,27,14,15,0,0,0,0,0,
604,대전동신과학고 - 대전동신과학고,78,오룡역7번출구,0,0,4,7,0,18,28,29,31,41,40,37,33,39,27,18,25,15,15,4,0,0,0,0,
604,대전동신과학고 - 대전동신과학고,79,충남여자중고등학교,0,0,2,7,0,17,26,14,30,43,33,32,37,49,28,17,22,13,12,0,0,0,0,0,
604,대전동신과학고 - 대전동신과학고,80,한사랑아파트,0,0,6,8,12,19,23,31,33,46,34,29,38,36,31,17,19,20,4,0,0,0,0,0,
604,대전동신과학고 - 대전동신과학고,81,중촌네거리,0,0,4,7,10,20,25,33,32,45,32,30,27,48,29,25,18,23,13,0,0,0,0,0,
604,대전동신과학고 - 대전동신과학고,82,세명요양병원,0,0,7,6,12,21,27,31,35,42,35,34,39,49,27,24,17,21,14,4,0,0,0,0,
604,대전동신과학고 - 대전동신과학고,83,대전여상,0,0,0,0,9,21,26,30,33,40,28,30,24,44,25,11,15,18,3,0,0,0,0,0,
604,대전동신과학고 - 대전동신과학고,84,중앙로역7번출구,0,0,3,5,11,19,27,26,29,36,29,27,33,32,29,20,13,18,12,0,0,0,0,0,
604,대전동신과학고 - 대전동신과학고,85,대흥동성당,0,0,5,6,10,13,26,26,29,33,20,18,21,18,18,15,12,15,9,5,0,0,0,0,
604,대전동신과학고 - 대전동신과학고,86,오토바이거리,0,0,3,4,8,8,20,23,26,33,18,22,19,18,17,16,12,12,8,4,0,0,0,0,
604,대전동신과학고 - 대전동신과학고,87,한밭종합운동장,0,0,1,3,4,5,6,9,14,17,18,22,22,24,16,14,10,10,1,0,0,0,0,0,
604,대전동신과학고 - 대전동신과학고,88,부사오거리,0,0,0,3,6,6,7,6,9,16,16,18,19,17,10,11,6,9,7,3,0,0,0,0,
604,대전동신과학고 - 대전동신과학고,89,문창시장,0,0,0,4,4,7,10,5,10,8,16,16,17,14,11,10,7,0,6,0,0,0,0,0,
604,대전동신과학고 - 대전동신과학고,90,효동행정복지센터,0,0,0,4,3,5,11,2,0,6,15,13,10,18,11,8,5,7,0,2,0,0,0,0,
604,대전동신과학고 - 대전동신과학고,91,효동현대아파트,0,0,0,4,5,7,10,3,9,7,11,5,9,13,11,4,4,4,3,2,0,0,0,0,
604,대전동신과학고 - 대전동신과학고,92,신흥마을아파트정문,0,0,0,3,0,8,10,2,8,6,9,3,8,2,8,3,3,2,1,0,0,0,0,0,
604,대전동신과학고 - 대전동신과학고,93,신흥마을아파트후문,0,0,0,2,4,0,4,3,6,4,7,4,5,8,0,2,2,3,0,0,0,0,0,0,
604,대전동신과학고 - 대전동신과학고,94,신흥역,0,0,0,0,3,7,7,1,4,0,6,5,6,7,3,1,0,1,0,0,0,0,0,0,
604,대전동신과학고 - 대전동신과학고,95,판암근린공원,0,0,0,0,0,4,0,0,3,0,0,1,0,7,5,2,4,0,0,0,0,0,0,0,
604,대전동신과학고 - 대전동신과학고,96,미리내아파트,0,0,0,1,1,5,4,1,2,4,2,4,5,4,3,3,1,1,1,0,0,0,0,0,
604,대전동신과학고 - 대전동신과학고,97,판암역,0,0,0,1,1,2,2,2,0,1,2,0,1,2,0,2,2,0,0,0,0,0,0,0,
604,대전동신과학고 - 대전동신과학고,98,판암네거리,0,0,0,0,1,0,1,0,0,0,1,0,0,0,0,0,1,0,0,0,0,0,0,0,
604,대전동신과학고 - 대전동신과학고,99,판암차량기지,0,0,0,0,0,0,0,0,0,0,0,0,0,0,0,0,0,0,0,0,0,0,0,0,
604,대전동신과학고 - 대전동신과학고,100,삼정동,0,0,0,0,0,0,0,0,0,0,0,0,0,0,0,0,0,0,0,0,0,0,0,0,
604,대전동신과학고 - 대전동신과학고,101,대전동신과학고,0,0,0,0,0,0,0,0,0,0,0,0,0,0,0,0,0,0,0,0,0,0,0,0,
605,대전대학교동문 - 대전대학교동문,1,대전대학교동문,0,0,0,0,1,1,0,1,1,0,3,1,0,0,0,1,0,0,0,0,0,0,0,0,
605,대전대학교동문 - 대전대학교동문,2,용운마젤란아파트,0,1,2,3,4,4,6,12,4,6,3,6,10,6,6,3,2,5,2,0,0,0,0,0,
605,대전대학교동문 - 대전대학교동문,3,꿈에그린아파트,0,3,3,6,7,8,10,15,9,12,8,10,13,11,9,3,0,3,4,0,0,0,0,0,
605,대전대학교동문 - 대전대학교동문,4,우송대동캠퍼스,0,6,1,7,7,9,10,21,11,11,11,13,15,8,10,6,0,6,0,0,0,0,0,0,
605,대전대학교동문 - 대전대학교동문,5,자양동주민센터,0,10,3,7,9,14,16,25,14,10,12,9,17,11,9,4,1,0,3,0,0,0,0,0,
605,대전대학교동문 - 대전대학교동문,6,우송고등학교,0,12,4,6,9,4,17,25,15,14,14,14,18,13,10,6,0,4,0,0,0,0,0,0,
605,대전대학교동문 - 대전대학교동문,7,자양초등학교,0,11,0,7,7,11,15,22,13,7,13,14,8,12,8,5,0,1,4,0,0,0,0,0,
605,대전대학교동문 - 대전대학교동문,8,대동역3번출구,0,12,3,7,9,10,12,19,10,14,8,11,13,8,6,6,3,3,5,0,0,0,0,0,
605,대전대학교동문 - 대전대학교동문,9,대전화병원,0,11,4,0,10,7,8,15,11,0,7,9,12,1,5,0,0,0,2,0,0,0,0,0,
605,대전대학교동문 - 대전대학교동문,10,원동네거리,0,10,0,7,7,7,17,12,10,10,9,12,11,10,4,3,4,3,3,0,0,0,0,0,
605,대전대학교동문 - 대전대학교동문,11,대전역/역전시장,0,0,6,8,9,10,21,9,8,16,12,20,16,19,10,7,5,4,4,0,0,0,0,0,
605,대전대학교동문 - 대전대학교동문,12,중앙동주민센터,0,0,4,6,7,0,11,9,8,14,11,16,12,18,9,0,6,6,5,0,0,0,0,0,
605,대전대학교동문 - 대전대학교동문,13,대성여자고등학교,0,0,0,7,0,3,10,8,9,15,9,24,12,19,11,0,5,5,0,0,0,0,0,0,
605,대전대학교동문 - 대전대학교동문,14,성남네거리,0,0,7,5,6,7,21,9,8,11,13,20,13,16,9,13,6,0,0,0,0,0,0,0,
605,대전대학교동문 - 대전대학교동문,15,아침마을아파트,0,0,8,6,5,8,22,11,7,11,12,23,13,19,4,11,0,0,0,0,0,0,0,0,
605,대전대학교동문 - 대전대학교동문,16,가양초등학교,0,0,9,4,6,9,24,12,11,11,14,25,11,20,9,8,2,4,7,0,0,0,0,0,
605,대전대학교동문 - 대전대학교동문,17,가양네거리,0,0,8,6,9,10,26,10,11,10,12,24,12,18,10,7,4,5,8,0,0,0,0,0,
605,대전대학교동문 - 대전대학교동문,18,동대전시립도서관,0,0,0,5,12,11,28,8,12,9,13,23,10,15,11,7,2,4,9,0,0,0,0,0,
605,대전대학교동문 - 대전대학교동문,19,한국전기공사협회,0,0,0,4,6,5,29,7,11,12,13,25,9,14,6,4,0,2,6,0,0,0,0,0,
605,대전대학교동문 - 대전대학교동문,20,대전문학관입구,0,0,6,5,3,9,30,14,10,13,11,24,9,9,11,8,4,6,10,0,0,0,0,0,
605,대전대학교동문 - 대전대학교동문,21,한국전력공사,0,0,2,6,11,10,32,15,12,15,12,20,8,15,10,12,4,7,8,0,0,0,0,0,
605,대전대학교동문 - 대전대학교동문,22,중리네거리,0,0,7,5,12,13,33,12,14,18,14,20,16,13,0,12,2,8,8,0,0,0,0,0,
605,대전대학교동문 - 대전대학교동문,23,증산도교육문화회관,0,0,7,6,11,17,29,14,23,23,15,21,20,14,10,12,3,7,10,0,0,0,0,0,
605,대전대학교동문 - 대전대학교동문,24,중리지구대,0,0,0,2,10,9,24,12,23,25,13,20,19,13,10,11,0,0,4,0,0,0,0,0,
605,대전대학교동문 - 대전대학교동문,25,신동아아파트,0,0,0,4,12,18,21,13,22,26,7,20,19,13,12,10,4,4,11,0,0,0,0,0,
605,대전대학교동문 - 대전대학교동문,26,오정농수산물시장,0,0,6,0,0,0,0,0,9,25,0,0,17,11,0,0,2,0,10,0,0,0,0,0,
605,대전대학교동문 - 대전대학교동문,27,수정타운아파트,0,0,5,5,8,17,22,13,23,26,13,20,15,14,9,8,3,6,8,0,0,0,0,0,
605,대전대학교동문 - 대전대학교동문,28,수정타운아파트정문,0,0,1,3,5,0,20,17,21,27,11,21,14,12,10,3,4,6,4,0,0,0,0,0,
605,대전대학교동문 - 대전대학교동문,29,꿈나무아파트,0,0,4,7,11,19,19,19,26,29,13,25,16,17,8,7,5,7,5,0,0,0,0,0,
605,대전대학교동문 - 대전대학교동문,30,사학연금회관,0,0,3,6,11,13,14,18,28,27,21,28,14,20,9,9,9,9,6,0,0,0,0,0,
605,대전대학교동문 - 대전대학교동문,31,정부청사역,0,0,2,4,7,13,16,14,22,24,21,27,14,23,11,10,11,7,11,8,0,0,0,0,
605,대전대학교동문 - 대전대학교동문,32,이마트,0,0,0,5,6,12,14,14,15,21,17,22,13,15,12,8,10,6,11,0,0,0,0,0,
605,대전대학교동문 - 대전대학교동문,33,갤러리아타임월드,0,0,0,4,4,4,13,6,8,13,11,15,8,7,13,9,11,7,9,0,0,0,0,0,
605,대전대학교동문 - 대전대학교동문,34,은하수네거리,0,0,1,4,4,2,9,5,7,7,9,16,10,8,13,8,7,5,8,3,0,0,0,0,
605,대전대학교동문 - 대전대학교동문,35,갈마삼거리,0,0,0,3,1,1,7,4,5,6,6,10,7,6,9,4,5,4,6,0,0,0,0,0,
605,대전대학교동문 - 대전대학교동문,36,한밭고.갈마중입구,0,0,0,0,0,1,2,3,2,4,3,8,3,4,5,1,3,2,5,1,0,0,0,0,
605,대전대학교동문 - 대전대학교동문,37,갈마아파트3단지,0,0,0,0,1,1,0,1,1,1,0,3,0,2,0,1,0,0,0,0,0,0,0,0,
605,대전대학교동문 - 대전대학교동문,38,갈마아파트3단지,0,0,1,1,0,1,1,0,1,2,0,1,0,0,0,0,0,0,1,0,0,0,0,0,
605,대전대학교동문 - 대전대학교동문,39,안골네거리,0,0,0,0,0,0,1,0,0,0,1,2,0,0,1,1,0,1,0,0,0,0,0,0,
605,대전대학교동문 - 대전대학교동문,40,코오롱아파트,0,0,0,2,3,4,2,3,4,2,4,4,3,3,2,1,0,2,0,0,0,0,0,0,
605,대전대학교동문 - 대전대학교동문,41,대전외국어고/롯데아파트,0,1,2,1,3,4,5,5,4,5,5,2,4,5,4,2,1,1,0,0,0,0,0,0,
605,대전대학교동문 - 대전대학교동문,42,갈마아파트2단지,0,3,4,4,5,8,12,6,7,9,8,5,7,4,4,3,1,2,1,0,0,0,0,0,
605,대전대학교동문 - 대전대학교동문,43,둔산소방서,0,7,5,6,9,12,13,11,7,12,8,8,10,6,10,4,3,2,1,0,0,0,0,0,
605,대전대학교동문 - 대전대학교동문,44,동산아파트입구,0,8,0,7,12,10,13,12,12,12,11,8,10,8,12,5,5,2,3,0,0,0,0,0,
605,대전대학교동문 - 대전대학교동문,45,갈마육교,0,0,6,2,12,12,13,12,13,12,10,7,11,8,11,4,6,3,1,0,0,0,0,0,
605,대전대학교동문 - 대전대학교동문,46,은하수네거리,0,8,5,5,10,11,11,12,12,11,13,8,10,14,11,7,8,7,8,0,0,0,0,0,
605,대전대학교동문 - 대전대학교동문,47,파랑새네거리,0,7,6,6,8,7,8,11,13,14,15,18,19,18,15,16,14,10,10,0,0,0,0,0,
605,대전대학교동문 - 대전대학교동문,48,정부청사역,0,0,5,5,9,8,11,9,12,17,15,20,18,20,22,18,17,15,12,0,0,0,0,0,
605,대전대학교동문 - 대전대학교동문,49,사학연금회관,0,0,3,1,6,0,9,8,9,14,14,14,9,14,9,18,16,9,14,0,0,0,0,0,
605,대전대학교동문 - 대전대학교동문,50,둥지아파트정문,0,0,4,0,5,3,9,8,14,12,12,17,9,19,25,12,15,13,13,0,0,0,0,0,
605,대전대학교동문 - 대전대학교동문,51,삼천중학교,0,0,4,0,0,5,9,8,13,10,13,16,9,14,9,10,14,12,9,0,0,0,0,0,
605,대전대학교동문 - 대전대학교동문,52,가람아파트,0,0,6,3,6,7,10,6,12,10,13,18,10,21,25,19,10,13,14,0,0,0,0,0,
605,대전대학교동문 - 대전대학교동문,53,오정농수산물시장,0,0,9,4,7,6,13,12,18,11,14,19,20,22,22,19,8,6,10,0,0,0,0,0,
605,대전대학교동문 - 대전대학교동문,54,화정초등학교,0,2,13,5,7,5,14,9,16,12,15,18,11,20,19,17,14,0,0,0,0,0,0,0,
605,대전대학교동문 - 대전대학교동문,55,중리지구대,0,3,1,4,8,5,15,14,0,12,8,14,19,21,18,16,13,7,5,0,0,0,0,0,
605,대전대학교동문 - 대전대학교동문,56,한남대북문,0,0,0,3,8,7,16,11,16,11,0,8,18,21,6,13,4,12,7,0,0,0,0,0,
605,대전대학교동문 - 대전대학교동문,57,한남병원,0,4,11,7,8,10,15,11,13,13,11,14,17,19,15,14,10,10,8,0,0,0,0,0,
605,대전대학교동문 - 대전대학교동문,58,중리네거리,0,0,10,0,5,11,12,9,11,12,11,12,17,17,9,10,0,4,13,4,0,0,0,0,
605,대전대학교동문 - 대전대학교동문,59,한국전력공사,0,0,11,6,7,11,11,15,18,16,11,10,11,12,13,10,15,8,11,5,0,0,0,0,
605,대전대학교동문 - 대전대학교동문,60,대전문학관입구,0,0,12,7,3,8,11,14,19,19,9,9,9,15,10,9,13,7,10,0,0,0,0,0,
605,대전대학교동문 - 대전대학교동문,61,구샤또호텔,0,0,11,6,4,0,5,10,8,17,10,6,11,17,12,10,12,8,12,0,0,0,0,0,
605,대전대학교동문 - 대전대학교동문,62,동대전시립도서관,0,0,10,4,2,8,9,16,17,14,10,13,13,18,13,8,24,7,11,0,0,0,0,0,
605,대전대학교동문 - 대전대학교동문,63,가양네거리,0,0,11,8,0,4,9,15,13,13,11,11,12,17,12,0,0,1,10,0,0,0,0,0,
605,대전대학교동문 - 대전대학교동문,64,가양초등학교,0,0,4,12,7,9,11,17,14,20,13,14,12,18,12,6,23,7,7,0,0,0,0,0,
605,대전대학교동문 - 대전대학교동문,65,석촌마을아파트,0,0,7,14,6,5,10,20,4,23,15,13,10,17,13,5,5,4,8,0,0,0,0,0,
605,대전대학교동문 - 대전대학교동문,66,성남네거리,0,0,12,0,5,10,9,10,14,20,0,11,13,15,10,6,22,5,3,0,0,0,0,0,
605,대전대학교동문 - 대전대학교동문,67,대성여자고등학교,0,0,9,11,7,8,7,16,13,14,12,14,14,16,0,7,21,6,0,0,0,0,0,0,
605,대전대학교동문 - 대전대학교동문,68,중앙동주민센터,0,0,6,9,5,9,0,7,8,10,10,11,12,11,10,6,6,9,0,0,0,0,0,0,
605,대전대학교동문 - 대전대학교동문,69,대전역동광장,0,0,5,13,5,9,6,10,10,6,10,11,10,9,12,8,20,11,9,0,0,0,0,0,
605,대전대학교동문 - 대전대학교동문,70,대전역/중앙시장,0,0,3,6,8,7,3,6,6,10,13,12,18,22,18,18,19,19,22,12,0,0,0,0,
605,대전대학교동문 - 대전대학교동문,71,이스트시티아파트,0,0,1,4,7,7,0,6,2,11,14,15,18,22,19,19,3,25,25,13,0,0,0,0,
605,대전대학교동문 - 대전대학교동문,72,대동역2번출구,0,0,0,5,2,4,0,0,7,10,9,13,10,14,23,18,0,0,0,0,0,0,0,0,
605,대전대학교동문 - 대전대학교동문,73,대동역7번출구,0,0,1,5,8,8,5,0,10,11,14,16,19,16,25,21,19,32,30,16,0,0,0,0,
605,대전대학교동문 - 대전대학교동문,74,우송고등학교,0,0,0,0,0,3,4,0,6,2,10,12,17,14,22,20,11,31,28,11,0,0,0,0,
605,대전대학교동문 - 대전대학교동문,75,우송대삼거리,0,0,0,4,3,7,5,6,9,0,15,17,14,16,22,22,21,32,27,17,0,0,0,0,
605,대전대학교동문 - 대전대학교동문,76,자양동주민센터,0,0,0,2,6,6,1,0,4,10,11,12,11,17,18,20,20,31,25,12,0,0,0,0,
605,대전대학교동문 - 대전대학교동문,77,우송대동캠퍼스,0,0,0,1,4,4,4,4,6,9,8,10,9,15,17,16,19,26,22,10,0,0,0,0,
605,대전대학교동문 - 대전대학교동문,78,꿈에그린아파트,0,0,0,0,1,2,2,1,3,4,5,8,7,6,12,8,13,17,14,8,0,0,0,0,
605,대전대학교동문 - 대전대학교동문,79,용운마젤란아파트,0,0,1,0,0,1,0,0,1,1,1,1,1,2,5,1,4,1,2,1,0,0,0,0,
605,대전대학교동문 - 대전대학교동문,80,대전대학교동문,0,0,0,0,0,0,0,0,0,0,0,0,0,0,0,0,0,0,0,0,0,0,0,0,
606,대전동신과학고 - 대전동신과학고,1,대전동신과학고,0,0,0,0,0,0,0,0,1,0,0,0,0,0,0,0,0,0,0,0,0,0,0,0,
606,대전동신과학고 - 대전동신과학고,2,삼정동,0,1,1,0,2,0,2,0,0,0,1,1,1,0,0,0,0,0,0,0,0,0,0,0,
606,대전동신과학고 - 대전동신과학고,3,판암차량기지,0,1,1,0,2,0,2,0,0,0,1,1,1,0,0,0,0,0,0,0,0,0,0,0,
606,대전동신과학고 - 대전동신과학고,4,판암IC,0,1,1,0,2,0,2,0,0,0,1,1,1,0,0,0,0,0,0,0,0,0,0,0,
606,대전동신과학고 - 대전동신과학고,5,판암네거리,0,0,0,1,0,1,0,1,2,1,0,0,0,0,0,0,1,0,0,0,0,0,0,0,
606,대전동신과학고 - 대전동신과학고,6,판암역,0,0,0,0,1,4,5,4,1,2,0,4,4,3,1,2,0,2,0,0,0,0,0,0,
606,대전동신과학고 - 대전동신과학고,7,판암역네거리,0,0,0,1,0,5,6,0,2,3,2,0,3,0,2,0,0,0,0,0,0,0,0,0,
606,대전동신과학고 - 대전동신과학고,8,판암근린공원,0,0,0,0,0,0,0,0,5,4,3,0,4,0,0,0,0,0,0,0,0,0,0,0,
606,대전동신과학고 - 대전동신과학고,9,신흥역,0,0,0,0,0,5,8,0,0,0,5,0,5,4,0,0,0,0,0,0,0,0,0,0,
606,대전동신과학고 - 대전동신과학고,10,신흥마을아파트,0,2,1,2,3,8,8,5,0,0,7,1,0,5,0,3,0,0,0,0,0,0,0,0,
606,대전동신과학고 - 대전동신과학고,11,신흥동종점,0,0,0,0,0,0,0,0,0,0,0,0,0,4,0,0,0,0,0,0,0,0,0,0,
606,대전동신과학고 - 대전동신과학고,12,동부경찰서,0,0,3,3,3,9,10,0,3,5,0,0,5,6,4,0,0,0,1,0,0,0,0,0,
606,대전동신과학고 - 대전동신과학고,13,신인동주민센터,0,3,0,0,4,10,12,1,5,2,9,5,5,6,0,0,2,0,0,0,0,0,0,0,
606,대전동신과학고 - 대전동신과학고,14,원동네거리,0,3,4,1,5,9,13,6,3,5,13,6,6,1,8,2,0,3,0,0,0,0,0,0,
606,대전동신과학고 - 대전동신과학고,15,대전역/역전시장,0,3,3,4,7,11,14,11,10,18,19,13,15,8,13,6,4,6,3,0,0,0,0,0,
606,대전동신과학고 - 대전동신과학고,16,대전역,0,2,4,12,14,13,23,18,19,27,30,23,28,17,22,22,19,30,18,0,0,0,0,0,
606,대전동신과학고 - 대전동신과학고,17,삼성초등학교,0,0,0,0,0,0,11,18,21,29,29,0,0,15,23,12,0,0,0,0,0,0,0,0,
606,대전동신과학고 - 대전동신과학고,18,삼성네거리,0,0,0,2,14,15,18,0,17,28,0,0,26,16,23,11,0,0,0,0,0,0,0,0,
606,대전동신과학고 - 대전동신과학고,19,한밭자이아파트,0,0,3,11,12,14,18,25,22,0,30,22,27,16,21,21,20,18,0,0,0,0,0,0,
606,대전동신과학고 - 대전동신과학고,20,솔랑마을아파트,0,0,5,0,12,13,17,27,19,27,32,23,30,15,18,20,0,0,0,0,0,0,0,0,
606,대전동신과학고 - 대전동신과학고,21,대덕구청,0,0,0,3,0,12,16,18,18,11,29,23,32,17,14,0,0,0,0,0,0,0,0,0,
606,대전동신과학고 - 대전동신과학고,22,한남오거리,0,0,0,12,12,13,0,29,17,26,31,24,31,18,0,0,21,21,13,0,0,0,0,0,
606,대전동신과학고 - 대전동신과학고,23,오정우체국,0,1,0,10,11,14,15,28,20,13,34,25,29,16,13,0,19,0,27,17,0,0,0,0,
606,대전동신과학고 - 대전동신과학고,24,신동아아파트,0,0,6,9,12,13,17,30,23,25,31,24,28,20,12,16,18,21,27,17,0,0,0,0,
606,대전동신과학고 - 대전동신과학고,25,오정농수산물시장,0,0,0,1,0,0,17,29,22,0,33,21,15,0,11,0,0,0,25,0,0,0,0,0,
606,대전동신과학고 - 대전동신과학고,26,수정타운아파트,0,0,7,3,10,15,19,31,19,28,32,23,19,19,12,16,20,15,22,18,0,0,0,0,
606,대전동신과학고 - 대전동신과학고,27,수정타운아파트정문,0,0,8,2,12,14,22,29,22,27,0,24,18,18,9,8,19,20,18,0,0,0,0,0,
606,대전동신과학고 - 대전동신과학고,28,꿈나무아파트,0,0,0,0,15,14,23,29,22,27,30,23,16,16,9,12,20,19,15,15,0,0,0,0,
606,대전동신과학고 - 대전동신과학고,29,샘머리아파트,0,0,9,1,15,14,23,31,21,24,32,20,12,16,7,13,16,20,19,0,0,0,0,0,
606,대전동신과학고 - 대전동신과학고,30,한밭수목원,0,0,8,0,7,13,21,23,16,21,22,18,17,14,10,0,14,16,0,0,0,0,0,0,
606,대전동신과학고 - 대전동신과학고,31,대전예술의전당,0,0,0,0,6,12,0,22,13,0,21,0,15,17,9,6,12,14,0,14,0,0,0,0,
606,대전동신과학고 - 대전동신과학고,32,서구보건소,0,0,5,0,8,8,9,15,13,14,18,14,12,14,7,8,16,18,12,13,0,0,0,0,
606,대전동신과학고 - 대전동신과학고,33,신세계백화점,0,0,4,0,6,3,4,9,7,5,11,10,11,21,10,14,15,16,17,0,0,0,0,0,
606,대전동신과학고 - 대전동신과학고,34,대덕중학교,0,0,3,0,7,0,10,3,0,3,0,11,10,23,11,14,14,0,0,0,0,0,0,0,
606,대전동신과학고 - 대전동신과학고,35,공동관리아파트,0,0,0,0,0,1,0,0,6,0,0,10,0,0,8,0,15,0,16,0,0,0,0,0,
606,대전동신과학고 - 대전동신과학고,36,연구단지네거리,0,0,4,0,10,3,4,0,5,4,0,12,9,8,9,12,15,18,17,0,0,0,0,0,
606,대전동신과학고 - 대전동신과학고,37,한국표준과학연구원,0,0,0,0,11,0,0,0,0,0,0,9,7,0,8,13,13,12,17,10,0,0,0,0,
606,대전동신과학고 - 대전동신과학고,38,과학기술연합대학원(UST),0,0,0,0,0,0,4,0,0,0,0,0,11,22,8,0,14,0,8,0,0,0,0,0,
606,대전동신과학고 - 대전동신과학고,39,LG생활건강기술연구원,0,0,0,0,0,0,0,0,2,0,0,8,9,20,0,0,9,0,16,0,0,0,0,0,
606,대전동신과학고 - 대전동신과학고,40,한국화학연구원,0,0,0,0,0,0,0,0,0,0,0,6,0,19,6,0,13,13,15,8,0,0,0,0,
606,대전동신과학고 - 대전동신과학고,41,한화솔루션중앙연구소,0,0,2,0,9,2,3,0,3,3,0,4,4,16,6,8,8,5,10,5,0,0,0,0,
606,대전동신과학고 - 대전동신과학고,42,하나아파트,0,0,0,0,4,1,2,2,2,0,0,2,2,4,4,5,5,3,7,4,0,0,0,0,
606,대전동신과학고 - 대전동신과학고,43,한울아파트후문,0,0,0,0,2,0,1,0,1,0,0,0,0,2,2,2,4,2,5,0,0,0,0,0,
606,대전동신과학고 - 대전동신과학고,44,신성동주민센터,0,0,0,0,0,1,0,0,0,0,0,0,0,1,0,0,1,1,0,1,0,0,0,0,
606,대전동신과학고 - 대전동신과학고,45,자운근린공원,0,0,0,0,0,0,0,0,0,0,0,0,0,0,0,0,0,0,0,0,0,0,0,0,
606,대전동신과학고 - 대전동신과학고,46,충렬사삼거리,0,0,0,0,0,0,0,0,0,0,0,0,1,0,0,0,0,0,0,0,0,0,0,0,
606,대전동신과학고 - 대전동신과학고,47,충렬사삼거리,0,0,0,0,0,0,0,0,0,0,0,0,1,0,0,0,0,0,0,0,0,0,0,0,
606,대전동신과학고 - 대전동신과학고,48,자운근린공원,0,0,0,0,0,2,0,0,0,0,0,1,0,1,1,0,2,0,0,0,0,0,0,0,
606,대전동신과학고 - 대전동신과학고,49,신성동주민센터,0,0,0,3,0,4,1,3,1,2,5,2,2,3,0,0,0,0,1,0,0,0,0,0,
606,대전동신과학고 - 대전동신과학고,50,성덕중학교,0,0,0,4,1,6,2,0,2,7,7,2,1,0,2,1,0,0,0,0,0,0,0,0,
606,대전동신과학고 - 대전동신과학고,51,KT&G연구소,0,0,0,5,2,0,5,2,0,9,2,4,2,2,4,2,0,1,2,0,0,0,0,0,
606,대전동신과학고 - 대전동신과학고,52,하나아파트,0,0,0,10,3,9,7,3,8,10,4,4,4,6,0,6,3,2,3,0,0,0,0,0,
606,대전동신과학고 - 대전동신과학고,53,한화솔루션중앙연구소,0,0,0,6,3,10,9,4,9,15,6,6,5,7,6,7,0,0,4,0,0,0,0,0,
606,대전동신과학고 - 대전동신과학고,54,한국에너지기술연구원,0,0,0,0,3,0,0,0,10,16,0,5,3,8,5,0,2,1,1,0,0,0,0,0,
606,대전동신과학고 - 대전동신과학고,55,KT북대전지사,0,0,0,0,0,0,0,0,0,0,0,0,4,0,6,0,0,0,0,0,0,0,0,0,
606,대전동신과학고 - 대전동신과학고,56,한국전자통신연구원,0,0,0,0,0,0,0,0,0,0,0,0,4,0,6,0,0,0,0,0,0,0,0,0,
606,대전동신과학고 - 대전동신과학고,57,한국표준과학연구원,0,0,0,11,4,9,6,6,0,0,6,8,0,9,7,9,2,0,0,0,0,0,0,0,
606,대전동신과학고 - 대전동신과학고,58,SK뷰아파트,0,0,0,4,0,6,10,2,10,17,0,5,4,8,8,7,0,0,0,0,0,0,0,0,
606,대전동신과학고 - 대전동신과학고,59,공동관리아파트,0,0,0,0,6,5,9,2,11,0,8,8,4,0,0,0,0,2,0,0,0,0,0,0,
606,대전동신과학고 - 대전동신과학고,60,대덕중학교,0,0,0,6,9,0,10,0,0,15,7,7,9,9,6,3,0,0,3,0,0,0,0,0,
606,대전동신과학고 - 대전동신과학고,61,국립중앙과학관입구,0,0,0,0,0,5,10,0,9,15,10,14,16,33,11,8,15,3,5,0,0,0,0,0,
606,대전동신과학고 - 대전동신과학고,62,서구보건소,0,1,1,6,10,6,16,7,11,18,13,18,18,40,13,11,18,6,8,0,0,0,0,0,
606,대전동신과학고 - 대전동신과학고,63,대전예술의전당,0,0,0,5,0,5,0,9,17,19,17,29,27,43,16,12,21,7,1,0,0,0,0,0,
606,대전동신과학고 - 대전동신과학고,64,정부대전청사동문,0,0,0,0,9,4,17,9,0,21,13,28,24,15,17,9,20,23,9,0,0,0,0,0,
606,대전동신과학고 - 대전동신과학고,65,둥지아파트정문,0,0,3,4,10,8,16,10,13,22,17,18,23,42,19,11,10,22,8,0,0,0,0,0,
606,대전동신과학고 - 대전동신과학고,66,삼천중학교,0,0,4,5,12,5,16,10,14,20,16,28,19,40,19,0,11,22,5,0,0,0,0,0,
606,대전동신과학고 - 대전동신과학고,67,가람아파트,0,0,3,7,11,10,18,11,25,19,15,29,16,26,18,12,12,19,3,0,0,0,0,0,
606,대전동신과학고 - 대전동신과학고,68,오정농수산물시장,0,0,4,7,13,14,20,13,26,20,17,28,14,20,15,10,14,4,2,0,0,0,0,0,
606,대전동신과학고 - 대전동신과학고,69,화정초등학교,0,0,2,0,13,16,24,14,25,20,18,28,15,18,17,0,10,13,0,0,0,0,0,0,
606,대전동신과학고 - 대전동신과학고,70,오정네거리,0,0,5,5,15,18,24,15,0,22,0,15,27,16,0,0,13,14,0,0,0,0,0,0,
606,대전동신과학고 - 대전동신과학고,71,오정우체국,0,0,0,0,16,20,14,11,26,24,20,18,28,18,20,10,14,0,0,0,0,0,0,0,
606,대전동신과학고 - 대전동신과학고,72,한남오거리,0,0,0,0,0,20,0,10,25,23,19,17,0,20,0,9,0,0,0,0,0,0,0,0,
606,대전동신과학고 - 대전동신과학고,73,대덕구청,0,0,6,4,15,19,24,12,13,23,20,16,26,17,19,7,12,7,3,1,0,0,0,0,
606,대전동신과학고 - 대전동신과학고,74,솔랑마을아파트,0,0,7,8,9,15,26,16,12,24,0,12,29,0,0,15,9,13,0,0,0,0,0,0,
606,대전동신과학고 - 대전동신과학고,75,한밭자이아파트,0,0,0,0,16,8,27,18,26,24,17,18,28,16,0,0,8,11,2,0,0,0,0,0,
606,대전동신과학고 - 대전동신과학고,76,삼성초등학교,0,0,6,4,14,14,23,14,19,19,14,15,29,15,11,14,6,11,0,0,0,0,0,0,
606,대전동신과학고 - 대전동신과학고,77,대전역,0,0,1,4,5,8,9,10,11,14,7,10,13,9,4,2,5,5,1,2,0,0,0,0,
606,대전동신과학고 - 대전동신과학고,78,중앙시장,0,0,0,3,1,4,4,6,9,8,6,6,8,7,3,0,2,4,0,0,0,0,0,0,
606,대전동신과학고 - 대전동신과학고,79,원동네거리,0,0,0,0,0,1,3,0,7,8,7,4,7,2,0,0,3,3,0,0,0,0,0,0,
606,대전동신과학고 - 대전동신과학고,80,인동네거리,0,0,0,0,0,0,0,0,0,7,5,2,9,1,0,0,0,2,0,1,0,0,0,0,
606,대전동신과학고 - 대전동신과학고,81,동부경찰서,0,0,0,2,0,0,0,4,0,0,0,3,0,0,0,1,2,0,0,0,0,0,0,0,
606,대전동신과학고 - 대전동신과학고,82,신흥마을아파트후문,0,0,0,3,6,1,2,3,5,7,4,4,6,3,4,0,2,0,0,0,0,0,0,0,
606,대전동신과학고 - 대전동신과학고,83,신흥역,0,0,0,0,4,0,2,2,4,0,0,0,5,0,0,2,0,1,0,0,0,0,0,0,
606,대전동신과학고 - 대전동신과학고,84,판암근린공원,0,0,0,0,0,0,0,0,3,5,0,0,4,2,0,0,0,0,0,0,0,0,0,0,
606,대전동신과학고 - 대전동신과학고,85,미리내아파트,0,0,0,1,0,0,1,3,0,4,3,1,1,1,2,0,0,0,0,0,0,0,0,0,
606,대전동신과학고 - 대전동신과학고,86,판암역,0,0,0,0,0,0,0,1,0,0,1,1,1,0,0,1,1,1,0,0,0,0,0,0,
606,대전동신과학고 - 대전동신과학고,87,판암네거리,0,0,0,0,0,0,0,0,0,0,0,0,0,0,0,0,0,0,0,0,0,0,0,0,
606,대전동신과학고 - 대전동신과학고,88,판암차량기지,0,0,0,0,3,0,0,0,0,0,0,0,0,0,0,0,0,0,0,0,0,0,0,0,
606,대전동신과학고 - 대전동신과학고,89,삼정동,0,0,0,0,1,0,0,1,0,0,0,0,0,0,0,0,0,0,0,0,0,0,0,0,
606,대전동신과학고 - 대전동신과학고,90,대전동신과학고,0,0,0,0,0,0,0,0,0,0,0,0,0,0,0,0,0,0,0,0,0,0,0,0,
607,비래동종점 - 비래동종점,1,비래동종점,0,0,0,0,0,0,0,1,2,0,0,1,0,1,0,0,0,0,0,0,0,0,0,0,
607,비래동종점 - 비래동종점,2,비래동,0,1,1,1,2,1,0,0,3,1,0,0,0,2,1,0,0,0,0,0,0,0,0,0,
607,비래동종점 - 비래동종점,3,만남웨딩홀,0,2,0,1,5,1,0,3,0,0,3,0,3,3,0,0,3,0,0,0,0,0,0,0,
607,비래동종점 - 비래동종점,4,비래검문소,0,0,1,0,6,2,0,4,6,0,4,0,3,0,0,0,5,0,0,0,0,0,0,0,
607,비래동종점 - 비래동종점,5,한신휴플러스,0,0,0,2,0,4,0,3,8,2,0,4,2,2,0,0,0,0,0,0,0,0,0,0,
607,비래동종점 - 비래동종점,6,적십자혈액원,0,2,2,3,0,0,0,3,0,3,0,0,2,1,0,0,6,0,0,0,0,0,0,0,
607,비래동종점 - 비래동종점,7,동부네거리,0,0,2,2,3,0,1,4,5,4,4,5,5,7,2,3,8,1,1,0,0,0,0,0,
607,비래동종점 - 비래동종점,8,복합터미널,0,1,2,5,4,7,3,8,5,9,6,13,9,10,9,8,8,3,2,0,0,0,0,0,
607,비래동종점 - 비래동종점,9,홍도지하차도,0,0,4,5,3,5,0,4,10,14,6,5,15,11,11,5,7,2,0,0,0,0,0,0,
607,비래동종점 - 비래동종점,10,홍도치안센터,0,0,5,4,3,3,4,7,10,13,12,10,14,12,8,9,7,0,3,0,0,0,0,0,
607,비래동종점 - 비래동종점,11,동산지하차도,0,0,0,7,0,0,5,8,0,14,5,11,12,11,8,8,4,0,0,0,0,0,0,0,
607,비래동종점 - 비래동종점,12,솔랑마을아파트,0,0,2,4,1,0,3,5,9,6,0,12,9,10,7,7,5,0,0,0,0,0,0,0,
607,비래동종점 - 비래동종점,13,현암교,0,3,6,4,4,4,2,9,0,12,0,11,6,6,0,6,3,0,0,0,0,0,0,0,
607,비래동종점 - 비래동종점,14,삼성2동,0,0,7,0,5,5,3,7,10,9,0,8,0,0,0,5,0,0,0,0,0,0,0,0,
607,비래동종점 - 비래동종점,15,현암시장,0,5,4,10,3,4,6,11,12,13,17,11,9,10,0,0,0,1,0,0,0,0,0,0,
607,비래동종점 - 비래동종점,16,현암초등학교,0,0,6,11,7,7,8,12,11,13,19,0,8,7,5,6,0,1,0,0,0,0,0,0,
607,비래동종점 - 비래동종점,17,삼성동행정복지센터,0,1,8,12,9,10,7,10,13,9,8,14,7,8,6,7,0,0,4,0,0,0,0,0,
607,비래동종점 - 비래동종점,18,북부교,0,0,0,0,0,10,0,13,14,0,18,0,7,0,4,0,0,0,0,0,0,0,0,0,
607,비래동종점 - 비래동종점,19,한밭중네거리,0,0,3,0,9,0,9,11,14,8,18,6,6,9,7,0,4,7,0,0,0,0,0,0,
607,비래동종점 - 비래동종점,20,삼성초등학교,0,0,9,13,11,13,10,15,16,14,19,15,9,6,6,8,4,9,5,0,0,0,0,0,
607,비래동종점 - 비래동종점,21,대전역,0,1,8,13,4,16,11,19,14,13,21,19,15,11,14,13,8,12,6,0,0,0,0,0,
607,비래동종점 - 비래동종점,22,중앙시장,0,0,10,18,18,16,16,19,18,18,21,25,29,17,16,22,10,15,12,0,0,0,0,0,
607,비래동종점 - 비래동종점,23,원동네거리,0,0,9,8,16,16,15,11,19,18,22,19,23,15,17,12,0,10,3,0,0,0,0,0,
607,비래동종점 - 비래동종점,24,인동네거리,0,3,0,5,7,18,16,21,20,19,20,25,23,16,18,21,11,9,0,0,0,0,0,0,
607,비래동종점 - 비래동종점,25,동부경찰서,0,0,0,0,6,17,0,0,18,0,17,24,21,0,0,14,0,0,0,0,0,0,0,0,
607,비래동종점 - 비래동종점,26,신흥마을아파트후문,0,4,9,10,7,16,16,12,19,19,25,25,22,16,17,23,6,14,10,0,0,0,0,0,
607,비래동종점 - 비래동종점,27,신흥역,0,0,8,11,15,18,11,20,18,21,26,29,29,17,19,24,8,15,12,0,0,0,0,0,
607,비래동종점 - 비래동종점,28,판암근린공원,0,0,10,0,0,0,10,0,7,17,0,0,23,13,18,0,0,0,9,0,0,0,0,0,
607,비래동종점 - 비래동종점,29,미리내아파트,0,0,6,19,7,17,19,19,9,18,22,27,30,15,19,22,12,13,11,0,0,0,0,0,
607,비래동종점 - 비래동종점,30,판암역,0,6,11,18,20,25,23,19,20,27,25,33,39,23,26,21,21,24,11,0,0,0,0,0,
607,비래동종점 - 비래동종점,31,판암네거리,0,0,11,7,0,24,26,21,20,0,24,0,40,15,21,22,0,0,3,0,0,0,0,0,
607,비래동종점 - 비래동종점,32,판암차량기지,0,0,10,0,0,13,23,0,0,0,24,32,0,22,0,0,0,0,0,0,0,0,0,0,
607,비래동종점 - 비래동종점,33,삼정동,0,0,0,0,0,23,0,0,22,0,0,0,0,0,0,0,0,0,0,0,0,0,0,0,
607,비래동종점 - 비래동종점,34,대전동신과학고,0,0,10,6,11,12,13,19,9,0,0,16,0,0,0,24,0,20,4,0,0,0,0,0,
607,비래동종점 - 비래동종점,35,가는골,0,0,0,0,0,11,24,0,0,0,0,0,0,0,0,0,0,0,10,0,0,0,0,0,
607,비래동종점 - 비래동종점,36,세천/새동네,0,0,5,0,21,0,0,0,11,15,23,0,0,0,0,0,0,0,0,0,0,0,0,0,
607,비래동종점 - 비래동종점,37,세천동,0,0,4,0,19,21,22,18,20,23,22,31,38,21,25,4,12,18,3,0,0,0,0,0,
607,비래동종점 - 비래동종점,38,대청동주민센터,0,0,0,0,0,19,21,17,17,12,0,0,0,0,21,14,0,23,0,0,0,0,0,0,
607,비래동종점 - 비래동종점,39,세천삼거리,0,0,0,5,0,0,20,16,13,0,0,0,0,0,0,0,0,0,0,0,0,0,0,0,
607,비래동종점 - 비래동종점,40,증약,0,0,9,17,10,16,7,8,0,13,20,0,25,19,0,23,10,17,0,0,0,0,0,0,
607,비래동종점 - 비래동종점,41,자모리,0,0,0,15,0,11,19,14,16,0,17,0,0,19,0,22,8,0,10,0,0,0,0,0,
607,비래동종점 - 비래동종점,42,새마을,0,0,0,0,9,15,0,0,9,0,0,0,37,20,0,11,0,0,0,0,0,0,0,0,
607,비래동종점 - 비래동종점,43,군북면사무소,0,0,10,14,9,14,0,16,14,22,0,30,24,0,19,20,7,0,9,0,0,0,0,0,
607,비래동종점 - 비래동종점,44,백석리,0,0,0,0,0,13,0,0,0,0,12,0,38,0,0,0,0,0,0,0,0,0,0,0,
607,비래동종점 - 비래동종점,45,당골마을,0,0,0,0,0,12,0,14,0,0,0,0,0,0,0,0,0,0,0,0,0,0,0,0,
607,비래동종점 - 비래동종점,46,옥각리,0,0,11,0,0,11,21,15,0,0,14,18,37,0,0,0,9,0,0,0,0,0,0,0,
607,비래동종점 - 비래동종점,47,서정리,0,0,0,0,0,18,0,7,0,0,19,0,33,0,0,3,0,22,0,0,0,0,0,0,
607,비래동종점 - 비래동종점,48,삼양사거리,0,0,6,4,8,14,18,14,12,0,18,28,24,18,0,0,11,16,15,6,0,0,0,0,
607,비래동종점 - 비래동종점,49,삼양3리,0,0,0,0,7,13,16,12,11,0,13,26,18,0,17,19,0,19,14,0,0,0,0,0,
607,비래동종점 - 비래동종점,50,옥천시외버스터미널,0,0,10,0,3,10,14,10,0,7,15,0,29,18,19,6,10,0,1,0,0,0,0,0,
607,비래동종점 - 비래동종점,51,옥천교육청,0,0,9,12,5,10,13,7,7,17,12,17,22,16,14,16,6,13,8,4,0,0,0,0,
607,비래동종점 - 비래동종점,52,옥천종합상가,0,0,6,8,3,9,10,6,6,10,6,8,8,11,5,10,4,7,3,3,0,0,0,0,
607,비래동종점 - 비래동종점,53,옥천버스앞,0,0,0,0,0,0,0,3,1,1,0,2,2,0,2,2,0,2,2,0,0,0,0,0,
607,비래동종점 - 비래동종점,54,가화리,0,0,0,0,0,0,0,0,0,0,0,0,0,0,0,0,0,0,0,0,0,0,0,0,
607,비래동종점 - 비래동종점,55,옥천기점,0,0,0,0,0,0,0,1,0,0,2,0,0,1,0,0,0,0,0,0,0,0,0,0,
607,비래동종점 - 비래동종점,56,가화리,0,0,1,3,2,4,2,3,2,2,4,1,1,4,1,1,1,1,0,0,0,0,0,0,
607,비래동종점 - 비래동종점,57,옥천버스앞,0,0,6,5,11,9,19,13,10,8,20,8,11,19,4,3,3,4,0,0,0,0,0,0,
607,비래동종점 - 비래동종점,58,옥천농협앞,0,0,2,8,13,12,24,15,12,12,23,9,13,6,5,2,0,1,1,0,0,0,0,0,
607,비래동종점 - 비래동종점,59,옥천종합상가,0,0,8,9,14,14,26,16,15,17,29,14,18,22,11,3,6,6,3,0,0,0,0,0,
607,비래동종점 - 비래동종점,60,옥천중학교,0,0,10,12,17,17,31,17,20,18,35,18,21,15,13,8,7,4,4,0,0,0,0,0,
607,비래동종점 - 비래동종점,61,옥천시외버스터미널,0,0,4,7,14,0,26,18,20,19,27,17,21,23,17,9,0,5,0,0,0,0,0,0,
607,비래동종점 - 비래동종점,62,삼양3리,0,0,0,0,0,18,33,0,0,18,19,19,22,0,9,8,0,0,0,0,0,0,0,0,
607,비래동종점 - 비래동종점,63,삼양삼거리,0,0,7,10,0,19,32,19,22,20,38,20,25,26,0,0,3,5,0,0,0,0,0,0,
607,비래동종점 - 비래동종점,64,서정리,0,0,0,13,15,0,0,0,17,0,28,0,0,0,0,0,0,0,0,0,0,0,0,0,
607,비래동종점 - 비래동종점,65,옥각리,0,0,11,0,13,18,0,0,18,18,40,0,25,0,0,0,0,0,0,0,0,0,0,0,
607,비래동종점 - 비래동종점,66,당골마을,0,0,12,0,0,0,31,0,0,0,0,0,0,0,0,0,0,4,0,0,0,0,0,0,
607,비래동종점 - 비래동종점,67,백석리,0,0,0,0,0,0,0,0,0,0,0,9,0,0,0,8,0,0,0,0,0,0,0,0,
607,비래동종점 - 비래동종점,68,군북면사무소,0,0,13,4,0,19,33,0,0,18,28,18,28,28,19,10,0,5,0,0,0,0,0,0,
607,비래동종점 - 비래동종점,69,새마을,0,0,5,11,0,12,34,0,23,0,29,0,26,29,0,0,8,0,0,0,0,0,0,0,
607,비래동종점 - 비래동종점,70,자모리,0,0,14,0,12,0,0,0,0,17,41,19,0,30,20,6,2,0,0,0,0,0,0,0,
607,비래동종점 - 비래동종점,71,증약,0,0,8,8,0,19,0,20,0,19,0,21,25,0,0,4,0,6,0,0,0,0,0,0,
607,비래동종점 - 비래동종점,72,신상동,0,0,0,0,0,0,0,0,22,0,0,0,0,0,0,0,0,0,0,0,0,0,0,0,
607,비래동종점 - 비래동종점,73,세천삼거리,0,0,0,0,14,18,0,21,0,0,32,19,0,0,0,0,0,0,0,0,0,0,0,0,
607,비래동종점 - 비래동종점,74,대청동행정복지센터,0,1,0,0,0,20,0,14,24,21,33,0,21,0,0,0,0,0,0,0,0,0,0,0,
607,비래동종점 - 비래동종점,75,세천동,0,0,1,0,12,19,35,16,26,0,34,25,25,31,7,0,0,0,0,0,0,0,0,0,
607,비래동종점 - 비래동종점,76,세천/새동네,0,0,0,9,0,20,13,15,25,0,0,0,0,0,0,0,0,0,0,0,0,0,0,0,
607,비래동종점 - 비래동종점,77,가는골,0,0,0,0,0,0,0,0,0,18,0,0,0,0,0,0,0,0,0,0,0,0,0,0,
607,비래동종점 - 비래동종점,78,대전동신과학고,0,0,0,0,0,0,34,0,0,20,40,14,24,13,0,0,0,0,0,0,0,0,0,0,
607,비래동종점 - 비래동종점,79,삼정동,0,0,0,0,15,0,0,20,21,21,0,33,23,32,4,5,0,0,0,0,0,0,0,0,
607,비래동종점 - 비래동종점,80,판암차량기지,0,0,0,0,0,0,0,0,0,0,0,0,0,33,3,0,0,3,3,0,0,0,0,0,
607,비래동종점 - 비래동종점,81,판암IC,0,0,0,0,0,0,33,0,0,0,0,24,0,0,0,0,0,0,4,0,0,0,0,0,
607,비래동종점 - 비래동종점,82,판암네거리,0,0,14,10,0,17,30,19,24,18,37,30,24,30,31,9,7,4,5,0,0,0,0,0,
607,비래동종점 - 비래동종점,83,판암역,0,0,12,9,7,15,24,14,20,17,27,25,17,24,22,9,3,4,3,0,0,0,0,0,
607,비래동종점 - 비래동종점,84,판암역네거리,0,0,11,5,8,9,23,11,20,16,28,27,17,24,12,10,2,0,0,0,0,0,0,0,
607,비래동종점 - 비래동종점,85,판암근린공원,0,0,0,0,0,0,0,13,0,0,26,28,10,21,21,3,0,0,0,0,0,0,0,0,
607,비래동종점 - 비래동종점,86,신흥역,0,0,0,0,7,15,0,10,0,15,12,29,0,24,0,0,0,0,2,0,0,0,0,0,
607,비래동종점 - 비래동종점,87,신흥마을아파트,0,0,7,6,9,16,24,11,23,16,15,17,17,24,20,13,7,0,0,0,0,0,0,0,
607,비래동종점 - 비래동종점,88,동부경찰서,0,0,12,10,11,16,22,13,0,16,13,28,18,26,0,14,1,0,0,0,0,0,0,0,
607,비래동종점 - 비래동종점,89,신인동주민센터,0,1,12,9,12,0,21,12,21,17,27,0,17,12,16,14,8,4,2,0,0,0,0,0,
607,비래동종점 - 비래동종점,90,원동네거리,0,0,11,6,12,8,18,16,21,13,24,29,16,23,16,9,7,4,0,0,0,0,0,0,
607,비래동종점 - 비래동종점,91,대전역/역전시장,0,0,8,8,10,11,7,16,10,16,32,21,15,18,15,11,4,3,2,1,0,0,0,0,
607,비래동종점 - 비래동종점,92,대전역/하나은행,0,0,7,6,8,8,7,15,10,12,31,28,16,17,10,9,4,6,3,2,0,0,0,0,
607,비래동종점 - 비래동종점,93,한밭중네거리,0,0,6,5,0,0,6,0,7,15,11,10,0,18,9,1,3,5,0,0,0,0,0,0,
607,비래동종점 - 비래동종점,94,북부교,0,0,7,0,7,0,4,0,6,14,0,26,15,17,8,8,2,3,0,0,0,0,0,0,
607,비래동종점 - 비래동종점,95,삼성동행정복지센터,0,0,0,4,8,7,2,13,5,8,9,24,14,14,7,7,2,0,0,0,0,0,0,0,
607,비래동종점 - 비래동종점,96,현암교,0,0,0,4,8,7,2,13,5,8,9,24,14,14,7,7,2,0,0,0,0,0,0,0,
607,비래동종점 - 비래동종점,97,삼성2동,0,0,0,5,9,0,2,10,0,14,11,9,10,11,5,0,0,0,2,1,0,0,0,0,
607,비래동종점 - 비래동종점,98,현암시장,0,0,6,4,7,9,3,6,8,13,9,15,12,10,3,7,0,0,0,0,0,0,0,0,
607,비래동종점 - 비래동종점,99,현암초등학교,0,0,0,3,5,0,0,7,8,12,4,10,12,9,8,0,0,0,3,0,0,0,0,0,
607,비래동종점 - 비래동종점,100,솔랑마을아파트,0,0,0,0,6,0,0,3,7,11,8,13,11,8,8,8,1,4,4,1,0,0,0,0,
607,비래동종점 - 비래동종점,101,동산지하차도,0,0,3,2,0,2,5,0,4,10,8,10,10,9,0,0,3,0,0,0,0,0,0,0,
607,비래동종점 - 비래동종점,102,홍도치안센터,0,0,3,7,8,10,7,11,6,8,9,9,8,6,7,6,1,4,1,0,0,0,0,0,
607,비래동종점 - 비래동종점,103,홍도아파트,0,0,0,0,7,12,5,2,7,7,7,8,6,10,6,5,0,3,0,0,0,0,0,0,
607,비래동종점 - 비래동종점,104,홍도지하차도,0,0,0,3,7,10,5,7,6,7,5,5,5,11,0,0,0,0,0,0,0,0,0,0,
607,비래동종점 - 비래동종점,105,복합터미널,0,0,1,3,4,3,2,2,3,4,2,4,3,10,5,6,2,3,3,0,0,0,0,0,
607,비래동종점 - 비래동종점,106,동부네거리,0,0,1,1,3,0,1,2,4,0,0,3,4,0,5,4,0,2,0,0,0,0,0,0,
607,비래동종점 - 비래동종점,107,가양중학교입구,0,0,0,0,1,0,0,0,3,0,0,1,3,7,3,5,0,1,0,0,0,0,0,0,
607,비래동종점 - 비래동종점,108,한신휴플러스,0,0,0,2,2,0,0,1,1,3,1,1,1,4,2,0,0,0,0,0,0,0,0,0,
607,비래동종점 - 비래동종점,109,비래동노인회관,0,0,0,0,0,0,0,3,2,2,0,0,0,1,1,2,0,2,0,2,0,0,0,0,
607,비래동종점 - 비래동종점,110,만남웨딩홀,0,0,0,0,0,0,0,0,0,0,0,0,0,0,0,1,0,1,0,1,0,0,0,0,
607,비래동종점 - 비래동종점,111,비래동,0,0,0,0,1,0,0,0,0,0,0,0,0,0,0,0,1,0,0,0,0,0,0,0,
607,비래동종점 - 비래동종점,112,비래동종점,0,0,0,0,0,0,0,0,0,0,0,0,0,0,0,0,0,0,0,0,0,0,0,0,
608,서남부터미널종점 - 서남부터미널종점,1,서남부터미널종점,0,0,0,0,0,0,0,0,0,0,1,0,0,0,2,0,0,0,0,0,0,0,0,0,
608,서남부터미널종점 - 서남부터미널종점,2,서남부터미널기점,0,0,0,0,0,0,0,0,1,1,0,1,0,0,3,0,0,0,0,0,0,0,0,0,
608,서남부터미널종점 - 서남부터미널종점,3,버드내아파트,0,0,0,0,0,0,0,0,1,0,0,0,0,1,2,0,0,0,0,0,0,0,0,0,
608,서남부터미널종점 - 서남부터미널종점,4,파라곤아파트,0,1,1,0,0,2,3,1,3,2,0,2,3,3,4,1,0,0,0,0,0,0,0,0,
608,서남부터미널종점 - 서남부터미널종점,5,버드내2단지,0,2,3,2,6,6,5,7,6,3,4,5,4,1,8,3,0,0,0,0,0,0,0,0,
608,서남부터미널종점 - 서남부터미널종점,6,버드내아파트,0,3,5,0,5,8,6,0,5,7,8,7,5,6,13,0,2,0,1,0,0,0,0,0,
608,서남부터미널종점 - 서남부터미널종점,7,버드내네거리,0,4,6,0,0,9,9,0,0,8,8,8,7,8,0,0,0,0,0,0,0,0,0,0,
608,서남부터미널종점 - 서남부터미널종점,8,유천시장,0,0,0,3,0,8,10,0,6,9,10,0,6,7,11,0,0,0,0,0,0,0,0,0,
608,서남부터미널종점 - 서남부터미널종점,9,서대전육교,0,5,0,3,7,0,9,8,0,11,13,8,5,9,5,0,3,0,2,0,0,0,0,0,
608,서남부터미널종점 - 서남부터미널종점,10,서대전역네거리,0,4,7,0,7,4,8,9,7,8,14,8,10,10,4,9,2,3,2,0,0,0,0,0,
608,서남부터미널종점 - 서남부터미널종점,11,서대전네거리역2번출구,0,0,8,0,8,7,7,9,9,12,13,10,7,11,7,8,3,5,1,0,0,0,0,0,
608,서남부터미널종점 - 서남부터미널종점,12,대전충남병무청,0,0,9,4,8,5,3,0,9,15,12,6,5,3,10,10,0,0,0,0,0,0,0,0,
608,서남부터미널종점 - 서남부터미널종점,13,중구청,0,3,8,0,0,0,4,0,0,11,10,9,0,11,3,0,0,0,0,0,0,0,0,0,
608,서남부터미널종점 - 서남부터미널종점,14,중앙로역4번출구,0,0,3,4,6,2,2,9,9,11,10,11,5,8,0,13,5,7,6,0,0,0,0,0,
608,서남부터미널종점 - 서남부터미널종점,15,으능정이거리,0,0,5,0,6,2,3,10,10,10,11,16,10,14,10,16,19,12,10,0,0,0,0,0,
608,서남부터미널종점 - 서남부터미널종점,16,대전역,0,0,6,4,3,1,3,9,7,6,7,18,11,14,10,15,14,0,0,0,0,0,0,0,
608,서남부터미널종점 - 서남부터미널종점,17,중앙시장,0,0,5,2,5,2,4,11,4,8,9,19,18,16,13,11,21,12,13,0,0,0,0,0,
608,서남부터미널종점 - 서남부터미널종점,18,이스트시티아파트,0,0,0,0,0,2,2,9,5,0,0,20,20,18,13,0,22,0,15,0,0,0,0,0,
608,서남부터미널종점 - 서남부터미널종점,19,대동역2번출구,0,0,0,3,0,5,3,8,0,7,9,21,22,17,15,10,18,13,11,0,0,0,0,0,
608,서남부터미널종점 - 서남부터미널종점,20,대동역7번출구,0,0,0,1,0,6,0,11,8,10,11,23,25,18,18,18,22,18,18,0,0,0,0,0,
608,서남부터미널종점 - 서남부터미널종점,21,우송고등학교,0,0,0,0,0,0,0,5,9,11,10,22,21,19,19,17,17,9,17,0,0,0,0,0,
608,서남부터미널종점 - 서남부터미널종점,22,우송대삼거리,0,0,4,3,0,8,6,12,11,12,0,23,25,15,19,18,21,16,15,0,0,0,0,0,
608,서남부터미널종점 - 서남부터미널종점,23,자양동주민센터,0,0,2,4,3,6,0,13,9,10,7,19,19,12,19,14,19,13,13,0,0,0,0,0,
608,서남부터미널종점 - 서남부터미널종점,24,우송대동캠퍼스,0,0,4,3,0,4,5,10,7,5,8,14,17,12,13,10,17,9,9,4,0,0,0,0,
608,서남부터미널종점 - 서남부터미널종점,25,대룡초등학교,0,0,0,2,2,3,0,0,0,3,7,12,16,11,6,3,14,7,8,0,0,0,0,0,
608,서남부터미널종점 - 서남부터미널종점,26,용운주공2단지,0,0,2,0,0,5,3,10,8,5,8,15,14,11,13,14,11,8,7,0,0,0,0,0,
608,서남부터미널종점 - 서남부터미널종점,27,꿈에그린아파트,0,0,0,1,2,5,8,14,8,6,8,14,14,8,13,11,12,7,6,2,0,0,0,0,
608,서남부터미널종점 - 서남부터미널종점,28,용운마젤란아파트,0,0,0,1,0,4,4,13,7,5,8,9,14,4,12,5,7,4,3,0,0,0,0,0,
608,서남부터미널종점 - 서남부터미널종점,29,대전대학교동문,0,0,0,0,3,6,7,12,5,6,8,6,11,5,11,4,6,0,1,0,0,0,0,0,
608,서남부터미널종점 - 서남부터미널종점,30,대전대학교,0,0,0,0,0,0,0,0,0,0,0,0,12,2,0,0,0,0,0,0,0,0,0,0,
608,서남부터미널종점 - 서남부터미널종점,31,새울,0,0,0,0,5,7,0,13,4,0,9,10,0,3,10,0,4,1,3,0,0,0,0,0,
608,서남부터미널종점 - 서남부터미널종점,32,에코포레아파트,0,0,1,0,6,5,0,11,5,10,10,10,6,5,8,3,3,2,0,0,0,0,0,0,
608,서남부터미널종점 - 서남부터미널종점,33,용운국제수영장,0,0,0,0,0,0,0,0,0,0,10,0,0,5,0,1,0,0,0,0,0,0,0,0,
608,서남부터미널종점 - 서남부터미널종점,34,판암동성당,0,0,0,0,5,6,7,9,0,0,4,4,10,0,7,3,2,0,0,0,0,0,0,0,
608,서남부터미널종점 - 서남부터미널종점,35,판암네거리,0,0,0,0,0,6,10,0,3,8,0,0,5,4,5,0,0,0,0,0,0,0,0,0,
608,서남부터미널종점 - 서남부터미널종점,36,판암역,0,0,0,1,3,9,9,7,11,8,11,10,10,8,6,5,2,5,2,1,0,0,0,0,
608,서남부터미널종점 - 서남부터미널종점,37,동구청,0,0,0,0,2,4,1,4,8,7,7,9,8,2,4,3,0,4,0,0,0,0,0,0,
608,서남부터미널종점 - 서남부터미널종점,38,은어송마을5단지,0,0,0,0,1,0,0,1,1,1,2,1,1,1,0,1,1,2,0,0,0,0,0,0,
608,서남부터미널종점 - 서남부터미널종점,39,은어송마을4단지,0,0,0,0,0,0,0,0,0,0,0,0,0,0,0,0,0,0,0,0,0,0,0,0,
608,서남부터미널종점 - 서남부터미널종점,40,은어송마을3단지후문,0,0,0,0,0,0,3,0,0,1,0,0,0,1,1,0,0,0,1,0,0,0,0,0,
608,서남부터미널종점 - 서남부터미널종점,41,은어송마을3단지후문,0,0,0,0,0,0,3,0,0,1,0,0,0,1,1,0,0,0,1,0,0,0,0,0,
608,서남부터미널종점 - 서남부터미널종점,42,은어송마을5단지,0,0,2,1,1,0,5,2,0,4,3,6,7,7,3,5,2,5,3,0,0,0,0,0,
608,서남부터미널종점 - 서남부터미널종점,43,동구청,0,1,0,3,2,2,0,3,1,5,5,8,7,8,5,3,4,7,4,0,0,0,0,0,
608,서남부터미널종점 - 서남부터미널종점,44,판암역,0,0,5,0,3,1,1,1,4,0,7,12,11,7,3,7,5,4,7,0,0,0,0,0,
608,서남부터미널종점 - 서남부터미널종점,45,판암동성당,0,0,4,0,0,2,2,1,5,0,6,0,12,8,0,0,0,3,0,0,0,0,0,0,
608,서남부터미널종점 - 서남부터미널종점,46,용운국제수영장,0,0,3,5,0,0,0,0,0,0,6,9,9,4,0,4,3,0,0,0,0,0,0,0,
608,서남부터미널종점 - 서남부터미널종점,47,복음아파트,0,0,1,1,3,2,3,0,4,0,5,8,9,3,3,6,6,0,4,0,0,0,0,0,
608,서남부터미널종점 - 서남부터미널종점,48,새울,0,0,0,0,0,0,0,0,3,0,6,3,6,7,0,0,0,0,0,0,0,0,0,0,
608,서남부터미널종점 - 서남부터미널종점,49,대전대학교,0,0,0,0,6,3,0,0,0,2,0,9,0,9,0,5,3,3,2,0,0,0,0,0,
608,서남부터미널종점 - 서남부터미널종점,50,대전대학교동문,0,0,0,0,2,2,0,3,0,4,3,11,7,4,2,0,10,2,0,0,0,0,0,0,
608,서남부터미널종점 - 서남부터미널종점,51,용운마젤란아파트,0,1,0,0,12,11,9,9,7,9,10,11,13,12,5,3,13,4,4,0,0,0,0,0,
608,서남부터미널종점 - 서남부터미널종점,52,용수골,0,2,2,0,6,16,14,15,10,10,11,7,12,10,9,5,15,2,3,0,0,0,0,0,
608,서남부터미널종점 - 서남부터미널종점,53,우송대동캠퍼스,0,3,0,0,13,15,15,16,11,12,0,8,13,5,7,6,15,8,0,0,0,0,0,0,
608,서남부터미널종점 - 서남부터미널종점,54,자양동주민센터,0,0,3,2,11,18,18,0,0,15,12,10,15,9,10,10,7,9,6,0,0,0,0,0,
608,서남부터미널종점 - 서남부터미널종점,55,우송고등학교,0,4,0,3,14,19,19,24,15,15,13,13,19,10,13,0,14,8,5,0,0,0,0,0,
608,서남부터미널종점 - 서남부터미널종점,56,자양초등학교,0,3,0,0,10,14,18,23,13,17,14,14,18,12,13,0,10,6,4,0,0,0,0,0,
608,서남부터미널종점 - 서남부터미널종점,57,대동역3번출구,0,0,4,0,13,18,12,21,13,0,12,15,8,8,12,8,10,5,3,0,0,0,0,0,
608,서남부터미널종점 - 서남부터미널종점,58,대전화병원,0,0,0,0,0,12,10,22,9,0,4,0,20,7,12,7,0,2,0,0,0,0,0,0,
608,서남부터미널종점 - 서남부터미널종점,59,중앙시장,0,0,1,1,10,16,11,19,12,18,10,17,19,6,11,4,5,0,2,0,0,0,0,0,
608,서남부터미널종점 - 서남부터미널종점,60,목척교,0,0,1,0,7,12,10,16,8,18,10,16,20,16,12,3,11,4,4,2,0,0,0,0,
608,서남부터미널종점 - 서남부터미널종점,61,으능정이거리,0,0,0,0,5,7,2,6,2,16,5,14,15,24,13,15,13,13,7,3,0,0,0,0,
608,서남부터미널종점 - 서남부터미널종점,62,중앙로역6번출구,0,0,0,1,0,6,1,5,0,18,5,16,14,23,22,11,15,14,6,4,0,0,0,0,
608,서남부터미널종점 - 서남부터미널종점,63,중구청역,0,0,0,0,0,3,0,4,0,19,5,16,7,22,11,14,0,12,7,0,0,0,0,0,
608,서남부터미널종점 - 서남부터미널종점,64,대전충남병무청,0,0,1,0,2,5,0,4,2,17,0,13,15,14,24,15,10,11,0,3,0,0,0,0,
608,서남부터미널종점 - 서남부터미널종점,65,서대전네거리역3번출구,0,0,0,4,2,4,1,6,0,16,9,12,14,17,22,15,11,2,7,0,0,0,0,0,
608,서남부터미널종점 - 서남부터미널종점,66,서대전역네거리,0,0,0,2,2,4,1,6,3,13,8,12,10,11,19,12,9,0,6,0,0,0,0,0,
608,서남부터미널종점 - 서남부터미널종점,67,유천동현대아파트,0,0,0,0,1,2,0,3,0,7,7,11,9,11,15,11,2,6,6,0,0,0,0,0,
608,서남부터미널종점 - 서남부터미널종점,68,유천동서대전농협,0,0,0,0,1,1,2,6,3,0,6,8,0,5,9,10,7,0,3,0,0,0,0,0,
608,서남부터미널종점 - 서남부터미널종점,69,버드내아파트,0,0,0,0,0,0,0,5,4,6,5,7,7,7,10,5,6,4,2,2,0,0,0,0,
608,서남부터미널종점 - 서남부터미널종점,70,삼부/새롬아파트,0,0,0,1,3,3,0,3,4,8,2,3,3,4,8,3,5,1,3,1,0,0,0,0,
608,서남부터미널종점 - 서남부터미널종점,71,파라곤아파트,0,0,0,0,2,0,2,2,1,4,1,0,2,2,4,2,3,0,0,0,0,0,0,0,
608,서남부터미널종점 - 서남부터미널종점,72,도마시장,0,0,0,0,0,0,1,0,0,1,1,2,1,0,3,0,2,0,2,0,0,0,0,0,
608,서남부터미널종점 - 서남부터미널종점,73,도마네거리,0,0,0,0,0,0,0,0,0,0,0,0,1,0,0,1,0,0,0,0,0,0,0,0,
608,서남부터미널종점 - 서남부터미널종점,74,효성타운아파트,0,0,0,0,0,0,0,0,0,0,0,0,0,0,1,0,0,0,0,0,0,0,0,0,
608,서남부터미널종점 - 서남부터미널종점,75,서남부터미널종점,0,0,0,0,0,0,0,0,0,0,0,0,0,0,0,0,0,0,0,0,0,0,0,0,
61-1,대전대학교 - 대전대학교,1,대전대학교,0,0,0,0,0,0,0,0,0,0,0,0,0,0,0,0,0,0,0,0,0,0,0,0,
61-1,대전대학교 - 대전대학교,2,새울,0,0,0,0,0,0,0,0,0,0,0,0,0,0,0,0,0,0,0,0,0,0,0,0,
61-1,대전대학교 - 대전대학교,3,에코포레아파트,0,0,0,0,0,0,0,0,0,0,0,0,0,0,0,0,0,0,0,0,0,0,0,0,
61-1,대전대학교 - 대전대학교,4,용운국제수영장,0,0,0,0,0,0,0,0,0,0,0,0,0,0,0,0,0,0,0,0,0,0,0,0,
61-1,대전대학교 - 대전대학교,5,판암주공5단지,0,0,0,1,0,0,0,3,0,0,0,1,0,0,0,0,0,0,0,0,0,0,0,0,
61-1,대전대학교 - 대전대학교,6,판암2동주민센터,0,0,0,0,0,0,0,0,0,0,0,0,0,0,0,0,0,0,0,0,0,0,0,0,
61-1,대전대학교 - 대전대학교,7,판암역,0,0,0,2,0,0,0,1,0,0,0,2,0,0,0,0,0,0,0,0,0,0,0,0,
61-1,대전대학교 - 대전대학교,8,판암네거리,0,0,0,0,0,0,0,0,0,0,0,3,0,0,0,0,0,0,0,0,0,0,0,0,
61-1,대전대학교 - 대전대학교,9,판암차량기지,0,0,0,0,0,0,0,0,0,0,0,3,0,0,0,0,0,0,0,0,0,0,0,0,
61-1,대전대학교 - 대전대학교,10,삼정동,0,0,0,0,0,0,0,0,0,0,0,3,0,0,0,0,0,0,0,0,0,0,0,0,
61-1,대전대학교 - 대전대학교,11,비룡동입구,0,0,0,0,0,0,0,0,0,0,0,3,0,0,0,0,0,0,0,0,0,0,0,0,
61-1,대전대학교 - 대전대학교,12,비룡/줄골,0,0,0,4,0,0,0,0,0,0,0,0,0,0,0,0,0,0,0,0,0,0,0,0,
61-1,대전대학교 - 대전대학교,13,비룡/새동네,0,0,0,0,0,0,0,0,0,0,0,0,0,0,0,0,0,0,0,0,0,0,0,0,
61-1,대전대학교 - 대전대학교,14,비룡교차로,0,0,0,0,0,0,0,0,0,0,0,0,0,0,0,0,0,0,0,0,0,0,0,0,
61-1,대전대학교 - 대전대학교,15,금성마을,0,0,0,0,0,0,0,0,0,0,0,0,0,0,0,0,0,0,0,0,0,0,0,0,
61-1,대전대학교 - 대전대학교,16,주산동/상촌,0,0,0,0,0,0,0,0,0,0,0,0,0,0,0,0,0,0,0,0,0,0,0,0,
61-1,대전대학교 - 대전대학교,17,원주산.양지말,0,0,0,0,0,0,0,0,0,0,0,2,0,0,0,0,0,0,0,0,0,0,0,0,
61-1,대전대학교 - 대전대학교,18,추동,0,0,0,0,0,0,0,0,0,0,0,2,0,0,0,0,0,0,0,0,0,0,0,0,
61-1,대전대학교 - 대전대학교,19,추동취수장,0,0,0,0,0,0,0,0,0,0,0,2,0,0,0,0,0,0,0,0,0,0,0,0,
61-1,대전대학교 - 대전대학교,20,동명초등학교,0,0,0,0,0,0,0,0,0,0,0,1,0,0,0,0,0,0,0,0,0,0,0,0,
61-1,대전대학교 - 대전대학교,21,대청호자연생태관,0,0,0,0,0,0,0,0,0,0,0,1,0,0,0,0,0,0,0,0,0,0,0,0,
61-1,대전대학교 - 대전대학교,22,중말,0,0,0,0,0,0,0,0,0,0,0,1,0,0,0,0,0,0,0,0,0,0,0,0,
61-1,대전대학교 - 대전대학교,23,대청호자연생태관,0,0,0,0,0,0,0,0,0,0,0,1,0,0,0,0,0,0,0,0,0,0,0,0,
61-1,대전대학교 - 대전대학교,24,동명초등학교,0,0,0,0,0,0,0,0,0,0,0,1,0,0,0,0,0,0,0,0,0,0,0,0,
61-1,대전대학교 - 대전대학교,25,중추마을/가래울,0,0,0,0,0,0,0,0,0,0,0,1,0,0,0,0,0,0,0,0,0,0,0,0,
61-1,대전대학교 - 대전대학교,26,마산B지구,0,0,0,0,0,0,0,0,0,0,0,1,0,0,0,0,0,0,0,0,0,0,0,0,
61-1,대전대학교 - 대전대학교,27,마산/진등날,0,0,0,2,0,0,0,0,0,0,0,0,0,0,0,0,0,0,0,0,0,0,0,0,
61-1,대전대학교 - 대전대학교,28,원마산,0,0,0,0,0,0,0,0,0,0,0,0,0,0,0,0,0,0,0,0,0,0,0,0,
61-1,대전대학교 - 대전대학교,29,냉천로152번길,0,0,0,0,0,0,0,0,0,0,0,0,0,0,0,0,0,0,0,0,0,0,0,0,
61-1,대전대학교 - 대전대학교,30,양구례마을,0,0,0,0,0,0,0,0,0,0,0,0,0,0,0,0,0,0,0,0,0,0,0,0,
61-1,대전대학교 - 대전대학교,31,냉천골종점,0,0,0,0,0,0,0,0,0,0,0,2,0,0,0,0,0,0,0,0,0,0,0,0,
61-1,대전대학교 - 대전대학교,32,냉천골종점,0,0,0,0,0,0,0,0,0,0,0,3,0,0,0,0,0,0,0,0,0,0,0,0,
61-1,대전대학교 - 대전대학교,33,양구례마을,0,0,0,0,0,0,0,0,0,0,0,4,0,0,0,0,0,0,0,0,0,0,0,0,
61-1,대전대학교 - 대전대학교,34,냉천로152번길,0,0,0,0,0,0,0,0,0,0,0,4,0,0,0,0,0,0,0,0,0,0,0,0,
61-1,대전대학교 - 대전대학교,35,원마산,0,0,0,0,0,0,0,0,0,0,0,4,0,0,0,0,0,0,0,0,0,0,0,0,
61-1,대전대학교 - 대전대학교,36,마산/진등날,0,0,0,0,0,0,0,2,0,0,0,0,0,0,0,0,0,0,0,0,0,0,0,0,
61-1,대전대학교 - 대전대학교,37,마산B지구,0,0,0,0,0,0,0,0,0,0,0,7,0,0,0,0,0,0,0,0,0,0,0,0,
61-1,대전대학교 - 대전대학교,38,중추마을/가래울,0,0,0,0,0,0,0,0,0,0,0,7,0,0,0,0,0,0,0,0,0,0,0,0,
61-1,대전대학교 - 대전대학교,39,동명초등학교,0,0,0,0,0,0,0,0,0,0,0,7,0,0,0,0,0,0,0,0,0,0,0,0,
61-1,대전대학교 - 대전대학교,40,대청호자연생태관,0,0,0,0,0,0,0,0,0,0,0,7,0,0,0,0,0,0,0,0,0,0,0,0,
61-1,대전대학교 - 대전대학교,41,중말,0,0,0,0,0,0,0,0,0,0,0,7,0,0,0,0,0,0,0,0,0,0,0,0,
61-1,대전대학교 - 대전대학교,42,대청호자연생태관,0,0,0,0,0,0,0,0,0,0,0,7,0,0,0,0,0,0,0,0,0,0,0,0,
61-1,대전대학교 - 대전대학교,43,동명초등학교,0,0,0,0,0,0,0,0,0,0,0,7,0,0,0,0,0,0,0,0,0,0,0,0,
61-1,대전대학교 - 대전대학교,44,추동취수장,0,0,0,0,0,0,0,0,0,0,0,7,0,0,0,0,0,0,0,0,0,0,0,0,
61-1,대전대학교 - 대전대학교,45,추동,0,0,0,0,0,0,0,0,0,0,0,8,0,0,0,0,0,0,0,0,0,0,0,0,
61-1,대전대학교 - 대전대학교,46,원주산.양지말,0,0,0,0,0,0,0,0,0,0,0,0,0,0,0,2,0,0,0,0,0,0,0,0,
61-1,대전대학교 - 대전대학교,47,주산동/상촌,0,0,0,0,0,0,0,0,4,0,0,8,0,0,0,0,0,0,0,0,0,0,0,0,
61-1,대전대학교 - 대전대학교,48,금성마을,0,0,0,0,0,0,0,0,4,0,0,8,0,0,0,0,0,0,0,0,0,0,0,0,
61-1,대전대학교 - 대전대학교,49,비룡교차로,0,0,0,0,0,0,0,0,4,0,0,8,0,0,0,0,0,0,0,0,0,0,0,0,
61-1,대전대학교 - 대전대학교,50,비룡/새동네,0,0,0,0,0,0,0,0,4,0,0,8,0,0,0,0,0,0,0,0,0,0,0,0,
61-1,대전대학교 - 대전대학교,51,비룡/줄골,0,0,0,0,0,0,0,0,4,0,0,8,0,0,0,0,0,0,0,0,0,0,0,0,
61-1,대전대학교 - 대전대학교,52,대전동신과학고,0,0,0,0,0,0,0,0,7,0,0,0,7,0,0,0,0,0,0,0,0,0,0,0,
61-1,대전대학교 - 대전대학교,53,삼정동,0,0,0,0,0,0,0,0,0,0,0,0,0,0,0,1,0,0,0,0,0,0,0,0,
61-1,대전대학교 - 대전대학교,54,판암차량기지,0,0,0,0,0,0,0,0,0,0,0,0,0,0,0,1,0,0,0,0,0,0,0,0,
61-1,대전대학교 - 대전대학교,55,판암IC,0,0,0,0,0,0,0,0,0,0,0,0,0,0,0,1,0,0,0,0,0,0,0,0,
61-1,대전대학교 - 대전대학교,56,판암네거리,0,0,0,0,0,0,0,0,6,0,0,0,0,0,0,0,0,0,0,0,0,0,0,0,
61-1,대전대학교 - 대전대학교,57,판암역,0,0,0,0,0,0,0,0,0,0,0,0,2,0,0,0,0,0,0,0,0,0,0,0,
61-1,대전대학교 - 대전대학교,58,판암역네거리,0,0,0,0,1,0,0,0,0,0,0,0,3,0,0,0,0,0,0,0,0,0,0,0,
61-1,대전대학교 - 대전대학교,59,판암주공4단지,0,0,0,0,0,0,0,0,0,0,0,0,2,0,0,0,0,0,0,0,0,0,0,0,
61-1,대전대학교 - 대전대학교,60,판암테크노타운,0,0,0,0,0,0,0,0,0,0,0,0,0,0,0,0,0,0,0,0,0,0,0,0,
61-1,대전대학교 - 대전대학교,61,용운국제수영장,0,0,0,0,0,0,0,0,0,0,0,0,0,0,0,0,0,0,0,0,0,0,0,0,
61-1,대전대학교 - 대전대학교,62,복음아파트,0,0,0,0,0,0,0,0,0,0,0,0,0,0,0,0,0,0,0,0,0,0,0,0,
61-1,대전대학교 - 대전대학교,63,새울,0,0,0,0,0,0,0,0,0,0,0,0,0,0,0,0,0,0,0,0,0,0,0,0,
61-1,대전대학교 - 대전대학교,64,대전대학교,0,0,0,0,0,0,0,0,0,0,0,0,0,0,0,0,0,0,0,0,0,0,0,0,
61-2,대전대학교 - 대전대학교,1,대전대학교,0,0,0,0,0,0,0,0,0,0,0,0,0,0,0,0,0,0,0,0,0,0,0,0,
61-2,대전대학교 - 대전대학교,2,새울,0,0,0,0,0,0,0,0,0,0,0,0,0,0,0,0,0,0,0,0,0,0,0,0,
61-2,대전대학교 - 대전대학교,3,에코포레아파트,0,0,0,0,0,3,0,0,0,1,0,0,0,0,0,0,0,0,0,0,0,0,0,0,
61-2,대전대학교 - 대전대학교,4,용운국제수영장,0,0,0,0,0,3,0,0,0,1,0,0,0,0,0,0,0,0,0,0,0,0,0,0,
61-2,대전대학교 - 대전대학교,5,판암주공5단지,0,0,0,0,0,5,0,0,0,1,0,0,0,0,0,0,0,0,0,0,0,0,0,0,
61-2,대전대학교 - 대전대학교,6,판암2동주민센터,0,0,0,0,0,5,0,0,0,1,0,0,0,0,0,0,0,0,0,0,0,0,0,0,
61-2,대전대학교 - 대전대학교,7,판암역,0,0,0,0,0,4,0,0,0,6,0,0,0,0,0,0,0,0,0,0,0,0,0,0,
61-2,대전대학교 - 대전대학교,8,판암네거리,0,0,0,0,0,4,0,0,0,6,0,0,0,0,0,0,0,0,0,0,0,0,0,0,
61-2,대전대학교 - 대전대학교,9,판암차량기지,0,0,0,0,0,4,0,0,0,6,0,0,0,0,0,0,0,0,0,0,0,0,0,0,
61-2,대전대학교 - 대전대학교,10,삼정동,0,0,0,0,0,0,0,0,0,5,0,0,0,0,0,0,0,0,0,0,0,0,0,0,
61-2,대전대학교 - 대전대학교,11,비룡동입구,0,0,0,0,0,0,0,0,0,5,0,0,0,0,0,0,0,0,0,0,0,0,0,0,
61-2,대전대학교 - 대전대학교,12,비룡/줄골,0,0,0,0,0,0,0,0,0,5,0,0,0,0,0,0,0,0,0,0,0,0,0,0,
61-2,대전대학교 - 대전대학교,13,비룡/새동네,0,0,0,0,0,0,0,0,0,5,0,0,0,0,0,0,0,0,0,0,0,0,0,0,
61-2,대전대학교 - 대전대학교,14,비룡교차로,0,0,0,0,0,0,0,0,0,5,0,0,0,0,0,0,0,0,0,0,0,0,0,0,
61-2,대전대학교 - 대전대학교,15,금성마을,0,0,0,0,0,0,0,0,0,5,0,0,0,0,0,0,0,0,0,0,0,0,0,0,
61-2,대전대학교 - 대전대학교,16,주산동/상촌,0,0,0,0,0,3,0,0,0,3,0,0,0,0,0,0,0,0,0,0,0,0,0,0,
61-2,대전대학교 - 대전대학교,17,원주산.양지말,0,0,0,0,0,3,0,0,0,3,0,0,0,0,0,0,0,0,0,0,0,0,0,0,
61-2,대전대학교 - 대전대학교,18,추동,0,0,0,0,0,3,0,0,0,3,0,0,0,0,0,0,0,0,0,0,0,0,0,0,
61-2,대전대학교 - 대전대학교,19,추동취수장,0,0,0,0,0,3,0,0,0,3,0,0,0,0,0,0,0,0,0,0,0,0,0,0,
61-2,대전대학교 - 대전대학교,20,동명초등학교,0,0,0,0,0,3,0,0,0,3,0,0,0,0,0,0,0,0,0,0,0,0,0,0,
61-2,대전대학교 - 대전대학교,21,대청호자연생태관,0,0,0,0,0,3,0,0,0,3,0,0,0,0,0,0,0,0,0,0,0,0,0,0,
61-2,대전대학교 - 대전대학교,22,상추,0,0,0,0,0,2,0,0,0,0,0,0,0,0,0,0,0,0,0,0,0,0,0,0,
61-2,대전대학교 - 대전대학교,23,천개동종점,0,0,0,0,0,1,0,0,0,3,0,0,0,2,0,0,0,0,0,0,0,0,0,0,
61-2,대전대학교 - 대전대학교,24,천개동종점,0,0,0,0,0,1,0,0,0,3,0,0,0,2,0,0,0,0,0,0,0,0,0,0,
61-2,대전대학교 - 대전대학교,25,상추,0,0,0,0,0,1,0,0,0,3,0,0,0,2,0,0,0,0,0,0,0,0,0,0,
61-2,대전대학교 - 대전대학교,26,대청호자연생태관,0,0,0,0,0,1,0,0,0,3,0,0,0,2,0,0,0,0,0,0,0,0,0,0,
61-2,대전대학교 - 대전대학교,27,동명초등학교,0,0,0,0,0,1,0,0,0,3,0,0,0,2,0,0,0,0,0,0,0,0,0,0,
61-2,대전대학교 - 대전대학교,28,추동취수장,0,0,0,0,0,1,0,0,0,3,0,0,0,2,0,0,0,0,0,0,0,0,0,0,
61-2,대전대학교 - 대전대학교,29,추동,0,0,0,0,0,0,0,0,0,2,0,0,0,0,0,0,0,0,0,0,0,0,0,0,
61-2,대전대학교 - 대전대학교,30,원주산.양지말,0,0,0,0,0,0,0,0,0,2,0,0,0,0,0,0,0,0,0,0,0,0,0,0,
61-2,대전대학교 - 대전대학교,31,주산동/상촌,0,0,1,0,0,0,0,0,0,0,0,0,0,0,0,0,0,0,0,0,0,0,0,0,
61-2,대전대학교 - 대전대학교,32,금성마을,0,0,1,0,0,0,0,0,0,0,0,0,0,0,0,0,0,0,0,0,0,0,0,0,
61-2,대전대학교 - 대전대학교,33,비룡교차로,0,0,1,0,0,0,0,0,0,0,0,0,0,0,0,0,0,0,0,0,0,0,0,0,
61-2,대전대학교 - 대전대학교,34,비룡/새동네,0,0,1,0,0,0,0,0,0,0,0,0,0,0,0,0,0,0,0,0,0,0,0,0,
61-2,대전대학교 - 대전대학교,35,비룡/줄골,0,0,1,0,0,0,0,0,0,0,0,0,0,0,0,0,0,0,0,0,0,0,0,0,
61-2,대전대학교 - 대전대학교,36,대전동신과학고,0,0,1,0,0,0,0,0,0,0,0,0,0,0,0,0,0,0,0,0,0,0,0,0,
61-2,대전대학교 - 대전대학교,37,삼정동,0,0,1,0,0,0,0,0,0,0,0,0,0,0,0,0,0,0,0,0,0,0,0,0,
61-2,대전대학교 - 대전대학교,38,판암차량기지,0,0,1,0,0,0,0,0,0,0,0,0,0,0,0,0,0,0,0,0,0,0,0,0,
61-2,대전대학교 - 대전대학교,39,판암IC,0,0,1,0,0,0,0,0,0,0,0,0,0,0,0,0,0,0,0,0,0,0,0,0,
61-2,대전대학교 - 대전대학교,40,판암네거리,0,0,0,0,0,0,0,0,0,1,0,0,0,0,0,0,0,0,0,0,0,0,0,0,
61-2,대전대학교 - 대전대학교,41,판암역,0,0,0,0,0,0,0,0,0,0,0,0,0,0,0,0,0,0,0,0,0,0,0,0,
61-2,대전대학교 - 대전대학교,42,판암역네거리,0,0,0,0,0,0,0,0,0,0,1,0,0,0,0,0,0,0,0,0,0,0,0,0,
61-2,대전대학교 - 대전대학교,43,판암주공4단지,0,0,0,0,0,0,0,0,0,0,0,0,0,0,0,0,0,0,0,0,0,0,0,0,
61-2,대전대학교 - 대전대학교,44,판암테크노타운,0,0,0,0,0,0,0,0,0,0,0,0,0,0,0,0,0,1,0,0,0,0,0,0,
61-2,대전대학교 - 대전대학교,45,용운국제수영장,0,0,0,0,0,0,0,0,0,0,0,0,0,0,0,0,0,1,0,0,0,0,0,0,
61-2,대전대학교 - 대전대학교,46,복음아파트,0,0,0,0,0,0,0,0,0,0,0,0,0,0,0,0,0,1,0,0,0,0,0,0,
61-2,대전대학교 - 대전대학교,47,새울,0,0,0,0,0,0,0,0,0,0,0,0,0,0,0,0,0,1,0,0,0,0,0,0,
61-2,대전대학교 - 대전대학교,48,대전대학교,0,0,0,0,0,0,0,0,0,0,0,0,0,0,0,0,0,0,0,0,0,0,0,0,
611,신대차고지 - 신대차고지,1,신대차고지,0,0,0,0,0,0,0,1,0,1,0,0,0,2,0,1,2,0,0,0,0,0,0,0,
611,신대차고지 - 신대차고지,2,들말,0,0,0,0,0,0,0,0,0,0,1,1,0,0,0,0,0,0,0,0,0,0,0,0,
611,신대차고지 - 신대차고지,3,신대아파트/한국수자원공사,0,1,2,1,2,5,2,5,1,4,2,3,3,5,1,0,1,1,0,0,0,0,0,0,
611,신대차고지 - 신대차고지,4,와동초등학교,0,2,0,2,0,0,0,3,2,0,4,0,0,2,0,0,0,0,0,0,0,0,0,0,
611,신대차고지 - 신대차고지,5,성우동산,0,0,0,0,0,0,0,0,0,0,0,0,0,7,0,0,0,0,0,0,0,0,0,0,
611,신대차고지 - 신대차고지,6,대한통운종점,0,0,0,0,0,0,0,0,0,0,4,3,0,0,0,0,0,0,0,0,0,0,0,0,
611,신대차고지 - 신대차고지,7,읍내동현대아파트,0,0,1,2,2,0,1,8,7,5,4,4,5,4,2,1,1,0,1,0,0,0,0,0,
611,신대차고지 - 신대차고지,8,대전지방국세청,0,4,2,3,4,6,5,10,10,7,8,5,6,4,5,0,2,0,0,0,0,0,0,0,
611,신대차고지 - 신대차고지,9,근로복지공단대전병원,0,0,0,4,3,5,6,9,4,8,7,6,5,0,6,0,0,0,0,0,0,0,0,0,
611,신대차고지 - 신대차고지,10,중리시장,0,7,5,6,7,10,10,14,16,11,9,8,7,10,5,0,2,0,0,0,0,0,0,0,
611,신대차고지 - 신대차고지,11,스포츠프라자삼거리,0,0,1,3,8,11,11,14,15,12,8,8,9,8,3,0,3,2,0,0,0,0,0,0,
611,신대차고지 - 신대차고지,12,영진로얄아파트,0,10,7,12,8,13,16,18,16,16,11,10,10,11,6,4,4,0,0,0,0,0,0,0,
611,신대차고지 - 신대차고지,13,중리지구대,0,9,5,0,9,0,14,17,9,11,0,10,11,13,0,3,5,0,0,0,0,0,0,0,
611,신대차고지 - 신대차고지,14,한남대북문,0,8,4,0,0,11,5,0,17,18,10,11,13,12,0,0,6,3,0,0,0,0,0,0,
611,신대차고지 - 신대차고지,15,한남병원,0,10,8,14,11,12,16,16,18,21,0,13,14,12,8,5,2,1,0,0,0,0,0,0,
611,신대차고지 - 신대차고지,16,중리네거리,0,0,11,0,0,0,0,0,19,22,11,13,6,10,7,0,0,2,0,0,0,0,0,0,
611,신대차고지 - 신대차고지,17,한국전력공사,0,0,10,5,10,14,16,17,21,23,13,8,16,9,12,8,5,0,1,0,0,0,0,0,
611,신대차고지 - 신대차고지,18,대전문학관입구,0,0,14,17,10,15,18,19,0,18,14,9,17,4,14,0,0,0,0,0,0,0,0,0,
611,신대차고지 - 신대차고지,19,구샤또호텔,0,0,7,0,8,14,0,0,19,0,11,12,0,0,0,0,0,0,0,0,0,0,0,0,
611,신대차고지 - 신대차고지,20,동부네거리,0,0,13,5,7,12,16,17,22,19,13,13,15,10,12,10,5,7,2,0,0,0,0,0,
611,신대차고지 - 신대차고지,21,복합터미널,0,0,6,13,9,13,14,22,26,20,17,22,20,22,18,19,14,15,9,0,0,0,0,0,
611,신대차고지 - 신대차고지,22,효촌마을아파트,0,0,14,7,10,17,16,21,27,21,20,23,0,0,0,20,0,0,8,0,0,0,0,0,
611,신대차고지 - 신대차고지,23,스마트뷰아파트,0,0,0,15,12,8,15,22,30,23,0,0,0,21,17,21,0,0,10,0,0,0,0,0,
611,신대차고지 - 신대차고지,24,성남네거리,0,0,15,8,15,17,17,22,33,25,20,25,19,4,16,22,15,15,0,0,0,0,0,0,
611,신대차고지 - 신대차고지,25,삼성초등학교,0,0,0,6,14,17,17,23,31,23,20,26,20,22,13,19,15,14,8,0,0,0,0,0,
611,신대차고지 - 신대차고지,26,대전역,0,0,12,6,8,13,13,18,30,19,15,22,19,17,15,21,15,13,11,0,0,0,0,0,
611,신대차고지 - 신대차고지,27,대전역/중앙시장,0,0,8,11,8,17,18,16,37,16,20,36,18,25,18,23,16,17,13,0,0,0,0,0,
611,신대차고지 - 신대차고지,28,이스트시티아파트,0,0,0,12,7,19,0,0,18,37,19,36,0,24,25,21,12,20,13,11,0,0,0,0,
611,신대차고지 - 신대차고지,29,대동역2번출구,0,0,0,13,6,22,21,18,19,19,20,35,22,7,27,21,18,21,6,0,0,0,0,0,
611,신대차고지 - 신대차고지,30,펜타뷰아파트,0,0,0,12,7,23,22,10,20,36,21,21,17,6,27,25,20,22,6,0,0,0,0,0,
611,신대차고지 - 신대차고지,31,한밭여중입구,0,0,0,11,6,21,21,0,19,18,19,20,0,0,27,22,0,21,12,0,0,0,0,0,
611,신대차고지 - 신대차고지,32,용방마을아파트,0,0,0,0,0,20,17,12,20,0,18,18,16,20,24,21,18,20,10,10,0,0,0,0,
611,신대차고지 - 신대차고지,33,용운종합사회복지관,0,0,6,8,7,19,16,16,19,35,15,30,17,16,20,18,17,17,10,9,0,0,0,0,
611,신대차고지 - 신대차고지,34,대전대학교입구,0,0,5,8,8,17,17,15,18,30,13,24,16,9,18,11,11,6,6,5,0,0,0,0,
611,신대차고지 - 신대차고지,35,용운초등학교,0,0,0,6,0,12,15,13,17,30,13,20,15,10,14,7,9,4,0,3,0,0,0,0,
611,신대차고지 - 신대차고지,36,용운도서관,0,0,0,5,9,9,13,14,0,29,0,16,14,9,13,0,7,0,4,0,0,0,0,0,
611,신대차고지 - 신대차고지,37,모리아파트,0,0,0,0,8,9,0,0,15,26,9,13,12,0,0,5,6,0,0,2,0,0,0,0,
611,신대차고지 - 신대차고지,38,판암주공5단지,0,0,3,5,11,15,15,11,10,20,6,7,6,3,6,3,3,2,1,1,0,0,0,0,
611,신대차고지 - 신대차고지,39,판암2동주민센터,0,0,0,0,9,9,0,9,9,15,5,5,3,2,3,0,2,0,2,0,0,0,0,0,
611,신대차고지 - 신대차고지,40,판암역,0,0,3,3,7,11,11,7,8,9,7,2,2,0,2,2,0,1,1,0,0,0,0,0,
611,신대차고지 - 신대차고지,41,판암네거리,0,0,0,0,0,12,0,8,0,8,0,0,0,0,0,0,2,0,1,0,0,0,0,0,
611,신대차고지 - 신대차고지,42,판암차량기지,0,0,0,0,0,0,0,0,3,7,0,0,0,0,0,0,0,0,0,0,0,0,0,0,
611,신대차고지 - 신대차고지,43,삼정동,0,0,0,0,0,0,9,0,0,6,0,1,0,0,0,0,0,0,0,0,0,0,0,0,
611,신대차고지 - 신대차고지,44,대전동신과학고,0,0,0,1,6,11,0,6,0,0,6,0,0,0,0,1,0,0,0,0,0,0,0,0,
611,신대차고지 - 신대차고지,45,세천공원,0,0,0,0,5,8,8,3,5,23,5,0,0,0,0,0,0,0,0,0,0,0,0,0,
611,신대차고지 - 신대차고지,46,세천공원,0,1,0,0,0,1,3,11,14,17,11,12,7,4,1,1,0,0,1,0,0,0,0,0,
611,신대차고지 - 신대차고지,47,대전동신과학고,0,0,0,0,0,0,0,0,0,0,8,0,0,0,0,0,0,0,0,0,0,0,0,0,
611,신대차고지 - 신대차고지,48,삼정동,0,0,0,0,1,0,0,0,0,10,12,13,8,0,0,0,0,0,0,0,0,0,0,0,
611,신대차고지 - 신대차고지,49,판암차량기지,0,0,0,0,0,0,0,0,13,0,0,0,0,0,0,0,0,0,0,0,0,0,0,0,
611,신대차고지 - 신대차고지,50,판암IC,0,0,0,0,0,0,0,0,0,0,0,14,0,0,0,0,0,0,0,0,0,0,0,0,
611,신대차고지 - 신대차고지,51,판암네거리,0,0,0,0,0,3,3,0,8,18,5,13,12,0,2,0,0,1,0,0,0,0,0,0,
611,신대차고지 - 신대차고지,52,판암역,0,0,0,1,1,5,6,18,7,13,11,19,13,9,12,2,6,9,6,0,0,0,0,0,
611,신대차고지 - 신대차고지,53,판암역네거리,0,0,0,0,0,0,0,4,6,12,13,20,14,13,13,6,2,9,0,0,0,0,0,0,
611,신대차고지 - 신대차고지,54,판암주공4단지,0,6,3,1,3,7,12,8,21,13,13,17,17,13,7,2,5,6,5,0,0,0,0,0,
611,신대차고지 - 신대차고지,55,판암테크노타운,0,7,4,4,7,11,13,10,24,0,15,18,16,14,5,3,4,7,4,0,0,0,0,0,
611,신대차고지 - 신대차고지,56,용운도서관,0,0,3,0,9,9,6,11,27,0,16,19,15,15,8,4,0,6,3,0,0,0,0,0,
611,신대차고지 - 신대차고지,57,용운동주민센터,0,11,7,2,18,17,29,19,35,23,17,22,22,21,12,4,5,4,2,0,0,0,0,0,
611,신대차고지 - 신대차고지,58,대전대학교입구,0,12,0,0,22,20,31,21,23,18,19,15,26,23,0,0,5,0,3,0,0,0,0,0,
611,신대차고지 - 신대차고지,59,용운주공2단지,0,17,8,5,26,23,35,22,40,23,24,21,26,28,12,6,8,6,0,0,0,0,0,0,
611,신대차고지 - 신대차고지,60,용방마을아파트,0,0,5,6,15,24,34,23,0,25,0,20,25,27,0,0,0,0,0,0,0,0,0,0,
611,신대차고지 - 신대차고지,61,대동초등학교,0,0,9,9,27,25,35,28,0,26,24,21,0,26,0,7,0,5,0,0,0,0,0,0,
611,신대차고지 - 신대차고지,62,충남중네거리,0,16,9,10,26,24,35,0,39,28,25,15,26,0,15,0,4,4,0,0,0,0,0,0,
611,신대차고지 - 신대차고지,63,대동역3번출구,0,11,8,9,21,21,30,24,34,23,21,17,19,20,11,6,5,3,1,0,0,0,0,0,
611,신대차고지 - 신대차고지,64,대전화병원,0,0,0,0,15,0,0,0,33,22,23,17,14,9,0,0,4,4,0,0,0,0,0,0,
611,신대차고지 - 신대차고지,65,중앙시장,0,8,8,7,13,19,29,19,23,14,19,18,18,22,11,5,5,0,0,0,0,0,0,0,
611,신대차고지 - 신대차고지,66,대전역,0,0,14,10,14,15,25,16,25,14,25,23,26,25,15,13,8,13,4,0,0,0,0,0,
611,신대차고지 - 신대차고지,67,삼성네거리,0,0,11,8,15,0,23,0,0,12,26,0,25,27,0,0,0,12,0,0,0,0,0,0,
611,신대차고지 - 신대차고지,68,계룡디지텍고입구,0,0,14,9,14,12,0,0,24,13,24,21,0,25,14,6,9,0,3,0,0,0,0,0,
611,신대차고지 - 신대차고지,69,성남네거리,0,0,6,7,11,12,24,0,24,14,19,22,25,24,15,6,9,5,0,0,0,0,0,0,
611,신대차고지 - 신대차고지,70,효촌마을아파트,0,0,12,8,13,13,22,11,23,13,26,19,23,23,14,15,0,10,5,0,0,0,0,0,
611,신대차고지 - 신대차고지,71,복합터미널,0,0,2,4,6,12,16,9,16,14,22,21,17,18,12,12,12,12,5,0,0,0,0,0,
611,신대차고지 - 신대차고지,72,한국전기공사협회,0,0,0,4,0,9,0,7,14,12,0,19,17,12,0,13,11,0,0,0,0,0,0,0,
611,신대차고지 - 신대차고지,73,대전문학관입구,0,0,1,2,6,7,16,8,13,13,21,18,15,0,9,0,0,6,4,0,0,0,0,0,
611,신대차고지 - 신대차고지,74,한국전력공사,0,0,1,2,8,8,14,7,12,10,19,16,15,17,12,0,5,10,0,0,0,0,0,0,
611,신대차고지 - 신대차고지,75,중리네거리,0,0,0,0,7,6,13,8,9,11,14,16,13,12,0,0,9,0,2,0,0,0,0,0,
611,신대차고지 - 신대차고지,76,증산도교육문화회관,0,0,0,1,10,5,11,0,10,12,20,17,13,14,10,9,8,12,3,4,0,0,0,0,
611,신대차고지 - 신대차고지,77,중리지구대,0,0,0,2,9,4,12,0,9,12,19,0,15,0,10,10,0,11,4,0,0,0,0,0,
611,신대차고지 - 신대차고지,78,영진로얄아파트,0,0,2,0,1,9,13,3,7,10,12,13,13,10,9,8,4,10,0,3,0,0,0,0,
611,신대차고지 - 신대차고지,79,럭키스포츠프라자,0,0,0,0,3,0,10,5,4,11,7,10,10,9,7,6,1,1,3,2,0,0,0,0,
611,신대차고지 - 신대차고지,80,중리시장,0,0,0,0,2,7,6,4,3,10,8,5,8,2,7,4,3,3,2,1,0,0,0,0,
611,신대차고지 - 신대차고지,81,보람아파트,0,0,0,0,0,2,0,5,4,3,5,2,6,0,6,2,0,2,0,0,0,0,0,0,
611,신대차고지 - 신대차고지,82,대덕소방서,0,0,1,1,2,8,0,3,1,1,7,0,5,3,5,3,0,3,0,0,0,0,0,0,
611,신대차고지 - 신대차고지,83,제월당,0,0,0,0,1,4,0,0,0,0,6,2,4,0,1,1,2,2,0,0,0,0,0,0,
611,신대차고지 - 신대차고지,84,정수장,0,0,0,0,1,4,0,0,0,0,6,2,4,0,1,1,2,2,0,0,0,0,0,0,
611,신대차고지 - 신대차고지,85,대덕구장애인복지관,0,0,0,0,1,0,0,0,0,0,0,0,0,0,0,0,0,0,0,0,0,0,0,0,
611,신대차고지 - 신대차고지,86,성우동산,0,0,0,0,1,0,0,0,0,0,0,0,0,0,0,0,0,0,0,0,0,0,0,0,
611,신대차고지 - 신대차고지,87,연축아파트/한국수자원공사,0,0,0,0,0,3,0,0,0,0,3,3,1,0,0,0,0,1,0,0,0,0,0,0,
611,신대차고지 - 신대차고지,88,와동현대아파트,0,0,0,0,0,0,0,0,0,0,0,0,0,0,0,1,0,0,0,0,0,0,0,0,
611,신대차고지 - 신대차고지,89,들말,0,0,0,0,0,0,0,0,0,0,0,0,0,0,0,0,0,0,0,0,0,0,0,0,
611,신대차고지 - 신대차고지,90,신대차고지,0,0,0,0,0,0,0,0,0,0,0,0,0,0,0,0,0,0,0,0,0,0,0,0,
612,대전동신과학고 - 대전동신과학고,1,대전동신과학고,0,0,0,0,2,0,0,1,0,0,0,0,0,0,0,0,0,0,0,0,0,0,0,0,
612,대전동신과학고 - 대전동신과학고,2,삼정동,0,0,0,0,0,0,1,1,2,0,3,0,2,0,0,0,0,0,0,0,0,0,0,0,
612,대전동신과학고 - 대전동신과학고,3,판암차량기지,0,0,0,0,0,0,1,1,2,0,3,0,2,0,0,0,0,0,0,0,0,0,0,0,
612,대전동신과학고 - 대전동신과학고,4,판암IC,0,0,0,0,0,0,1,1,2,0,3,0,2,0,0,0,0,0,0,0,0,0,0,0,
612,대전동신과학고 - 대전동신과학고,5,판암동성당,0,1,1,0,0,0,0,2,3,0,4,1,0,0,0,0,0,2,0,0,0,0,0,0,
612,대전동신과학고 - 대전동신과학고,6,판암주공5단지,0,3,2,6,8,5,3,7,5,5,6,3,3,1,3,1,0,3,1,0,0,0,0,0,
612,대전동신과학고 - 대전동신과학고,7,판암2동주민센터,0,0,0,0,7,0,4,8,0,12,0,4,0,1,0,0,0,0,0,0,0,0,0,0,
612,대전동신과학고 - 대전동신과학고,8,판암역네거리,0,0,2,0,7,7,5,7,11,11,5,5,2,5,3,0,1,0,0,0,0,0,0,0,
612,대전동신과학고 - 대전동신과학고,9,판암근린공원,0,0,1,0,0,4,0,0,9,0,6,0,0,1,0,0,0,0,0,0,0,0,0,0,
612,대전동신과학고 - 대전동신과학고,10,신흥역,0,0,0,7,10,5,0,7,5,0,5,5,2,4,4,0,1,0,0,0,0,0,0,0,
612,대전동신과학고 - 대전동신과학고,11,어진마을아파트,0,4,3,3,6,11,6,8,10,12,5,3,0,5,5,0,1,0,0,0,0,0,0,0,
612,대전동신과학고 - 대전동신과학고,12,효동현대아파트,0,6,4,8,6,10,8,5,14,2,6,5,5,9,4,2,2,3,0,0,0,0,0,0,
612,대전동신과학고 - 대전동신과학고,13,효동행정복지센터,0,0,0,7,6,9,0,6,9,11,5,5,7,0,0,0,0,0,0,0,0,0,0,0,
612,대전동신과학고 - 대전동신과학고,14,효동네거리,0,0,2,0,4,10,9,10,15,12,0,0,8,8,0,0,0,0,0,0,0,0,0,0,
612,대전동신과학고 - 대전동신과학고,15,인동현대아파트,0,7,3,10,7,13,11,13,14,13,7,3,7,8,0,0,0,0,0,0,0,0,0,0,
612,대전동신과학고 - 대전동신과학고,16,신인동주민센터,0,0,0,9,6,15,13,0,18,0,12,8,5,0,3,3,2,2,1,0,0,0,0,0,
612,대전동신과학고 - 대전동신과학고,17,원동네거리,0,0,0,0,0,7,11,6,16,4,10,9,4,6,0,4,0,0,0,0,0,0,0,0,
612,대전동신과학고 - 대전동신과학고,18,대전역/역전시장,0,3,1,5,6,11,8,10,11,5,17,17,6,8,5,6,3,3,3,0,0,0,0,0,
612,대전동신과학고 - 대전동신과학고,19,목척교,0,0,0,4,8,10,9,12,10,10,20,17,7,11,9,6,7,7,7,0,0,0,0,0,
612,대전동신과학고 - 대전동신과학고,20,으능정이거리,0,0,0,0,0,9,5,0,12,10,17,18,10,16,13,10,8,8,5,0,0,0,0,0,
612,대전동신과학고 - 대전동신과학고,21,대흥동성당,0,0,2,5,6,8,8,14,4,14,18,21,20,21,20,13,15,8,9,0,0,0,0,0,
612,대전동신과학고 - 대전동신과학고,22,대흥동네거리,0,0,3,2,4,9,7,10,16,13,19,26,21,25,20,13,17,6,8,9,0,0,0,0,
612,대전동신과학고 - 대전동신과학고,23,대고오거리,0,0,0,1,4,9,6,11,15,15,13,25,20,20,0,0,0,5,0,0,0,0,0,0,
612,대전동신과학고 - 대전동신과학고,24,성모병원,0,0,0,2,0,10,6,13,14,0,18,13,21,27,19,0,0,0,0,0,0,0,0,0,
612,대전동신과학고 - 대전동신과학고,25,대전충남병무청,0,0,2,0,3,11,8,0,12,14,12,14,17,26,19,18,0,0,0,0,0,0,0,0,
612,대전동신과학고 - 대전동신과학고,26,서대전네거리역3번출구,0,0,3,3,5,13,8,15,11,18,17,24,21,23,20,22,17,10,12,11,0,0,0,0,
612,대전동신과학고 - 대전동신과학고,27,서대전역네거리,0,0,0,3,0,11,6,13,13,19,15,18,22,21,21,25,18,8,14,0,0,0,0,0,
612,대전동신과학고 - 대전동신과학고,28,서대전역,0,0,1,1,0,8,4,13,12,12,16,24,18,22,17,27,15,17,18,10,0,0,0,0,
612,대전동신과학고 - 대전동신과학고,29,오류네거리,0,0,0,2,0,0,5,2,11,10,14,19,0,0,0,25,12,16,19,9,0,0,0,0,
612,대전동신과학고 - 대전동신과학고,30,푸른뫼아파트,0,0,0,0,4,6,3,3,10,0,15,20,16,19,15,21,13,13,18,8,0,0,0,0,
612,대전동신과학고 - 대전동신과학고,31,유등마을아파트,0,0,0,0,3,6,4,0,7,7,10,16,13,18,14,19,5,14,16,7,0,0,0,0,
612,대전동신과학고 - 대전동신과학고,32,태평중학교,0,0,0,0,2,5,1,0,8,6,18,19,10,19,13,0,0,11,0,0,0,0,0,0,
612,대전동신과학고 - 대전동신과학고,33,태평오거리,0,0,0,3,0,4,2,11,7,5,6,18,9,13,0,17,6,0,15,0,0,0,0,0,
612,대전동신과학고 - 대전동신과학고,34,삼부아파트,0,0,2,5,0,6,4,9,8,7,16,16,8,20,14,16,11,13,14,0,0,0,0,0,
612,대전동신과학고 - 대전동신과학고,35,삼부/새롬아파트,0,0,0,6,4,8,4,10,5,7,15,18,17,19,8,13,7,11,13,0,0,0,0,0,
612,대전동신과학고 - 대전동신과학고,36,변동초등학교,0,0,0,7,0,8,0,3,6,9,16,15,15,18,8,12,0,0,11,0,0,0,0,0,
612,대전동신과학고 - 대전동신과학고,37,변동시장,0,0,0,3,1,7,2,2,0,7,15,0,14,7,0,11,0,0,0,0,0,0,0,0,
612,대전동신과학고 - 대전동신과학고,38,변동네거리,0,0,0,2,0,6,3,0,6,5,14,12,13,16,0,9,10,3,0,0,0,0,0,0,
612,대전동신과학고 - 대전동신과학고,39,내동초등학교,0,0,1,0,3,7,0,0,3,3,12,13,12,14,9,10,9,13,10,0,0,0,0,0,
612,대전동신과학고 - 대전동신과학고,40,내동네거리,0,0,0,0,0,5,0,0,8,0,0,12,12,7,13,5,0,12,5,0,0,0,0,0,
612,대전동신과학고 - 대전동신과학고,41,내동중학교,0,0,0,1,2,0,0,8,6,0,10,7,11,0,11,9,0,0,10,0,0,0,0,0,
612,대전동신과학고 - 대전동신과학고,42,목운주택입구,0,0,0,0,1,1,2,0,6,0,2,6,8,0,9,0,0,0,11,0,0,0,0,0,
612,대전동신과학고 - 대전동신과학고,43,대아아파트,0,0,0,0,0,3,1,0,4,3,8,5,4,4,10,6,0,10,7,0,0,0,0,0,
612,대전동신과학고 - 대전동신과학고,44,경남아파트,0,0,0,0,0,1,0,0,3,0,1,0,1,0,1,2,5,4,5,1,0,0,0,0,
612,대전동신과학고 - 대전동신과학고,45,배재대학교종점,0,0,0,0,3,1,0,0,1,0,0,0,1,0,0,0,0,0,0,0,0,0,0,0,
612,대전동신과학고 - 대전동신과학고,46,배재대학교,0,0,0,0,0,0,0,1,0,0,0,0,0,0,0,0,0,0,0,0,0,0,0,0,
612,대전동신과학고 - 대전동신과학고,47,경남아파트,0,0,0,1,4,3,1,6,0,4,3,0,5,1,0,0,0,0,0,0,0,0,0,0,
612,대전동신과학고 - 대전동신과학고,48,배재대학교,0,1,1,5,5,3,3,11,3,0,6,2,6,0,2,3,1,0,0,0,0,0,0,0,
612,대전동신과학고 - 대전동신과학고,49,목운주택입구,0,0,0,0,6,4,4,1,4,5,9,4,10,3,1,0,0,1,0,0,0,0,0,0,
612,대전동신과학고 - 대전동신과학고,50,내동중학교,0,0,0,0,0,0,4,0,5,0,0,0,11,0,0,0,2,0,0,0,0,0,0,0,
612,대전동신과학고 - 대전동신과학고,51,서우아파트2단지,0,3,1,0,0,7,7,12,9,6,11,5,1,5,4,2,0,2,0,0,0,0,0,0,
612,대전동신과학고 - 대전동신과학고,52,봉산중학교,0,0,2,0,0,9,4,0,4,0,10,3,2,0,0,0,3,0,0,0,0,0,0,0,
612,대전동신과학고 - 대전동신과학고,53,내동초등학교,0,0,2,3,2,0,4,3,10,7,0,0,4,0,0,0,0,0,1,0,0,0,0,0,
612,대전동신과학고 - 대전동신과학고,54,변동오거리,0,0,1,0,0,3,10,14,11,3,11,4,12,3,4,0,0,3,0,0,0,0,0,0,
612,대전동신과학고 - 대전동신과학고,55,변동시장,0,4,3,0,7,11,14,18,3,8,13,5,13,0,6,3,7,0,0,0,0,0,0,0,
612,대전동신과학고 - 대전동신과학고,56,변동초등학교,0,6,4,0,2,5,15,19,12,9,13,3,3,0,7,2,0,1,0,0,0,0,0,0,
612,대전동신과학고 - 대전동신과학고,57,버드내2단지,0,5,2,4,5,11,17,19,13,10,2,4,12,4,4,4,2,2,0,0,0,0,0,0,
612,대전동신과학고 - 대전동신과학고,58,삼부아파트,0,0,3,5,9,14,18,15,13,11,15,4,10,6,7,0,5,1,0,0,0,0,0,0,
612,대전동신과학고 - 대전동신과학고,59,태평오거리,0,0,2,4,10,12,14,14,12,6,0,0,3,5,6,0,8,2,1,0,0,0,0,0,
612,대전동신과학고 - 대전동신과학고,60,태평중학교,0,0,0,2,7,9,0,8,14,0,14,0,4,4,1,0,4,0,0,0,0,0,0,0,
612,대전동신과학고 - 대전동신과학고,61,유등마을아파트,0,0,6,3,8,15,19,16,21,12,15,5,11,3,5,0,5,0,2,0,0,0,0,0,
612,대전동신과학고 - 대전동신과학고,62,푸른뫼아파트,0,0,7,5,0,12,20,20,23,11,16,6,13,4,0,0,0,3,0,0,0,0,0,0,
612,대전동신과학고 - 대전동신과학고,63,오류네거리,0,0,1,3,7,14,16,0,0,0,4,9,6,0,0,0,4,0,0,0,0,0,0,0,
612,대전동신과학고 - 대전동신과학고,64,서대전역,0,0,6,5,11,13,19,25,18,22,19,10,11,16,14,6,10,5,4,0,0,0,0,0,
612,대전동신과학고 - 대전동신과학고,65,서대전역네거리,0,0,5,6,11,15,17,20,15,20,18,12,11,15,14,7,6,4,5,0,0,0,0,0,
612,대전동신과학고 - 대전동신과학고,66,서대전네거리역2번출구,0,2,0,6,6,14,15,23,14,20,17,11,9,14,12,8,9,3,5,0,0,0,0,0,
612,대전동신과학고 - 대전동신과학고,67,대전충남병무청,0,0,4,6,9,9,15,22,12,20,12,5,0,14,13,0,8,5,2,0,0,0,0,0,
612,대전동신과학고 - 대전동신과학고,68,성모병원,0,0,0,0,0,12,16,16,11,19,11,0,0,13,0,0,8,0,0,0,0,0,0,0,
612,대전동신과학고 - 대전동신과학고,69,성모오거리,0,0,3,0,0,11,0,21,0,18,16,11,8,15,10,9,0,10,0,0,0,0,0,0,
612,대전동신과학고 - 대전동신과학고,70,대전고등학교,0,0,0,5,10,4,15,9,10,16,15,14,8,12,9,8,0,2,4,0,0,0,0,0,
612,대전동신과학고 - 대전동신과학고,71,대흥동성당,0,0,0,2,8,6,9,14,9,17,9,14,12,7,7,7,8,0,0,0,0,0,0,0,
612,대전동신과학고 - 대전동신과학고,72,중앙로역1번출구,0,3,0,2,5,4,8,13,7,12,7,15,11,8,7,10,8,11,3,0,0,0,0,0,
612,대전동신과학고 - 대전동신과학고,73,대전역,0,0,2,3,4,5,5,6,4,7,3,16,12,10,8,5,6,0,1,3,0,0,0,0,
612,대전동신과학고 - 대전동신과학고,74,중앙시장,0,1,2,4,6,5,6,2,9,11,4,23,17,14,10,12,6,5,4,0,0,0,0,0,
612,대전동신과학고 - 대전동신과학고,75,원동네거리,0,0,0,6,0,3,5,1,10,10,3,22,17,0,0,11,4,9,2,0,0,0,0,0,
612,대전동신과학고 - 대전동신과학고,76,인동네거리,0,0,0,0,5,4,6,0,7,9,0,0,16,11,11,10,4,8,3,0,0,0,0,0,
612,대전동신과학고 - 대전동신과학고,77,인동현대아파트,0,0,0,1,0,2,0,0,7,0,4,12,14,4,9,0,0,4,0,0,0,0,0,0,
612,대전동신과학고 - 대전동신과학고,78,효동행정복지센터,0,0,1,2,3,3,5,3,9,9,6,21,10,8,3,6,5,6,0,0,0,0,0,0,
612,대전동신과학고 - 대전동신과학고,79,효동현대아파트,0,0,0,4,2,2,3,0,9,6,0,20,7,9,3,4,4,4,2,0,0,0,0,0,
612,대전동신과학고 - 대전동신과학고,80,신흥마을아파트정문,0,0,0,0,0,0,4,0,8,7,5,19,5,5,4,1,0,0,0,0,0,0,0,0,
612,대전동신과학고 - 대전동신과학고,81,신흥마을아파트후문,0,0,0,3,0,2,4,0,0,0,6,17,0,2,0,0,0,1,3,0,0,0,0,0,
612,대전동신과학고 - 대전동신과학고,82,신흥역,0,0,0,0,0,0,0,1,5,5,5,0,0,1,0,6,0,0,0,0,0,0,0,0,
612,대전동신과학고 - 대전동신과학고,83,판암근린공원,0,0,0,2,0,0,5,0,4,0,5,12,4,8,0,0,0,0,0,0,0,0,0,0,
612,대전동신과학고 - 대전동신과학고,84,판암역네거리,0,0,0,2,0,1,5,2,2,5,4,9,0,3,0,5,5,0,0,0,0,0,0,0,
612,대전동신과학고 - 대전동신과학고,85,판암주공4단지,0,0,0,0,0,0,1,1,3,1,1,5,4,2,0,0,2,0,2,0,0,0,0,0,
612,대전동신과학고 - 대전동신과학고,86,판암테크노타운,0,0,0,1,1,0,0,0,0,0,0,1,0,0,0,0,0,0,0,0,0,0,0,0,
612,대전동신과학고 - 대전동신과학고,87,판암동성당,0,0,0,0,0,0,0,0,0,0,0,0,0,0,0,0,0,0,0,0,0,0,0,0,
612,대전동신과학고 - 대전동신과학고,88,판암차량기지,0,0,0,0,0,0,0,0,0,0,0,0,0,0,0,0,0,0,0,0,0,0,0,0,
612,대전동신과학고 - 대전동신과학고,89,삼정동,0,0,0,0,0,0,0,0,0,0,0,0,0,0,0,0,0,0,0,0,0,0,0,0,
612,대전동신과학고 - 대전동신과학고,90,대전동신과학고,0,0,0,0,0,0,0,0,0,0,0,0,0,0,0,0,0,0,0,0,0,0,0,0,
613,비래동종점 - 비래동종점,1,비래동종점,0,1,0,1,0,1,2,0,2,0,0,0,1,0,0,0,1,0,0,0,0,0,0,0,
613,비래동종점 - 비래동종점,2,비래동,0,0,0,0,0,0,3,2,3,0,0,1,0,0,0,0,0,0,0,0,0,0,0,0,
613,비래동종점 - 비래동종점,3,금성백조아파트,0,0,2,3,1,5,4,3,1,1,1,2,2,1,1,0,3,0,1,0,0,0,0,0,
613,비래동종점 - 비래동종점,4,길치근린공원,0,0,1,5,1,6,5,4,6,0,2,2,6,1,1,1,1,1,0,0,0,0,0,0,
613,비래동종점 - 비래동종점,5,명석고등학교,0,1,3,6,4,8,5,5,5,7,2,2,8,2,2,3,4,0,0,0,0,0,0,0,
613,비래동종점 - 비래동종점,6,한국폴리텍대학,0,0,4,7,6,9,7,10,7,10,3,6,10,4,3,2,2,0,0,0,0,0,0,0,
613,비래동종점 - 비래동종점,7,대전보건대학교,0,0,4,0,3,12,12,14,5,7,11,7,12,0,5,1,5,2,1,0,0,0,0,0,
613,비래동종점 - 비래동종점,8,가양동우체국,0,2,5,0,7,14,13,14,12,11,13,8,13,5,5,3,6,0,0,0,0,0,0,0,
613,비래동종점 - 비래동종점,9,가양초등학교,0,3,0,9,6,14,6,15,15,12,14,5,14,6,8,0,6,2,1,0,0,0,0,0,
613,비래동종점 - 비래동종점,10,석촌마을아파트,0,4,6,11,7,13,11,17,14,13,13,10,18,5,8,5,0,3,0,0,0,0,0,0,
613,비래동종점 - 비래동종점,11,성남네거리,0,0,3,6,9,16,12,13,15,14,12,11,20,6,6,6,9,3,2,0,0,0,0,0,
613,비래동종점 - 비래동종점,12,삼성초등학교,0,3,0,9,6,10,11,14,16,13,12,10,21,5,8,5,8,0,0,0,0,0,0,0,
613,비래동종점 - 비래동종점,13,대전역,0,2,6,5,7,11,10,15,13,14,17,11,28,11,13,16,10,9,13,0,0,0,0,0,
613,비래동종점 - 비래동종점,14,목척교,0,0,5,6,5,12,8,14,12,14,21,19,32,14,11,15,12,9,14,0,0,0,0,0,
613,비래동종점 - 비래동종점,15,선화동우체국,0,2,6,0,4,9,10,13,9,11,24,22,31,18,13,16,13,16,6,0,0,0,0,0,
613,비래동종점 - 비래동종점,16,중구청역,0,0,0,5,3,10,13,7,9,9,17,16,29,15,13,7,14,13,15,0,0,0,0,0,
613,비래동종점 - 비래동종점,17,대전충남병무청,0,0,2,3,3,0,12,20,10,0,24,30,27,18,12,15,18,14,16,0,0,0,0,0,
613,비래동종점 - 비래동종점,18,서대전네거리역3번출구,0,0,0,5,7,9,10,8,10,12,23,29,25,20,17,16,19,15,18,0,0,0,0,0,
613,비래동종점 - 비래동종점,19,서대전역네거리,0,0,1,5,3,10,9,18,9,9,26,17,32,21,20,21,18,17,10,0,0,0,0,0,
613,비래동종점 - 비래동종점,20,유천동현대아파트,0,0,3,6,8,6,8,16,5,10,23,27,27,20,21,23,19,0,19,0,0,0,0,0,
613,비래동종점 - 비래동종점,21,유천동서대전농협,0,0,0,6,4,5,6,4,8,9,9,24,23,19,22,23,12,19,12,5,0,0,0,0,
613,비래동종점 - 비래동종점,22,버드내아파트,0,0,1,5,6,5,7,2,6,8,21,24,28,19,12,21,20,20,18,0,0,0,0,0,
613,비래동종점 - 비래동종점,23,도마시장,0,0,2,6,5,9,9,12,9,10,19,26,21,21,13,17,4,21,0,0,0,0,0,0,
613,비래동종점 - 비래동종점,24,도마네거리,0,0,1,5,4,4,9,13,9,9,18,26,29,22,20,18,21,12,0,0,0,0,0,0,
613,비래동종점 - 비래동종점,25,도마삼거리,0,0,1,6,6,11,8,13,8,9,17,23,30,20,22,15,16,20,18,0,0,0,0,0,
613,비래동종점 - 비래동종점,26,삼육중학교입구,0,0,0,0,0,8,0,0,9,8,19,20,29,0,15,17,15,21,17,0,0,0,0,0,
613,비래동종점 - 비래동종점,27,유천초등학교,0,0,2,0,6,10,8,8,8,5,18,22,28,27,14,21,0,19,8,4,0,0,0,0,
613,비래동종점 - 비래동종점,28,배재시장,0,0,0,5,7,11,5,6,9,8,13,20,14,20,12,17,12,17,15,3,0,0,0,0,
613,비래동종점 - 비래동종점,29,도마중학교,0,0,3,4,4,8,10,8,8,8,10,16,12,12,7,14,10,11,12,0,0,0,0,0,
613,비래동종점 - 비래동종점,30,변동중학교,0,0,0,5,6,7,8,6,6,5,10,9,12,15,6,9,6,7,8,0,0,0,0,0,
613,비래동종점 - 비래동종점,31,변동근린공원,0,0,0,2,5,7,7,9,4,5,0,7,10,13,8,8,5,4,6,0,0,0,0,0,
613,비래동종점 - 비래동종점,32,봉산중학교입구,0,0,0,1,4,5,3,8,4,0,5,6,8,8,7,7,4,3,4,0,0,0,0,0,
613,비래동종점 - 비래동종점,33,내동네거리,0,0,0,0,3,5,6,7,3,7,4,5,9,6,4,7,4,3,3,0,0,0,0,0,
613,비래동종점 - 비래동종점,34,서중학교입구,0,0,0,1,3,1,4,0,0,4,6,6,9,6,3,5,0,0,2,0,0,0,0,0,
613,비래동종점 - 비래동종점,35,코오롱아파트,0,0,2,2,3,2,2,4,8,2,3,4,8,12,8,8,4,0,3,2,0,0,0,0,
613,비래동종점 - 비래동종점,36,대전외국어고/롯데아파트,0,1,1,1,4,2,1,3,5,3,2,1,4,5,4,5,1,2,0,0,0,0,0,0,
613,비래동종점 - 비래동종점,37,갈마아파트2단지,0,0,0,0,5,0,1,0,4,2,1,0,1,3,0,1,0,1,1,0,0,0,0,0,
613,비래동종점 - 비래동종점,38,갈마아파트3단지,0,0,0,0,2,0,0,0,0,0,0,0,0,3,0,0,0,0,0,0,0,0,0,0,
613,비래동종점 - 비래동종점,39,갈마아파트3단지,0,0,1,1,0,3,3,1,2,6,7,5,2,0,1,1,1,1,0,0,0,0,0,0,
613,비래동종점 - 비래동종점,40,안골네거리,0,0,0,2,3,4,4,0,2,2,0,3,0,2,0,2,3,1,0,0,0,0,0,0,
613,비래동종점 - 비래동종점,41,서우아파트2단지,0,2,2,3,2,8,10,3,5,8,9,0,4,5,3,3,4,4,1,0,0,0,0,0,
613,비래동종점 - 비래동종점,42,봉산중학교,0,0,2,2,3,3,12,5,8,7,12,6,0,1,4,0,1,5,0,0,0,0,0,0,
613,비래동종점 - 비래동종점,43,내동네거리,0,3,3,5,1,6,15,0,11,8,0,6,6,6,0,2,5,0,0,0,0,0,0,0,
613,비래동종점 - 비래동종점,44,변동근린공원,0,0,7,6,4,9,18,6,11,8,7,4,7,10,3,0,7,4,2,0,0,0,0,0,
613,비래동종점 - 비래동종점,45,귀빈장네거리,0,4,8,8,9,19,23,14,12,11,13,11,9,16,4,5,8,2,4,0,0,0,0,0,
613,비래동종점 - 비래동종점,46,도마중학교,0,6,13,10,13,23,22,15,16,12,16,13,11,21,5,8,9,3,0,0,0,0,0,0,
613,비래동종점 - 비래동종점,47,제일고등학교,0,0,15,6,21,25,25,15,16,15,19,15,0,21,3,7,4,1,1,0,0,0,0,0,
613,비래동종점 - 비래동종점,48,도마2동주민센터,0,7,17,11,10,25,23,14,16,17,18,15,0,10,0,6,0,0,3,0,0,0,0,0,
613,비래동종점 - 비래동종점,49,도마삼거리,0,9,14,11,11,28,28,16,16,19,18,14,12,22,7,5,10,4,0,0,0,0,0,0,
613,비래동종점 - 비래동종점,50,도마e편한세상아파트,0,10,3,8,11,18,27,17,13,20,20,14,10,22,5,7,10,3,2,0,0,0,0,0,
613,비래동종점 - 비래동종점,51,도마시장,0,0,0,12,12,28,29,16,0,18,19,12,11,24,8,7,0,4,0,0,0,0,0,0,
613,비래동종점 - 비래동종점,52,버드내아파트,0,0,0,15,0,17,30,18,0,20,18,14,0,26,7,0,11,0,0,0,0,0,0,0,
613,비래동종점 - 비래동종점,53,버드내네거리,0,0,0,10,15,16,31,22,16,28,16,0,9,27,9,9,12,5,0,0,0,0,0,0,
613,비래동종점 - 비래동종점,54,유천시장,0,0,10,0,0,24,30,23,17,18,18,12,13,26,9,5,13,0,0,0,0,0,0,0,
613,비래동종점 - 비래동종점,55,서대전육교,0,0,14,10,14,16,31,25,23,29,19,0,12,24,10,8,14,4,0,0,0,0,0,0,
613,비래동종점 - 비래동종점,56,서대전역네거리,0,0,11,13,13,12,27,31,25,29,19,16,12,23,9,8,13,5,3,0,0,0,0,0,
613,비래동종점 - 비래동종점,57,서대전네거리역2번출구,0,0,10,12,11,22,24,30,22,29,17,17,7,9,10,7,12,0,0,0,0,0,0,0,
613,비래동종점 - 비래동종점,58,대전충남병무청,0,0,8,11,9,19,26,11,22,28,19,16,11,21,12,10,0,6,4,0,0,0,0,0,
613,비래동종점 - 비래동종점,59,중구청,0,0,9,11,0,9,23,28,21,27,13,17,11,18,11,8,11,0,2,0,0,0,0,0,
613,비래동종점 - 비래동종점,60,중앙로역4번출구,0,0,6,9,8,16,21,21,19,26,18,14,11,18,7,9,11,6,7,0,0,0,0,0,
613,비래동종점 - 비래동종점,61,목척교,0,0,5,9,9,9,10,13,7,17,16,16,12,13,14,10,10,9,0,0,0,0,0,0,
613,비래동종점 - 비래동종점,62,대전역,0,0,2,6,11,8,8,10,6,14,11,15,15,16,16,12,17,15,11,0,0,0,0,0,
613,비래동종점 - 비래동종점,63,삼성네거리,0,0,0,3,9,2,0,9,5,13,10,13,12,16,0,0,0,14,3,0,0,0,0,0,
613,비래동종점 - 비래동종점,64,계룡디지텍고입구,0,0,0,0,8,5,7,8,7,16,9,12,16,14,15,9,16,13,0,0,0,0,0,0,
613,비래동종점 - 비래동종점,65,성남네거리,0,0,2,6,7,7,4,8,3,14,8,15,14,13,14,10,15,10,2,0,0,0,0,0,
613,비래동종점 - 비래동종점,66,아침마을아파트,0,0,0,0,0,6,6,5,7,13,7,13,11,12,12,11,13,8,10,2,0,0,0,0,
613,비래동종점 - 비래동종점,67,가양초등학교,0,0,0,5,1,6,6,6,7,11,7,12,10,7,10,10,8,9,9,1,0,0,0,0,
613,비래동종점 - 비래동종점,68,가양네거리,0,0,0,4,0,1,4,5,6,7,6,9,8,5,5,8,6,12,7,0,0,0,0,0,
613,비래동종점 - 비래동종점,69,대전보건대학교,0,0,0,2,5,3,3,1,4,5,4,6,7,10,6,5,6,9,4,0,0,0,0,0,
613,비래동종점 - 비래동종점,70,한국폴리텍대학,0,0,1,0,0,0,0,3,3,0,1,5,3,9,3,4,5,5,3,0,0,0,0,0,
613,비래동종점 - 비래동종점,71,명석고등학교,0,0,0,0,1,5,2,2,1,4,3,2,3,8,2,3,3,4,1,0,0,0,0,0,
613,비래동종점 - 비래동종점,72,길치근린공원,0,0,0,1,0,3,1,1,0,0,1,4,1,5,1,3,1,1,1,0,0,0,0,0,
613,비래동종점 - 비래동종점,73,금성백조아파트,0,0,0,0,0,0,0,0,0,0,0,1,1,2,0,1,1,0,0,0,0,0,0,0,
613,비래동종점 - 비래동종점,74,비래동,0,0,0,0,0,0,0,0,0,0,0,0,0,0,0,0,0,0,0,0,0,0,0,0,
613,비래동종점 - 비래동종점,75,비래동종점,0,0,0,0,0,0,0,0,0,0,0,0,0,0,0,0,0,0,0,0,0,0,0,0,
614,대한통운종점 - 대한통운종점,1,대한통운종점,0,0,0,0,0,0,0,0,0,0,0,0,0,0,0,0,0,0,0,0,0,0,0,0,
614,대한통운종점 - 대한통운종점,2,대한통운종점,0,0,0,0,0,0,0,0,0,0,0,0,1,0,0,0,0,0,0,0,0,0,0,0,
614,대한통운종점 - 대한통운종점,3,읍내동현대아파트,0,0,0,1,0,2,1,2,5,6,1,0,0,1,1,10,0,0,0,0,0,0,0,0,
614,대한통운종점 - 대한통운종점,4,대전지방국세청,0,0,1,3,3,7,4,3,7,11,3,3,2,4,0,11,0,0,0,0,0,0,0,0,
614,대한통운종점 - 대한통운종점,5,근로복지공단대전병원,0,0,0,0,6,6,3,5,8,11,1,5,1,0,0,3,0,0,0,0,0,0,0,0,
614,대한통운종점 - 대한통운종점,6,중리시장,0,1,0,1,2,8,4,5,6,8,4,4,3,3,0,4,3,3,0,0,0,0,0,0,
614,대한통운종점 - 대한통운종점,7,스포츠프라자삼거리,0,0,0,0,3,9,10,2,0,7,6,0,4,2,2,4,0,0,0,0,0,0,0,0,
614,대한통운종점 - 대한통운종점,8,영진로얄아파트,0,2,0,6,10,2,11,10,7,8,13,5,2,4,0,5,3,2,1,0,0,0,0,0,
614,대한통운종점 - 대한통운종점,9,신동아아파트,0,0,5,7,6,11,12,11,3,10,11,4,5,7,5,5,2,0,2,0,0,0,0,0,
614,대한통운종점 - 대한통운종점,10,오정농수산물시장,0,0,3,0,0,12,13,12,8,11,12,9,4,8,0,0,2,0,0,0,0,0,0,0,
614,대한통운종점 - 대한통운종점,11,오정농수산오거리,0,0,3,6,5,0,11,0,9,12,11,10,6,12,0,7,0,0,0,0,0,0,0,0,
614,대한통운종점 - 대한통운종점,12,오정동행정복지센터,0,0,4,8,9,2,11,13,13,0,13,0,0,13,0,0,0,0,0,0,0,0,0,0,
614,대한통운종점 - 대한통운종점,13,한남오거리(BRT),0,0,4,7,0,0,12,15,13,0,14,11,6,14,6,9,0,0,0,0,0,0,0,0,
614,대한통운종점 - 대한통운종점,14,대덕구청,0,0,0,0,9,13,14,0,12,0,13,5,0,0,0,0,0,0,1,0,0,0,0,0,
614,대한통운종점 - 대한통운종점,15,솔랑마을아파트,0,0,5,9,10,1,0,0,11,0,0,15,7,15,7,10,0,0,0,0,0,0,0,0,
614,대한통운종점 - 대한통운종점,16,한밭자이아파트,0,0,8,8,11,0,17,19,15,0,12,14,14,12,8,0,0,0,0,0,0,0,0,0,
614,대한통운종점 - 대한통운종점,17,삼성초등학교,0,0,4,8,0,6,0,18,13,11,11,13,6,9,0,8,0,0,0,0,0,0,0,0,
614,대한통운종점 - 대한통운종점,18,대전역,0,0,6,4,6,5,11,10,12,11,11,9,10,7,5,9,2,6,2,0,0,0,0,0,
614,대한통운종점 - 대한통운종점,19,목척교,0,0,0,2,5,4,8,2,10,6,9,6,11,8,3,9,5,8,3,0,0,0,0,0,
614,대한통운종점 - 대한통운종점,20,선화동우체국,0,0,0,0,5,3,7,0,10,5,6,4,9,8,4,9,3,6,3,0,0,0,0,0,
614,대한통운종점 - 대한통운종점,21,중구청역,0,0,0,2,4,0,4,0,9,3,5,3,5,6,2,0,0,5,1,0,0,0,0,0,
614,대한통운종점 - 대한통운종점,22,대전충남병무청,0,0,0,0,6,7,4,0,9,3,5,4,11,11,4,5,7,6,3,0,0,0,0,0,
614,대한통운종점 - 대한통운종점,23,서대전네거리역5번출구,0,0,0,1,2,5,6,0,3,4,6,0,11,11,5,0,7,8,2,0,0,0,0,0,
614,대한통운종점 - 대한통운종점,24,중도일보,0,0,0,0,3,4,2,0,8,5,7,2,0,0,0,4,0,0,0,0,0,0,0,0,
614,대한통운종점 - 대한통운종점,25,오룡역7번출구,0,0,0,0,3,3,3,3,8,8,9,2,9,13,5,5,9,7,5,1,0,0,0,0,
614,대한통운종점 - 대한통운종점,26,충남여중삼거리,0,0,1,0,2,2,0,2,4,5,0,0,4,12,4,0,6,7,3,0,0,0,0,0,
614,대한통운종점 - 대한통운종점,27,목동동대전농협,0,0,0,0,1,0,0,3,0,2,3,1,6,6,2,1,3,1,1,0,0,0,0,0,
614,대한통운종점 - 대한통운종점,28,목양초등학교,0,0,0,0,0,1,0,2,0,0,1,2,6,1,1,0,1,0,0,0,0,0,0,0,
614,대한통운종점 - 대한통운종점,29,목양마을아파트후문,0,0,0,0,0,2,0,0,0,0,0,0,0,0,0,0,0,0,0,0,0,0,0,0,
614,대한통운종점 - 대한통운종점,30,어덕마을종점,0,0,0,0,0,0,0,0,0,1,0,0,1,0,0,0,0,0,1,0,0,0,0,0,
614,대한통운종점 - 대한통운종점,31,오룡역4번출구,0,0,0,0,0,0,0,0,0,0,0,1,0,0,0,0,0,1,0,0,0,0,0,0,
614,대한통운종점 - 대한통운종점,32,오룡역3번출구,0,0,0,0,0,0,0,0,0,1,1,2,0,0,0,1,0,0,0,0,0,0,0,0,
614,대한통운종점 - 대한통운종점,33,어덕마을종점,0,0,0,2,3,2,0,4,3,2,0,0,1,2,1,0,0,0,1,0,0,0,0,0,
614,대한통운종점 - 대한통운종점,34,어덕마을종점,0,0,0,2,3,2,0,4,3,2,0,0,1,2,1,0,0,0,1,0,0,0,0,0,
614,대한통운종점 - 대한통운종점,35,목양마을아파트후문,0,0,1,0,4,3,2,0,5,2,0,3,0,0,2,0,0,0,0,0,0,0,0,0,
614,대한통운종점 - 대한통운종점,36,목양초등학교,0,1,4,0,5,0,3,5,5,4,3,0,0,3,0,0,0,1,0,0,0,0,0,0,
614,대한통운종점 - 대한통운종점,37,목양마을아파트,0,0,6,5,6,4,6,10,8,6,8,8,3,8,0,1,1,1,2,0,0,0,0,0,
614,대한통운종점 - 대한통운종점,38,대성중고등학교,0,0,5,6,6,3,5,8,1,7,7,8,4,0,1,4,3,0,0,0,0,0,0,0,
614,대한통운종점 - 대한통운종점,39,오룡역1번출구,0,0,4,0,3,2,5,8,9,8,6,4,4,6,4,0,3,0,0,0,0,0,0,0,
614,대한통운종점 - 대한통운종점,40,서대전네거리역4번출구,0,0,5,7,0,3,2,9,11,0,2,7,3,0,6,0,4,0,1,0,0,0,0,0,
614,대한통운종점 - 대한통운종점,41,대전충남병무청,0,0,3,6,4,2,3,5,10,6,0,10,5,6,5,5,3,0,0,0,0,0,0,0,
614,대한통운종점 - 대한통운종점,42,중구청,0,0,1,5,0,0,5,4,0,6,0,9,7,7,5,0,4,2,1,0,0,0,0,0,
614,대한통운종점 - 대한통운종점,43,대전도시공사,0,0,0,0,0,3,4,0,11,9,4,10,8,0,4,6,0,4,3,0,0,0,0,0,
614,대한통운종점 - 대한통운종점,44,으능정이거리,0,0,2,3,5,4,4,6,9,8,7,12,12,13,9,13,7,5,5,0,0,0,0,0,
614,대한통운종점 - 대한통운종점,45,대전역,0,0,5,9,7,4,8,7,8,13,12,16,19,22,15,18,12,8,8,0,0,0,0,0,
614,대한통운종점 - 대한통운종점,46,삼성초등학교,0,1,6,0,0,5,5,0,0,0,13,15,0,0,16,0,10,9,0,0,0,0,0,0,
614,대한통운종점 - 대한통운종점,47,삼성네거리,0,0,0,0,8,0,0,0,0,0,0,15,0,0,0,0,0,0,0,0,0,0,0,0,
614,대한통운종점 - 대한통운종점,48,한밭자이아파트,0,0,0,6,0,4,10,4,3,0,11,14,15,18,0,16,0,8,0,0,0,0,0,0,
614,대한통운종점 - 대한통운종점,49,솔랑마을아파트,0,0,5,0,9,0,7,6,4,12,12,13,16,16,0,16,0,8,0,0,0,0,0,0,
614,대한통운종점 - 대한통운종점,50,대덕구청,0,0,0,8,10,5,8,0,5,13,11,14,14,13,15,0,11,0,7,0,0,0,0,0,
614,대한통운종점 - 대한통운종점,51,한남오거리(BRT),0,0,0,8,0,0,0,5,4,12,0,13,15,14,0,14,3,6,6,0,0,0,0,0,
614,대한통운종점 - 대한통운종점,52,오정동행정복지센터,0,0,0,6,0,6,0,0,0,13,7,13,11,0,5,9,2,0,0,0,0,0,0,0,
614,대한통운종점 - 대한통운종점,53,오정농수산오거리,0,0,0,4,0,0,6,0,0,13,9,0,13,7,16,14,13,0,6,0,0,0,0,0,
614,대한통운종점 - 대한통운종점,54,오정농수산물시장,0,0,0,3,0,5,0,3,3,12,0,10,14,6,15,7,0,4,7,5,0,0,0,0,
614,대한통운종점 - 대한통운종점,55,화정초등학교,0,0,0,4,7,9,4,5,4,7,6,9,15,8,14,12,10,5,5,0,0,0,0,0,
614,대한통운종점 - 대한통운종점,56,영진로얄아파트,0,0,0,0,3,7,2,4,0,5,4,6,10,8,11,9,6,1,3,2,0,0,0,0,
614,대한통운종점 - 대한통운종점,57,럭키스포츠프라자,0,0,0,0,0,0,3,0,0,4,3,3,7,6,9,6,3,6,4,0,0,0,0,0,
614,대한통운종점 - 대한통운종점,58,중리시장,0,0,0,1,2,3,5,2,4,3,2,8,6,6,3,3,2,3,1,1,0,0,0,0,
614,대한통운종점 - 대한통운종점,59,보람아파트,0,0,0,0,0,0,0,1,2,0,2,5,3,1,2,2,1,2,0,0,0,0,0,0,
614,대한통운종점 - 대한통운종점,60,대덕소방서,0,0,1,0,0,0,2,0,1,0,0,4,0,0,0,1,0,0,0,1,0,0,0,0,
614,대한통운종점 - 대한통운종점,61,제월당,0,0,0,0,0,0,0,0,0,0,0,0,0,0,0,0,0,0,0,0,0,0,0,0,
614,대한통운종점 - 대한통운종점,62,대한통운종점,0,0,0,0,0,0,0,0,0,0,0,0,0,0,0,0,0,0,0,0,0,0,0,0,
615,대한통운종점 - 대한통운종점,1,대한통운종점,0,0,0,0,0,0,0,0,0,0,0,0,0,0,0,0,0,0,0,0,0,0,0,0,
615,대한통운종점 - 대한통운종점,2,대한통운종점,0,0,0,1,0,0,0,0,0,0,4,2,0,0,0,0,0,0,0,0,0,0,0,0,
615,대한통운종점 - 대한통운종점,3,읍내동현대아파트,0,0,0,3,2,4,1,5,2,3,2,5,5,2,2,1,1,1,0,0,0,0,0,0,
615,대한통운종점 - 대한통운종점,4,대전지방국세청,0,4,7,4,6,12,7,12,11,11,9,7,8,4,6,3,0,1,1,0,0,0,0,0,
615,대한통운종점 - 대한통운종점,5,법동전통시장,0,5,10,3,7,14,9,14,15,10,13,8,9,6,11,4,3,0,2,0,0,0,0,0,
615,대한통운종점 - 대한통운종점,6,중리동,0,0,11,6,10,16,10,16,17,10,13,9,11,8,11,2,4,3,3,0,0,0,0,0,
615,대한통운종점 - 대한통운종점,7,용전동주민센터,0,0,0,5,9,16,10,8,19,13,12,10,14,11,14,6,5,2,0,0,0,0,0,0,
615,대한통운종점 - 대한통운종점,8,용전초등학교입구,0,0,9,7,12,17,15,18,19,17,14,9,9,10,15,6,1,3,5,0,0,0,0,0,
615,대한통운종점 - 대한통운종점,9,대전지방국토관리청,0,7,2,9,11,16,17,23,20,21,15,12,10,13,17,10,6,4,0,0,0,0,0,0,
615,대한통운종점 - 대한통운종점,10,용전네거리,0,8,8,4,13,14,19,25,22,26,16,13,17,15,23,11,7,5,5,0,0,0,0,0,
615,대한통운종점 - 대한통운종점,11,효촌마을아파트,0,0,7,7,14,13,19,24,25,25,16,16,21,15,23,7,6,6,0,0,0,0,0,0,
615,대한통운종점 - 대한통운종점,12,스마트뷰아파트,0,0,8,5,14,15,20,23,27,18,26,16,13,14,21,0,3,3,0,0,0,0,0,0,
615,대한통운종점 - 대한통운종점,13,성남네거리,0,0,7,8,13,16,17,24,27,14,26,15,21,13,22,4,8,7,0,0,0,0,0,0,
615,대한통운종점 - 대한통운종점,14,대성여자고등학교,0,0,8,5,7,12,19,25,26,16,15,13,18,0,6,10,0,0,0,0,0,0,0,0,
615,대한통운종점 - 대한통운종점,15,중앙동주민센터,0,0,0,7,0,17,0,0,13,18,23,15,22,19,19,8,0,7,0,0,0,0,0,0,
615,대한통운종점 - 대한통운종점,16,대전역동광장,0,0,6,5,11,13,18,27,16,16,24,14,21,19,18,5,7,9,4,0,0,0,0,0,
615,대한통운종점 - 대한통운종점,17,목척교,0,0,5,5,11,13,16,19,19,24,19,22,30,21,15,13,9,10,6,0,0,0,0,0,
615,대한통운종점 - 대한통운종점,18,으능정이거리,0,0,4,3,9,11,13,11,12,20,16,21,24,20,18,15,12,15,11,0,0,0,0,0,
615,대한통운종점 - 대한통운종점,19,중앙로역6번출구,0,0,0,4,7,12,9,10,13,19,19,25,22,21,17,15,14,16,0,0,0,0,0,0,
615,대한통운종점 - 대한통운종점,20,대고오거리,0,0,0,6,5,10,11,9,13,18,18,26,21,23,14,13,17,17,12,0,0,0,0,0,
615,대한통운종점 - 대한통운종점,21,대전광역시노인복지관,0,0,0,2,5,9,10,8,7,13,19,25,25,24,16,10,0,13,13,1,0,0,0,0,
615,대한통운종점 - 대한통운종점,22,테미삼거리,0,0,0,3,7,8,11,6,0,12,16,24,26,23,14,12,16,14,5,0,0,0,0,0,
615,대한통운종점 - 대한통운종점,23,충남대학교병원,0,0,6,6,5,8,10,7,8,12,16,20,23,20,12,8,15,10,12,3,0,0,0,0,
615,대한통운종점 - 대한통운종점,24,센트럴파크2단지,0,0,0,0,4,6,10,8,10,13,14,17,14,19,11,11,7,8,11,0,0,0,0,0,
615,대한통운종점 - 대한통운종점,25,동산중고등학교,0,0,6,7,4,7,5,9,11,8,11,16,20,19,11,9,11,9,4,0,0,0,0,0,
615,대한통운종점 - 대한통운종점,26,문화초등학교,0,0,5,5,5,10,10,8,10,14,10,14,18,18,10,6,10,9,10,0,0,0,0,0,
615,대한통운종점 - 대한통운종점,27,산성우성아파트,0,0,6,5,6,11,8,5,9,13,10,11,13,17,10,4,7,6,9,0,0,0,0,0,
615,대한통운종점 - 대한통운종점,28,문성초등학교입구,0,1,5,6,0,12,9,8,9,12,11,12,19,18,11,3,5,7,2,0,0,0,0,0,
615,대한통운종점 - 대한통운종점,29,머티네거리,0,0,0,6,0,11,7,0,10,12,11,7,20,0,9,4,0,4,10,0,0,0,0,0,
615,대한통운종점 - 대한통운종점,30,도마e편한세상아파트,0,0,0,7,0,8,8,4,9,11,10,8,20,14,10,7,2,6,9,2,0,0,0,0,
615,대한통운종점 - 대한통운종점,31,도마삼거리,0,0,2,5,2,8,9,3,9,10,8,8,17,18,10,10,7,7,7,2,0,0,0,0,
615,대한통운종점 - 대한통운종점,32,서부소방서,0,0,1,0,2,7,8,0,8,8,7,7,15,0,9,9,1,3,0,1,0,0,0,0,
615,대한통운종점 - 대한통운종점,33,정림삼거리,0,0,2,0,4,5,8,6,7,7,8,10,15,13,7,9,2,5,0,0,0,0,0,0,
615,대한통운종점 - 대한통운종점,34,정림초등학교,0,0,0,2,0,3,2,2,5,5,7,7,10,11,6,7,4,5,2,0,0,0,0,0,
615,대한통운종점 - 대한통운종점,35,정림공원,0,0,1,0,1,2,4,2,2,2,4,2,4,5,2,2,1,1,0,0,0,0,0,0,
615,대한통운종점 - 대한통운종점,36,백목련아파트,0,0,1,0,0,1,0,1,1,0,0,1,0,1,0,0,0,0,0,0,0,0,0,0,
615,대한통운종점 - 대한통운종점,37,정림중학교,0,0,0,0,0,0,0,0,0,0,0,0,0,0,0,0,0,0,0,0,0,0,0,0,
615,대한통운종점 - 대한통운종점,38,정림동종점,0,0,0,0,0,0,0,0,0,0,0,0,0,0,0,0,0,0,0,0,0,0,0,0,
615,대한통운종점 - 대한통운종점,39,정림동종점,0,0,0,0,0,0,0,0,0,0,0,0,0,0,0,0,0,0,0,0,0,0,0,0,
615,대한통운종점 - 대한통운종점,40,정림동종점,0,0,0,1,2,0,0,0,0,0,0,1,4,4,0,1,0,0,0,0,0,0,0,0,
615,대한통운종점 - 대한통운종점,41,정림중학교,0,0,0,0,0,0,0,0,0,0,0,0,3,1,0,0,0,0,0,0,0,0,0,0,
615,대한통운종점 - 대한통운종점,42,코스모스아파트,0,0,1,3,3,5,7,2,3,3,3,2,2,2,2,2,1,0,0,0,0,0,0,0,
615,대한통운종점 - 대한통운종점,43,정림공원,0,1,2,4,5,9,11,6,10,7,7,13,4,7,3,4,3,0,0,0,0,0,0,0,
615,대한통운종점 - 대한통운종점,44,정림초등학교,0,2,5,0,6,11,16,9,13,11,3,15,4,9,4,6,0,0,1,0,0,0,0,0,
615,대한통운종점 - 대한통운종점,45,정림삼거리,0,3,4,3,7,11,15,9,15,10,12,16,4,7,5,6,5,0,2,0,0,0,0,0,
615,대한통운종점 - 대한통운종점,46,정림동,0,0,0,0,4,10,11,8,14,8,6,0,5,6,0,7,5,1,1,0,0,0,0,0,
615,대한통운종점 - 대한통운종점,47,서부소방서,0,0,0,2,8,11,11,0,14,8,12,17,0,3,0,6,6,0,4,0,0,0,0,0,
615,대한통운종점 - 대한통운종점,48,도마삼거리,0,2,5,0,11,11,11,8,16,14,5,19,8,8,6,1,8,2,0,0,0,0,0,0,
615,대한통운종점 - 대한통운종점,49,도마네거리,0,3,2,1,11,11,14,9,16,11,17,19,10,9,8,6,10,0,1,0,0,0,0,0,
615,대한통운종점 - 대한통운종점,50,효성타운아파트,0,0,0,0,4,11,15,11,18,8,20,20,0,9,6,3,1,3,3,0,0,0,0,0,
615,대한통운종점 - 대한통운종점,51,문성초등학교입구,0,4,2,1,12,12,11,12,20,11,8,23,11,5,7,4,6,4,0,0,0,0,0,0,
615,대한통운종점 - 대한통운종점,52,산성우성아파트,0,0,5,2,11,14,14,14,23,11,19,23,11,7,6,7,5,3,2,0,0,0,0,0,
615,대한통운종점 - 대한통운종점,53,문화초등학교,0,0,4,0,8,14,13,15,24,13,16,9,0,6,7,5,6,0,0,0,0,0,0,0,
615,대한통운종점 - 대한통운종점,54,문화육교,0,0,6,2,12,13,12,17,22,9,15,22,10,10,0,6,1,0,0,0,0,0,0,0,
615,대한통운종점 - 대한통운종점,55,동산중고등학교,0,0,4,6,11,11,14,18,25,14,10,22,8,11,4,5,4,0,1,0,0,0,0,0,
615,대한통운종점 - 대한통운종점,56,센트럴파크2단지,0,0,7,7,9,10,14,17,32,10,17,20,7,12,0,6,0,6,0,0,0,0,0,0,
615,대한통운종점 - 대한통운종점,57,충남대학교병원,0,0,5,5,12,13,15,20,32,12,19,17,8,14,5,7,2,0,2,0,0,0,0,0,
615,대한통운종점 - 대한통운종점,58,대전광역시노인복지관,0,0,6,6,13,10,15,19,32,12,17,21,10,16,6,0,8,0,0,0,0,0,0,0,
615,대한통운종점 - 대한통운종점,59,대고오거리,0,0,0,5,11,9,14,15,34,12,18,17,8,13,5,3,8,1,0,0,0,0,0,0,
615,대한통운종점 - 대한통운종점,60,중구청,0,0,2,0,14,0,13,10,18,11,20,19,7,5,5,3,0,0,0,0,0,0,0,0,
615,대한통운종점 - 대한통운종점,61,중앙로역4번출구,0,0,7,3,9,6,13,15,34,10,15,19,9,11,7,6,6,7,3,0,0,0,0,0,
615,대한통운종점 - 대한통운종점,62,중앙로역1번출구,0,0,8,3,13,8,12,11,27,17,18,18,15,18,9,8,12,11,6,0,0,0,0,0,
615,대한통운종점 - 대한통운종점,63,목척교,0,0,5,2,8,6,12,12,24,19,24,20,16,19,14,8,14,11,7,0,0,0,0,0,
615,대한통운종점 - 대한통운종점,64,중앙동주민센터,0,0,0,0,5,5,12,12,21,16,21,15,15,10,21,9,11,10,8,0,0,0,0,0,
615,대한통운종점 - 대한통운종점,65,대성여자고등학교,0,1,3,0,7,0,14,9,20,10,20,17,21,0,14,0,0,13,0,6,0,0,0,0,
615,대한통운종점 - 대한통운종점,66,성남네거리,0,2,3,0,8,8,15,8,7,14,22,19,18,11,24,9,14,9,6,0,0,0,0,0,
615,대한통운종점 - 대한통운종점,67,효촌마을아파트,0,3,1,1,9,0,17,6,19,13,21,19,18,11,26,10,10,14,0,0,0,0,0,0,
615,대한통운종점 - 대한통운종점,68,용전네거리,0,3,0,3,7,5,13,12,15,15,15,17,20,10,15,10,10,13,8,7,0,0,0,0,
615,대한통운종점 - 대한통운종점,69,대전지방국토관리청,0,0,2,0,0,0,0,11,13,13,14,14,0,8,0,0,0,11,6,0,0,0,0,0,
615,대한통운종점 - 대한통운종점,70,용전초등학교입구,0,0,2,2,6,6,11,10,11,12,15,12,16,7,14,9,6,10,4,6,0,0,0,0,
615,대한통운종점 - 대한통운종점,71,용전동주민센터,0,0,0,2,3,5,6,8,9,12,13,10,15,6,11,8,6,2,3,4,0,0,0,0,
615,대한통운종점 - 대한통운종점,72,중리동,0,0,0,1,4,6,5,5,8,8,11,7,11,5,9,6,5,10,2,0,0,0,0,0,
615,대한통운종점 - 대한통운종점,73,법동전통시장,0,0,0,0,0,3,3,2,8,7,7,2,12,4,8,3,5,8,2,0,0,0,0,0,
615,대한통운종점 - 대한통운종점,74,보람아파트,0,0,2,1,3,4,0,4,4,6,6,5,7,6,7,3,2,6,0,2,0,0,0,0,
615,대한통운종점 - 대한통운종점,75,대덕소방서,0,0,0,0,0,2,0,1,2,5,5,3,6,5,0,2,2,2,1,1,0,0,0,0,
615,대한통운종점 - 대한통운종점,76,제월당,0,0,1,0,0,0,0,0,0,2,0,0,2,0,0,0,0,0,1,0,0,0,0,0,
615,대한통운종점 - 대한통운종점,77,대한통운종점,0,0,0,0,0,0,0,0,0,0,0,0,0,0,0,0,0,0,0,0,0,0,0,0,
616,대전역동광장종점 - 대전역동광장종점,1,대전역동광장종점,0,0,0,0,0,0,0,0,0,0,0,0,0,1,0,1,0,0,0,0,0,0,0,0,
616,대전역동광장종점 - 대전역동광장종점,2,대전역동광장종점,0,0,0,0,0,0,0,3,0,0,0,0,0,0,0,0,0,0,0,0,0,0,0,0,
616,대전역동광장종점 - 대전역동광장종점,3,대전역/중앙시장,0,0,2,3,4,3,4,2,2,8,7,16,9,10,3,2,2,1,8,0,0,0,0,0,
616,대전역동광장종점 - 대전역동광장종점,4,이스트시티아파트,0,0,0,0,5,4,0,0,3,0,5,16,5,0,3,0,3,0,0,0,0,0,0,0,
616,대전역동광장종점 - 대전역동광장종점,5,대동역2번출구,0,4,2,0,4,4,6,3,0,0,5,16,6,11,7,1,0,2,0,0,0,0,0,0,
616,대전역동광장종점 - 대전역동광장종점,6,신안동,0,0,1,0,5,5,8,2,0,9,5,0,10,12,0,4,0,0,0,0,0,0,0,0,
616,대전역동광장종점 - 대전역동광장종점,7,중앙동주민센터,0,0,2,2,0,5,11,3,4,5,11,18,11,15,5,6,4,0,0,0,0,0,0,0,
616,대전역동광장종점 - 대전역동광장종점,8,대성여자고등학교,0,0,3,0,0,6,12,2,3,7,12,19,13,17,6,5,0,3,0,0,0,0,0,0,
616,대전역동광장종점 - 대전역동광장종점,9,성남네거리,0,3,3,0,0,0,13,3,6,10,13,19,14,16,8,0,0,2,0,0,0,0,0,0,
616,대전역동광장종점 - 대전역동광장종점,10,효촌마을아파트,0,0,4,3,9,5,14,0,4,9,14,4,15,14,10,5,0,0,0,0,0,0,0,0,
616,대전역동광장종점 - 대전역동광장종점,11,복합터미널,0,1,4,4,13,9,10,7,11,15,19,30,25,25,26,12,9,11,6,0,0,0,0,0,
616,대전역동광장종점 - 대전역동광장종점,12,동부네거리,0,0,0,0,15,8,7,5,12,0,11,31,0,26,0,10,10,10,0,0,0,0,0,0,
616,대전역동광장종점 - 대전역동광장종점,13,가양중학교입구,0,0,0,0,15,0,0,4,0,20,10,31,24,24,25,0,0,0,0,0,0,0,0,0,
616,대전역동광장종점 - 대전역동광장종점,14,한신휴플러스,0,0,4,5,15,10,9,6,13,14,20,22,24,22,25,0,7,0,0,0,0,0,0,0,
616,대전역동광장종점 - 대전역동광장종점,15,서오아파트,0,0,0,0,14,0,6,7,12,10,22,26,23,22,24,11,10,9,3,0,0,0,0,0,
616,대전역동광장종점 - 대전역동광장종점,16,송촌고등학교,0,2,0,7,11,10,6,5,8,17,20,25,19,17,22,10,8,6,8,0,0,0,0,0,
616,대전역동광장종점 - 대전역동광장종점,17,선비마을5단지,0,0,3,5,11,7,5,5,3,18,15,14,15,9,17,11,6,6,2,0,0,0,0,0,
616,대전역동광장종점 - 대전역동광장종점,18,선비마을2단지,0,1,3,6,10,8,5,7,1,16,6,7,13,6,11,7,6,4,2,0,0,0,0,0,
616,대전역동광장종점 - 대전역동광장종점,19,선비마을입구,0,0,4,0,0,5,3,5,3,3,11,4,9,4,10,5,5,3,1,0,0,0,0,0,
616,대전역동광장종점 - 대전역동광장종점,20,소월아파트,0,3,6,7,2,4,4,3,4,2,0,9,8,5,7,0,4,0,0,0,0,0,0,0,
616,대전역동광장종점 - 대전역동광장종점,21,한마음아파트,0,0,7,7,0,5,5,1,0,1,0,5,7,4,0,2,3,2,2,0,0,0,0,0,
616,대전역동광장종점 - 대전역동광장종점,22,대덕소방서,0,0,8,4,1,6,7,0,0,2,1,6,7,3,4,0,1,0,2,0,0,0,0,0,
616,대전역동광장종점 - 대전역동광장종점,23,제월당,0,0,7,0,3,3,5,0,0,4,0,5,8,2,3,1,2,1,1,0,0,0,0,0,
616,대전역동광장종점 - 대전역동광장종점,24,대한통운,0,0,4,0,0,2,3,2,0,2,1,3,0,6,0,0,1,1,0,0,0,0,0,0,
616,대전역동광장종점 - 대전역동광장종점,25,회덕동주민센터,0,0,5,0,2,8,7,0,3,3,0,0,0,5,4,0,0,0,2,0,0,0,0,0,
616,대전역동광장종점 - 대전역동광장종점,26,당아래,0,0,4,0,0,0,0,0,2,1,0,0,0,4,0,0,0,0,0,0,0,0,0,0,
616,대전역동광장종점 - 대전역동광장종점,27,동아교재,0,0,0,0,0,0,0,2,0,0,2,2,0,0,0,0,0,0,0,0,0,0,0,0,
616,대전역동광장종점 - 대전역동광장종점,28,세원화성,0,0,0,0,0,0,0,2,0,0,2,2,0,0,0,0,0,0,0,0,0,0,0,0,
616,대전역동광장종점 - 대전역동광장종점,29,디엔에프,0,0,3,0,0,0,0,0,1,0,0,1,0,0,4,0,0,0,0,0,0,0,0,0,
616,대전역동광장종점 - 대전역동광장종점,30,제일사료,0,0,3,0,0,0,8,0,0,0,0,2,0,5,0,1,2,0,0,0,0,0,0,0,
616,대전역동광장종점 - 대전역동광장종점,31,동아연필,0,0,3,0,0,0,0,2,0,0,2,3,7,0,0,2,0,0,0,0,0,0,0,0,
616,대전역동광장종점 - 대전역동광장종점,32,공구백화점,0,0,0,0,0,0,0,0,0,0,0,0,0,0,0,0,0,0,0,1,0,0,0,0,
616,대전역동광장종점 - 대전역동광장종점,33,부국레미콘,0,0,1,0,2,9,7,4,0,0,5,0,6,3,1,0,1,0,1,0,0,0,0,0,
616,대전역동광장종점 - 대전역동광장종점,34,대화동행정복지센터,0,0,3,2,2,9,1,6,3,8,6,5,6,5,3,1,0,0,1,0,0,0,0,0,
616,대전역동광장종점 - 대전역동광장종점,35,원명학교,0,0,2,1,2,9,3,8,0,8,0,8,5,6,2,0,0,0,0,0,0,0,0,0,
616,대전역동광장종점 - 대전역동광장종점,36,대화동육교,0,0,0,1,3,6,3,5,7,6,7,8,4,7,2,0,1,0,0,0,0,0,0,0,
616,대전역동광장종점 - 대전역동광장종점,37,대전병원,0,0,4,4,6,6,3,12,12,11,9,12,7,4,1,0,2,0,1,0,0,0,0,0,
616,대전역동광장종점 - 대전역동광장종점,38,오정네거리,0,0,5,5,7,6,0,0,11,12,7,0,5,5,0,0,2,0,0,0,0,0,0,0,
616,대전역동광장종점 - 대전역동광장종점,39,오정우체국,0,0,7,8,8,7,3,12,15,14,9,13,6,6,3,0,0,1,0,2,0,0,0,0,
616,대전역동광장종점 - 대전역동광장종점,40,한남오거리,0,0,0,1,0,6,0,0,14,0,0,8,4,3,0,1,1,0,0,0,0,0,0,0,
616,대전역동광장종점 - 대전역동광장종점,41,대덕구청,0,0,7,7,9,0,4,13,13,14,10,14,5,5,0,0,0,0,0,0,0,0,0,0,
616,대전역동광장종점 - 대전역동광장종점,42,솔랑마을아파트,0,0,6,8,0,0,5,11,15,0,0,17,4,6,0,3,2,2,0,0,0,0,0,0,
616,대전역동광장종점 - 대전역동광장종점,43,한밭자이아파트,0,0,0,0,0,7,0,12,14,18,8,0,16,0,0,1,0,0,0,2,0,0,0,0,
616,대전역동광장종점 - 대전역동광장종점,44,삼성초등학교,0,0,5,6,5,6,0,8,13,12,7,8,14,3,0,0,1,0,0,0,0,0,0,0,
616,대전역동광장종점 - 대전역동광장종점,45,대전역,0,0,0,0,0,2,2,1,0,1,1,1,1,1,0,0,1,0,0,0,0,0,0,0,
616,대전역동광장종점 - 대전역동광장종점,46,대전역동광장,0,0,0,0,0,0,0,0,0,0,0,0,0,0,0,0,0,0,0,0,0,0,0,0,
616,대전역동광장종점 - 대전역동광장종점,47,대전역동광장,0,0,0,1,0,0,0,0,0,0,2,0,0,1,0,0,0,0,0,0,0,0,0,0,
616,대전역동광장종점 - 대전역동광장종점,48,대전역동광장,0,0,0,0,0,0,0,0,0,1,0,3,0,0,0,0,1,0,0,0,0,0,0,0,
616,대전역동광장종점 - 대전역동광장종점,49,대전역,0,1,2,5,6,3,4,6,4,4,10,8,11,10,7,4,2,12,0,0,0,0,0,0,
616,대전역동광장종점 - 대전역동광장종점,50,삼성초등학교,0,0,0,0,0,0,1,1,4,5,6,9,10,0,0,0,0,0,0,0,0,0,0,0,
616,대전역동광장종점 - 대전역동광장종점,51,삼성네거리,0,0,0,0,0,0,5,0,0,0,0,10,0,0,0,4,0,0,0,0,0,0,0,0,
616,대전역동광장종점 - 대전역동광장종점,52,한밭자이아파트,0,0,0,0,5,1,3,8,3,4,4,9,14,10,0,0,3,10,0,0,0,0,0,0,
616,대전역동광장종점 - 대전역동광장종점,53,솔랑마을아파트,0,0,0,0,2,0,0,7,0,0,5,3,8,0,8,0,3,0,6,0,0,0,0,0,
616,대전역동광장종점 - 대전역동광장종점,54,대덕구청,0,0,0,6,3,0,2,0,2,0,8,0,0,0,0,3,0,8,0,0,0,0,0,0,
616,대전역동광장종점 - 대전역동광장종점,55,한남오거리,0,0,0,4,0,0,0,0,6,3,0,10,9,2,9,5,0,2,5,0,0,0,0,0,
616,대전역동광장종점 - 대전역동광장종점,56,오정우체국,0,0,0,0,0,0,3,1,5,5,5,8,10,5,7,0,0,7,0,0,0,0,0,0,
616,대전역동광장종점 - 대전역동광장종점,57,오정네거리,0,0,0,5,5,0,2,0,0,0,6,9,13,0,6,4,0,5,6,0,0,0,0,0,
616,대전역동광장종점 - 대전역동광장종점,58,대전병원,0,0,0,3,6,0,3,2,3,4,5,8,10,4,10,6,2,3,2,0,0,0,0,0,
616,대전역동광장종점 - 대전역동광장종점,59,체육재활원,0,0,0,0,4,0,2,4,1,0,3,1,6,4,9,5,2,0,1,0,0,0,0,0,
616,대전역동광장종점 - 대전역동광장종점,60,원명학교,0,0,0,2,0,1,1,2,3,0,2,9,4,3,0,0,0,1,0,0,0,0,0,0,
616,대전역동광장종점 - 대전역동광장종점,61,대화동행정복지센터,0,0,2,1,2,0,1,2,4,1,3,6,3,2,4,3,3,0,0,0,0,0,0,0,
616,대전역동광장종점 - 대전역동광장종점,62,부국레미콘,0,0,0,0,0,1,0,1,0,0,0,0,4,0,3,0,0,0,0,0,0,0,0,0,
616,대전역동광장종점 - 대전역동광장종점,63,공구백화점,0,0,0,0,0,0,0,0,0,0,0,0,4,3,0,0,0,0,0,0,0,0,0,0,
616,대전역동광장종점 - 대전역동광장종점,64,동아연필,0,0,0,0,0,0,0,0,3,0,3,0,1,0,0,0,0,1,0,0,0,0,0,0,
616,대전역동광장종점 - 대전역동광장종점,65,펜타플렉스,0,0,0,0,0,0,0,0,2,0,0,5,3,1,2,0,0,0,0,0,0,0,0,0,
616,대전역동광장종점 - 대전역동광장종점,66,롯데택배,0,0,0,0,0,0,0,0,0,0,0,0,0,0,0,5,0,0,0,0,0,0,0,0,
616,대전역동광장종점 - 대전역동광장종점,67,세원화성,0,0,0,0,0,0,0,0,0,0,0,0,0,0,2,0,0,0,0,0,0,0,0,0,
616,대전역동광장종점 - 대전역동광장종점,68,동아교재,0,0,0,0,0,2,0,0,3,0,0,0,0,0,0,2,0,0,0,0,0,0,0,0,
616,대전역동광장종점 - 대전역동광장종점,69,당아래,0,0,0,0,0,3,3,3,8,0,0,1,4,0,3,4,4,2,2,0,0,0,0,0,
616,대전역동광장종점 - 대전역동광장종점,70,회덕동주민센터,0,0,0,0,3,3,1,4,10,1,5,0,6,2,2,1,6,4,0,0,0,0,0,0,
616,대전역동광장종점 - 대전역동광장종점,71,대한통운,0,0,0,0,4,4,2,0,7,2,0,2,7,0,3,0,0,0,0,0,0,0,0,0,
616,대전역동광장종점 - 대전역동광장종점,72,읍내동현대아파트,0,0,1,3,3,3,0,3,4,3,4,3,13,4,2,3,7,5,4,0,0,0,0,0,
616,대전역동광장종점 - 대전역동광장종점,73,대전지방국세청,0,0,0,4,4,1,1,1,3,0,0,7,5,0,4,5,8,3,2,0,0,0,0,0,
616,대전역동광장종점 - 대전역동광장종점,74,보람아파트,0,0,1,0,5,5,2,2,5,4,5,0,6,3,5,0,1,4,0,0,0,0,0,0,
616,대전역동광장종점 - 대전역동광장종점,75,그린아파트,0,0,2,5,6,5,7,6,1,5,6,8,9,4,0,3,7,4,5,0,0,0,0,0,
616,대전역동광장종점 - 대전역동광장종점,76,선비마을입구,0,0,0,6,5,4,0,5,5,5,0,8,4,5,5,0,6,4,0,0,0,0,0,0,
616,대전역동광장종점 - 대전역동광장종점,77,선비마을3단지,0,0,5,10,9,4,12,6,10,7,9,10,9,9,5,4,7,4,5,0,0,0,0,0,
616,대전역동광장종점 - 대전역동광장종점,78,선비마을4단지,0,0,2,13,12,7,19,14,12,10,15,10,13,8,8,3,4,3,3,0,0,0,0,0,
616,대전역동광장종점 - 대전역동광장종점,79,송촌고등학교,0,0,0,14,13,6,20,14,13,15,18,12,15,13,9,2,5,2,2,0,0,0,0,0,
616,대전역동광장종점 - 대전역동광장종점,80,서오아파트,0,0,0,15,12,9,0,17,15,17,0,0,8,0,9,1,5,0,0,0,0,0,0,0,
616,대전역동광장종점 - 대전역동광장종점,81,비래검문소,0,0,5,12,11,8,19,14,12,9,0,13,14,10,0,0,7,0,0,0,0,0,0,0,
616,대전역동광장종점 - 대전역동광장종점,82,한신휴플러스,0,0,6,12,12,10,16,0,15,7,21,12,11,13,0,3,0,8,0,0,0,0,0,0,
616,대전역동광장종점 - 대전역동광장종점,83,적십자혈액원,0,0,0,4,11,0,17,0,6,15,12,14,15,11,8,5,5,0,0,0,0,0,0,0,
616,대전역동광장종점 - 대전역동광장종점,84,동부네거리,0,0,0,13,5,6,14,14,10,7,15,12,15,9,5,4,4,4,1,0,0,0,0,0,
616,대전역동광장종점 - 대전역동광장종점,85,복합터미널,0,0,5,11,4,6,8,10,8,7,7,9,13,7,6,7,3,4,1,1,0,0,0,0,
616,대전역동광장종점 - 대전역동광장종점,86,효촌마을아파트,0,0,4,12,0,0,0,5,0,6,10,9,12,0,0,0,0,0,0,0,0,0,0,0,
616,대전역동광장종점 - 대전역동광장종점,87,스마트뷰아파트,0,0,0,0,0,7,4,6,9,5,4,10,3,6,5,7,3,3,2,0,0,0,0,0,
616,대전역동광장종점 - 대전역동광장종점,88,성남네거리,0,0,0,11,5,4,7,9,4,8,9,8,0,6,4,5,0,0,3,0,0,0,0,0,
616,대전역동광장종점 - 대전역동광장종점,89,대성여자고등학교,0,0,0,0,4,6,5,3,3,0,0,0,0,0,5,0,2,0,0,0,0,0,0,0,
616,대전역동광장종점 - 대전역동광장종점,90,중앙동주민센터,0,0,0,0,3,0,4,5,9,5,0,6,2,5,5,0,1,0,0,0,0,0,0,0,
616,대전역동광장종점 - 대전역동광장종점,91,신안동,0,0,0,10,1,3,3,3,0,6,0,5,0,3,4,4,0,0,0,0,0,0,0,0,
616,대전역동광장종점 - 대전역동광장종점,92,대동역3번출구,0,0,0,8,0,5,3,0,6,0,8,0,0,0,1,3,0,0,1,0,0,0,0,0,
616,대전역동광장종점 - 대전역동광장종점,93,대전화병원,0,0,0,0,0,0,0,2,0,0,8,2,1,2,0,2,0,2,0,0,0,0,0,0,
616,대전역동광장종점 - 대전역동광장종점,94,원동네거리,0,0,0,7,0,3,0,1,0,5,6,1,0,2,0,0,0,0,0,0,0,0,0,0,
616,대전역동광장종점 - 대전역동광장종점,95,대전역/역전시장,0,0,0,0,0,0,0,0,0,0,0,0,0,0,0,0,0,0,0,0,0,0,0,0,
616,대전역동광장종점 - 대전역동광장종점,96,대전역동광장,0,0,0,0,0,0,0,0,0,0,0,0,0,0,0,0,0,0,0,0,0,0,0,0,
616,대전역동광장종점 - 대전역동광장종점,97,대전역동광장종점,0,0,0,0,0,0,0,0,0,0,0,0,0,0,0,0,0,0,0,0,0,0,0,0,
617,비래동종점 - 비래동종점,1,비래동종점,0,1,1,0,0,1,1,0,0,1,1,0,0,0,0,0,1,0,0,0,0,0,0,0,
617,비래동종점 - 비래동종점,2,비래동,0,0,0,0,0,2,1,1,0,1,1,1,1,0,1,0,0,1,0,0,0,0,0,0,
617,비래동종점 - 비래동종점,3,송촌고등학교,0,0,1,4,1,4,4,1,1,2,5,1,3,2,0,3,1,2,1,0,0,0,0,0,
617,비래동종점 - 비래동종점,4,동춘당,0,0,0,1,2,4,2,3,4,5,6,5,8,3,2,6,2,1,0,0,0,0,0,0,
617,비래동종점 - 비래동종점,5,선비마을4단지후문,0,2,2,4,4,6,6,0,6,9,5,5,11,7,2,0,2,1,2,0,0,0,0,0,
617,비래동종점 - 비래동종점,6,선비마을2단지,0,3,0,5,5,9,11,0,7,11,6,2,10,8,4,7,0,0,0,0,0,0,0,0,
617,비래동종점 - 비래동종점,7,선비마을입구,0,0,0,4,7,4,14,1,8,15,6,0,5,10,0,5,5,0,2,0,0,0,0,0,
617,비래동종점 - 비래동종점,8,소월아파트,0,0,2,6,6,13,18,8,10,15,7,7,11,11,0,6,4,0,0,0,0,0,0,0,
617,비래동종점 - 비래동종점,9,한마음아파트,0,4,2,6,12,15,20,13,11,16,9,8,10,12,5,7,5,0,0,0,0,0,0,0,
617,비래동종점 - 비래동종점,10,영진아파트,0,3,0,3,11,8,10,22,12,18,0,7,9,12,1,4,2,0,1,0,0,0,0,0,
617,비래동종점 - 비래동종점,11,법동주공3단지,0,0,2,6,18,12,22,21,13,19,11,7,13,14,2,4,3,0,0,0,0,0,0,0,
617,비래동종점 - 비래동종점,12,안산도서관,0,0,3,6,19,15,21,25,15,18,12,9,9,14,4,0,1,0,1,0,0,0,0,0,
617,비래동종점 - 비래동종점,13,중리시장,0,5,4,7,20,18,23,29,15,15,16,14,9,13,8,4,6,4,1,0,0,0,0,0,
617,비래동종점 - 비래동종점,14,스포츠프라자삼거리,0,4,0,7,21,19,23,0,16,11,10,19,10,12,13,5,0,5,0,0,0,0,0,0,
617,비래동종점 - 비래동종점,15,영진로얄아파트,0,7,5,8,20,18,26,30,18,14,16,20,11,7,14,5,7,0,0,0,0,0,0,0,
617,비래동종점 - 비래동종점,16,신동아아파트,0,0,5,9,17,9,21,20,20,12,18,18,12,9,8,5,5,0,2,0,0,0,0,0,
617,비래동종점 - 비래동종점,17,오정농수산물시장,0,6,0,8,5,4,13,5,15,10,17,17,10,4,0,0,0,1,0,0,0,0,0,0,
617,비래동종점 - 비래동종점,18,수정타운아파트,0,4,4,7,17,10,18,16,17,13,17,16,10,11,9,5,6,7,2,0,0,0,0,0,
617,비래동종점 - 비래동종점,19,한밭초등학교,0,3,6,10,9,9,18,17,21,15,18,13,11,12,9,0,0,9,3,0,0,0,0,0,
617,비래동종점 - 비래동종점,20,크로바아파트,0,3,0,9,8,8,20,18,24,18,19,15,12,12,12,5,3,10,0,1,0,0,0,0,
617,비래동종점 - 비래동종점,21,시청역,0,2,5,8,5,8,14,13,16,16,14,16,16,16,16,14,13,17,8,0,0,0,0,0,
617,비래동종점 - 비래동종점,22,시청.교육청,0,0,4,7,0,7,15,14,14,11,12,14,17,0,17,13,13,9,6,2,0,0,0,0,
617,비래동종점 - 비래동종점,23,아이빌딩,0,0,4,6,4,5,13,13,12,10,11,10,18,10,16,11,14,8,5,0,0,0,0,0,
617,비래동종점 - 비래동종점,24,은하수네거리,0,0,2,4,6,4,8,9,7,11,13,13,17,18,18,12,15,16,8,3,0,0,0,0,
617,비래동종점 - 비래동종점,25,갈마삼거리,0,1,1,3,3,5,2,6,6,9,11,12,15,14,16,10,14,15,6,0,0,0,0,0,
617,비래동종점 - 비래동종점,26,한밭고.갈마중입구,0,0,0,1,1,3,1,2,6,8,13,9,12,12,11,8,12,12,7,2,0,0,0,0,
617,비래동종점 - 비래동종점,27,갈마도서관,0,0,2,2,2,3,2,2,6,4,10,9,9,10,9,7,10,10,3,0,0,0,0,0,
617,비래동종점 - 비래동종점,28,대전외국어고/롯데아파트,0,0,2,2,4,1,3,1,7,4,6,3,3,4,1,5,5,6,2,1,0,0,0,0,
617,비래동종점 - 비래동종점,29,서우아파트1단지,0,0,0,0,3,0,2,0,2,4,2,0,1,3,0,4,3,3,1,0,0,0,0,0,
617,비래동종점 - 비래동종점,30,서우아파트2단지,0,0,0,0,2,4,3,0,5,0,4,2,4,0,0,3,2,5,0,0,0,0,0,0,
617,비래동종점 - 비래동종점,31,봉산중학교,0,0,1,0,1,3,3,0,6,0,3,3,0,5,5,2,0,4,0,0,0,0,0,0,
617,비래동종점 - 비래동종점,32,내동초등학교,0,0,0,0,2,2,2,0,1,0,0,2,2,4,3,2,1,3,1,0,0,0,0,0,
617,비래동종점 - 비래동종점,33,변동오거리,0,0,0,0,1,1,1,0,0,3,0,1,2,0,0,1,1,2,0,0,0,0,0,0,
617,비래동종점 - 비래동종점,34,가장네거리,0,0,0,0,1,0,0,1,1,0,2,0,0,1,0,0,0,0,0,0,0,0,0,0,
617,비래동종점 - 비래동종점,35,가장교,0,0,0,0,0,0,0,0,0,0,1,0,0,0,0,0,0,0,0,0,0,0,0,0,
617,비래동종점 - 비래동종점,36,가장교오거리,0,0,0,0,0,0,0,0,0,0,0,0,0,0,0,0,0,0,0,0,0,0,0,0,
617,비래동종점 - 비래동종점,37,가장제일장로교회,0,0,0,1,1,0,1,0,0,0,0,0,0,0,0,0,0,0,0,0,0,0,0,0,
617,비래동종점 - 비래동종점,38,가장제일장로교회,0,0,0,1,1,0,1,0,0,0,0,0,0,0,0,0,0,0,0,0,0,0,0,0,
617,비래동종점 - 비래동종점,39,내동초등학교,0,0,1,1,4,2,1,0,2,1,3,6,0,0,4,0,1,1,0,0,0,0,0,0,
617,비래동종점 - 비래동종점,40,내동네거리,0,1,0,0,2,4,0,1,4,3,4,2,1,4,5,3,1,0,0,0,0,0,0,0,
617,비래동종점 - 비래동종점,41,서중학교입구,0,0,1,0,5,0,1,0,3,4,5,4,3,1,2,0,0,1,0,0,0,0,0,0,
617,비래동종점 - 비래동종점,42,코오롱아파트,0,0,2,0,7,3,0,4,7,5,7,2,4,0,4,1,2,4,0,0,0,0,0,0,
617,비래동종점 - 비래동종점,43,대전외국어고/롯데아파트,0,0,5,4,11,7,3,4,9,8,9,4,3,7,5,3,0,5,1,0,0,0,0,0,
617,비래동종점 - 비래동종점,44,갈마아파트2단지,0,3,3,5,12,11,5,10,13,10,8,7,6,8,0,4,0,4,2,0,0,0,0,0,
617,비래동종점 - 비래동종점,45,둔산소방서,0,3,3,7,11,13,1,10,14,7,12,6,9,10,5,5,2,5,0,0,0,0,0,0,
617,비래동종점 - 비래동종점,46,동산아파트입구,0,0,5,8,12,13,9,11,15,9,15,6,10,10,6,6,3,0,5,0,0,0,0,0,
617,비래동종점 - 비래동종점,47,갈마육교,0,2,3,8,9,13,11,10,17,7,16,8,11,11,7,8,5,4,1,0,0,0,0,0,
617,비래동종점 - 비래동종점,48,은하수네거리,0,4,7,4,12,10,10,9,15,9,13,13,14,19,11,9,9,6,4,0,0,0,0,0,
617,비래동종점 - 비래동종점,49,SK브로드밴드,0,0,0,3,12,12,8,5,14,8,14,18,15,20,12,11,13,7,8,0,0,0,0,0,
617,비래동종점 - 비래동종점,50,대전광역시청,0,3,5,1,9,11,7,5,15,8,15,14,16,21,11,12,12,9,9,0,0,0,0,0,
617,비래동종점 - 비래동종점,51,시청역,0,2,3,2,7,5,5,5,10,12,13,23,20,20,10,15,11,11,20,0,0,0,0,0,
617,비래동종점 - 비래동종점,52,목련아파트,0,0,1,0,5,5,3,6,11,12,11,15,21,19,10,15,6,0,12,0,0,0,0,0,
617,비래동종점 - 비래동종점,53,국화아파트,0,0,0,4,5,7,1,6,10,13,12,23,21,23,6,14,9,10,17,0,0,0,0,0,
617,비래동종점 - 비래동종점,54,가람아파트,0,3,4,3,6,6,4,8,12,13,14,24,23,22,13,13,10,12,14,0,0,0,0,0,
617,비래동종점 - 비래동종점,55,오정농수산물시장,0,4,2,2,6,7,5,9,12,17,20,29,28,20,15,14,13,13,13,0,0,0,0,0,
617,비래동종점 - 비래동종점,56,화정초등학교,0,0,2,4,6,0,7,10,5,19,26,9,26,26,17,14,12,12,13,0,0,0,0,0,
617,비래동종점 - 비래동종점,57,영진로얄아파트,0,0,1,7,7,8,8,9,0,17,22,13,25,21,15,6,12,10,10,0,0,0,0,0,
617,비래동종점 - 비래동종점,58,럭키스포츠프라자,0,0,0,6,0,7,4,3,0,15,22,7,23,18,14,0,11,6,8,0,0,0,0,0,
617,비래동종점 - 비래동종점,59,중리시장,0,3,1,5,5,6,7,8,18,17,16,14,18,19,17,15,11,9,7,0,0,0,0,0,
617,비래동종점 - 비래동종점,60,유원아파트,0,0,2,4,5,8,8,0,16,14,7,13,15,17,20,10,8,7,3,0,0,0,0,0,
617,비래동종점 - 비래동종점,61,삼정하이츠타운,0,4,0,1,4,9,9,2,19,13,12,11,16,16,17,10,6,6,0,0,0,0,0,0,
617,비래동종점 - 비래동종점,62,대전지방국세청,0,0,0,5,2,9,11,4,17,12,7,10,5,0,13,8,10,2,0,0,0,0,0,0,
617,비래동종점 - 비래동종점,63,보람아파트,0,0,5,4,1,8,10,2,14,7,8,9,15,17,16,7,4,5,6,0,0,0,0,0,
617,비래동종점 - 비래동종점,64,그린아파트,0,0,3,3,2,9,7,0,12,7,6,7,12,18,11,0,9,4,4,0,0,0,0,0,
617,비래동종점 - 비래동종점,65,선비마을입구,0,0,1,2,1,5,5,2,2,5,5,4,11,16,6,3,7,3,3,0,0,0,0,0,
617,비래동종점 - 비래동종점,66,선비마을3단지,0,0,4,0,2,0,5,3,1,4,4,2,8,7,5,5,3,0,3,0,0,0,0,0,
617,비래동종점 - 비래동종점,67,선비마을3단지후문,0,0,2,2,1,0,5,3,0,0,3,0,3,2,1,1,2,3,2,0,0,0,0,0,
617,비래동종점 - 비래동종점,68,동춘당,0,0,0,0,0,2,3,2,0,5,2,2,2,6,3,2,1,3,0,0,0,0,0,0,
617,비래동종점 - 비래동종점,69,송촌고등학교,0,0,1,1,0,1,2,1,0,3,0,0,1,2,0,1,0,1,0,0,0,0,0,0,
617,비래동종점 - 비래동종점,70,비래동,0,0,0,0,0,0,1,0,0,0,0,0,0,0,0,0,0,0,0,0,0,0,0,0,
617,비래동종점 - 비래동종점,71,비래동종점,0,0,0,0,0,0,0,0,0,0,0,0,0,0,0,0,0,0,0,0,0,0,0,0,
618,대전동신과학고 - 대전동신과학고,1,대전동신과학고,0,0,0,0,0,0,0,0,0,0,0,0,0,0,0,0,0,0,0,0,0,0,0,0,
618,대전동신과학고 - 대전동신과학고,2,삼정동,0,0,0,0,1,2,0,2,0,2,0,1,1,1,2,0,0,0,0,0,0,0,0,0,
618,대전동신과학고 - 대전동신과학고,3,판암차량기지,0,0,0,0,1,0,0,0,0,2,0,0,0,0,0,0,0,0,0,0,0,0,0,0,
618,대전동신과학고 - 대전동신과학고,4,판암IC,0,0,0,0,1,0,0,0,0,2,0,0,0,0,0,0,0,0,0,0,0,0,0,0,
618,대전동신과학고 - 대전동신과학고,5,판암네거리,0,0,1,1,0,0,1,3,1,1,1,0,2,0,3,0,0,0,0,0,0,0,0,0,
618,대전동신과학고 - 대전동신과학고,6,판암역,0,0,2,3,3,2,1,4,8,6,3,4,5,2,6,5,1,3,2,0,0,0,0,0,
618,대전동신과학고 - 대전동신과학고,7,동구청,0,0,0,0,0,3,2,5,8,5,2,2,4,0,0,5,1,0,1,0,0,0,0,0,
618,대전동신과학고 - 대전동신과학고,8,은어송마을6단지,0,0,0,0,0,2,2,6,7,0,7,3,1,0,0,6,0,1,0,0,0,0,0,0,
618,대전동신과학고 - 대전동신과학고,9,은어송마을3단지후문,0,0,0,4,1,0,0,3,0,0,8,0,0,0,0,0,0,0,0,0,0,0,0,0,
618,대전동신과학고 - 대전동신과학고,10,은어송마을3단지,0,1,3,0,4,5,2,4,9,7,0,0,7,0,3,5,0,0,0,0,0,0,0,0,
618,대전동신과학고 - 대전동신과학고,11,은어송마을5단지,0,0,0,4,4,6,3,4,6,9,7,5,6,4,2,6,2,4,0,0,0,0,0,0,
618,대전동신과학고 - 대전동신과학고,12,가오동네거리,0,2,2,0,5,7,6,5,7,5,10,16,3,6,4,6,4,4,4,0,0,0,0,0,
618,대전동신과학고 - 대전동신과학고,13,가오주공아파트,0,0,3,0,7,7,8,6,9,8,8,6,3,7,5,0,0,4,5,0,0,0,0,0,
618,대전동신과학고 - 대전동신과학고,14,가오동,0,0,2,0,8,8,9,0,0,0,7,18,0,0,4,5,0,0,0,0,0,0,0,0,
618,대전동신과학고 - 대전동신과학고,15,천동주공아파트,0,0,0,0,0,9,8,0,6,0,0,17,3,0,0,7,0,0,0,0,0,0,0,0,
618,대전동신과학고 - 대전동신과학고,16,천동,0,0,0,0,4,9,8,7,7,7,0,0,0,6,0,6,0,0,0,0,0,0,0,0,
618,대전동신과학고 - 대전동신과학고,17,천석교,0,0,0,0,7,0,10,0,6,0,11,15,0,0,2,0,0,0,4,0,0,0,0,0,
618,대전동신과학고 - 대전동신과학고,18,문창시장,0,0,3,3,7,6,8,7,9,13,13,15,3,7,6,5,3,5,1,0,0,0,0,0,
618,대전동신과학고 - 대전동신과학고,19,부사오거리,0,0,4,2,8,7,11,8,12,14,15,14,4,8,9,4,4,6,0,0,0,0,0,0,
618,대전동신과학고 - 대전동신과학고,20,청란여자고등학교,0,0,0,3,9,0,11,9,0,6,12,13,0,9,8,5,0,5,0,0,0,0,0,0,
618,대전동신과학고 - 대전동신과학고,21,남대전고등학교,0,0,4,2,0,8,10,13,0,13,11,6,10,11,4,0,0,2,0,0,0,0,0,0,
618,대전동신과학고 - 대전동신과학고,22,보문오거리,0,0,2,3,11,9,7,11,19,9,16,14,15,15,10,5,3,4,0,0,0,0,0,0,
618,대전동신과학고 - 대전동신과학고,23,테미고개,0,0,0,0,8,5,0,0,0,0,0,7,4,16,7,0,0,3,0,0,0,0,0,0,
618,대전동신과학고 - 대전동신과학고,24,충남대학병원동문,0,0,2,4,12,5,8,12,22,0,13,13,0,17,8,5,3,1,0,0,0,0,0,0,
618,대전동신과학고 - 대전동신과학고,25,대자연아파트,0,0,0,0,14,6,8,8,23,10,12,12,0,16,6,0,6,4,0,0,0,0,0,0,
618,대전동신과학고 - 대전동신과학고,26,홀트아동복지회관,0,0,0,6,0,0,7,12,21,9,13,0,5,6,7,0,0,5,0,0,0,0,0,0,
618,대전동신과학고 - 대전동신과학고,27,한밭도서관후문,0,0,1,0,8,0,0,0,4,18,14,13,6,20,7,5,0,0,0,0,0,0,0,0,
618,대전동신과학고 - 대전동신과학고,28,한밭도서관,0,0,1,2,15,7,6,11,5,15,13,13,8,17,6,2,6,4,2,0,0,0,0,0,
618,대전동신과학고 - 대전동신과학고,29,대전국제통상고,0,0,0,3,18,0,0,9,8,15,14,16,9,17,7,0,0,0,0,0,0,0,0,0,
618,대전동신과학고 - 대전동신과학고,30,센트럴파크1단지,0,0,0,8,12,9,0,15,12,16,15,18,10,19,11,0,5,3,0,0,0,0,0,0,
618,대전동신과학고 - 대전동신과학고,31,서대전역네거리,0,0,0,9,19,10,14,21,31,20,16,17,10,19,12,10,5,6,4,0,0,0,0,0,
618,대전동신과학고 - 대전동신과학고,32,서대전네거리역5번출구,0,0,0,9,27,11,14,25,35,21,21,19,10,17,13,11,6,6,3,0,0,0,0,0,
618,대전동신과학고 - 대전동신과학고,33,중도일보,0,0,1,8,30,12,12,26,16,21,11,16,9,15,9,0,0,0,0,0,0,0,0,0,
618,대전동신과학고 - 대전동신과학고,34,오룡역5번출구,0,0,3,4,33,17,10,0,17,23,23,19,12,0,13,10,7,7,0,0,0,0,0,0,
618,대전동신과학고 - 대전동신과학고,35,용문역8번출구,0,0,0,5,11,15,13,21,35,20,25,16,12,13,13,9,6,4,2,0,0,0,0,0,
618,대전동신과학고 - 대전동신과학고,36,용문역5번출구,0,0,4,6,8,14,14,18,33,18,19,14,13,12,11,8,7,4,1,0,0,0,0,0,
618,대전동신과학고 - 대전동신과학고,37,서부농협본점,0,0,5,8,7,10,0,15,35,18,24,12,12,14,10,7,0,3,0,0,0,0,0,0,
618,대전동신과학고 - 대전동신과학고,38,개나리아파트,0,0,4,4,6,13,15,19,34,17,23,12,6,13,7,4,0,2,0,0,0,0,0,0,
618,대전동신과학고 - 대전동신과학고,39,국민연금서대전지사,0,0,0,0,7,12,16,0,32,17,22,13,0,6,9,4,5,3,0,0,0,0,0,0,
618,대전동신과학고 - 대전동신과학고,40,둔산초등학교,0,0,0,7,4,0,15,20,28,16,19,14,11,8,8,2,1,4,0,0,0,0,0,0,
618,대전동신과학고 - 대전동신과학고,41,을지대학병원,0,0,3,8,5,0,14,13,26,12,23,13,0,0,0,1,0,0,0,0,0,0,0,0,
618,대전동신과학고 - 대전동신과학고,42,정부청사역,0,0,5,10,6,16,22,28,29,24,26,20,16,9,13,5,3,6,2,0,0,0,0,0,
618,대전동신과학고 - 대전동신과학고,43,둔산경찰서,0,0,0,9,7,17,18,30,32,28,31,15,18,9,18,0,6,6,0,1,0,0,0,0,
618,대전동신과학고 - 대전동신과학고,44,정부대전청사서문,0,0,0,8,0,18,23,30,32,27,24,14,14,6,17,0,4,4,1,0,0,0,0,0,
618,대전동신과학고 - 대전동신과학고,45,대전예술의전당,0,0,3,4,6,12,21,31,24,20,19,9,9,7,12,2,1,3,0,0,0,0,0,0,
618,대전동신과학고 - 대전동신과학고,46,천연기념물센터,0,0,0,4,4,0,19,30,0,18,17,0,0,0,0,0,0,5,0,0,0,0,0,0,
618,대전동신과학고 - 대전동신과학고,47,스마트시티5단지,0,0,0,1,1,7,5,10,7,6,8,4,2,3,5,1,0,1,0,0,0,0,0,0,
618,대전동신과학고 - 대전동신과학고,48,스마트시티2단지,0,0,0,0,0,0,1,0,3,1,2,2,0,0,3,0,0,0,0,0,0,0,0,0,
618,대전동신과학고 - 대전동신과학고,49,DCC종점,0,0,1,0,0,1,0,1,2,3,5,6,9,19,11,8,5,8,1,0,0,0,0,0,
618,대전동신과학고 - 대전동신과학고,50,연구개발특구진흥재단,0,3,1,1,2,6,5,3,6,8,16,13,15,23,26,21,8,14,10,0,0,0,0,0,
618,대전동신과학고 - 대전동신과학고,51,천연기념물센터,0,0,3,0,1,0,0,3,7,6,0,16,13,29,27,0,0,0,0,0,0,0,0,0,
618,대전동신과학고 - 대전동신과학고,52,한밭수목원,0,0,0,0,0,7,0,9,8,13,18,30,20,32,29,23,7,15,11,0,0,0,0,0,
618,대전동신과학고 - 대전동신과학고,53,대전예술의전당,0,0,0,0,2,0,1,11,10,16,19,32,25,35,32,25,8,6,0,0,0,0,0,0,
618,대전동신과학고 - 대전동신과학고,54,선사유적지,0,0,2,4,3,9,6,14,11,16,18,29,27,34,25,30,25,17,7,0,0,0,0,0,
618,대전동신과학고 - 대전동신과학고,55,정부청사역,0,0,0,4,1,4,3,10,7,10,11,19,17,24,21,26,17,11,4,0,0,0,0,0,
618,대전동신과학고 - 대전동신과학고,56,을지대학병원,0,0,0,3,0,5,8,2,8,10,0,18,13,21,20,27,0,0,5,0,0,0,0,0,
618,대전동신과학고 - 대전동신과학고,57,둔산초등학교,0,0,1,5,0,5,5,11,8,12,12,16,18,22,16,28,8,12,5,0,0,0,0,0,
618,대전동신과학고 - 대전동신과학고,58,녹원아파트,0,0,0,4,4,7,0,13,9,10,0,17,16,21,11,29,16,9,0,0,0,0,0,0,
618,대전동신과학고 - 대전동신과학고,59,유승기업사,0,0,0,0,6,8,0,14,10,7,9,0,12,15,0,28,4,11,0,0,0,0,0,0,
618,대전동신과학고 - 대전동신과학고,60,탄방네거리,0,0,2,4,0,7,7,5,11,11,0,16,17,16,13,25,0,6,6,0,0,0,0,0,
618,대전동신과학고 - 대전동신과학고,61,롯데백화점,0,0,0,0,6,10,8,12,15,8,11,13,18,14,12,20,16,11,8,0,0,0,0,0,
618,대전동신과학고 - 대전동신과학고,62,용문역1번출구,0,0,1,4,5,11,10,26,16,10,16,19,22,19,16,20,13,13,7,0,0,0,0,0,
618,대전동신과학고 - 대전동신과학고,63,오룡역4번출구,0,0,0,5,4,11,3,25,13,9,15,14,21,0,18,0,13,0,7,0,0,0,0,0,
618,대전동신과학고 - 대전동신과학고,64,오룡역1번출구,0,0,0,0,5,8,11,28,13,10,0,0,20,0,19,20,11,8,0,0,0,0,0,0,
618,대전동신과학고 - 대전동신과학고,65,중도일보,0,0,0,0,0,9,12,27,14,9,0,17,19,13,18,17,12,14,6,0,0,0,0,0,
618,대전동신과학고 - 대전동신과학고,66,서대전네거리역4번출구,0,0,0,0,5,5,0,24,12,11,12,16,17,9,16,14,12,13,8,0,0,0,0,0,
618,대전동신과학고 - 대전동신과학고,67,서대전네거리역3번출구,0,0,0,3,10,8,9,18,11,9,10,17,17,13,18,9,7,8,11,0,0,0,0,0,
618,대전동신과학고 - 대전동신과학고,68,문화동삼익아파트,0,0,0,0,3,11,8,16,12,8,8,16,10,7,19,8,3,8,10,0,0,0,0,0,
618,대전동신과학고 - 대전동신과학고,69,센트럴파크1단지,0,0,0,3,4,12,8,14,13,7,4,13,7,7,16,6,0,6,9,0,0,0,0,0,
618,대전동신과학고 - 대전동신과학고,70,대전국제통상고,0,0,0,0,0,10,9,10,11,8,5,11,0,0,14,0,4,5,7,0,0,0,0,0,
618,대전동신과학고 - 대전동신과학고,71,한국산업인력공단,0,0,0,5,4,13,10,9,12,11,4,14,8,7,15,5,3,4,5,0,0,0,0,0,
618,대전동신과학고 - 대전동신과학고,72,한밭도서관후문,0,0,1,3,3,15,9,10,13,0,0,0,7,8,12,0,0,0,5,0,0,0,0,0,
618,대전동신과학고 - 대전동신과학고,73,홀트아동복지회관,0,0,0,0,0,0,8,0,12,0,3,8,0,5,11,4,2,2,0,0,0,0,0,0,
618,대전동신과학고 - 대전동신과학고,74,대자연아파트,0,0,0,2,3,14,9,8,11,8,5,13,4,4,10,4,0,0,3,0,0,0,0,0,
618,대전동신과학고 - 대전동신과학고,75,테미삼거리,0,0,0,0,3,16,11,7,0,5,4,15,6,13,11,5,0,1,0,0,0,0,0,0,
618,대전동신과학고 - 대전동신과학고,76,테미고개,0,0,0,0,0,0,10,0,0,6,0,0,0,10,3,0,0,0,0,0,0,0,0,0,
618,대전동신과학고 - 대전동신과학고,77,보문오거리,0,0,0,3,3,15,7,8,9,14,6,13,8,9,12,0,0,0,2,0,0,0,0,0,
618,대전동신과학고 - 대전동신과학고,78,남대전고등학교,0,0,0,0,0,13,7,9,8,16,6,0,9,7,11,0,3,3,0,0,0,0,0,0,
618,대전동신과학고 - 대전동신과학고,79,청란여자고등학교,0,0,0,2,0,12,0,7,10,15,0,17,11,10,8,2,2,2,0,0,0,0,0,0,
618,대전동신과학고 - 대전동신과학고,80,부사오거리,0,0,0,4,3,13,6,4,12,15,8,16,10,15,7,4,5,2,2,0,0,0,0,0,
618,대전동신과학고 - 대전동신과학고,81,문창시장,0,0,0,0,0,14,7,6,12,16,9,17,13,17,8,0,0,3,4,0,0,0,0,0,
618,대전동신과학고 - 대전동신과학고,82,천석교,0,0,0,0,4,0,9,1,0,17,6,0,0,15,0,0,0,0,0,0,0,0,0,0,
618,대전동신과학고 - 대전동신과학고,83,천동,0,0,0,2,0,13,0,2,0,18,5,18,8,0,5,0,3,0,0,0,0,0,0,0,
618,대전동신과학고 - 대전동신과학고,84,천동주공아파트,0,0,0,0,1,0,0,0,11,17,3,0,0,0,0,0,0,0,0,0,0,0,0,0,
618,대전동신과학고 - 대전동신과학고,85,가오동,0,0,0,3,5,0,8,3,11,13,0,17,10,0,2,3,0,0,0,0,0,0,0,0,
618,대전동신과학고 - 대전동신과학고,86,가오주공아파트,0,0,0,2,4,14,0,0,12,16,6,0,4,13,4,1,4,0,2,0,0,0,0,0,
618,대전동신과학고 - 대전동신과학고,87,가오동네거리,0,0,1,2,3,14,4,4,8,11,2,6,8,8,2,2,3,4,2,0,0,0,0,0,
618,대전동신과학고 - 대전동신과학고,88,은어송마을5단지,0,0,0,2,2,8,3,4,6,7,0,5,6,6,2,3,0,5,0,0,0,0,0,0,
618,대전동신과학고 - 대전동신과학고,89,은어송마을4단지,0,0,1,0,0,7,5,4,5,3,3,6,7,6,3,2,2,4,0,0,0,0,0,0,
618,대전동신과학고 - 대전동신과학고,90,은어송마을3단지후문,0,0,0,0,3,0,4,0,2,2,0,4,6,6,0,3,1,0,3,0,0,0,0,0,
618,대전동신과학고 - 대전동신과학고,91,은어송마을6단지,0,0,0,2,5,6,0,0,0,4,5,0,0,3,2,0,0,3,0,0,0,0,0,0,
618,대전동신과학고 - 대전동신과학고,92,동구청,0,0,0,0,7,0,5,7,1,7,6,5,7,4,4,0,1,5,0,2,0,0,0,0,
618,대전동신과학고 - 대전동신과학고,93,판암역,0,0,0,0,2,2,2,1,2,1,0,0,1,2,1,1,3,1,0,0,0,0,0,0,
618,대전동신과학고 - 대전동신과학고,94,판암네거리,0,0,0,0,0,0,1,0,0,0,0,0,0,0,0,0,2,0,0,0,0,0,0,0,
618,대전동신과학고 - 대전동신과학고,95,판암차량기지,0,0,0,0,0,0,1,0,0,0,0,0,0,0,0,0,2,0,0,0,0,0,0,0,
618,대전동신과학고 - 대전동신과학고,96,삼정동,0,0,0,0,0,0,0,0,0,0,0,0,0,0,0,0,1,0,0,0,0,0,0,0,
618,대전동신과학고 - 대전동신과학고,97,대전동신과학고,0,0,0,0,0,0,0,0,0,0,0,0,0,0,0,0,0,0,0,0,0,0,0,0,
619,대전동신과학고 - 대전동신과학고,1,대전동신과학고,0,0,0,0,0,0,0,0,0,0,0,0,0,0,0,0,0,0,0,0,0,0,0,0,
619,대전동신과학고 - 대전동신과학고,2,삼정동,0,0,1,0,0,0,2,1,1,1,1,0,1,0,0,0,0,0,0,0,0,0,0,0,
619,대전동신과학고 - 대전동신과학고,3,판암차량기지,0,0,1,0,0,0,2,1,1,1,1,0,1,0,0,0,0,0,0,0,0,0,0,0,
619,대전동신과학고 - 대전동신과학고,4,판암IC,0,0,1,0,0,0,2,1,1,1,1,0,1,0,0,0,0,0,0,0,0,0,0,0,
619,대전동신과학고 - 대전동신과학고,5,판암네거리,0,0,0,0,1,1,0,2,2,3,0,3,0,0,1,0,2,0,0,0,0,0,0,0,
619,대전동신과학고 - 대전동신과학고,6,판암역,0,0,1,1,3,0,7,4,7,9,8,11,3,0,2,4,9,5,1,0,0,0,0,0,
619,대전동신과학고 - 대전동신과학고,7,판암역네거리,0,0,0,0,0,0,8,0,8,8,4,13,0,2,4,0,8,6,2,0,0,0,0,0,
619,대전동신과학고 - 대전동신과학고,8,판암주공4단지,0,1,4,1,9,2,5,10,9,7,6,4,5,1,3,4,0,4,0,0,0,0,0,0,
619,대전동신과학고 - 대전동신과학고,9,판암테크노타운,0,0,5,3,9,2,1,11,9,7,4,3,6,1,2,2,5,4,0,0,0,0,0,0,
619,대전동신과학고 - 대전동신과학고,10,용운도서관,0,2,2,4,0,3,2,11,0,0,4,2,0,0,0,3,4,1,1,0,0,0,0,0,
619,대전동신과학고 - 대전동신과학고,11,용운동주민센터,0,5,11,5,14,7,8,9,6,3,5,5,8,3,3,4,5,2,0,0,0,0,0,0,
619,대전동신과학고 - 대전동신과학고,12,대전대학교입구,0,7,0,3,15,8,7,10,7,4,0,3,7,4,0,0,2,3,1,0,0,0,0,0,
619,대전동신과학고 - 대전동신과학고,13,용운주공2단지,0,10,6,0,16,10,11,14,5,5,3,5,7,3,2,2,3,0,0,0,0,0,0,0,
619,대전동신과학고 - 대전동신과학고,14,용방마을아파트,0,11,0,0,15,0,0,13,0,0,0,4,0,3,0,3,4,1,0,0,0,0,0,0,
619,대전동신과학고 - 대전동신과학고,15,대동초등학교,0,0,12,4,16,9,12,0,10,0,4,5,7,4,3,0,3,4,0,0,0,0,0,0,
619,대전동신과학고 - 대전동신과학고,16,충남중학교,0,0,12,7,14,10,13,11,0,4,3,6,8,3,3,0,4,0,0,0,0,0,0,0,
619,대전동신과학고 - 대전동신과학고,17,신흥동시외버스정류소,0,0,12,0,11,0,14,12,5,0,0,0,9,0,4,0,0,0,0,0,0,0,0,0,
619,대전동신과학고 - 대전동신과학고,18,어진마을아파트,0,0,11,3,16,9,8,13,11,5,4,8,0,2,3,0,5,3,0,0,0,0,0,0,
619,대전동신과학고 - 대전동신과학고,19,효동현대아파트,0,0,13,8,19,10,15,14,4,6,4,10,0,5,6,1,4,0,0,0,0,0,0,0,
619,대전동신과학고 - 대전동신과학고,20,효동행정복지센터,0,0,12,0,18,17,17,12,0,7,0,0,0,0,5,0,5,0,2,0,0,0,0,0,
619,대전동신과학고 - 대전동신과학고,21,문창시장,0,9,12,8,13,17,17,11,10,7,7,10,7,5,6,5,5,3,0,0,0,0,0,0,
619,대전동신과학고 - 대전동신과학고,22,부사오거리,0,8,8,8,15,16,16,11,8,8,9,9,9,7,7,4,7,0,1,0,0,0,0,0,
619,대전동신과학고 - 대전동신과학고,23,청란여자고등학교,0,0,0,9,13,14,15,10,5,9,9,11,10,10,7,0,0,2,3,0,0,0,0,0,
619,대전동신과학고 - 대전동신과학고,24,남대전고등학교,0,0,6,9,14,13,0,9,3,0,9,10,12,13,0,5,0,7,0,0,0,0,0,0,
619,대전동신과학고 - 대전동신과학고,25,보문오거리,0,0,7,8,15,12,14,9,10,10,9,9,13,16,8,0,6,8,3,0,0,0,0,0,
619,대전동신과학고 - 대전동신과학고,26,테미고개,0,0,0,0,13,13,11,0,0,0,10,12,0,0,7,0,0,7,0,0,0,0,0,0,
619,대전동신과학고 - 대전동신과학고,27,테미삼거리,0,0,6,5,5,14,13,7,12,7,9,14,12,0,4,5,7,5,5,0,0,0,0,0,
619,대전동신과학고 - 대전동신과학고,28,충남대학교병원,0,0,5,0,14,11,11,7,14,7,9,14,12,15,3,6,8,1,0,1,0,0,0,0,
619,대전동신과학고 - 대전동신과학고,29,센트럴파크2단지,0,0,0,0,12,0,12,0,15,8,10,16,0,16,0,7,0,6,0,0,0,0,0,0,
619,대전동신과학고 - 대전동신과학고,30,동산중고등학교,0,0,4,3,12,10,10,7,12,4,9,11,10,17,4,6,9,3,5,0,0,0,0,0,
619,대전동신과학고 - 대전동신과학고,31,문화초등학교,0,0,5,4,12,10,9,8,7,7,6,13,10,12,4,5,10,7,1,0,0,0,0,0,
619,대전동신과학고 - 대전동신과학고,32,산성우성아파트,0,0,4,3,0,3,8,8,11,9,10,8,11,10,4,5,3,6,2,2,0,0,0,0,
619,대전동신과학고 - 대전동신과학고,33,문성초등학교입구,0,0,0,2,11,1,11,9,8,0,9,14,0,9,0,5,2,0,0,0,0,0,0,0,
619,대전동신과학고 - 대전동신과학고,34,머티네거리,0,0,1,0,11,0,9,10,10,6,8,15,12,8,5,4,11,0,0,0,0,0,0,0,
619,대전동신과학고 - 대전동신과학고,35,도마e편한세상아파트,0,0,5,2,10,6,9,0,8,0,0,13,8,9,5,4,10,5,4,0,0,0,0,0,
619,대전동신과학고 - 대전동신과학고,36,도마1동행정복지센터,0,0,3,3,6,6,8,6,11,6,8,9,5,7,4,1,7,0,3,0,0,0,0,0,
619,대전동신과학고 - 대전동신과학고,37,구농도원네거리,0,0,2,0,0,5,7,3,5,9,4,9,4,2,0,2,5,4,0,0,0,0,0,0,
619,대전동신과학고 - 대전동신과학고,38,구농도원,0,0,3,0,4,4,5,5,5,7,6,3,2,0,5,0,0,3,2,0,0,0,0,0,
619,대전동신과학고 - 대전동신과학고,39,향우네거리,0,0,2,0,0,7,2,0,4,7,0,7,1,4,0,1,0,3,0,0,0,0,0,0,
619,대전동신과학고 - 대전동신과학고,40,변동네거리,0,0,0,0,0,6,4,4,0,6,3,5,0,3,3,0,2,2,0,0,0,0,0,0,
619,대전동신과학고 - 대전동신과학고,41,내동초등학교,0,0,0,0,2,5,2,1,3,5,4,2,3,5,2,0,0,3,2,0,0,0,0,0,
619,대전동신과학고 - 대전동신과학고,42,변전소네거리,0,0,0,0,0,2,1,0,0,9,1,1,1,0,2,0,0,2,1,0,0,0,0,0,
619,대전동신과학고 - 대전동신과학고,43,서대전여고,0,0,0,0,2,2,1,0,0,4,1,2,0,0,0,0,1,0,0,0,0,0,0,0,
619,대전동신과학고 - 대전동신과학고,44,서대전여고,0,0,0,0,0,0,0,0,2,0,0,0,0,1,0,0,0,0,0,0,0,0,0,0,
619,대전동신과학고 - 대전동신과학고,45,목운주택입구,0,1,0,1,3,0,0,2,1,5,0,3,0,0,1,0,0,0,0,0,0,0,0,0,
619,대전동신과학고 - 대전동신과학고,46,내동중학교,0,2,0,0,0,0,0,0,0,0,0,0,0,0,0,0,0,0,1,0,0,0,0,0,
619,대전동신과학고 - 대전동신과학고,47,서우아파트2단지,0,6,1,0,2,3,2,4,4,10,4,2,1,2,0,0,2,1,0,0,0,0,0,0,
619,대전동신과학고 - 대전동신과학고,48,봉산중학교,0,7,0,1,0,2,4,6,0,0,1,4,1,3,0,0,0,2,0,0,0,0,0,0,
619,대전동신과학고 - 대전동신과학고,49,내동초등학교,0,9,3,0,3,0,6,7,5,11,0,0,2,0,0,0,0,1,1,0,0,0,0,0,
619,대전동신과학고 - 대전동신과학고,50,변동오거리,0,9,4,0,0,2,7,0,0,12,2,4,3,0,0,2,0,1,2,0,0,0,0,0,
619,대전동신과학고 - 대전동신과학고,51,변동네거리,0,0,5,2,0,4,5,0,4,11,3,4,0,3,0,1,0,3,0,0,0,0,0,0,
619,대전동신과학고 - 대전동신과학고,52,향우네거리,0,0,2,0,4,5,10,0,5,7,5,6,4,4,2,1,0,4,3,0,0,0,0,0,
619,대전동신과학고 - 대전동신과학고,53,구농도원,0,10,0,0,8,6,7,10,6,13,0,5,4,0,3,3,0,0,4,0,0,0,0,0,
619,대전동신과학고 - 대전동신과학고,54,구농도원네거리,0,0,6,0,7,6,8,11,5,14,4,7,6,7,0,2,0,2,0,0,0,0,0,0,
619,대전동신과학고 - 대전동신과학고,55,도마1동행정복지센터,0,11,0,2,8,3,9,12,9,12,5,10,7,9,1,0,2,5,3,0,0,0,0,0,
619,대전동신과학고 - 대전동신과학고,56,도마네거리,0,11,7,4,8,5,11,6,13,13,7,14,9,13,4,5,4,6,0,0,0,0,0,0,
619,대전동신과학고 - 대전동신과학고,57,효성타운아파트,0,13,0,3,9,6,10,13,13,13,7,13,7,12,0,1,2,5,0,0,0,0,0,0,
619,대전동신과학고 - 대전동신과학고,58,문성초등학교입구,0,11,0,0,6,6,0,12,14,14,6,11,9,12,7,4,0,6,0,0,0,0,0,0,
619,대전동신과학고 - 대전동신과학고,59,산성우성아파트,0,0,0,4,10,5,9,0,11,14,7,7,10,6,8,2,0,6,4,0,0,0,0,0,
619,대전동신과학고 - 대전동신과학고,60,문화초등학교,0,0,9,0,5,0,0,11,9,11,6,1,8,0,0,0,0,7,0,0,0,0,0,0,
619,대전동신과학고 - 대전동신과학고,61,문화육교,0,0,9,3,9,0,9,10,8,9,7,8,9,0,10,0,1,0,3,0,0,0,0,0,
619,대전동신과학고 - 대전동신과학고,62,동산중고등학교,0,0,0,5,11,7,12,12,9,10,9,7,8,13,5,9,1,7,4,0,0,0,0,0,
619,대전동신과학고 - 대전동신과학고,63,센트럴파크2단지,0,0,6,0,10,9,9,13,12,8,0,7,8,12,0,8,4,0,3,0,0,0,0,0,
619,대전동신과학고 - 대전동신과학고,64,충남대학교병원,0,0,9,5,12,11,10,13,14,8,6,10,7,12,8,8,2,8,0,0,0,0,0,0,
619,대전동신과학고 - 대전동신과학고,65,테미삼거리,0,0,0,6,10,7,12,12,17,12,10,12,0,11,9,0,6,7,1,0,0,0,0,0,
619,대전동신과학고 - 대전동신과학고,66,테미고개,0,0,0,0,0,10,0,12,16,0,10,0,0,0,0,0,0,2,0,0,0,0,0,0,
619,대전동신과학고 - 대전동신과학고,67,보문오거리,0,0,6,3,8,11,12,10,18,9,12,8,8,12,7,0,0,7,0,0,0,0,0,0,
619,대전동신과학고 - 대전동신과학고,68,남대전고등학교,0,0,0,7,3,8,12,9,0,10,11,6,7,9,0,0,0,5,0,0,0,0,0,0,
619,대전동신과학고 - 대전동신과학고,69,청란여자고등학교,0,0,7,7,7,7,0,7,16,8,9,11,7,11,2,0,5,4,2,0,0,0,0,0,
619,대전동신과학고 - 대전동신과학고,70,부사오거리,0,0,5,5,5,6,8,6,14,9,13,11,8,12,5,11,7,4,1,0,0,0,0,0,
619,대전동신과학고 - 대전동신과학고,71,문창시장,0,0,0,3,6,3,10,7,13,14,11,12,9,0,6,10,6,0,0,0,0,0,0,0,
619,대전동신과학고 - 대전동신과학고,72,효동행정복지센터,0,0,1,0,0,4,4,4,15,13,12,11,10,12,0,3,0,1,0,0,0,0,0,0,
619,대전동신과학고 - 대전동신과학고,73,효동현대아파트,0,0,4,0,7,0,8,8,17,12,11,11,10,10,0,3,6,0,0,0,0,0,0,0,
619,대전동신과학고 - 대전동신과학고,74,신흥마을아파트정문,0,0,6,3,6,0,6,3,16,11,10,7,10,9,5,9,0,5,0,0,0,0,0,0,
619,대전동신과학고 - 대전동신과학고,75,신흥동시외버스정류소,0,0,5,0,0,0,7,0,5,9,0,6,9,9,0,11,5,1,0,0,0,0,0,0,
619,대전동신과학고 - 대전동신과학고,76,충남중학교,0,0,0,0,5,7,5,2,4,10,9,5,0,8,4,0,5,4,0,0,0,0,0,0,
619,대전동신과학고 - 대전동신과학고,77,대동초등학교,0,0,0,0,6,0,6,0,14,9,8,4,9,6,3,10,0,2,0,0,0,0,0,0,
619,대전동신과학고 - 대전동신과학고,78,용방마을아파트,0,0,5,2,5,0,7,5,12,9,8,0,10,7,5,9,0,0,0,0,0,0,0,0,
619,대전동신과학고 - 대전동신과학고,79,용운종합사회복지관,0,0,0,0,7,6,5,6,11,10,9,0,12,6,0,0,6,3,0,0,0,0,0,0,
619,대전동신과학고 - 대전동신과학고,80,대전대학교입구,0,0,5,0,8,6,5,4,9,7,0,4,13,5,5,6,5,1,0,0,0,0,0,0,
619,대전동신과학고 - 대전동신과학고,81,용운초등학교,0,0,5,3,7,10,5,5,0,8,11,6,10,3,5,4,4,0,2,0,0,0,0,0,
619,대전동신과학고 - 대전동신과학고,82,용운도서관,0,0,0,0,6,9,6,0,6,7,10,0,0,0,4,3,0,0,0,0,0,0,0,0,
619,대전동신과학고 - 대전동신과학고,83,모리아파트,0,0,0,0,5,8,5,4,5,0,9,0,8,0,0,0,0,0,0,0,0,0,0,0,
619,대전동신과학고 - 대전동신과학고,84,판암주공5단지,0,0,2,4,8,9,7,4,2,7,7,3,7,4,3,1,1,2,0,0,0,0,0,0,
619,대전동신과학고 - 대전동신과학고,85,판암2동주민센터,0,0,0,0,0,8,0,2,0,2,6,0,5,2,1,0,0,0,0,0,0,0,0,0,
619,대전동신과학고 - 대전동신과학고,86,판암역,0,0,0,0,1,4,3,2,1,3,0,2,1,0,3,1,1,0,0,0,0,0,0,0,
619,대전동신과학고 - 대전동신과학고,87,판암네거리,0,0,0,0,0,0,0,0,0,0,0,1,0,0,1,0,0,0,0,0,0,0,0,0,
619,대전동신과학고 - 대전동신과학고,88,판암차량기지,0,0,0,0,0,0,0,0,0,0,0,1,0,0,1,0,0,0,0,0,0,0,0,0,
619,대전동신과학고 - 대전동신과학고,89,삼정동,0,0,0,0,0,0,0,0,0,0,0,0,0,0,0,0,0,0,0,0,0,0,0,0,
619,대전동신과학고 - 대전동신과학고,90,대전동신과학고,0,0,0,0,0,0,0,0,0,0,0,0,0,0,0,0,0,0,0,0,0,0,0,0,
62,대전역동광장종점 - 대전역동광장종점,1,대전역동광장종점,0,0,0,0,0,0,0,0,0,0,0,0,0,0,0,0,0,0,0,0,0,0,0,0,
62,대전역동광장종점 - 대전역동광장종점,2,대전역동광장종점,0,0,0,0,0,0,0,0,0,0,0,0,0,0,0,0,0,0,0,0,0,0,0,0,
62,대전역동광장종점 - 대전역동광장종점,3,대전역/중앙시장,0,0,2,0,4,0,5,0,0,3,0,0,1,0,1,0,0,1,0,0,0,0,0,0,
62,대전역동광장종점 - 대전역동광장종점,4,중앙시장,0,0,0,0,0,0,6,0,0,0,0,0,0,0,0,0,0,0,0,0,0,0,0,0,
62,대전역동광장종점 - 대전역동광장종점,5,원동네거리,0,0,0,0,0,0,0,0,0,0,0,0,0,0,3,0,0,0,0,0,0,0,0,0,
62,대전역동광장종점 - 대전역동광장종점,6,인동네거리,0,0,0,0,6,0,0,0,0,6,0,0,2,0,0,0,0,0,0,0,0,0,0,0,
62,대전역동광장종점 - 대전역동광장종점,7,동부경찰서,0,0,0,0,6,0,0,0,0,6,0,0,2,0,0,0,0,0,0,0,0,0,0,0,
62,대전역동광장종점 - 대전역동광장종점,8,신흥마을아파트후문,0,0,0,0,5,0,0,7,0,8,0,0,0,0,2,0,0,0,0,0,0,0,0,0,
62,대전역동광장종점 - 대전역동광장종점,9,신흥역,0,0,0,0,0,0,0,0,0,5,0,0,0,0,0,0,0,0,0,0,0,0,0,0,
62,대전역동광장종점 - 대전역동광장종점,10,판암근린공원,0,0,0,0,0,0,0,0,0,5,0,0,0,0,0,0,0,0,0,0,0,0,0,0,
62,대전역동광장종점 - 대전역동광장종점,11,미리내아파트,0,0,0,0,6,0,0,0,0,0,0,0,0,0,1,0,0,0,0,0,0,0,0,0,
62,대전역동광장종점 - 대전역동광장종점,12,판암역,0,0,0,0,7,0,0,8,0,0,0,0,1,0,0,0,0,5,0,0,0,0,0,0,
62,대전역동광장종점 - 대전역동광장종점,13,판암네거리,0,0,0,0,7,0,0,8,0,0,0,0,1,0,0,0,0,5,0,0,0,0,0,0,
62,대전역동광장종점 - 대전역동광장종점,14,판암차량기지,0,0,0,0,7,0,0,8,0,0,0,0,1,0,0,0,0,5,0,0,0,0,0,0,
62,대전역동광장종점 - 대전역동광장종점,15,삼정동,0,0,0,0,7,0,0,8,0,0,0,0,1,0,0,0,0,5,0,0,0,0,0,0,
62,대전역동광장종점 - 대전역동광장종점,16,대전동신과학고,0,0,0,0,7,0,0,8,0,0,0,0,1,0,0,0,0,5,0,0,0,0,0,0,
62,대전역동광장종점 - 대전역동광장종점,17,가는골,0,0,0,0,7,0,0,8,0,0,0,0,1,0,0,0,0,5,0,0,0,0,0,0,
62,대전역동광장종점 - 대전역동광장종점,18,세천/새동네,0,0,0,0,7,0,0,8,0,0,0,0,1,0,0,0,0,5,0,0,0,0,0,0,
62,대전역동광장종점 - 대전역동광장종점,19,세천동,0,0,0,0,0,0,0,7,0,0,0,0,0,0,0,0,0,0,0,0,0,0,0,0,
62,대전역동광장종점 - 대전역동광장종점,20,대청동주민센터,0,0,0,0,0,0,0,7,0,0,0,0,0,0,0,0,0,0,0,0,0,0,0,0,
62,대전역동광장종점 - 대전역동광장종점,21,세천공원삼거리,0,0,0,0,0,0,0,7,0,0,0,0,0,0,0,0,0,0,0,0,0,0,0,0,
62,대전역동광장종점 - 대전역동광장종점,22,안아감마을,0,0,0,0,6,4,0,5,0,4,1,0,0,0,0,0,0,0,0,0,0,0,0,0,
62,대전역동광장종점 - 대전역동광장종점,23,바깥아감,0,0,0,0,0,0,0,0,0,0,3,0,0,0,0,0,0,0,0,0,0,0,0,0,
62,대전역동광장종점 - 대전역동광장종점,24,요골,0,0,0,0,5,0,0,0,0,0,0,0,0,0,0,0,0,0,0,0,0,0,0,0,
62,대전역동광장종점 - 대전역동광장종점,25,비금마을,0,0,0,0,0,0,0,0,0,0,0,0,0,0,0,0,0,4,0,0,0,0,0,0,
62,대전역동광장종점 - 대전역동광장종점,26,신절골,0,0,0,0,0,0,0,0,0,0,0,0,0,0,0,0,0,3,0,0,0,0,0,0,
62,대전역동광장종점 - 대전역동광장종점,27,구절골,0,0,0,0,0,0,0,0,0,0,0,0,0,0,0,0,0,3,0,0,0,0,0,0,
62,대전역동광장종점 - 대전역동광장종점,28,신촌동,0,0,0,0,0,0,0,0,0,0,1,0,0,0,0,0,0,2,0,0,0,0,0,0,
62,대전역동광장종점 - 대전역동광장종점,29,국제금식기도원,0,0,0,0,0,0,0,0,0,0,0,0,0,0,0,0,0,1,0,0,0,0,0,0,
62,대전역동광장종점 - 대전역동광장종점,30,모래재,0,0,0,0,0,0,0,0,0,0,0,0,0,0,0,0,0,1,0,0,0,0,0,0,
62,대전역동광장종점 - 대전역동광장종점,31,사성동,0,0,0,0,0,0,0,0,0,0,0,0,0,0,0,0,0,1,0,0,0,0,0,0,
62,대전역동광장종점 - 대전역동광장종점,32,방아실입구.와정리,0,0,0,0,0,0,0,0,0,0,0,0,0,0,0,0,0,1,0,0,0,0,0,0,
62,대전역동광장종점 - 대전역동광장종점,33,와정.자괏,0,0,0,0,0,0,0,0,0,0,0,0,0,0,0,0,0,1,0,0,0,0,0,0,
62,대전역동광장종점 - 대전역동광장종점,34,한저골,0,0,0,0,0,0,0,3,0,0,0,0,0,0,0,0,0,0,0,0,0,0,0,0,
62,대전역동광장종점 - 대전역동광장종점,35,방아실,0,0,0,0,4,0,0,1,0,0,0,0,2,0,0,0,0,0,0,0,0,0,0,0,
62,대전역동광장종점 - 대전역동광장종점,36,방아실,0,0,0,0,4,0,0,1,0,0,0,0,2,0,0,0,0,0,0,0,0,0,0,0,
62,대전역동광장종점 - 대전역동광장종점,37,한저골,0,0,0,0,4,0,0,1,0,0,0,0,2,0,0,0,0,0,0,0,0,0,0,0,
62,대전역동광장종점 - 대전역동광장종점,38,와정.자괏,0,0,0,0,5,0,0,0,0,0,0,0,0,0,0,0,0,0,0,0,0,0,0,0,
62,대전역동광장종점 - 대전역동광장종점,39,금오골,0,0,0,0,0,0,0,0,0,0,0,0,0,0,0,0,0,0,0,0,0,0,0,0,
62,대전역동광장종점 - 대전역동광장종점,40,새거리,0,0,0,0,0,0,0,2,0,0,0,0,0,0,0,0,0,0,0,0,0,0,0,0,
62,대전역동광장종점 - 대전역동광장종점,41,항곡리종점,0,0,0,0,0,0,0,2,0,0,0,0,0,0,0,0,0,0,0,0,0,0,0,0,
62,대전역동광장종점 - 대전역동광장종점,42,남송타운,0,0,0,0,0,2,0,0,0,0,1,0,0,3,0,0,0,0,0,0,0,0,0,0,
62,대전역동광장종점 - 대전역동광장종점,43,비야리,0,0,0,0,0,2,0,0,0,0,1,0,0,3,0,0,0,0,0,0,0,0,0,0,
62,대전역동광장종점 - 대전역동광장종점,44,비야리,0,0,0,0,0,0,0,3,0,0,2,0,0,0,0,0,0,0,0,0,0,0,0,0,
62,대전역동광장종점 - 대전역동광장종점,45,안아감마을,0,0,0,0,0,0,0,3,0,0,2,0,0,0,0,0,0,0,0,0,0,0,0,0,
62,대전역동광장종점 - 대전역동광장종점,46,바깥아감,0,0,0,0,0,5,0,0,0,0,0,0,0,5,0,0,0,0,0,0,0,0,0,0,
62,대전역동광장종점 - 대전역동광장종점,47,세천삼거리,0,0,0,0,0,5,0,0,0,0,0,0,0,5,0,0,0,0,0,0,0,0,0,0,
62,대전역동광장종점 - 대전역동광장종점,48,대청동행정복지센터,0,0,0,0,0,5,0,0,0,0,0,0,0,5,0,0,0,0,0,0,0,0,0,0,
62,대전역동광장종점 - 대전역동광장종점,49,세천동,0,0,0,0,0,5,0,0,0,0,0,0,0,5,0,0,0,0,0,0,0,0,0,0,
62,대전역동광장종점 - 대전역동광장종점,50,세천/새동네,0,0,0,0,0,5,0,0,0,0,0,0,0,5,0,0,0,0,0,0,0,0,0,0,
62,대전역동광장종점 - 대전역동광장종점,51,가는골,0,0,0,0,0,5,0,0,0,0,0,0,0,5,0,0,0,0,0,0,0,0,0,0,
62,대전역동광장종점 - 대전역동광장종점,52,대전동신과학고,0,0,0,0,0,5,0,0,0,0,0,0,0,5,0,0,0,0,0,0,0,0,0,0,
62,대전역동광장종점 - 대전역동광장종점,53,삼정동,0,0,0,0,0,0,0,0,4,0,0,0,0,0,0,0,0,0,0,0,0,0,0,0,
62,대전역동광장종점 - 대전역동광장종점,54,판암차량기지,0,0,0,0,0,0,0,0,4,0,0,0,0,0,0,0,0,0,0,0,0,0,0,0,
62,대전역동광장종점 - 대전역동광장종점,55,판암IC,0,0,0,0,0,0,0,0,4,0,0,0,0,0,0,0,0,0,0,0,0,0,0,0,
62,대전역동광장종점 - 대전역동광장종점,56,판암네거리,0,0,0,0,0,4,0,0,0,0,0,0,0,6,0,0,0,0,0,0,0,0,0,0,
62,대전역동광장종점 - 대전역동광장종점,57,판암역,0,0,0,0,0,4,0,0,5,0,4,0,0,6,0,0,0,0,0,0,0,0,0,0,
62,대전역동광장종점 - 대전역동광장종점,58,판암역네거리,0,0,0,0,0,0,0,0,0,0,5,0,0,0,0,0,0,0,0,0,0,0,0,0,
62,대전역동광장종점 - 대전역동광장종점,59,판암근린공원,0,0,0,1,0,0,0,0,0,0,0,0,0,0,0,0,0,0,0,0,0,0,0,0,
62,대전역동광장종점 - 대전역동광장종점,60,신흥역,0,0,0,1,0,0,0,0,0,0,0,0,0,0,0,0,0,0,0,0,0,0,0,0,
62,대전역동광장종점 - 대전역동광장종점,61,신흥마을아파트,0,0,0,4,0,0,0,0,6,0,0,0,0,0,0,0,0,0,0,0,0,0,0,0,
62,대전역동광장종점 - 대전역동광장종점,62,동부경찰서,0,0,0,5,0,0,0,0,7,0,4,0,0,6,0,0,0,0,0,0,0,0,0,0,
62,대전역동광장종점 - 대전역동광장종점,63,신인동주민센터,0,0,0,6,0,0,0,0,8,0,5,0,0,5,0,0,0,0,0,0,0,0,0,0,
62,대전역동광장종점 - 대전역동광장종점,64,원동네거리,0,0,0,5,0,0,0,0,6,0,0,4,0,3,0,0,0,0,0,0,0,0,0,0,
62,대전역동광장종점 - 대전역동광장종점,65,대전역/역전시장,0,0,0,0,0,0,0,0,0,0,0,0,0,1,0,0,0,0,0,0,0,0,0,0,
62,대전역동광장종점 - 대전역동광장종점,66,대전역동광장,0,0,0,0,0,0,0,0,0,0,0,0,0,0,0,0,0,0,0,0,0,0,0,0,
62,대전역동광장종점 - 대전역동광장종점,67,대전역동광장종점,0,0,0,0,0,0,0,0,0,0,0,0,0,0,0,0,0,0,0,0,0,0,0,0,
620,낭월공영차고지기점 - 낭월공영차고지,1,낭월공영차고지기점,0,0,0,0,0,0,0,0,1,0,0,0,0,0,0,0,0,0,0,0,0,0,0,0,
620,낭월공영차고지기점 - 낭월공영차고지,2,낭월공영차고지,0,0,0,0,0,0,0,0,1,0,0,0,0,0,0,0,0,0,0,0,0,0,0,0,
620,낭월공영차고지기점 - 낭월공영차고지,3,남대전종합물류단지,0,0,0,0,0,1,0,0,0,0,0,0,0,1,0,2,0,0,0,0,0,0,0,0,
620,낭월공영차고지기점 - 낭월공영차고지,4,석천들마을아파트,0,0,1,1,1,0,2,1,0,1,0,1,1,2,0,0,0,0,0,0,0,0,0,0,
620,낭월공영차고지기점 - 낭월공영차고지,5,산내초등학교,0,0,0,0,2,0,0,0,2,0,1,2,2,0,3,0,0,0,0,0,0,0,0,0,
620,낭월공영차고지기점 - 낭월공영차고지,6,e편한세상아파트,0,0,0,2,3,0,1,0,0,2,4,0,0,0,0,1,0,0,0,0,0,0,0,0,
620,낭월공영차고지기점 - 낭월공영차고지,7,산내주공아파트,0,0,0,0,0,0,0,0,0,0,0,0,0,0,0,0,0,0,0,0,0,0,0,0,
620,낭월공영차고지기점 - 낭월공영차고지,8,오투그란데아파트,0,0,0,0,0,0,3,1,0,3,0,5,3,0,5,0,0,0,0,0,0,0,0,0,
620,낭월공영차고지기점 - 낭월공영차고지,9,운전면허시험장,0,0,0,0,0,0,0,0,0,5,0,6,0,0,0,0,0,0,0,0,0,0,0,0,
620,낭월공영차고지기점 - 낭월공영차고지,10,대성동,0,0,0,0,0,0,0,0,0,5,0,6,0,0,0,0,0,0,0,0,0,0,0,0,
620,낭월공영차고지기점 - 낭월공영차고지,11,대성삼거리,0,0,0,3,0,1,2,2,0,6,0,7,0,0,7,2,1,0,1,0,0,0,0,0,
620,낭월공영차고지기점 - 낭월공영차고지,12,옥계동,0,0,0,0,0,2,0,3,4,0,2,7,2,2,8,0,2,0,0,0,0,0,0,0,
620,낭월공영차고지기점 - 낭월공영차고지,13,은혜아파트,0,0,0,3,2,0,0,0,5,6,0,8,0,0,9,1,0,0,0,0,0,0,0,0,
620,낭월공영차고지기점 - 낭월공영차고지,14,호동,0,0,1,0,0,0,0,0,4,8,3,6,3,0,12,0,0,0,0,0,0,0,0,0,
620,낭월공영차고지기점 - 낭월공영차고지,15,석교치안센터,0,0,0,0,0,2,1,0,3,10,0,9,0,3,12,0,1,0,0,0,0,0,0,0,
620,낭월공영차고지기점 - 낭월공영차고지,16,석교동행정복지센터,0,0,1,4,0,3,0,0,6,11,0,8,6,0,13,0,0,0,0,0,0,0,0,0,
620,낭월공영차고지기점 - 낭월공영차고지,17,동명중학교,0,0,2,3,3,6,4,0,4,10,8,0,5,0,10,2,1,0,0,0,0,0,0,0,
620,낭월공영차고지기점 - 낭월공영차고지,18,부사오거리,0,0,0,0,3,7,0,2,7,0,7,7,5,3,8,0,0,1,2,0,0,0,0,0,
620,낭월공영차고지기점 - 낭월공영차고지,19,청란여자고등학교,0,0,0,0,0,8,0,0,8,0,8,8,7,4,3,0,0,0,0,0,0,0,0,0,
620,낭월공영차고지기점 - 낭월공영차고지,20,남대전고등학교,0,0,0,3,0,8,2,0,0,0,5,5,0,9,0,0,2,1,1,0,0,0,0,0,
620,낭월공영차고지기점 - 낭월공영차고지,21,남대전고등학교,0,0,0,0,0,0,0,0,0,0,0,0,0,7,0,0,0,0,0,0,0,0,0,0,
620,낭월공영차고지기점 - 낭월공영차고지,22,보문오거리,0,0,4,5,6,0,2,0,11,0,10,9,9,10,6,0,3,0,3,0,0,0,0,0,
620,낭월공영차고지기점 - 낭월공영차고지,23,대전중학교,0,0,0,0,0,0,0,4,7,0,0,0,0,2,12,3,0,0,0,0,0,0,0,0,
620,낭월공영차고지기점 - 낭월공영차고지,24,대고오거리,0,0,3,4,4,3,0,3,0,0,9,7,8,7,10,0,0,0,2,0,0,0,0,0,
620,낭월공영차고지기점 - 낭월공영차고지,25,중구청,0,1,0,2,0,7,0,0,6,2,6,5,0,4,6,2,2,0,0,0,0,0,0,0,
620,낭월공영차고지기점 - 낭월공영차고지,26,대전도시공사,0,0,0,0,3,2,6,4,2,7,3,3,8,2,5,2,0,0,1,0,0,0,0,0,
620,낭월공영차고지기점 - 낭월공영차고지,27,중앙로역8번출구,0,0,0,1,0,2,0,3,0,4,4,2,7,0,8,3,0,3,0,0,0,0,0,0,
620,낭월공영차고지기점 - 낭월공영차고지,28,대전여상,0,0,4,0,5,0,0,4,0,0,0,0,4,4,7,0,0,4,0,0,0,0,0,0,
620,낭월공영차고지기점 - 낭월공영차고지,29,대종로네거리,0,0,0,0,3,3,5,4,1,1,0,3,0,0,8,2,0,3,1,0,0,0,0,0,
620,낭월공영차고지기점 - 낭월공영차고지,30,한밭중네거리,0,0,0,0,4,0,0,0,2,0,0,0,0,5,5,0,0,0,0,2,0,0,0,0,
620,낭월공영차고지기점 - 낭월공영차고지,31,계룡디지텍고입구,0,0,1,0,3,0,1,0,0,5,3,0,5,0,6,0,1,4,0,1,0,0,0,0,
620,낭월공영차고지기점 - 낭월공영차고지,32,성남네거리,0,0,0,0,0,0,0,6,4,0,0,0,4,0,5,0,2,0,0,0,0,0,0,0,
620,낭월공영차고지기점 - 낭월공영차고지,33,아침마을아파트,0,0,0,0,0,0,6,4,0,3,5,3,6,7,0,0,0,0,0,0,0,0,0,0,
620,낭월공영차고지기점 - 낭월공영차고지,34,가양초등학교,0,0,0,0,4,3,0,5,4,4,0,5,0,0,3,5,3,5,0,0,0,0,0,0,
620,낭월공영차고지기점 - 낭월공영차고지,35,가양네거리,0,0,0,0,1,0,6,4,0,2,6,0,2,5,0,6,2,0,0,2,0,0,0,0,
620,낭월공영차고지기점 - 낭월공영차고지,36,대전보건대학교,0,0,1,0,0,0,4,2,0,0,5,6,0,5,2,5,1,4,0,0,0,0,0,0,
620,낭월공영차고지기점 - 낭월공영차고지,37,한국폴리텍대학,0,0,2,0,2,0,5,2,3,0,4,4,0,5,0,4,0,3,0,0,0,0,0,0,
620,낭월공영차고지기점 - 낭월공영차고지,38,명석고등학교,0,0,0,0,3,0,0,0,0,3,0,0,0,5,1,5,0,2,0,1,0,0,0,0,
620,낭월공영차고지기점 - 낭월공영차고지,39,길치근린공원,0,0,0,1,0,0,3,0,2,0,0,3,0,4,0,3,0,0,0,0,0,0,0,0,
620,낭월공영차고지기점 - 낭월공영차고지,40,금성백조아파트,0,0,0,3,4,0,4,3,0,1,0,3,0,5,1,1,0,0,0,0,0,0,0,0,
620,낭월공영차고지기점 - 낭월공영차고지,41,송촌고등학교,0,0,1,0,4,5,0,1,4,2,2,0,0,2,0,0,0,0,0,0,0,0,0,0,
620,낭월공영차고지기점 - 낭월공영차고지,42,송촌119안전센터,0,0,0,0,0,4,0,0,3,3,0,1,2,4,1,2,0,0,0,0,0,0,0,0,
620,낭월공영차고지기점 - 낭월공영차고지,43,대덕구청소년수련관,0,0,0,2,1,2,0,0,4,0,0,2,0,0,0,0,0,1,0,0,0,0,0,0,
620,낭월공영차고지기점 - 낭월공영차고지,44,그린아파트,0,0,0,0,1,0,0,0,0,2,0,0,2,0,0,0,0,0,0,0,0,0,0,0,
620,낭월공영차고지기점 - 낭월공영차고지,45,소월아파트,0,0,1,0,0,0,1,0,3,0,2,0,0,1,0,2,0,0,0,0,0,0,0,0,
620,낭월공영차고지기점 - 낭월공영차고지,46,한마음아파트,0,0,0,0,0,1,0,2,1,1,4,0,0,0,0,0,0,0,0,0,0,0,0,0,
620,낭월공영차고지기점 - 낭월공영차고지,47,대덕소방서,0,0,0,0,0,0,0,0,1,0,1,0,0,0,0,0,0,0,0,0,0,0,0,0,
620,낭월공영차고지기점 - 낭월공영차고지,48,제월당,0,0,0,0,0,0,0,1,0,0,0,0,0,0,0,0,0,0,0,0,0,0,0,0,
620,낭월공영차고지기점 - 낭월공영차고지,49,대한통운종점,0,0,0,0,0,0,0,0,0,0,0,0,0,0,0,0,0,0,0,0,0,0,0,0,
620,낭월공영차고지기점 - 낭월공영차고지,50,대한통운종점,0,0,0,0,0,0,0,0,0,0,0,0,0,0,0,0,1,0,0,0,0,0,0,0,
620,낭월공영차고지기점 - 낭월공영차고지,51,읍내동현대아파트,0,0,0,0,0,0,0,0,0,0,2,1,0,0,0,0,0,0,0,0,0,0,0,0,
620,낭월공영차고지기점 - 낭월공영차고지,52,대전지방국세청,0,0,1,0,1,1,0,0,2,2,3,2,0,0,1,0,2,0,0,0,0,0,0,0,
620,낭월공영차고지기점 - 낭월공영차고지,53,보람아파트,0,0,0,1,2,3,2,0,2,1,0,0,0,0,0,0,3,0,0,0,0,0,0,0,
620,낭월공영차고지기점 - 낭월공영차고지,54,소월아파트,0,0,0,2,3,4,2,0,0,3,0,0,0,2,2,1,0,0,0,0,0,0,0,0,
620,낭월공영차고지기점 - 낭월공영차고지,55,그린아파트,0,0,0,0,2,1,1,0,3,0,2,0,0,2,2,0,2,0,0,0,0,0,0,0,
620,낭월공영차고지기점 - 낭월공영차고지,56,대덕구청소년수련관,0,0,0,0,2,0,3,0,2,0,4,1,0,3,0,4,1,0,1,0,0,0,0,0,
620,낭월공영차고지기점 - 낭월공영차고지,57,송촌119안전센터,0,1,0,3,0,5,0,0,4,4,5,2,0,0,0,0,0,0,1,0,0,0,0,0,
620,낭월공영차고지기점 - 낭월공영차고지,58,송촌고등학교,0,0,0,0,1,6,0,0,5,0,3,2,1,3,6,2,2,0,3,0,0,0,0,0,
620,낭월공영차고지기점 - 낭월공영차고지,59,금성백조아파트,0,0,0,0,1,0,3,4,2,0,0,0,3,0,0,0,0,0,1,0,0,0,0,0,
620,낭월공영차고지기점 - 낭월공영차고지,60,길치근린공원,0,0,1,0,2,3,0,7,0,1,2,0,4,3,0,0,4,0,0,0,0,0,0,0,
620,낭월공영차고지기점 - 낭월공영차고지,61,명석고등학교,0,1,0,1,0,0,4,8,6,6,3,0,7,2,5,1,0,1,0,0,0,0,0,0,
620,낭월공영차고지기점 - 낭월공영차고지,62,한국폴리텍대학,0,2,0,3,3,7,2,0,7,9,4,3,0,2,6,2,0,2,0,0,0,0,0,0,
620,낭월공영차고지기점 - 낭월공영차고지,63,대전보건대학교,0,3,0,0,3,0,4,10,0,0,6,3,0,4,4,0,0,0,0,0,0,0,0,0,
620,낭월공영차고지기점 - 낭월공영차고지,64,가양동우체국,0,4,0,0,5,0,5,8,0,13,0,0,6,6,0,0,0,0,0,0,0,0,0,0,
620,낭월공영차고지기점 - 낭월공영차고지,65,가양초등학교,0,0,0,2,0,8,7,7,10,0,9,0,4,0,3,0,1,4,2,0,0,0,0,0,
620,낭월공영차고지기점 - 낭월공영차고지,66,석촌마을아파트,0,0,0,3,4,8,0,6,8,0,7,0,5,5,0,1,0,0,0,0,0,0,0,0,
620,낭월공영차고지기점 - 낭월공영차고지,67,성남네거리,0,5,0,4,4,0,6,6,5,10,0,6,0,7,5,2,0,3,4,0,0,0,0,0,
620,낭월공영차고지기점 - 낭월공영차고지,68,한밭중네거리,0,3,0,0,0,0,8,0,0,9,2,0,0,0,0,0,0,0,0,0,0,0,0,0,
620,낭월공영차고지기점 - 낭월공영차고지,69,대종로네거리,0,5,0,3,0,5,2,4,0,7,1,0,0,5,0,1,0,2,3,0,0,0,0,0,
620,낭월공영차고지기점 - 낭월공영차고지,70,대전여상,0,0,0,1,4,7,0,4,0,0,0,0,0,0,0,0,0,5,0,0,0,0,0,0,
620,낭월공영차고지기점 - 낭월공영차고지,71,중앙로역7번출구,0,0,0,0,0,0,0,5,4,6,2,2,0,4,2,2,2,0,0,0,0,0,0,0,
620,낭월공영차고지기점 - 낭월공영차고지,72,중앙로역6번출구,0,0,3,0,3,7,8,4,4,7,5,3,6,3,11,1,3,7,1,0,0,0,0,0,
620,낭월공영차고지기점 - 낭월공영차고지,73,대고오거리,0,0,0,0,0,6,7,0,6,6,7,5,8,2,0,3,4,4,0,4,0,0,0,0,
620,낭월공영차고지기점 - 낭월공영차고지,74,대전중학교,0,0,2,0,5,0,9,1,0,0,5,5,0,0,0,0,0,0,0,0,0,0,0,0,
620,낭월공영차고지기점 - 낭월공영차고지,75,보문오거리,0,0,0,0,4,4,9,4,4,0,8,4,0,2,0,1,2,6,0,0,0,0,0,0,
620,낭월공영차고지기점 - 낭월공영차고지,76,남대전고등학교,0,0,0,2,2,2,0,5,2,0,5,5,8,1,0,0,0,5,0,0,0,0,0,0,
620,낭월공영차고지기점 - 낭월공영차고지,77,청란여자고등학교,0,0,0,0,0,1,6,0,2,0,9,6,0,0,10,0,0,0,0,0,0,0,0,0,
620,낭월공영차고지기점 - 낭월공영차고지,78,부사오거리,0,0,0,1,3,1,8,6,1,0,10,7,8,2,2,0,0,1,1,1,0,0,0,0,
620,낭월공영차고지기점 - 낭월공영차고지,79,동명중학교,0,0,0,0,2,0,6,5,0,0,5,5,7,0,0,0,0,0,0,0,0,0,0,0,
620,낭월공영차고지기점 - 낭월공영차고지,80,석교동행정복지센터,0,0,0,0,4,0,7,4,0,0,10,0,7,0,0,1,2,4,0,0,0,0,0,0,
620,낭월공영차고지기점 - 낭월공영차고지,81,석교치안센터,0,0,0,0,5,0,0,3,0,0,8,4,0,1,3,0,1,3,0,0,0,0,0,0,
620,낭월공영차고지기점 - 낭월공영차고지,82,호동,0,0,0,0,3,0,6,1,0,0,5,6,5,0,0,0,0,1,0,0,0,0,0,0,
620,낭월공영차고지기점 - 낭월공영차고지,83,은혜아파트,0,0,1,0,4,0,6,0,0,0,6,0,0,0,8,0,0,2,0,0,0,0,0,0,
620,낭월공영차고지기점 - 낭월공영차고지,84,옥계동,0,0,0,0,0,0,4,0,0,0,5,5,3,0,7,0,0,0,0,0,0,0,0,0,
620,낭월공영차고지기점 - 낭월공영차고지,85,옥계교,0,0,0,0,0,0,3,2,0,0,3,4,0,0,0,2,0,0,0,0,0,0,0,0,
620,낭월공영차고지기점 - 낭월공영차고지,86,대성삼거리,0,0,0,0,3,0,2,0,1,0,0,2,0,0,0,0,0,0,0,0,0,0,0,0,
620,낭월공영차고지기점 - 낭월공영차고지,87,운전면허시험장,0,0,0,0,2,0,0,0,0,0,0,0,3,0,0,0,0,1,1,0,0,0,0,0,
620,낭월공영차고지기점 - 낭월공영차고지,88,오투그란데아파트,0,0,0,0,0,0,0,0,0,0,0,0,0,0,0,1,0,0,0,0,0,0,0,0,
620,낭월공영차고지기점 - 낭월공영차고지,89,산내주공아파트,0,0,0,0,2,0,0,0,0,0,3,0,0,0,0,0,0,0,0,0,0,0,0,0,
620,낭월공영차고지기점 - 낭월공영차고지,90,e편한세상아파트,0,0,0,0,0,0,1,0,0,0,2,0,1,0,0,0,0,0,0,0,0,0,0,0,
620,낭월공영차고지기점 - 낭월공영차고지,91,산내초등학교,0,0,0,0,0,0,0,0,0,0,1,0,0,0,0,0,0,0,0,0,0,0,0,0,
620,낭월공영차고지기점 - 낭월공영차고지,92,석천들마을아파트,0,0,0,0,0,0,0,0,0,0,0,0,0,0,0,0,0,0,0,0,0,0,0,0,
620,낭월공영차고지기점 - 낭월공영차고지,93,남대전종합물류단지,0,0,0,0,0,0,0,0,0,0,0,0,0,0,0,0,0,0,0,0,0,0,0,0,
620,낭월공영차고지기점 - 낭월공영차고지,94,낭월공영차고지,0,0,0,0,0,0,0,0,0,0,0,0,0,0,0,0,0,0,0,0,0,0,0,0,
622,비래동종점 - 비래동종점,1,비래동종점,0,0,3,1,1,0,0,0,1,1,0,1,0,1,0,0,0,0,0,0,0,0,0,0,
622,비래동종점 - 비래동종점,2,비래동,0,0,0,0,1,2,1,0,0,0,0,1,1,0,0,0,0,0,0,0,0,0,0,0,
622,비래동종점 - 비래동종점,3,만남웨딩홀,0,0,5,1,2,0,3,0,3,2,3,0,3,4,0,0,0,0,0,0,0,0,0,0,
622,비래동종점 - 비래동종점,4,비래검문소,0,1,1,0,3,4,0,1,5,0,0,2,4,0,0,0,0,0,1,0,0,0,0,0,
622,비래동종점 - 비래동종점,5,한신휴플러스,0,0,2,2,2,0,2,2,4,4,0,2,0,6,0,0,0,0,1,0,0,0,0,0,
622,비래동종점 - 비래동종점,6,적십자혈액원,0,0,0,2,4,2,0,0,0,7,4,0,0,7,0,0,0,0,0,0,0,0,0,0,
622,비래동종점 - 비래동종점,7,동부네거리,0,0,0,3,4,3,0,6,5,2,2,3,3,9,0,0,3,2,2,0,0,0,0,0,
622,비래동종점 - 비래동종점,8,복합터미널,0,2,2,0,4,1,3,11,0,8,6,6,7,3,17,6,7,6,4,0,0,0,0,0,
622,비래동종점 - 비래동종점,9,효촌마을아파트,0,3,0,0,0,0,0,12,5,0,6,0,0,4,0,0,3,0,0,0,0,0,0,0,
622,비래동종점 - 비래동종점,10,스마트뷰아파트,0,4,2,6,0,3,4,13,0,4,7,5,0,0,16,0,0,5,0,0,0,0,0,0,
622,비래동종점 - 비래동종점,11,성남네거리,0,0,1,7,0,2,5,0,5,14,8,6,8,7,0,0,0,0,3,0,0,0,0,0,
622,비래동종점 - 비래동종점,12,삼성초등학교,0,0,0,1,3,0,6,14,2,3,0,0,0,9,0,0,6,0,0,0,0,0,0,0,
622,비래동종점 - 비래동종점,13,대전역,0,0,0,3,5,1,2,7,3,8,6,5,2,11,7,8,4,4,2,0,0,0,0,0,
622,비래동종점 - 비래동종점,14,목척교,0,0,2,0,7,3,1,4,4,6,7,6,0,10,0,7,3,0,1,0,0,0,0,0,
622,비래동종점 - 비래동종점,15,으능정이거리,0,0,1,2,3,0,1,1,0,5,5,1,0,9,2,8,3,2,4,0,0,0,0,0,
622,비래동종점 - 비래동종점,16,중앙로역6번출구,0,0,0,0,2,0,0,2,0,4,6,4,4,11,4,6,0,1,3,0,0,0,0,0,
622,비래동종점 - 비래동종점,17,중구청역,0,0,0,1,0,4,0,2,0,0,4,0,5,8,3,0,1,3,0,0,0,0,0,0,
622,비래동종점 - 비래동종점,18,대전충남병무청,0,0,0,0,2,0,3,1,1,0,3,6,4,5,0,4,2,0,0,0,0,0,0,0,
622,비래동종점 - 비래동종점,19,서대전네거리역5번출구,0,0,0,1,0,3,1,1,0,3,1,4,0,3,2,2,1,0,2,0,0,0,0,0,
622,비래동종점 - 비래동종점,20,중도일보,0,0,0,0,0,1,0,0,0,0,0,4,0,0,0,0,0,0,0,0,0,0,0,0,
622,비래동종점 - 비래동종점,21,오류네거리,0,0,0,0,0,1,2,0,0,4,0,3,0,4,0,0,0,0,2,0,0,0,0,0,
622,비래동종점 - 비래동종점,22,서대전역,0,1,0,1,6,2,23,5,4,7,17,17,3,5,4,7,3,10,3,0,0,0,0,0,
622,비래동종점 - 비래동종점,23,서대전역,0,1,0,1,6,2,23,5,4,7,17,17,3,5,4,7,3,10,3,0,0,0,0,0,
622,비래동종점 - 비래동종점,24,서대전역네거리,0,2,1,0,3,3,0,6,0,8,0,11,13,6,0,9,0,8,0,0,0,0,0,0,
622,비래동종점 - 비래동종점,25,서대전네거리역2번출구,0,6,3,2,5,4,22,7,5,7,16,16,16,5,0,8,0,0,1,0,0,0,0,0,
622,비래동종점 - 비래동종점,26,대전충남병무청,0,5,0,0,6,5,24,9,6,0,0,14,7,0,5,7,2,0,0,0,0,0,0,0,
622,비래동종점 - 비래동종점,27,중구청,0,0,4,3,0,0,7,9,0,0,14,0,15,7,5,4,0,5,1,0,0,0,0,0,
622,비래동종점 - 비래동종점,28,중앙로역4번출구,0,5,0,0,3,5,0,0,0,1,15,16,13,9,4,0,1,4,2,0,0,0,0,0,
622,비래동종점 - 비래동종점,29,으능정이거리,0,0,0,0,0,3,14,9,5,2,14,14,13,17,5,7,3,2,3,0,0,0,0,0,
622,비래동종점 - 비래동종점,30,목척교,0,0,5,0,0,4,7,8,3,0,15,17,15,13,6,0,0,3,0,0,0,0,0,0,
622,비래동종점 - 비래동종점,31,대전역,0,3,7,4,5,6,8,6,5,3,16,10,17,18,12,7,8,4,0,0,0,0,0,0,
622,비래동종점 - 비래동종점,32,삼성네거리,0,0,6,0,0,5,9,0,6,0,0,0,13,0,0,0,0,0,0,0,0,0,0,0,
622,비래동종점 - 비래동종점,33,계룡디지텍고입구,0,0,4,0,0,0,8,0,5,4,5,8,0,17,0,0,0,0,0,0,0,0,0,0,
622,비래동종점 - 비래동종점,34,성남네거리,0,0,0,0,5,0,5,0,3,3,0,7,0,0,12,8,0,0,3,0,0,0,0,0,
622,비래동종점 - 비래동종점,35,효촌마을아파트,0,0,0,0,4,5,5,0,0,0,14,0,11,0,12,7,0,1,0,0,0,0,0,0,
622,비래동종점 - 비래동종점,36,복합터미널,0,1,4,2,2,2,2,2,2,0,2,3,9,3,9,6,2,2,2,1,0,0,0,0,
622,비래동종점 - 비래동종점,37,동부네거리,0,0,0,0,1,1,0,0,0,0,0,0,6,0,6,4,0,1,1,0,0,0,0,0,
622,비래동종점 - 비래동종점,38,가양중학교입구,0,0,0,0,0,0,1,0,0,0,1,2,0,5,5,0,1,0,0,0,0,0,0,0,
622,비래동종점 - 비래동종점,39,한신휴플러스,0,0,0,1,0,0,0,0,0,0,0,0,1,2,3,0,0,0,0,0,0,0,0,0,
622,비래동종점 - 비래동종점,40,비래동노인회관,0,0,0,0,1,0,0,0,0,0,0,0,0,0,2,3,0,0,0,0,0,0,0,0,
622,비래동종점 - 비래동종점,41,만남웨딩홀,0,0,0,0,0,0,0,1,0,0,0,0,0,0,0,2,0,0,0,0,0,0,0,0,
622,비래동종점 - 비래동종점,42,비래동,0,0,0,0,0,0,0,0,1,0,0,0,0,0,0,1,0,0,0,0,0,0,0,0,
622,비래동종점 - 비래동종점,43,비래동종점,0,0,0,0,0,0,0,0,0,0,0,0,0,0,0,0,0,0,0,0,0,0,0,0,
63,대전역동광장종점 - 대전역동광장종점,1,대전역동광장종점,0,0,0,0,0,0,0,0,1,0,0,0,0,0,0,1,0,0,0,0,0,0,0,0,
63,대전역동광장종점 - 대전역동광장종점,2,대전역동광장종점,0,0,0,0,0,0,0,0,1,0,0,0,0,0,0,1,0,0,0,0,0,0,0,0,
63,대전역동광장종점 - 대전역동광장종점,3,중앙동주민센터,0,0,0,0,0,0,0,0,0,1,0,1,0,0,0,0,0,0,0,0,0,0,0,0,
63,대전역동광장종점 - 대전역동광장종점,4,대성여자고등학교,0,0,0,1,0,0,0,0,0,0,0,0,0,0,0,0,0,0,0,0,0,0,0,0,
63,대전역동광장종점 - 대전역동광장종점,5,성남네거리,0,0,0,2,0,5,6,0,2,0,0,1,0,0,0,0,0,0,0,0,0,0,0,0,
63,대전역동광장종점 - 대전역동광장종점,6,삼성초등학교,0,0,2,5,0,0,12,2,3,0,0,0,0,0,0,0,0,1,0,0,0,0,0,0,
63,대전역동광장종점 - 대전역동광장종점,7,대전역,0,0,0,0,0,7,13,3,0,0,0,0,0,0,1,0,1,2,0,0,0,0,0,0,
63,대전역동광장종점 - 대전역동광장종점,8,중앙시장,0,0,7,0,10,18,17,6,5,4,6,0,2,3,5,4,0,1,0,0,0,0,0,0,
63,대전역동광장종점 - 대전역동광장종점,9,원동네거리,0,0,0,0,0,0,0,0,6,0,7,0,0,4,8,0,0,2,1,0,0,0,0,0,
63,대전역동광장종점 - 대전역동광장종점,10,인동네거리,0,0,8,0,9,19,0,0,0,5,0,0,2,0,11,0,0,0,0,0,0,0,0,0,
63,대전역동광장종점 - 대전역동광장종점,11,동부경찰서,0,0,0,0,0,0,0,0,0,0,0,0,0,3,10,3,0,0,0,0,0,0,0,0,
63,대전역동광장종점 - 대전역동광장종점,12,신흥마을아파트후문,0,0,0,0,11,0,0,5,7,0,0,8,1,4,0,0,0,0,0,0,0,0,0,0,
63,대전역동광장종점 - 대전역동광장종점,13,신흥역,0,0,0,0,0,20,0,0,8,4,0,6,0,0,0,2,0,0,0,0,0,0,0,0,
63,대전역동광장종점 - 대전역동광장종점,14,판암근린공원,0,0,0,0,10,0,16,0,0,0,0,5,0,3,9,0,0,0,0,0,0,0,0,0,
63,대전역동광장종점 - 대전역동광장종점,15,미리내아파트,0,0,0,0,0,0,0,0,0,0,0,0,0,2,7,0,0,1,0,0,0,0,0,0,
63,대전역동광장종점 - 대전역동광장종점,16,판암역,0,0,10,0,10,22,27,9,9,8,0,7,0,1,5,5,0,3,2,0,0,0,0,0,
63,대전역동광장종점 - 대전역동광장종점,17,판암네거리,0,0,0,0,0,0,0,0,0,0,9,0,0,0,0,0,0,4,0,0,0,0,0,0,
63,대전역동광장종점 - 대전역동광장종점,18,판암차량기지,0,0,0,0,0,0,0,0,0,0,9,0,0,0,0,0,0,4,0,0,0,0,0,0,
63,대전역동광장종점 - 대전역동광장종점,19,삼정동,0,0,0,0,0,0,0,0,0,0,9,0,0,0,0,0,0,4,0,0,0,0,0,0,
63,대전역동광장종점 - 대전역동광장종점,20,대전동신과학고,0,0,0,0,0,21,0,0,0,0,0,0,0,0,0,0,0,0,0,0,0,0,0,0,
63,대전역동광장종점 - 대전역동광장종점,21,세천공원,0,0,0,0,7,20,18,6,0,0,0,0,0,0,0,0,0,0,0,0,0,0,0,0,
63,대전역동광장종점 - 대전역동광장종점,22,가는골입구,0,0,0,0,7,20,18,6,0,0,0,0,0,0,0,0,0,0,0,0,0,0,0,0,
63,대전역동광장종점 - 대전역동광장종점,23,세정골,0,0,0,0,0,0,0,0,0,0,6,0,0,0,0,0,0,0,0,0,0,0,0,0,
63,대전역동광장종점 - 대전역동광장종점,24,세천동,0,0,0,0,0,0,0,0,0,0,5,0,0,2,0,4,0,0,0,0,0,0,0,0,
63,대전역동광장종점 - 대전역동광장종점,25,대청동주민센터,0,0,0,0,0,0,0,0,8,0,0,0,0,0,0,0,0,0,0,0,0,0,0,0,
63,대전역동광장종점 - 대전역동광장종점,26,오리골,0,0,0,1,6,19,0,0,0,7,0,0,0,0,4,2,0,0,0,0,0,0,0,0,
63,대전역동광장종점 - 대전역동광장종점,27,세천공원삼거리,0,0,0,1,6,19,0,0,0,7,0,0,0,0,4,2,0,0,0,0,0,0,0,0,
63,대전역동광장종점 - 대전역동광장종점,28,바깥아감,0,0,0,0,0,17,0,0,0,5,0,0,0,0,0,0,0,0,0,0,0,0,0,0,
63,대전역동광장종점 - 대전역동광장종점,29,요골,0,0,0,0,0,0,0,0,0,0,4,0,0,0,0,0,0,0,0,0,0,0,0,0,
63,대전역동광장종점 - 대전역동광장종점,30,비금마을,0,0,0,0,0,0,0,5,0,0,0,5,0,0,0,0,0,0,1,0,0,0,0,0,
63,대전역동광장종점 - 대전역동광장종점,31,신절골,0,0,0,0,0,16,0,0,0,0,0,0,0,0,0,0,0,0,0,0,0,0,0,0,
63,대전역동광장종점 - 대전역동광장종점,32,구절골,0,0,0,8,0,15,0,0,0,0,0,0,0,0,0,0,0,0,0,0,0,0,0,0,
63,대전역동광장종점 - 대전역동광장종점,33,신촌동,0,0,0,0,0,14,0,0,0,0,0,4,0,0,0,0,0,0,0,0,0,0,0,0,
63,대전역동광장종점 - 대전역동광장종점,34,국제금식기도원,0,0,0,0,0,14,0,0,0,0,0,4,0,0,0,0,0,0,0,0,0,0,0,0,
63,대전역동광장종점 - 대전역동광장종점,35,모래재,0,0,0,0,0,12,17,0,0,4,0,0,0,0,0,0,0,0,0,0,0,0,0,0,
63,대전역동광장종점 - 대전역동광장종점,36,사성동,0,0,0,0,0,11,0,0,0,0,0,5,0,0,0,0,0,0,0,0,0,0,0,0,
63,대전역동광장종점 - 대전역동광장종점,37,방아실입구.와정리,0,0,0,7,0,0,0,0,0,0,3,3,0,1,0,3,0,0,0,0,0,0,0,0,
63,대전역동광장종점 - 대전역동광장종점,38,주촌동,0,0,0,0,0,0,0,0,0,0,2,0,0,0,0,0,0,0,3,0,0,0,0,0,
63,대전역동광장종점 - 대전역동광장종점,39,주촌1구,0,0,0,0,0,0,0,0,0,0,1,0,0,0,0,0,0,0,0,0,0,0,0,0,
63,대전역동광장종점 - 대전역동광장종점,40,주촌2구,0,0,0,0,0,0,0,0,0,0,0,0,0,0,0,1,0,0,0,0,0,0,0,0,
63,대전역동광장종점 - 대전역동광장종점,41,오동,0,0,0,0,0,0,0,0,0,0,0,0,0,0,0,1,0,0,0,0,0,0,0,0,
63,대전역동광장종점 - 대전역동광장종점,42,토망대,0,0,0,0,5,0,0,0,0,0,0,0,0,0,0,0,0,0,0,0,0,0,0,0,
63,대전역동광장종점 - 대전역동광장종점,43,우무동리,0,0,0,6,4,0,0,16,0,3,0,0,0,0,0,0,0,0,0,0,0,0,0,0,
63,대전역동광장종점 - 대전역동광장종점,44,어부동,0,0,0,5,2,0,7,0,0,2,0,2,0,0,0,0,0,0,2,0,0,0,0,0,
63,대전역동광장종점 - 대전역동광장종점,45,사음리,0,0,0,4,0,0,6,0,4,0,0,0,0,0,0,0,0,0,0,0,0,0,0,0,
63,대전역동광장종점 - 대전역동광장종점,46,회남대교,0,0,0,4,0,0,6,0,4,0,0,0,0,0,0,0,0,0,0,0,0,0,0,0,
63,대전역동광장종점 - 대전역동광장종점,47,양중지,0,0,0,0,1,0,0,0,0,0,0,0,0,0,0,0,0,0,0,0,0,0,0,0,
63,대전역동광장종점 - 대전역동광장종점,48,양지공원,0,0,0,0,0,0,0,11,0,0,0,0,0,0,0,0,0,0,0,0,0,0,0,0,
63,대전역동광장종점 - 대전역동광장종점,49,송림가든,0,0,0,0,0,0,0,11,0,0,0,0,0,0,0,0,0,0,0,0,0,0,0,0,
63,대전역동광장종점 - 대전역동광장종점,50,분저리,0,0,0,0,0,0,0,11,0,0,0,0,0,0,0,0,0,0,0,0,0,0,0,0,
63,대전역동광장종점 - 대전역동광장종점,51,신곡리,0,0,0,0,0,0,0,0,0,0,0,0,0,0,0,0,0,0,0,0,0,0,0,0,
63,대전역동광장종점 - 대전역동광장종점,52,남대문리,0,0,0,3,0,0,5,0,0,0,0,0,0,0,0,0,0,0,0,0,0,0,0,0,
63,대전역동광장종점 - 대전역동광장종점,53,남대문공원,0,0,0,2,0,0,0,9,2,0,0,0,0,0,0,0,0,0,1,0,0,0,0,0,
63,대전역동광장종점 - 대전역동광장종점,54,회남종점,0,0,0,2,0,1,0,1,6,1,3,1,3,2,0,0,0,0,0,0,0,0,0,0,
63,대전역동광장종점 - 대전역동광장종점,55,회남종점,0,0,0,2,0,1,0,1,6,1,3,1,3,2,0,0,0,0,0,0,0,0,0,0,
63,대전역동광장종점 - 대전역동광장종점,56,남대문공원,0,0,0,0,0,0,0,0,0,0,0,5,7,0,0,0,0,0,0,0,0,0,0,0,
63,대전역동광장종점 - 대전역동광장종점,57,남대문리,0,0,0,0,0,0,0,0,0,0,0,5,7,0,0,0,0,0,0,0,0,0,0,0,
63,대전역동광장종점 - 대전역동광장종점,58,신곡리,0,0,1,0,0,0,0,0,0,2,0,0,0,0,0,0,0,0,0,0,0,0,0,0,
63,대전역동광장종점 - 대전역동광장종점,59,분저리,0,0,1,0,0,0,0,0,0,2,0,0,0,0,0,0,0,0,0,0,0,0,0,0,
63,대전역동광장종점 - 대전역동광장종점,60,송림가든,0,0,1,0,0,0,0,0,0,2,0,0,0,0,0,0,0,0,0,0,0,0,0,0,
63,대전역동광장종점 - 대전역동광장종점,61,양지공원,0,0,0,0,0,0,0,0,14,0,0,0,0,0,0,0,0,0,0,0,0,0,0,0,
63,대전역동광장종점 - 대전역동광장종점,62,양중지,0,0,0,0,0,0,1,0,13,0,0,0,0,0,0,0,0,0,0,0,0,0,0,0,
63,대전역동광장종점 - 대전역동광장종점,63,회남대교,0,0,0,0,0,0,1,0,13,0,0,0,0,0,0,0,0,0,0,0,0,0,0,0,
63,대전역동광장종점 - 대전역동광장종점,64,사음리,0,0,0,0,0,0,0,0,0,5,0,6,8,0,0,0,1,0,0,0,0,0,0,0,
63,대전역동광장종점 - 대전역동광장종점,65,어부동,0,0,0,0,3,0,0,0,14,6,0,7,0,0,0,0,0,0,0,0,0,0,0,0,
63,대전역동광장종점 - 대전역동광장종점,66,우무동리,0,0,0,0,0,0,1,3,0,0,0,0,11,4,0,0,0,0,0,0,0,0,0,0,
63,대전역동광장종점 - 대전역동광장종점,67,토망대.오동,0,0,0,0,0,0,1,3,0,0,0,0,11,4,0,0,0,0,0,0,0,0,0,0,
63,대전역동광장종점 - 대전역동광장종점,68,오동,0,0,0,2,0,0,0,0,15,0,0,0,0,0,0,0,0,0,0,0,0,0,0,0,
63,대전역동광장종점 - 대전역동광장종점,69,주촌2구,0,0,0,0,0,2,0,6,0,0,0,0,0,0,0,0,0,0,0,0,0,0,0,0,
63,대전역동광장종점 - 대전역동광장종점,70,주촌1구,0,0,0,3,0,0,0,0,0,0,0,0,0,0,0,0,0,0,0,0,0,0,0,0,
63,대전역동광장종점 - 대전역동광장종점,71,주촌동,0,0,0,0,0,0,0,8,0,0,7,0,0,0,0,0,0,0,0,0,0,0,0,0,
63,대전역동광장종점 - 대전역동광장종점,72,방아실입구.와정리,0,0,0,0,0,3,2,0,0,0,8,8,12,0,0,0,0,0,0,0,0,0,0,0,
63,대전역동광장종점 - 대전역동광장종점,73,사성동,0,0,0,0,0,0,0,0,0,17,0,7,0,0,0,0,0,0,0,0,0,0,0,0,
63,대전역동광장종점 - 대전역동광장종점,74,모래재,0,0,1,0,0,0,0,0,0,0,0,9,0,0,0,0,0,0,0,0,0,0,0,0,
63,대전역동광장종점 - 대전역동광장종점,75,국제금식기도원,0,0,1,0,0,0,0,0,0,0,0,9,0,0,0,0,0,0,0,0,0,0,0,0,
63,대전역동광장종점 - 대전역동광장종점,76,신촌동,0,0,3,0,0,0,0,9,0,0,9,0,0,0,1,0,0,0,0,0,0,0,0,0,
63,대전역동광장종점 - 대전역동광장종점,77,구절골,0,0,0,0,4,0,0,0,0,18,0,0,0,0,0,0,0,0,0,0,0,0,0,0,
63,대전역동광장종점 - 대전역동광장종점,78,신절골,0,0,0,0,0,0,0,10,0,0,10,0,0,0,0,0,0,0,0,0,0,0,0,0,
63,대전역동광장종점 - 대전역동광장종점,79,비금마을,0,0,0,4,5,4,0,0,0,19,0,10,0,5,0,0,0,0,0,0,0,0,0,0,
63,대전역동광장종점 - 대전역동광장종점,80,요골,0,0,0,0,0,0,0,0,0,0,11,0,0,0,0,0,0,0,0,0,0,0,0,0,
63,대전역동광장종점 - 대전역동광장종점,81,바깥아감,0,0,0,0,0,0,3,0,0,0,0,0,0,4,0,0,0,0,0,0,0,0,0,0,
63,대전역동광장종점 - 대전역동광장종점,82,세천삼거리,0,0,0,0,4,0,0,0,11,0,0,0,0,0,0,0,0,0,0,0,0,0,0,0,
63,대전역동광장종점 - 대전역동광장종점,83,오리골,0,0,0,0,4,0,0,0,11,0,0,0,0,0,0,0,0,0,0,0,0,0,0,0,
63,대전역동광장종점 - 대전역동광장종점,84,대청동행정복지센터,0,0,0,0,0,3,0,0,0,0,0,0,0,6,0,0,0,0,0,0,0,0,0,0,
63,대전역동광장종점 - 대전역동광장종점,85,세천동,0,0,4,0,0,0,5,0,0,20,0,0,0,0,0,0,0,0,0,0,0,0,0,0,
63,대전역동광장종점 - 대전역동광장종점,86,세정골,0,0,0,0,0,5,6,0,0,0,12,0,0,0,0,0,0,0,0,0,0,0,0,0,
63,대전역동광장종점 - 대전역동광장종점,87,가는골입구,0,0,0,0,0,6,0,0,0,0,0,0,0,0,0,0,0,0,0,0,0,0,0,0,
63,대전역동광장종점 - 대전역동광장종점,88,세천공원,0,0,0,0,0,7,0,0,0,20,13,0,0,0,0,0,0,0,0,0,0,0,0,0,
63,대전역동광장종점 - 대전역동광장종점,89,대전동신과학고,0,0,0,0,0,0,0,0,0,19,0,9,0,0,0,0,0,0,0,0,0,0,0,0,
63,대전역동광장종점 - 대전역동광장종점,90,삼정동,0,0,0,2,0,0,0,0,9,18,0,0,13,0,0,0,0,0,0,0,0,0,0,0,
63,대전역동광장종점 - 대전역동광장종점,91,판암차량기지,0,0,0,0,0,0,0,0,0,0,0,10,0,0,0,0,0,0,0,0,0,0,0,0,
63,대전역동광장종점 - 대전역동광장종점,92,판암IC,0,0,0,0,0,0,0,0,0,0,0,10,0,0,0,0,0,0,0,0,0,0,0,0,
63,대전역동광장종점 - 대전역동광장종점,93,판암네거리,0,0,0,0,1,6,0,4,0,0,13,0,0,0,0,0,0,0,0,0,0,0,0,0,
63,대전역동광장종점 - 대전역동광장종점,94,판암역,0,0,3,0,3,4,0,1,7,14,11,8,10,0,4,0,0,0,0,0,0,0,0,0,
63,대전역동광장종점 - 대전역동광장종점,95,판암역네거리,0,0,0,0,0,0,0,3,8,0,0,9,0,0,1,0,0,0,1,0,0,0,0,0,
63,대전역동광장종점 - 대전역동광장종점,96,판암근린공원,0,0,0,0,0,0,0,0,0,15,0,12,0,0,0,0,0,0,0,0,0,0,0,0,
63,대전역동광장종점 - 대전역동광장종점,97,신흥역,0,0,0,0,0,0,0,0,0,0,13,13,9,0,0,0,0,0,0,0,0,0,0,0,
63,대전역동광장종점 - 대전역동광장종점,98,신흥마을아파트,0,0,0,4,1,0,5,0,0,0,12,11,0,0,0,0,0,0,0,0,0,0,0,0,
63,대전역동광장종점 - 대전역동광장종점,99,동부경찰서,0,0,0,5,3,0,4,0,0,0,0,11,0,0,0,0,2,0,0,0,0,0,0,0,
63,대전역동광장종점 - 대전역동광장종점,100,신인동주민센터,0,0,1,1,2,0,3,2,0,0,9,0,0,8,0,0,0,0,0,0,0,0,0,0,
63,대전역동광장종점 - 대전역동광장종점,101,대전역/역전시장,0,0,2,0,0,0,1,0,1,5,3,10,4,4,0,0,1,0,0,0,0,0,0,0,
63,대전역동광장종점 - 대전역동광장종점,102,대전역/하나은행,0,0,1,0,0,0,0,0,0,3,0,0,0,2,0,0,0,0,0,0,0,0,0,0,
63,대전역동광장종점 - 대전역동광장종점,103,삼성네거리,0,0,0,0,0,0,0,0,0,0,2,0,0,1,0,0,0,0,0,0,0,0,0,0,
63,대전역동광장종점 - 대전역동광장종점,104,계룡디지텍고입구,0,0,0,0,0,0,0,0,0,0,0,1,1,0,0,0,0,0,0,0,0,0,0,0,
63,대전역동광장종점 - 대전역동광장종점,105,성남네거리,0,0,0,1,0,0,0,0,0,0,0,0,0,0,0,0,0,0,0,0,0,0,0,0,
63,대전역동광장종점 - 대전역동광장종점,106,대성여자고등학교,0,0,0,0,0,0,0,0,0,0,0,0,0,0,0,0,0,0,0,0,0,0,0,0,
63,대전역동광장종점 - 대전역동광장종점,107,중앙동주민센터,0,0,0,0,0,0,0,0,0,0,0,0,0,0,0,0,0,0,0,0,0,0,0,0,
63,대전역동광장종점 - 대전역동광장종점,108,대전역동광장종점,0,0,0,0,0,0,0,0,0,0,0,0,0,0,0,0,0,0,0,0,0,0,0,0,
655,충남대학교 - 세종고속시외버스터미널,1,충남대학교,0,0,0,1,3,0,1,2,1,2,1,0,1,3,0,0,1,0,0,0,0,0,0,0,
655,충남대학교 - 세종고속시외버스터미널,2,온천교,0,0,0,0,0,0,0,0,0,2,1,0,0,0,0,0,0,0,0,0,0,0,0,0,
655,충남대학교 - 세종고속시외버스터미널,3,한진오피스텔,0,0,0,0,0,0,2,4,0,0,2,0,0,0,2,0,0,0,0,0,0,0,0,0,
655,충남대학교 - 세종고속시외버스터미널,4,유성온천역6번출구,0,0,0,0,0,4,3,0,1,5,2,6,1,5,3,2,2,1,1,1,0,0,0,0,
655,충남대학교 - 세종고속시외버스터미널,5,유성온천역5번출구,0,0,0,1,0,5,0,2,0,5,0,7,2,1,0,0,0,0,0,2,0,0,0,0,
655,충남대학교 - 세종고속시외버스터미널,6,유성자이아파트,0,0,1,0,2,1,4,3,0,0,3,8,3,0,5,0,0,1,0,0,0,0,0,0,
655,충남대학교 - 세종고속시외버스터미널,7,유성고속버스터미널,0,0,0,0,3,5,9,3,3,7,5,8,4,6,6,3,1,1,2,1,0,0,0,0,
655,충남대학교 - 세종고속시외버스터미널,8,KT유성지사,0,0,1,0,4,6,8,3,3,6,4,7,0,7,5,4,0,0,0,2,0,0,0,0,
655,충남대학교 - 세종고속시외버스터미널,9,죽동네거리,0,0,0,0,5,7,8,0,6,0,0,0,0,0,0,0,3,0,0,0,0,0,0,0,
655,충남대학교 - 세종고속시외버스터미널,10,노은농수산물시장,0,0,0,0,0,0,7,2,5,0,0,6,0,4,4,5,0,0,0,0,0,0,0,0,
655,충남대학교 - 세종고속시외버스터미널,11,월드컵경기장역,0,0,0,0,0,6,7,4,7,5,0,0,2,6,0,0,0,0,0,0,0,0,0,0,
655,충남대학교 - 세종고속시외버스터미널,12,노은역,0,0,0,2,0,7,5,3,6,6,5,0,3,8,3,6,4,2,4,1,0,0,0,0,
655,충남대학교 - 세종고속시외버스터미널,13,지족초등학교,0,0,2,1,5,0,0,0,0,7,4,7,2,0,0,5,2,0,3,0,0,0,0,0,
655,충남대학교 - 세종고속시외버스터미널,14,노은도서관,0,0,0,0,6,0,6,0,0,4,4,0,0,0,0,0,0,1,0,0,0,0,0,0,
655,충남대학교 - 세종고속시외버스터미널,15,지족역,0,0,0,0,0,0,6,0,0,8,0,1,2,0,0,2,0,0,0,0,0,0,0,0,
655,충남대학교 - 세종고속시외버스터미널,16,송림마을아파트,0,0,0,0,5,6,4,2,0,7,3,0,0,0,3,0,0,0,0,0,0,0,0,0,
655,충남대학교 - 세종고속시외버스터미널,17,반석역,0,0,2,2,4,5,5,3,4,5,4,4,2,5,5,8,5,7,4,3,0,0,0,0,
655,충남대학교 - 세종고속시외버스터미널,18,반석마을입구,0,0,0,0,3,0,0,0,0,0,0,0,1,4,0,10,0,0,3,0,0,0,0,0,
655,충남대학교 - 세종고속시외버스터미널,19,외삼삼거리,0,0,0,0,3,0,0,0,0,0,0,0,1,4,0,10,0,0,3,0,0,0,0,0,
655,충남대학교 - 세종고속시외버스터미널,20,외삼1통,0,0,0,0,0,4,0,0,0,0,0,0,0,0,0,0,0,0,0,0,0,0,0,0,
655,충남대학교 - 세종고속시외버스터미널,21,국방과학연구소,0,0,0,0,0,0,0,0,0,0,0,0,0,0,0,0,0,0,2,0,0,0,0,0,
655,충남대학교 - 세종고속시외버스터미널,22,국방과학연구소입구,0,0,0,0,0,3,0,0,0,0,0,0,0,3,0,0,0,0,0,0,0,0,0,0,
655,충남대학교 - 세종고속시외버스터미널,23,안산1통,0,0,0,0,0,0,0,0,0,0,0,0,0,0,2,0,0,0,0,0,0,0,0,0,
655,충남대학교 - 세종고속시외버스터미널,24,안산산성,0,0,0,0,0,0,4,0,0,0,0,0,0,0,0,0,0,0,0,0,0,0,0,0,
655,충남대학교 - 세종고속시외버스터미널,25,안산교,0,0,0,0,0,0,3,0,0,0,0,0,0,0,4,0,0,0,0,0,0,0,0,0,
655,충남대학교 - 세종고속시외버스터미널,26,용담리,0,0,1,0,2,0,0,0,0,0,2,2,0,2,0,0,8,0,0,0,0,0,0,0,
655,충남대학교 - 세종고속시외버스터미널,27,용담1리(옹기마을),0,0,0,0,3,0,1,0,0,0,0,0,0,0,0,0,0,0,0,0,0,0,0,0,
655,충남대학교 - 세종고속시외버스터미널,28,국곡리,0,0,1,1,1,2,4,0,0,0,0,0,0,2,0,0,7,0,0,0,0,0,0,0,
655,충남대학교 - 세종고속시외버스터미널,29,국곡리32사단,0,0,0,3,2,0,0,0,0,0,6,0,0,0,3,0,3,6,1,1,0,0,0,0,
655,충남대학교 - 세종고속시외버스터미널,30,국곡리,0,0,0,0,0,0,0,0,0,3,0,0,0,0,0,0,0,0,0,0,0,0,0,0,
655,충남대학교 - 세종고속시외버스터미널,31,두만리,0,0,0,1,0,0,0,0,0,0,0,0,0,0,0,0,0,0,0,0,0,0,0,0,
655,충남대학교 - 세종고속시외버스터미널,32,두만리(산동마을),0,0,0,0,0,0,0,0,0,4,0,0,0,0,0,0,0,0,0,0,0,0,0,0,
655,충남대학교 - 세종고속시외버스터미널,33,감성리,0,0,0,0,0,0,5,0,0,3,7,4,0,0,0,0,0,0,0,0,0,0,0,0,
655,충남대학교 - 세종고속시외버스터미널,34,감성초등학교,0,0,0,0,0,0,4,0,0,0,0,3,0,3,0,0,0,0,0,0,0,0,0,0,
655,충남대학교 - 세종고속시외버스터미널,35,도암리입구,0,0,0,0,0,0,0,0,0,0,0,0,0,0,0,0,0,5,0,0,0,0,0,0,
655,충남대학교 - 세종고속시외버스터미널,36,발산리,0,0,0,0,0,2,0,0,1,0,0,4,0,0,2,0,1,0,0,0,0,0,0,0,
655,충남대학교 - 세종고속시외버스터미널,37,대평리원형교차로,0,0,0,0,0,3,0,3,3,0,0,0,3,1,2,0,0,0,0,0,0,0,0,0,
655,충남대학교 - 세종고속시외버스터미널,38,금남면사무소,0,0,1,2,4,2,7,0,2,0,6,5,1,3,0,0,3,0,1,2,0,0,0,0,
655,충남대학교 - 세종고속시외버스터미널,39,용포리,0,0,0,4,0,0,7,0,3,2,7,2,2,0,0,0,4,2,0,1,0,0,0,0,
655,충남대학교 - 세종고속시외버스터미널,40,세종고속시외버스터미널,0,0,0,1,1,0,4,2,4,1,1,2,1,3,1,0,1,2,2,1,0,0,0,0,
655,충남대학교 - 세종고속시외버스터미널,41,한솔동(첫마을),0,0,0,0,0,0,3,0,3,0,2,0,0,0,0,0,0,2,2,2,0,0,0,0,
655,충남대학교 - 세종고속시외버스터미널,42,첫마을1단지,0,0,0,0,0,0,0,0,2,0,3,0,0,0,2,1,0,1,0,0,0,0,0,0,
655,충남대학교 - 세종고속시외버스터미널,43,첫마을4단지,0,0,0,0,0,0,1,0,0,0,2,1,0,0,1,0,0,0,0,1,0,0,0,0,
655,충남대학교 - 세종고속시외버스터미널,44,첫마을5단지,0,0,0,0,1,0,0,0,1,1,1,3,0,2,0,0,0,0,0,0,0,0,0,0,
655,충남대학교 - 세종고속시외버스터미널,45,첫마을6단지,0,0,0,2,0,0,0,0,0,0,1,2,1,0,0,0,0,0,0,0,0,0,0,0,
655,충남대학교 - 세종고속시외버스터미널,46,한솔중학교(첫마을7단지),0,0,0,0,0,2,0,0,0,4,0,0,0,0,0,1,0,1,0,0,0,0,0,0,
655,충남대학교 - 세종고속시외버스터미널,47,첫마을3단지,0,0,0,0,0,0,0,0,0,0,0,0,0,0,0,0,0,0,0,0,0,0,0,0,
655,충남대학교 - 세종고속시외버스터미널,48,세종고속시외버스터미널,0,0,0,0,0,0,0,0,0,0,0,0,0,0,0,0,0,0,0,0,0,0,0,0,
655-1,세종고속시외버스터미널 - 충남대학교,1,세종고속시외버스터미널,0,0,0,0,0,0,0,1,0,0,0,0,2,0,0,0,0,0,0,0,0,0,0,0,
655-1,세종고속시외버스터미널 - 충남대학교,2,첫마을3단지,0,0,0,0,1,0,0,0,0,0,0,0,2,0,0,1,0,0,5,0,0,0,0,0,
655-1,세종고속시외버스터미널 - 충남대학교,3,한솔중학교(첫마을7단지),0,0,0,0,0,0,0,2,0,0,0,0,1,1,0,0,0,0,2,0,0,0,0,0,
655-1,세종고속시외버스터미널 - 충남대학교,4,첫마을6단지,0,0,0,0,2,0,1,0,0,2,0,0,2,0,0,0,0,0,0,0,0,0,0,0,
655-1,세종고속시외버스터미널 - 충남대학교,5,첫마을5단지,0,0,0,0,1,1,1,0,0,0,0,1,0,0,4,0,1,0,0,0,0,0,0,0,
655-1,세종고속시외버스터미널 - 충남대학교,6,첫마을4단지,0,0,0,0,0,0,0,0,0,0,0,0,1,0,5,0,0,0,0,0,0,0,0,0,
655-1,세종고속시외버스터미널 - 충남대학교,7,첫마을1단지,0,0,0,0,0,0,2,1,1,0,0,1,1,1,1,0,0,0,0,0,0,0,0,0,
655-1,세종고속시외버스터미널 - 충남대학교,8,한솔동(첫마을),0,0,0,1,0,0,0,1,2,0,0,3,0,0,1,1,2,1,0,0,0,0,0,0,
655-1,세종고속시외버스터미널 - 충남대학교,9,세종고속시외버스터미널,0,0,1,0,4,1,1,0,0,1,1,4,5,3,3,3,3,5,1,0,0,0,0,0,
655-1,세종고속시외버스터미널 - 충남대학교,10,용포리,0,0,0,0,0,2,0,3,0,1,0,0,3,0,2,4,4,5,2,0,0,0,0,0,
655-1,세종고속시외버스터미널 - 충남대학교,11,금남면사무소,0,0,0,2,3,1,3,0,1,1,0,2,0,1,0,0,0,2,0,0,0,0,0,0,
655-1,세종고속시외버스터미널 - 충남대학교,12,대평리원형교차로,0,0,0,5,4,0,2,0,1,0,2,0,0,0,0,0,0,0,1,0,0,0,0,0,
655-1,세종고속시외버스터미널 - 충남대학교,13,발산리,0,0,0,0,3,0,0,0,0,0,0,0,0,0,0,0,0,0,0,0,0,0,0,0,
655-1,세종고속시외버스터미널 - 충남대학교,14,도암리입구,0,0,0,0,0,0,0,0,0,0,0,0,0,0,0,0,0,0,0,0,0,0,0,0,
655-1,세종고속시외버스터미널 - 충남대학교,15,감성초등학교,0,0,0,0,0,0,1,0,0,1,0,0,0,0,0,0,0,0,0,0,0,0,0,0,
655-1,세종고속시외버스터미널 - 충남대학교,16,감성리,0,0,0,6,0,2,3,0,0,0,0,0,0,0,0,0,0,1,0,0,0,0,0,0,
655-1,세종고속시외버스터미널 - 충남대학교,17,두만리(산동마을),0,0,0,0,2,0,0,0,0,0,0,0,0,0,0,0,0,0,0,0,0,0,0,0,
655-1,세종고속시외버스터미널 - 충남대학교,18,두만리,0,0,0,0,3,0,0,0,0,0,0,0,0,0,0,0,0,0,0,0,0,0,0,0,
655-1,세종고속시외버스터미널 - 충남대학교,19,국곡리,0,0,0,0,0,3,0,0,0,0,0,0,0,2,0,0,1,4,0,0,0,0,0,0,
655-1,세종고속시외버스터미널 - 충남대학교,20,국곡리32사단,0,0,0,12,4,4,2,4,0,1,2,0,0,3,1,3,0,3,0,0,0,0,0,0,
655-1,세종고속시외버스터미널 - 충남대학교,21,국곡리,0,0,0,12,4,4,2,4,0,1,2,0,0,3,1,3,0,3,0,0,0,0,0,0,
655-1,세종고속시외버스터미널 - 충남대학교,22,용담1리(옹기마을),0,0,0,0,0,0,0,3,0,2,3,0,0,2,0,0,0,0,0,0,0,0,0,0,
655-1,세종고속시외버스터미널 - 충남대학교,23,용담리,0,0,1,0,0,0,3,4,2,0,4,0,4,0,3,0,0,0,0,0,0,0,0,0,
655-1,세종고속시외버스터미널 - 충남대학교,24,안산교,0,0,1,0,0,0,3,4,2,0,4,0,4,0,3,0,0,0,0,0,0,0,0,0,
655-1,세종고속시외버스터미널 - 충남대학교,25,안산산성,0,0,0,0,0,0,0,0,0,0,3,0,0,0,0,0,0,0,0,0,0,0,0,0,
655-1,세종고속시외버스터미널 - 충남대학교,26,안산1통,0,0,0,0,5,0,0,0,0,0,0,0,0,0,0,2,0,0,0,0,0,0,0,0,
655-1,세종고속시외버스터미널 - 충남대학교,27,국방과학연구소입구,0,0,0,0,0,0,0,4,0,0,0,3,0,3,4,0,0,0,0,0,0,0,0,0,
655-1,세종고속시외버스터미널 - 충남대학교,28,외삼1통,0,0,0,0,0,0,0,0,0,0,0,0,0,2,0,0,0,0,0,0,0,0,0,0,
655-1,세종고속시외버스터미널 - 충남대학교,29,반석마을입구,0,0,0,3,0,0,0,5,0,0,0,0,3,0,0,0,4,0,1,0,0,0,0,0,
655-1,세종고속시외버스터미널 - 충남대학교,30,반석역,0,0,2,0,5,3,3,4,3,2,5,3,5,2,0,4,3,3,4,0,0,0,0,0,
655-1,세종고속시외버스터미널 - 충남대학교,31,반석네거리,0,0,0,0,6,2,0,0,4,0,0,4,0,0,0,0,4,2,7,0,0,0,0,0,
655-1,세종고속시외버스터미널 - 충남대학교,32,지족역,0,0,3,0,0,0,0,0,0,0,0,0,4,0,0,0,0,0,0,0,0,0,0,0,
655-1,세종고속시외버스터미널 - 충남대학교,33,노은도서관,0,0,0,2,0,0,0,3,0,0,0,0,4,0,0,0,0,3,5,0,0,0,0,0,
655-1,세종고속시외버스터미널 - 충남대학교,34,지족초등학교,0,0,0,0,0,0,5,6,4,1,6,5,5,0,6,3,0,0,6,0,0,0,0,0,
655-1,세종고속시외버스터미널 - 충남대학교,35,노은역,0,0,3,0,5,1,4,2,5,1,5,6,6,4,0,6,4,4,5,0,0,0,0,0,
655-1,세종고속시외버스터미널 - 충남대학교,36,월드컵경기장역,0,0,0,0,0,0,3,0,0,0,6,5,0,6,0,5,6,0,4,0,0,0,0,0,
655-1,세종고속시외버스터미널 - 충남대학교,37,노은농수산물시장,0,0,1,0,6,0,0,0,0,0,0,4,4,0,8,7,0,0,0,0,0,0,0,0,
655-1,세종고속시외버스터미널 - 충남대학교,38,KT유성지사,0,0,0,0,3,3,2,5,3,1,5,4,0,4,0,5,5,0,0,0,0,0,0,0,
655-1,세종고속시외버스터미널 - 충남대학교,39,유성고속터미널,0,0,0,1,3,1,1,5,3,2,2,1,3,4,6,2,0,2,3,0,0,0,0,0,
655-1,세종고속시외버스터미널 - 충남대학교,40,봉명동우체국,0,0,0,0,1,0,2,2,0,1,1,0,0,3,2,1,4,3,2,0,0,0,0,0,
655-1,세종고속시외버스터미널 - 충남대학교,41,유성온천역7번출구,0,0,0,0,0,0,1,2,2,0,2,0,2,1,0,4,2,0,0,0,0,0,0,0,
655-1,세종고속시외버스터미널 - 충남대학교,42,온천교,0,0,0,0,0,0,0,0,1,0,0,0,0,0,0,0,0,0,0,0,0,0,0,0,
655-1,세종고속시외버스터미널 - 충남대학교,43,충남대학교,0,0,0,0,0,0,0,0,0,0,0,0,0,0,0,0,0,0,0,0,0,0,0,0,
66,비래동종점 - 비래동종점,1,비래동종점,0,0,0,1,1,0,0,0,0,0,0,0,0,0,0,0,0,0,0,0,0,0,0,0,
66,비래동종점 - 비래동종점,2,비래동,0,0,0,0,0,1,0,0,0,0,0,0,0,0,0,0,0,0,0,0,0,0,0,0,
66,비래동종점 - 비래동종점,3,금성백조아파트,0,0,0,0,0,0,0,0,0,0,0,0,0,6,0,0,0,0,0,0,0,0,0,0,
66,비래동종점 - 비래동종점,4,길치근린공원,0,0,0,0,0,0,1,1,0,0,0,0,0,0,0,0,0,0,0,0,0,0,0,0,
66,비래동종점 - 비래동종점,5,명석고등학교,0,0,0,0,0,0,2,2,0,0,0,0,1,0,0,0,0,0,0,0,0,0,0,0,
66,비래동종점 - 비래동종점,6,한국폴리텍대학,0,0,0,0,0,0,0,0,0,0,0,0,3,0,0,0,0,0,0,0,0,0,0,0,
66,비래동종점 - 비래동종점,7,대전보건대학교,0,0,0,2,2,0,3,0,0,0,0,1,2,0,0,1,0,0,0,0,0,0,0,0,
66,비래동종점 - 비래동종점,8,가양동우체국,0,2,0,0,3,0,0,0,0,0,0,0,0,0,0,0,0,0,0,0,0,0,0,0,
66,비래동종점 - 비래동종점,9,가양초등학교,0,0,0,0,0,1,2,2,0,0,2,0,2,0,0,0,0,0,0,0,0,0,0,0,
66,비래동종점 - 비래동종점,10,석촌마을아파트,0,0,0,0,0,0,1,2,0,0,1,0,1,0,0,2,1,0,1,0,0,0,0,0,
66,비래동종점 - 비래동종점,11,성남네거리,0,1,0,1,2,0,0,0,0,0,0,1,3,0,0,3,0,0,0,0,0,0,0,0,
66,비래동종점 - 비래동종점,12,효촌마을아파트,0,0,0,0,0,0,1,3,0,0,0,0,0,0,0,0,0,0,0,0,0,0,0,0,
66,비래동종점 - 비래동종점,13,복합터미널,0,0,0,1,1,2,2,1,4,3,0,5,6,3,5,11,6,6,6,0,0,0,0,0,
66,비래동종점 - 비래동종점,14,동부네거리,0,0,0,0,0,3,0,2,0,5,0,0,7,4,0,10,0,8,0,0,0,0,0,0,
66,비래동종점 - 비래동종점,15,가양중학교입구,0,0,0,0,0,0,0,3,0,0,0,2,0,0,0,0,0,0,0,0,0,0,0,0,
66,비래동종점 - 비래동종점,16,한신휴플러스,0,0,0,0,0,4,1,0,0,7,2,2,9,0,0,9,2,7,0,0,0,0,0,0,
66,비래동종점 - 비래동종점,17,삼호아파트,0,0,0,1,2,0,0,0,5,6,0,0,9,3,5,11,0,6,4,0,0,0,0,0,
66,비래동종점 - 비래동종점,18,삼호아파트,0,0,0,0,0,3,0,0,0,0,0,0,0,0,0,0,0,0,0,0,0,0,0,0,
66,비래동종점 - 비래동종점,19,평화아파트,0,0,0,0,3,6,1,2,5,7,0,0,0,2,5,0,4,7,4,0,0,0,0,0,
66,비래동종점 - 비래동종점,20,길치근린공원네거리,0,0,0,2,2,3,2,0,6,10,3,4,10,0,0,0,0,0,0,0,0,0,0,0,
66,비래동종점 - 비래동종점,21,대전대학교동문,0,0,1,0,0,6,0,0,4,8,0,0,9,3,4,5,1,4,2,0,0,0,0,0,
66,비래동종점 - 비래동종점,22,대전대학교,0,0,0,0,1,0,0,0,0,7,0,0,6,0,0,1,0,3,1,0,0,0,0,0,
66,비래동종점 - 비래동종점,23,새울,0,0,0,3,0,4,2,0,3,8,0,5,0,2,0,2,0,2,2,0,0,0,0,0,
66,비래동종점 - 비래동종점,24,에코포레아파트,0,0,0,2,0,0,4,3,0,0,0,2,7,2,4,0,0,1,1,0,0,0,0,0,
66,비래동종점 - 비래동종점,25,용운국제수영장,0,0,0,0,0,5,0,0,4,0,0,0,9,3,5,0,0,0,0,0,0,0,0,0,
66,비래동종점 - 비래동종점,26,판암동성당,0,0,0,0,0,0,3,0,6,0,0,4,9,0,0,0,0,0,0,0,0,0,0,0,
66,비래동종점 - 비래동종점,27,판암네거리,0,0,0,0,0,4,0,1,3,0,0,2,0,0,3,0,2,0,0,0,0,0,0,0,
66,비래동종점 - 비래동종점,28,판암역,0,0,1,2,0,3,3,3,5,10,1,4,6,4,4,1,3,2,1,0,0,0,0,0,
66,비래동종점 - 비래동종점,29,동구청,0,0,0,0,1,1,1,2,1,8,0,2,5,0,2,0,2,1,0,0,0,0,0,0,
66,비래동종점 - 비래동종점,30,가오고등학교,0,0,0,0,0,0,1,0,4,4,1,3,4,8,0,1,2,1,1,1,0,0,0,0,
66,비래동종점 - 비래동종점,31,가오동,0,0,0,0,0,0,0,1,3,0,0,0,3,0,0,0,0,2,0,0,0,0,0,0,
66,비래동종점 - 비래동종점,32,천동주공아파트,0,0,0,0,0,0,0,0,0,2,0,0,2,5,0,0,0,0,0,0,0,0,0,0,
66,비래동종점 - 비래동종점,33,천동휴먼시아,0,0,0,2,2,1,0,0,1,4,2,2,4,4,0,0,0,0,0,0,0,0,0,0,
66,비래동종점 - 비래동종점,34,천동초등학교,0,0,0,1,1,0,0,0,0,4,2,1,0,2,0,0,0,0,0,0,0,0,0,0,
66,비래동종점 - 비래동종점,35,신흥역,0,0,0,0,0,0,0,0,0,1,0,0,0,0,0,0,0,0,0,0,0,0,0,0,
66,비래동종점 - 비래동종점,36,판암근린공원,0,0,0,0,0,0,0,0,0,1,0,0,0,0,0,0,0,0,0,0,0,0,0,0,
66,비래동종점 - 비래동종점,37,미리내아파트,0,0,0,0,0,0,1,0,0,0,0,0,1,1,0,0,0,0,0,0,0,0,0,0,
66,비래동종점 - 비래동종점,38,판암역종점,0,0,0,0,0,0,1,1,0,0,1,2,4,0,1,0,0,2,0,0,0,0,0,0,
66,비래동종점 - 비래동종점,39,판암역,0,0,0,0,1,2,3,0,3,2,0,0,0,3,0,0,1,2,2,0,0,0,0,0,
66,비래동종점 - 비래동종점,40,판암동성당,0,0,0,0,0,2,0,0,0,0,2,0,0,0,1,0,0,0,0,0,0,0,0,0,
66,비래동종점 - 비래동종점,41,용운국제수영장,0,0,0,0,0,0,0,0,0,0,0,3,3,2,0,0,0,0,0,0,0,0,0,0,
66,비래동종점 - 비래동종점,42,복음아파트,0,0,1,0,0,0,3,0,3,2,1,0,1,4,0,0,0,0,3,0,0,0,0,0,
66,비래동종점 - 비래동종점,43,새울,0,0,0,0,0,0,5,0,0,0,0,2,0,0,0,0,0,0,0,0,0,0,0,0,
66,비래동종점 - 비래동종점,44,대전대학교,0,0,0,2,0,0,0,0,4,0,2,3,0,6,0,0,0,0,0,0,0,0,0,0,
66,비래동종점 - 비래동종점,45,대전대학교동문,0,0,0,0,1,0,0,0,0,3,1,0,0,7,2,0,0,1,0,0,0,0,0,0,
66,비래동종점 - 비래동종점,46,길치근린공원네거리,0,0,0,0,0,1,3,2,0,2,0,3,0,6,0,1,0,0,2,0,0,0,0,0,
66,비래동종점 - 비래동종점,47,평화아파트,0,0,0,0,0,1,0,1,2,0,0,0,1,3,0,0,0,0,0,0,0,0,0,0,
66,비래동종점 - 비래동종점,48,삼호아파트,0,0,0,0,0,0,2,0,0,0,0,0,0,0,0,0,1,0,0,0,0,0,0,0,
66,비래동종점 - 비래동종점,49,한신휴플러스,0,0,1,0,1,0,0,0,3,1,4,0,0,0,3,3,1,0,1,0,0,0,0,0,
66,비래동종점 - 비래동종점,50,적십자혈액원,0,0,0,0,0,0,0,0,0,0,0,0,0,0,0,0,0,0,0,0,0,0,0,0,
66,비래동종점 - 비래동종점,51,동부네거리,0,0,0,0,0,0,0,0,0,3,0,2,0,0,6,3,0,0,0,0,0,0,0,0,
66,비래동종점 - 비래동종점,52,복합터미널,0,0,0,0,0,0,0,0,2,0,1,0,0,0,6,2,1,0,0,0,0,0,0,0,
66,비래동종점 - 비래동종점,53,효촌마을아파트,0,0,0,0,0,0,0,0,0,0,0,0,0,0,0,1,0,0,0,0,0,0,0,0,
66,비래동종점 - 비래동종점,54,스마트뷰아파트,0,0,0,0,0,0,0,0,0,0,0,0,0,0,0,2,0,0,0,0,0,0,0,0,
66,비래동종점 - 비래동종점,55,성남네거리,0,0,0,0,0,0,0,0,0,1,0,0,0,0,4,1,1,0,0,0,0,0,0,0,
66,비래동종점 - 비래동종점,56,아침마을아파트,0,0,0,0,0,0,1,0,0,2,0,0,0,0,0,0,0,0,0,0,0,0,0,0,
66,비래동종점 - 비래동종점,57,가양초등학교,0,0,0,1,0,0,1,0,0,0,0,1,0,0,2,0,0,0,1,0,0,0,0,0,
66,비래동종점 - 비래동종점,58,가양네거리,0,0,0,0,0,0,1,0,0,0,0,0,0,0,0,0,0,0,0,0,0,0,0,0,
66,비래동종점 - 비래동종점,59,대전보건대학교,0,0,0,0,0,0,0,0,1,0,0,0,0,0,0,0,0,0,0,0,0,0,0,0,
66,비래동종점 - 비래동종점,60,한국폴리텍대학,0,0,0,0,0,0,0,0,0,0,0,0,0,0,0,0,0,0,0,0,0,0,0,0,
66,비래동종점 - 비래동종점,61,명석고등학교,0,0,0,0,0,0,0,0,0,0,0,0,0,0,0,0,0,0,0,0,0,0,0,0,
66,비래동종점 - 비래동종점,62,길치근린공원,0,0,0,0,0,0,0,0,0,0,0,0,0,0,0,0,0,0,0,0,0,0,0,0,
66,비래동종점 - 비래동종점,63,금성백조아파트,0,0,0,0,0,0,0,0,0,0,0,0,0,0,0,0,0,0,0,0,0,0,0,0,
66,비래동종점 - 비래동종점,64,비래동,0,0,0,0,0,0,0,0,0,0,0,0,0,0,0,0,0,0,0,0,0,0,0,0,
66,비래동종점 - 비래동종점,65,비래동종점,0,0,0,0,0,0,0,0,0,0,0,0,0,0,0,0,0,0,0,0,0,0,0,0,
661,세종고속시외버스터미널 - 송강마을아파트,1,세종고속시외버스터미널,0,0,0,0,0,0,0,0,0,0,0,0,0,0,1,0,0,0,0,0,0,0,0,0,
661,세종고속시외버스터미널 - 송강마을아파트,2,용포리,0,0,0,1,0,0,0,0,0,0,0,0,0,0,0,0,0,0,0,0,0,0,0,0,
661,세종고속시외버스터미널 - 송강마을아파트,3,금남초등학교,0,0,0,1,0,0,0,0,0,0,0,0,0,0,0,0,0,0,0,0,0,0,0,0,
661,세종고속시외버스터미널 - 송강마을아파트,4,신촌리,0,0,0,1,0,0,0,0,0,0,0,0,0,0,0,0,0,0,0,0,0,0,0,0,
661,세종고속시외버스터미널 - 송강마을아파트,5,호탄리,0,0,0,1,0,0,0,0,0,0,0,0,0,0,0,0,0,0,0,0,0,0,0,0,
661,세종고속시외버스터미널 - 송강마을아파트,6,장영실고등학교.호탄리(안터),0,0,0,1,0,0,0,0,0,0,0,0,0,0,0,0,0,0,0,0,0,0,0,0,
661,세종고속시외버스터미널 - 송강마을아파트,7,장재리,0,0,0,1,0,0,0,0,0,0,0,0,0,0,0,0,0,0,0,0,0,0,0,0,
661,세종고속시외버스터미널 - 송강마을아파트,8,장재1리,0,0,0,1,0,0,0,0,0,0,0,0,0,0,0,0,0,0,0,0,0,0,0,0,
661,세종고속시외버스터미널 - 송강마을아파트,9,장재리(태련암입구),0,0,0,1,0,0,0,0,0,0,0,0,0,0,0,0,0,0,0,0,0,0,0,0,
661,세종고속시외버스터미널 - 송강마을아파트,10,장재리(길재고개),0,0,0,1,0,0,0,0,0,0,0,0,0,0,0,0,0,0,0,0,0,0,0,0,
661,세종고속시외버스터미널 - 송강마을아파트,11,황용2리,0,0,0,1,0,0,0,0,0,0,0,0,0,0,0,0,0,0,0,0,0,0,0,0,
661,세종고속시외버스터미널 - 송강마을아파트,12,남곡리마을회관,0,0,0,1,0,0,0,0,0,0,0,0,0,0,0,0,0,0,0,0,0,0,0,0,
661,세종고속시외버스터미널 - 송강마을아파트,13,황용2리,0,0,0,1,0,0,0,0,0,0,0,0,0,0,0,0,0,0,0,0,0,0,0,0,
661,세종고속시외버스터미널 - 송강마을아파트,14,황용리(황용1교),0,0,0,1,0,0,0,0,0,0,0,0,0,0,0,0,0,0,0,0,0,0,0,0,
661,세종고속시외버스터미널 - 송강마을아파트,15,황용리삼성복지회관,0,0,0,1,0,0,0,0,0,0,0,0,0,0,0,0,0,0,0,0,0,0,0,0,
661,세종고속시외버스터미널 - 송강마을아파트,16,황용사,0,0,0,1,0,0,0,0,0,0,0,0,0,0,0,0,0,0,0,0,0,0,0,0,
661,세종고속시외버스터미널 - 송강마을아파트,17,영대리,0,0,0,2,0,0,0,0,0,0,0,0,0,0,0,0,0,0,0,0,0,0,0,0,
661,세종고속시외버스터미널 - 송강마을아파트,18,영대1리마을회관,0,0,0,1,0,0,0,0,0,0,0,0,0,0,0,0,0,0,0,0,0,0,0,0,
661,세종고속시외버스터미널 - 송강마을아파트,19,달전리(한울농장),0,0,0,1,0,0,0,0,0,0,0,0,0,0,0,0,0,0,0,0,0,0,0,0,
661,세종고속시외버스터미널 - 송강마을아파트,20,달전리,0,0,0,1,0,0,0,0,0,0,0,0,0,0,0,0,0,0,0,0,0,0,0,0,
661,세종고속시외버스터미널 - 송강마을아파트,21,달전리마을회관,0,0,0,1,0,0,0,0,0,0,0,0,0,0,0,0,0,0,0,0,0,0,0,0,
661,세종고속시외버스터미널 - 송강마을아파트,22,망골,0,0,0,1,0,0,0,0,0,0,0,0,0,0,0,0,0,0,0,0,0,0,0,0,
661,세종고속시외버스터미널 - 송강마을아파트,23,둔곡3교,0,0,0,1,0,0,0,0,0,0,0,0,0,0,0,0,0,0,0,0,0,0,0,0,
661,세종고속시외버스터미널 - 송강마을아파트,24,둔곡동,0,0,0,1,0,0,0,0,0,0,0,0,0,0,0,0,0,0,0,0,0,0,0,0,
661,세종고속시외버스터미널 - 송강마을아파트,25,서한이다음2단지,0,0,0,1,0,0,0,0,0,0,0,0,0,0,0,0,0,0,0,0,0,0,0,0,
661,세종고속시외버스터미널 - 송강마을아파트,26,구룡2통,0,0,0,1,0,0,0,0,0,0,0,0,0,0,0,0,0,0,0,0,0,0,0,0,
661,세종고속시외버스터미널 - 송강마을아파트,27,구룡,0,0,0,1,0,0,0,0,0,0,0,0,0,0,0,0,0,0,0,0,0,0,0,0,
661,세종고속시외버스터미널 - 송강마을아파트,28,구즉초등학교,0,0,0,0,0,0,0,0,0,0,0,0,0,0,0,0,0,0,0,0,0,0,0,0,
661,세종고속시외버스터미널 - 송강마을아파트,29,구즉동주민센터입구,0,0,0,0,0,0,0,0,0,0,0,0,0,0,0,0,0,0,0,0,0,0,0,0,
661,세종고속시외버스터미널 - 송강마을아파트,30,송강마을아파트,0,0,0,0,0,0,0,0,0,0,0,0,0,0,0,0,0,0,0,0,0,0,0,0,
69-1,신동2통 - 세종고속시외버스터미널,1,신동2통,0,0,0,0,0,0,0,0,0,0,0,0,0,0,0,0,0,0,0,0,0,0,0,0,
69-1,신동2통 - 세종고속시외버스터미널,2,신동,0,0,0,0,0,0,0,0,0,0,0,0,0,0,0,0,0,0,0,0,0,0,0,0,
69-1,신동2통 - 세종고속시외버스터미널,3,신동1통,0,0,0,0,0,0,0,0,0,0,0,0,0,0,0,0,0,0,0,0,0,0,0,0,
69-1,신동2통 - 세종고속시외버스터미널,4,박산고개,0,0,0,0,0,0,0,0,0,0,0,0,0,0,0,0,0,0,0,0,0,0,0,0,
69-1,신동2통 - 세종고속시외버스터미널,5,박산리,0,0,0,0,0,0,0,0,0,0,0,0,0,0,0,0,0,0,0,0,0,0,0,0,
69-1,신동2통 - 세종고속시외버스터미널,6,박산리(작약골),0,0,0,0,0,0,0,0,0,0,0,0,0,0,0,0,0,0,0,0,0,0,0,0,
69-1,신동2통 - 세종고속시외버스터미널,7,대박리,0,0,0,0,0,0,0,0,0,0,0,0,0,0,0,0,0,0,0,0,0,0,0,0,
69-1,신동2통 - 세종고속시외버스터미널,8,대박리(광덕사),0,0,0,0,0,0,0,0,0,0,0,0,0,0,0,0,0,0,0,0,0,0,0,0,
69-1,신동2통 - 세종고속시외버스터미널,9,초정약수터,0,0,0,0,0,0,0,0,0,0,0,0,0,0,0,0,0,0,0,0,0,0,0,0,
69-1,신동2통 - 세종고속시외버스터미널,10,황용리삼성복지회관,0,0,0,0,0,0,0,0,0,0,0,0,0,0,0,0,0,0,0,0,0,0,0,0,
69-1,신동2통 - 세종고속시외버스터미널,11,황용리(황용1교),0,0,0,0,0,0,0,0,0,0,0,0,0,0,0,0,0,0,0,0,0,0,0,0,
69-1,신동2통 - 세종고속시외버스터미널,12,장재리(길재고개),0,0,0,0,0,0,0,0,0,0,0,0,0,0,0,0,0,0,0,0,0,0,0,0,
69-1,신동2통 - 세종고속시외버스터미널,13,장재리(태련암입구),0,0,0,0,0,0,0,0,0,0,0,0,0,0,0,0,0,0,0,0,0,0,0,0,
69-1,신동2통 - 세종고속시외버스터미널,14,장재1리,0,0,0,0,0,0,0,0,0,0,0,0,0,0,0,0,0,0,0,0,0,0,0,0,
69-1,신동2통 - 세종고속시외버스터미널,15,장재리,0,0,0,0,0,0,0,0,0,0,0,0,0,0,0,0,0,0,0,0,0,0,0,0,
69-1,신동2통 - 세종고속시외버스터미널,16,장영실고등학교.호탄리(안터),0,0,0,0,0,0,0,0,0,0,1,0,0,0,0,0,0,0,0,0,0,0,0,0,
69-1,신동2통 - 세종고속시외버스터미널,17,호탄리,0,0,0,0,0,0,0,0,0,0,1,0,0,0,0,0,0,0,0,0,0,0,0,0,
69-1,신동2통 - 세종고속시외버스터미널,18,신촌리,0,0,0,0,0,0,0,0,0,0,1,0,0,0,0,0,0,0,0,0,0,0,0,0,
69-1,신동2통 - 세종고속시외버스터미널,19,금남초등학교,0,0,0,0,0,0,0,0,0,0,1,0,0,0,0,0,0,0,0,0,0,0,0,0,
69-1,신동2통 - 세종고속시외버스터미널,20,용포리,0,0,0,0,0,0,0,0,0,0,1,0,0,0,0,0,0,0,0,0,0,0,0,0,
69-1,신동2통 - 세종고속시외버스터미널,21,세종고속시외버스터미널,0,0,0,0,0,0,0,0,0,0,0,0,0,0,0,0,0,0,0,0,0,0,0,0,
691,세종고속시외버스터미널 - 송강마을아파트,1,세종고속시외버스터미널,0,0,0,0,0,0,0,0,0,0,0,2,0,1,0,0,0,0,0,0,0,0,0,0,
691,세종고속시외버스터미널 - 송강마을아파트,2,용포리,0,0,0,0,0,0,0,0,0,0,0,0,0,2,0,0,0,0,0,0,0,0,0,0,
691,세종고속시외버스터미널 - 송강마을아파트,3,금남초등학교,0,0,0,0,0,0,0,0,0,0,0,0,0,2,0,0,0,0,0,0,0,0,0,0,
691,세종고속시외버스터미널 - 송강마을아파트,4,신촌리,0,0,0,0,0,0,0,0,0,0,0,0,0,2,0,0,0,0,0,0,0,0,0,0,
691,세종고속시외버스터미널 - 송강마을아파트,5,호탄리,0,0,0,0,0,0,0,0,0,0,0,0,0,2,0,0,0,0,0,0,0,0,0,0,
691,세종고속시외버스터미널 - 송강마을아파트,6,장영실고등학교.호탄리(안터),0,0,0,0,0,0,0,0,0,0,0,0,0,2,0,0,0,0,0,0,0,0,0,0,
691,세종고속시외버스터미널 - 송강마을아파트,7,장재리,0,0,0,0,0,0,0,0,0,0,0,0,0,2,0,0,0,0,0,0,0,0,0,0,
691,세종고속시외버스터미널 - 송강마을아파트,8,장재1리,0,0,0,0,0,0,0,0,0,0,0,0,0,2,0,0,0,0,0,0,0,0,0,0,
691,세종고속시외버스터미널 - 송강마을아파트,9,장재리(태련암입구),0,0,0,0,0,0,0,0,0,0,0,0,0,2,0,0,0,0,0,0,0,0,0,0,
691,세종고속시외버스터미널 - 송강마을아파트,10,장재리(길재고개),0,0,0,0,0,0,0,0,0,0,0,0,0,2,0,0,0,0,0,0,0,0,0,0,
691,세종고속시외버스터미널 - 송강마을아파트,11,황용리(황용1교),0,0,0,0,0,0,0,0,0,0,0,0,0,2,0,0,0,0,0,0,0,0,0,0,
691,세종고속시외버스터미널 - 송강마을아파트,12,황용리삼성복지회관,0,0,0,0,0,0,0,0,0,0,0,0,0,2,0,0,0,0,0,0,0,0,0,0,
691,세종고속시외버스터미널 - 송강마을아파트,13,초정약수터,0,0,0,0,0,0,0,0,0,0,0,0,0,2,0,0,0,0,0,0,0,0,0,0,
691,세종고속시외버스터미널 - 송강마을아파트,14,대박리(광덕사),0,0,0,0,0,0,0,0,0,0,0,0,0,1,0,0,0,0,0,0,0,0,0,0,
691,세종고속시외버스터미널 - 송강마을아파트,15,대박리,0,0,0,0,0,0,0,0,0,0,0,0,0,0,0,0,0,0,0,0,0,0,0,0,
691,세종고속시외버스터미널 - 송강마을아파트,16,박산리(작약골),0,0,0,0,0,0,0,0,0,0,0,0,0,1,0,0,0,0,0,0,0,0,0,0,
691,세종고속시외버스터미널 - 송강마을아파트,17,박산리,0,0,0,0,0,0,0,0,0,0,0,0,0,1,0,0,0,0,0,0,0,0,0,0,
691,세종고속시외버스터미널 - 송강마을아파트,18,박산고개,0,0,0,0,0,0,0,0,0,0,0,0,0,1,0,0,0,0,0,0,0,0,0,0,
691,세종고속시외버스터미널 - 송강마을아파트,19,신동1통,0,0,0,0,0,0,0,0,0,0,0,0,0,1,0,0,0,0,0,0,0,0,0,0,
691,세종고속시외버스터미널 - 송강마을아파트,20,신동,0,0,0,0,0,0,0,0,0,0,0,0,0,1,0,0,0,0,0,0,0,0,0,0,
691,세종고속시외버스터미널 - 송강마을아파트,21,신동2통,0,0,0,0,0,0,0,0,0,0,0,0,0,1,0,0,0,0,0,0,0,0,0,0,
691,세종고속시외버스터미널 - 송강마을아파트,22,대동금탄동입구,0,0,0,0,0,0,0,0,0,0,0,0,0,1,0,0,0,0,0,0,0,0,0,0,
691,세종고속시외버스터미널 - 송강마을아파트,23,금고동,0,0,0,0,0,0,0,0,0,0,0,0,0,1,0,0,0,0,0,0,0,0,0,0,
691,세종고속시외버스터미널 - 송강마을아파트,24,금고1통,0,0,0,0,0,0,0,0,0,0,0,0,0,1,0,0,0,0,0,0,0,0,0,0,
691,세종고속시외버스터미널 - 송강마을아파트,25,금고동매립장,0,0,0,0,0,0,0,0,0,0,0,0,0,1,0,0,0,0,0,0,0,0,0,0,
691,세종고속시외버스터미널 - 송강마을아파트,26,금고2통,0,0,0,0,0,0,0,0,0,0,0,0,0,1,0,0,0,0,0,0,0,0,0,0,
691,세종고속시외버스터미널 - 송강마을아파트,27,협진운수,0,0,0,0,0,0,0,0,0,0,0,0,0,1,0,0,0,0,0,0,0,0,0,0,
691,세종고속시외버스터미널 - 송강마을아파트,28,대광로제비앙아파트,0,0,0,0,0,0,0,0,0,0,0,0,0,0,0,0,0,0,0,0,0,0,0,0,
691,세종고속시외버스터미널 - 송강마을아파트,29,구즉동주민센터입구,0,0,0,0,0,0,0,0,0,0,0,0,0,0,0,0,0,0,0,0,0,0,0,0,
691,세종고속시외버스터미널 - 송강마을아파트,30,송강마을아파트,0,0,0,0,0,0,0,0,0,0,0,0,0,0,0,0,0,0,0,0,0,0,0,0,
691-1,송강마을아파트 - 세종고속시외버스터미널,1,송강마을아파트,0,0,1,0,0,0,0,0,0,0,0,0,0,0,0,0,0,0,0,0,0,0,0,0,
691-1,송강마을아파트 - 세종고속시외버스터미널,2,구즉동주민센터입구,0,0,2,0,0,0,0,0,0,1,0,0,0,0,0,0,0,0,0,0,0,0,0,0,
691-1,송강마을아파트 - 세종고속시외버스터미널,3,대광로제비앙아파트,0,0,3,0,0,0,0,0,0,0,0,0,0,0,0,0,0,0,0,0,0,0,0,0,
691-1,송강마을아파트 - 세종고속시외버스터미널,4,협진운수,0,0,3,0,0,0,0,0,0,0,0,0,0,0,0,0,0,0,0,0,0,0,0,0,
691-1,송강마을아파트 - 세종고속시외버스터미널,5,금고2통,0,0,0,0,0,0,0,0,0,0,0,0,1,0,0,0,0,0,0,0,0,0,0,0,
691-1,송강마을아파트 - 세종고속시외버스터미널,6,금고동매립장,0,0,0,0,0,0,0,0,0,0,0,0,1,0,0,0,0,0,0,0,0,0,0,0,
691-1,송강마을아파트 - 세종고속시외버스터미널,7,금고1통,0,0,0,0,0,0,0,0,0,0,0,0,1,0,0,0,0,0,0,0,0,0,0,0,
691-1,송강마을아파트 - 세종고속시외버스터미널,8,금고동,0,0,0,0,0,0,0,0,0,0,0,0,2,0,0,0,0,0,0,0,0,0,0,0,
691-1,송강마을아파트 - 세종고속시외버스터미널,9,대동금탄동입구,0,0,2,0,0,0,0,0,0,0,0,0,0,0,0,0,0,0,0,0,0,0,0,0,
691-1,송강마을아파트 - 세종고속시외버스터미널,10,신동2통,0,0,2,0,0,0,0,0,0,0,0,0,0,0,0,0,0,0,0,0,0,0,0,0,
691-1,송강마을아파트 - 세종고속시외버스터미널,11,신동,0,0,2,0,0,0,0,0,0,0,0,0,0,0,0,0,0,0,0,0,0,0,0,0,
691-1,송강마을아파트 - 세종고속시외버스터미널,12,신동1통,0,0,2,0,0,0,0,0,0,0,0,0,0,0,0,0,0,0,0,0,0,0,0,0,
691-1,송강마을아파트 - 세종고속시외버스터미널,13,박산고개,0,0,2,0,0,0,0,0,0,0,0,0,0,0,0,0,0,0,0,0,0,0,0,0,
691-1,송강마을아파트 - 세종고속시외버스터미널,14,박산리,0,0,2,0,0,0,0,0,0,0,0,0,0,0,0,0,0,0,0,0,0,0,0,0,
691-1,송강마을아파트 - 세종고속시외버스터미널,15,박산리(작약골),0,0,2,0,0,0,0,0,0,0,0,0,0,0,0,0,0,0,0,0,0,0,0,0,
691-1,송강마을아파트 - 세종고속시외버스터미널,16,대박리,0,0,2,0,0,0,0,0,0,0,0,0,0,0,0,0,0,0,0,0,0,0,0,0,
691-1,송강마을아파트 - 세종고속시외버스터미널,17,대박리(광덕사),0,0,0,0,0,0,0,2,0,0,0,0,0,0,0,0,0,0,0,0,0,0,0,0,
691-1,송강마을아파트 - 세종고속시외버스터미널,18,초정약수터,0,0,0,0,0,0,0,2,0,0,0,0,0,0,0,0,0,0,0,0,0,0,0,0,
691-1,송강마을아파트 - 세종고속시외버스터미널,19,황용리삼성복지회관,0,0,0,1,0,0,0,0,0,0,0,0,0,0,0,0,0,0,0,0,0,0,0,0,
691-1,송강마을아파트 - 세종고속시외버스터미널,20,황용리(황용1교),0,0,0,1,0,0,0,0,0,0,0,0,0,0,0,0,0,0,0,0,0,0,0,0,
691-1,송강마을아파트 - 세종고속시외버스터미널,21,장재리(길재고개),0,0,0,1,0,0,0,0,0,0,0,0,0,0,0,0,0,0,0,0,0,0,0,0,
691-1,송강마을아파트 - 세종고속시외버스터미널,22,장재리(태련암입구),0,0,0,1,0,0,0,0,0,0,0,0,0,0,0,0,0,0,0,0,0,0,0,0,
691-1,송강마을아파트 - 세종고속시외버스터미널,23,장재1리,0,0,0,1,0,0,0,0,0,0,0,0,0,0,0,0,0,0,0,0,0,0,0,0,
691-1,송강마을아파트 - 세종고속시외버스터미널,24,장재리,0,0,0,0,0,0,0,0,0,0,0,0,0,0,2,0,0,0,0,0,0,0,0,0,
691-1,송강마을아파트 - 세종고속시외버스터미널,25,장영실고등학교.호탄리(안터),0,0,0,0,0,0,0,0,0,0,0,0,0,0,2,0,0,0,0,0,0,0,0,0,
691-1,송강마을아파트 - 세종고속시외버스터미널,26,호탄리,0,0,0,0,0,0,0,0,0,0,0,0,0,0,0,0,0,0,0,0,0,0,0,0,
691-1,송강마을아파트 - 세종고속시외버스터미널,27,신촌리,0,0,0,0,0,0,0,0,0,0,0,0,0,0,0,0,0,0,0,0,0,0,0,0,
691-1,송강마을아파트 - 세종고속시외버스터미널,28,금남초등학교,0,0,0,0,0,0,0,0,0,0,0,0,0,0,0,0,0,0,0,0,0,0,0,0,
691-1,송강마을아파트 - 세종고속시외버스터미널,29,용포리,0,0,0,0,0,0,0,0,0,0,0,0,0,0,0,0,0,0,0,0,0,0,0,0,
691-1,송강마을아파트 - 세종고속시외버스터미널,30,세종고속시외버스터미널,0,0,0,0,0,0,0,0,0,0,0,0,0,0,0,0,0,0,0,0,0,0,0,0,
701,탑립동 - 탑립동,1,탑립동,0,0,0,0,0,0,0,0,0,0,0,1,0,1,0,0,0,0,0,0,0,0,0,0,
701,탑립동 - 탑립동,2,조폐공사ID본부,0,0,0,1,0,0,0,0,0,0,0,0,0,3,0,0,0,0,0,0,0,0,0,0,
701,탑립동 - 탑립동,3,뉴로스,0,0,0,0,0,1,0,0,0,1,0,0,0,4,0,0,1,0,0,0,0,0,0,0,
701,탑립동 - 탑립동,4,화인테크,0,0,0,0,0,0,0,0,0,0,0,1,0,0,0,0,0,0,0,0,0,0,0,0,
701,탑립동 - 탑립동,5,미건테크노월드,0,0,0,0,0,0,0,0,0,0,0,2,0,0,0,0,3,1,0,0,0,0,0,0,
701,탑립동 - 탑립동,6,대덕밸리용신교,0,1,1,0,1,0,0,0,0,2,1,3,9,7,0,2,7,7,0,0,0,0,0,0,
701,탑립동 - 탑립동,7,장고개삼거리,0,1,1,0,1,0,0,0,0,2,1,3,9,7,0,2,7,7,0,0,0,0,0,0,
701,탑립동 - 탑립동,8,신일네거리,0,0,0,0,0,0,0,0,0,0,0,0,0,0,0,0,5,0,0,0,0,0,0,0,
701,탑립동 - 탑립동,9,을미기네거리,0,2,0,1,0,1,1,0,0,0,0,0,1,8,0,0,0,0,0,0,0,0,0,0,
701,탑립동 - 탑립동,10,대덕우체국네거리,0,0,0,0,0,0,0,0,1,0,1,0,0,0,0,0,0,0,0,0,0,0,0,0,
701,탑립동 - 탑립동,11,한국교통안전공단,0,0,4,0,2,2,0,0,0,0,0,0,0,9,0,2,6,0,0,0,0,0,0,0,
701,탑립동 - 탑립동,12,한국타이어,0,0,5,1,3,0,2,0,3,0,0,5,3,10,2,0,0,0,1,0,0,0,0,0,
701,탑립동 - 탑립동,13,목상동주민센터,0,0,0,0,0,0,0,0,0,0,0,0,0,8,0,0,6,0,0,0,0,0,0,0,
701,탑립동 - 탑립동,14,한국타이어후문,0,3,7,2,0,4,3,4,0,3,2,6,10,9,5,0,7,0,0,0,0,0,0,0,
701,탑립동 - 탑립동,15,석봉네거리,0,0,8,0,2,0,0,2,0,0,0,0,3,2,5,0,4,6,0,0,0,0,0,0,
701,탑립동 - 탑립동,16,대전이문고,0,4,9,0,3,0,3,6,0,3,0,8,1,9,0,0,8,5,0,0,0,0,0,0,
701,탑립동 - 탑립동,17,덕암동,0,5,9,4,4,4,3,9,1,5,0,0,2,10,0,0,0,0,0,0,0,0,0,0,
701,탑립동 - 탑립동,18,대덕구보건소,0,0,8,4,6,8,4,4,3,7,4,10,0,11,8,3,4,5,0,0,0,0,0,0,
701,탑립동 - 탑립동,19,신탄중앙중학교,0,0,9,5,8,7,6,12,4,5,6,11,11,11,8,5,6,6,1,0,0,0,0,0,
701,탑립동 - 탑립동,20,행복한마을아파트,0,0,10,6,9,9,9,12,5,7,8,13,6,1,0,7,0,7,0,0,0,0,0,0,
701,탑립동 - 탑립동,21,덕암우체국,0,1,8,13,10,14,12,16,14,9,8,14,12,11,9,7,8,8,0,0,0,0,0,0,
701,탑립동 - 탑립동,22,새일초등학교,0,0,0,0,0,0,0,0,0,8,7,0,5,0,0,0,0,0,0,0,0,0,0,0,
701,탑립동 - 탑립동,23,선바위,0,0,0,5,0,0,10,4,0,9,0,0,0,0,0,0,0,9,0,0,0,0,0,0,
701,탑립동 - 탑립동,24,들말/신대차고지,0,0,0,0,3,0,0,0,3,0,0,0,0,0,8,0,0,0,0,0,0,0,0,0,
701,탑립동 - 탑립동,25,신대아파트/한국수자원공사,0,3,2,11,13,16,9,19,17,17,15,12,11,12,7,4,7,7,10,0,0,0,0,0,
701,탑립동 - 탑립동,26,와동초등학교,0,4,8,0,0,18,11,0,3,0,18,13,0,0,4,5,0,8,0,1,0,0,0,0,
701,탑립동 - 탑립동,27,성우동산,0,0,0,0,0,0,0,0,0,16,0,14,0,0,0,0,8,0,0,0,0,0,0,0,
701,탑립동 - 탑립동,28,대한통운종점,0,0,0,0,0,0,0,18,0,0,0,9,0,0,0,0,0,0,0,0,0,0,0,0,
701,탑립동 - 탑립동,29,읍내동현대아파트,0,5,9,5,12,13,13,16,17,17,19,13,3,13,9,0,7,3,8,0,0,0,0,0,
701,탑립동 - 탑립동,30,대전지방국세청,0,0,10,12,15,20,18,13,21,19,24,13,9,12,9,4,8,9,7,0,0,0,0,0,
701,탑립동 - 탑립동,31,법동전통시장,0,6,8,11,14,21,19,14,22,23,22,16,10,12,7,5,3,0,8,0,0,0,0,0,
701,탑립동 - 탑립동,32,중리동,0,0,7,12,15,21,19,16,20,22,22,15,12,12,6,6,6,2,9,0,0,0,0,0,
701,탑립동 - 탑립동,33,한국전력공사,0,0,6,14,0,11,21,12,21,24,23,14,13,2,10,8,0,0,8,0,0,0,0,0,
701,탑립동 - 탑립동,34,대전문학관입구,0,0,7,0,15,13,27,11,9,0,0,14,10,4,7,9,0,0,7,0,0,0,0,0,
701,탑립동 - 탑립동,35,구샤또호텔,0,0,2,0,0,17,18,8,20,0,19,13,9,0,0,5,0,0,0,0,0,0,0,0,
701,탑립동 - 탑립동,36,동부네거리,0,0,6,5,12,18,21,10,18,20,24,10,10,5,6,9,5,4,4,0,0,0,0,0,
701,탑립동 - 탑립동,37,복합터미널,0,0,5,6,10,19,15,20,17,20,18,12,12,11,11,9,10,3,5,0,0,0,0,0,
701,탑립동 - 탑립동,38,효촌마을아파트,0,0,0,0,10,0,15,0,19,0,16,0,11,9,0,8,2,4,0,1,0,0,0,0,
701,탑립동 - 탑립동,39,스마트뷰아파트,0,0,0,5,10,19,15,0,20,0,17,0,0,10,13,10,10,0,0,0,0,0,0,0,
701,탑립동 - 탑립동,40,성남네거리,0,0,5,0,11,17,0,19,18,0,19,0,5,0,0,0,0,3,0,0,0,0,0,0,
701,탑립동 - 탑립동,41,대성여자고등학교,0,0,0,6,9,0,16,18,10,9,19,0,0,0,0,0,8,0,0,0,0,0,0,0,
701,탑립동 - 탑립동,42,중앙동주민센터,0,0,0,5,0,16,0,12,11,0,19,12,3,7,12,0,0,5,0,0,0,0,0,0,
701,탑립동 - 탑립동,43,대전역동광장,0,0,4,4,8,14,14,16,17,17,18,8,9,9,9,9,7,1,0,0,0,0,0,0,
701,탑립동 - 탑립동,44,목척교,0,0,0,2,7,10,9,13,7,12,12,6,8,6,9,8,6,4,1,0,0,0,0,0,
701,탑립동 - 탑립동,45,으능정이거리,0,0,0,1,4,1,4,8,2,8,8,2,5,4,6,6,3,2,3,0,0,0,0,0,
701,탑립동 - 탑립동,46,중앙로역6번출구,0,0,0,0,2,0,0,0,0,2,3,3,3,1,0,3,0,0,0,0,0,0,0,0,
701,탑립동 - 탑립동,47,대고오거리,0,0,0,0,0,0,0,6,2,4,0,0,1,0,0,1,0,0,0,0,0,0,0,0,
701,탑립동 - 탑립동,48,대전고등학교,0,2,0,2,0,1,2,2,1,0,0,0,2,2,4,0,1,0,0,0,0,0,0,0,
701,탑립동 - 탑립동,49,대전고등학교,0,2,0,2,0,1,2,2,1,0,0,0,2,2,4,0,1,0,0,0,0,0,0,0,
701,탑립동 - 탑립동,50,대흥동성당,0,3,1,1,0,2,0,1,4,0,1,6,0,3,0,1,3,0,0,0,0,0,0,0,
701,탑립동 - 탑립동,51,으능정이거리,0,0,5,3,3,2,4,3,6,4,6,5,15,7,10,3,12,2,4,0,0,0,0,0,
701,탑립동 - 탑립동,52,대전역,0,4,2,3,1,1,8,6,8,8,12,12,18,13,12,5,18,5,0,0,0,0,0,0,
701,탑립동 - 탑립동,53,중앙동주민센터,0,0,2,0,2,3,9,0,10,0,14,0,20,3,13,6,15,6,5,0,0,0,0,0,
701,탑립동 - 탑립동,54,대성여자고등학교,0,0,0,2,6,0,6,0,11,0,0,13,11,0,0,7,0,4,0,0,0,0,0,0,
701,탑립동 - 탑립동,55,성남네거리,0,0,3,5,3,4,10,8,5,10,16,12,22,4,14,8,0,0,0,0,0,0,0,0,
701,탑립동 - 탑립동,56,효촌마을아파트,0,0,0,3,3,4,11,0,12,0,0,12,22,16,16,0,0,0,0,0,0,0,0,0,
701,탑립동 - 탑립동,57,복합터미널,0,5,3,5,4,6,13,14,11,8,21,10,22,15,16,8,25,12,6,0,0,0,0,0,
701,탑립동 - 탑립동,58,한국전기공사협회,0,6,3,0,3,7,0,9,10,6,22,0,23,8,6,0,0,11,0,0,0,0,0,0,
701,탑립동 - 탑립동,59,대전문학관입구,0,0,4,0,4,0,7,8,4,0,21,11,22,15,7,0,24,0,5,0,0,0,0,0,
701,탑립동 - 탑립동,60,한국전력공사,0,7,4,0,5,11,9,10,7,9,22,10,21,14,17,9,22,4,0,0,0,0,0,0,
701,탑립동 - 탑립동,61,중리동,0,8,0,4,5,12,10,14,11,10,11,9,23,13,15,8,20,10,3,0,0,0,0,0,
701,탑립동 - 탑립동,62,법동전통시장,0,0,7,5,0,0,8,13,0,12,22,6,22,12,14,8,18,0,5,0,0,0,0,0,
701,탑립동 - 탑립동,63,보람아파트,0,0,8,0,0,0,0,12,8,11,21,0,7,13,12,9,13,8,0,0,0,0,0,0,
701,탑립동 - 탑립동,64,대덕소방서,0,0,8,4,5,11,9,13,7,14,17,9,19,10,10,8,11,8,6,0,0,0,0,0,
701,탑립동 - 탑립동,65,제월당,0,0,11,5,3,10,9,15,7,16,16,9,18,0,9,0,0,8,0,0,0,0,0,0,
701,탑립동 - 탑립동,66,정수장,0,0,0,0,0,8,6,0,0,16,0,10,0,5,0,0,0,0,0,0,0,0,0,0,
701,탑립동 - 탑립동,67,대덕구장애인복지관,0,0,0,0,0,8,6,0,0,16,0,10,0,5,0,0,0,0,0,0,0,0,0,0,
701,탑립동 - 탑립동,68,성우동산,0,0,0,4,0,0,0,0,0,0,0,0,0,0,0,0,0,0,0,0,0,0,0,0,
701,탑립동 - 탑립동,69,연축아파트/한국수자원공사,0,0,0,5,7,7,6,13,6,10,0,0,17,9,0,0,8,6,0,0,0,0,0,0,
701,탑립동 - 탑립동,70,와동현대아파트,0,0,0,6,0,10,6,11,8,10,11,9,13,11,7,10,4,3,5,0,0,0,0,0,
701,탑립동 - 탑립동,71,들말/신대차고지,0,0,10,5,5,9,0,0,9,0,0,10,0,0,0,0,0,0,0,0,0,0,0,0,
701,탑립동 - 탑립동,72,선바위,0,0,7,0,0,7,0,6,0,6,0,0,14,10,0,0,0,3,0,0,0,0,0,0,
701,탑립동 - 탑립동,73,새일초등학교,0,0,0,0,5,0,0,5,0,11,0,0,6,9,0,0,5,0,0,0,0,0,0,0,
701,탑립동 - 탑립동,74,덕암우체국,0,0,8,6,8,10,6,9,9,12,6,8,12,9,5,7,4,3,4,0,0,0,0,0,
701,탑립동 - 탑립동,75,행복한마을아파트,0,0,3,6,10,9,4,8,8,19,4,8,8,7,7,0,3,2,3,4,0,0,0,0,
701,탑립동 - 탑립동,76,신탄중앙중학교,0,0,8,0,10,8,5,7,7,16,2,6,7,10,5,6,2,1,2,0,0,0,0,0,
701,탑립동 - 탑립동,77,대덕구보건소,0,0,0,5,1,0,3,7,6,14,4,1,6,9,1,4,1,0,0,3,0,0,0,0,
701,탑립동 - 탑립동,78,한밭아파트,0,0,6,6,9,7,4,8,0,11,0,5,5,0,0,2,1,0,0,2,0,0,0,0,
701,탑립동 - 탑립동,79,대전이문고,0,0,0,0,0,0,5,7,6,9,3,0,0,3,0,1,0,0,1,0,0,0,0,0,
701,탑립동 - 탑립동,80,석봉네거리,0,0,4,6,7,6,6,6,0,7,0,4,3,7,6,0,0,0,0,1,0,0,0,0,
701,탑립동 - 탑립동,81,한국타이어후문,0,0,0,7,5,5,0,0,5,5,1,3,0,3,0,0,0,0,0,0,0,0,0,0,
701,탑립동 - 탑립동,82,목상동주민센터,0,0,6,6,1,5,6,4,5,2,1,2,1,0,5,0,0,2,1,0,0,0,0,0,
701,탑립동 - 탑립동,83,한국교통안전공단,0,0,3,6,0,4,0,0,0,0,1,0,0,0,0,0,0,1,0,0,0,0,0,0,
701,탑립동 - 탑립동,84,대덕우체국네거리,0,0,0,5,0,3,1,0,0,0,0,1,0,1,0,0,0,0,0,0,0,0,0,0,
701,탑립동 - 탑립동,85,을미기네거리,0,0,2,5,0,0,0,1,0,0,0,0,0,0,0,0,0,0,0,0,0,0,0,0,
701,탑립동 - 탑립동,86,신일네거리,0,0,0,0,0,0,0,0,0,0,0,0,0,0,4,0,0,0,0,0,0,0,0,0,
701,탑립동 - 탑립동,87,장고개삼거리,0,0,1,2,0,0,0,0,3,0,0,0,0,0,1,0,0,0,0,0,0,0,0,0,
701,탑립동 - 탑립동,88,대덕밸리용신교,0,0,1,3,0,2,1,1,0,0,0,0,0,0,0,0,0,0,0,0,0,0,0,0,
701,탑립동 - 탑립동,89,미건테크노월드,0,0,0,0,0,1,0,0,0,0,0,0,0,0,0,0,0,0,0,0,0,0,0,0,
701,탑립동 - 탑립동,90,화인테크,0,0,0,0,1,0,0,0,0,0,0,0,0,0,0,0,0,0,0,0,0,0,0,0,
701,탑립동 - 탑립동,91,뉴로스,0,0,0,2,0,0,0,0,0,0,0,0,0,0,0,0,0,0,0,0,0,0,0,0,
701,탑립동 - 탑립동,92,조폐공사ID본부,0,0,0,0,0,0,0,0,0,0,0,0,0,0,0,0,0,0,0,0,0,0,0,0,
701,탑립동 - 탑립동,93,대청ENG,0,0,0,0,0,0,0,0,0,0,0,0,0,0,0,0,0,0,0,0,0,0,0,0,
701,탑립동 - 탑립동,94,탑립동,0,0,0,0,0,0,0,0,0,0,0,0,0,0,0,0,0,0,0,0,0,0,0,0,
