노선,기종점,정류장순번,정류장명,04시,05시,06시,07시,08시,09시,10시,11시,12시,13시,14시,15시,16시,17시,18시,19시,20시,21시,22시,23시,00시,01시,02시,03시,
703,신탄진기점지 - 신탄진기점지,1,신탄진기점지,0,1,0,0,0,0,0,0,0,0,0,0,0,0,0,1,0,0,0,0,0,0,0,0,
703,신탄진기점지 - 신탄진기점지,2,금강엑슬루타워정문,0,0,1,1,1,0,0,1,2,0,3,1,0,1,0,0,0,0,0,0,0,0,0,0,
703,신탄진기점지 - 신탄진기점지,3,금강엑슬루타워,0,1,1,4,1,2,4,3,3,3,6,5,2,2,2,2,0,1,0,0,0,0,0,0,
703,신탄진기점지 - 신탄진기점지,4,신탄진시장,0,0,2,7,5,7,2,7,6,5,6,6,4,5,3,2,2,4,1,0,0,0,0,0,
703,신탄진기점지 - 신탄진기점지,5,신탄진역,0,3,3,7,11,20,17,13,13,14,18,13,14,11,14,12,9,9,12,0,0,0,0,0,
703,신탄진기점지 - 신탄진기점지,6,남경마을,0,0,2,8,8,12,21,13,8,17,0,14,14,0,7,9,8,2,13,0,0,0,0,0,
703,신탄진기점지 - 신탄진기점지,7,덕암동주민센터,0,0,4,0,10,20,20,14,16,18,17,14,13,10,12,6,9,7,14,0,0,0,0,0,
703,신탄진기점지 - 신탄진기점지,8,평촌동,0,6,0,0,12,18,9,7,17,20,17,15,0,9,11,7,6,6,3,0,0,0,0,0,
703,신탄진기점지 - 신탄진기점지,9,신탄진한일병원,0,0,5,9,12,11,21,12,16,21,16,16,16,8,12,0,8,6,15,0,0,0,0,0,
703,신탄진기점지 - 신탄진기점지,10,상서삼거리,0,0,0,0,0,19,16,15,10,0,16,0,0,0,8,11,0,0,0,0,0,0,0,0,
703,신탄진기점지 - 신탄진기점지,11,선바위,0,0,0,3,7,18,22,13,18,22,17,13,13,10,10,10,10,9,14,0,0,0,0,0,
703,신탄진기점지 - 신탄진기점지,12,들말/신대차고지,0,0,2,0,0,17,0,10,0,0,0,11,0,9,0,0,0,0,0,0,0,0,0,0,
703,신탄진기점지 - 신탄진기점지,13,신대아파트/한국수자원공사,0,4,8,11,15,18,24,13,18,17,16,19,16,17,12,6,8,8,12,0,0,0,0,0,
703,신탄진기점지 - 신탄진기점지,14,와동초등학교,0,0,0,13,17,20,25,4,0,16,19,18,18,7,11,8,0,4,0,0,0,0,0,0,
703,신탄진기점지 - 신탄진기점지,15,성우동산,0,0,0,0,0,0,0,0,0,0,0,0,0,8,0,0,9,0,0,0,0,0,0,0,
703,신탄진기점지 - 신탄진기점지,16,대한통운종점,0,0,0,3,0,0,24,0,0,14,15,0,19,0,0,7,3,0,0,0,0,0,0,0,
703,신탄진기점지 - 신탄진기점지,17,대한통운,0,2,5,5,19,21,24,8,10,18,20,17,17,9,12,13,8,3,10,0,0,0,0,0,
703,신탄진기점지 - 신탄진기점지,18,회덕동주민센터,0,3,7,6,19,15,25,15,11,19,21,10,15,18,8,12,9,0,0,0,0,0,0,0,
703,신탄진기점지 - 신탄진기점지,19,읍내네거리,0,0,0,0,14,0,20,14,19,20,17,18,18,7,8,11,0,2,0,0,0,0,0,0,
703,신탄진기점지 - 신탄진기점지,20,대전산업단지삼거리,0,0,7,5,17,0,18,0,0,13,18,0,0,0,11,12,5,3,0,0,0,0,0,0,
703,신탄진기점지 - 신탄진기점지,21,대화동육교,0,0,8,6,21,15,24,15,20,17,18,20,14,17,9,9,2,0,0,0,0,0,0,0,
703,신탄진기점지 - 신탄진기점지,22,대전병원,0,4,9,6,22,17,26,17,21,18,19,20,13,15,10,13,7,7,9,0,0,0,0,0,
703,신탄진기점지 - 신탄진기점지,23,신동아아파트,0,2,11,5,17,15,24,13,18,13,14,18,16,12,12,19,6,5,1,0,0,0,0,0,
703,신탄진기점지 - 신탄진기점지,24,오정농수산물시장,0,3,4,0,12,9,19,13,17,12,13,0,15,12,11,0,0,0,0,0,0,0,0,0,
703,신탄진기점지 - 신탄진기점지,25,수정타운아파트,0,0,10,3,14,15,25,27,15,12,15,15,20,13,10,6,7,2,7,0,0,0,0,0,
703,신탄진기점지 - 신탄진기점지,26,수정타운아파트정문,0,2,9,6,13,16,21,27,16,13,14,15,20,13,13,20,2,0,3,0,0,0,0,0,
703,신탄진기점지 - 신탄진기점지,27,꿈나무아파트,0,3,10,8,14,21,26,28,18,19,18,23,23,17,14,19,8,6,4,0,0,0,0,0,
703,신탄진기점지 - 신탄진기점지,28,사학연금회관,0,0,3,9,13,20,27,31,22,24,22,22,26,18,16,18,11,7,9,0,0,0,0,0,
703,신탄진기점지 - 신탄진기점지,29,법원.검찰청,0,4,8,0,13,21,27,33,18,25,22,18,0,19,0,17,12,8,0,0,0,0,0,0,
703,신탄진기점지 - 신탄진기점지,30,시청역,0,0,9,10,13,17,19,30,17,24,20,19,25,21,17,20,13,12,15,0,0,0,0,0,
703,신탄진기점지 - 신탄진기점지,31,시청.교육청,0,0,1,9,7,15,16,28,16,21,19,14,23,20,18,22,14,13,14,0,0,0,0,0,
703,신탄진기점지 - 신탄진기점지,32,아이빌딩,0,0,0,3,6,14,17,21,13,18,18,16,21,18,17,19,17,13,4,0,0,0,0,0,
703,신탄진기점지 - 신탄진기점지,33,은하수네거리,0,0,7,6,11,12,15,18,13,16,19,21,17,17,17,15,23,13,9,5,0,0,0,0,
703,신탄진기점지 - 신탄진기점지,34,큰마을아파트,0,0,8,9,10,12,16,21,15,17,21,24,19,18,18,15,25,5,9,0,0,0,0,0,
703,신탄진기점지 - 신탄진기점지,35,유승기업사,0,0,2,9,12,12,20,12,10,19,19,16,14,16,15,13,21,11,8,0,0,0,0,0,
703,신탄진기점지 - 신탄진기점지,36,탄방네거리,0,0,9,11,10,9,20,22,11,18,21,23,17,19,17,12,20,14,11,0,0,0,0,0,
703,신탄진기점지 - 신탄진기점지,37,롯데백화점,0,0,0,8,7,10,21,17,10,16,19,27,18,23,21,15,21,14,15,7,0,0,0,0,
703,신탄진기점지 - 신탄진기점지,38,용문역3번출구,0,0,5,6,8,11,21,24,15,17,25,25,24,30,23,21,20,18,13,11,0,0,0,0,
703,신탄진기점지 - 신탄진기점지,39,대전산업정보고,0,0,0,8,8,7,22,24,11,15,23,28,22,15,26,22,21,17,14,10,0,0,0,0,
703,신탄진기점지 - 신탄진기점지,40,래미안아파트2단지,0,0,7,0,0,9,21,23,15,16,22,30,22,13,24,21,19,13,13,0,0,0,0,0,
703,신탄진기점지 - 신탄진기점지,41,래미안아파트1단지,0,0,1,7,6,11,15,23,17,14,22,30,20,13,23,19,15,10,13,9,0,0,0,0,
703,신탄진기점지 - 신탄진기점지,42,맑은아침아파트,0,0,0,10,5,9,15,21,14,13,20,29,20,14,22,16,16,7,3,7,0,0,0,0,
703,신탄진기점지 - 신탄진기점지,43,변동오거리,0,0,3,11,6,8,10,19,15,14,16,13,10,6,24,18,15,9,12,6,0,0,0,0,
703,신탄진기점지 - 신탄진기점지,44,변동네거리,0,0,0,8,12,8,11,17,13,16,17,28,18,13,24,17,15,14,10,0,0,0,0,0,
703,신탄진기점지 - 신탄진기점지,45,향우네거리,0,0,5,7,13,12,13,18,16,16,15,24,15,15,26,14,0,13,11,4,0,0,0,0,
703,신탄진기점지 - 신탄진기점지,46,구농도원,0,0,0,8,13,13,3,18,15,14,13,21,15,13,20,15,15,12,9,3,0,0,0,0,
703,신탄진기점지 - 신탄진기점지,47,구농도원네거리,0,0,6,6,7,14,12,16,14,12,13,17,14,14,20,16,0,8,1,0,0,0,0,0,
703,신탄진기점지 - 신탄진기점지,48,도마1동행정복지센터,0,0,5,8,7,8,11,16,16,13,9,14,12,12,16,15,13,8,7,3,0,0,0,0,
703,신탄진기점지 - 신탄진기점지,49,도마삼거리,0,0,2,7,6,4,8,15,13,9,7,18,9,9,11,12,16,8,4,2,0,0,0,0,
703,신탄진기점지 - 신탄진기점지,50,서부소방서,0,0,0,4,0,5,7,11,10,7,6,15,7,10,1,11,11,6,4,1,0,0,0,0,
703,신탄진기점지 - 신탄진기점지,51,정림삼거리,0,0,3,6,3,4,7,10,7,7,10,15,7,10,8,8,14,6,4,0,0,0,0,0,
703,신탄진기점지 - 신탄진기점지,52,정림초등학교,0,0,2,3,1,2,6,8,9,4,7,12,5,7,7,6,7,5,2,0,0,0,0,0,
703,신탄진기점지 - 신탄진기점지,53,정림공원,0,0,1,1,0,1,4,4,4,2,3,6,4,2,4,2,4,2,2,1,0,0,0,0,
703,신탄진기점지 - 신탄진기점지,54,백목련아파트,0,0,1,0,0,0,1,1,2,1,0,2,1,0,0,0,1,1,1,0,0,0,0,0,
703,신탄진기점지 - 신탄진기점지,55,정림중학교,0,0,0,0,0,0,0,0,0,0,0,0,0,0,0,0,0,0,0,0,0,0,0,0,
703,신탄진기점지 - 신탄진기점지,56,정림동종점,0,0,0,0,0,0,0,0,0,0,0,1,0,0,0,0,0,0,0,0,0,0,0,0,
703,신탄진기점지 - 신탄진기점지,57,정림동종점,0,0,0,0,0,0,0,0,0,0,0,0,0,0,0,0,0,0,0,0,0,0,0,0,
703,신탄진기점지 - 신탄진기점지,58,정림동종점,0,0,0,1,2,0,0,3,0,0,0,1,1,0,0,0,0,0,0,0,0,0,0,0,
703,신탄진기점지 - 신탄진기점지,59,정림중학교,0,0,0,1,0,0,0,0,0,0,0,0,0,0,0,0,0,0,0,0,0,0,0,0,
703,신탄진기점지 - 신탄진기점지,60,코스모스아파트,0,7,4,2,7,2,7,5,3,3,3,2,4,1,1,0,1,0,0,0,0,0,0,0,
703,신탄진기점지 - 신탄진기점지,61,정림공원,0,9,6,7,13,6,17,9,10,6,9,6,6,5,2,4,3,1,2,0,0,0,0,0,
703,신탄진기점지 - 신탄진기점지,62,정림초등학교,0,10,3,9,14,6,17,13,13,9,11,8,10,10,5,0,2,2,3,0,0,0,0,0,
703,신탄진기점지 - 신탄진기점지,63,정림삼거리,0,0,7,11,12,8,20,16,9,13,12,14,0,9,7,1,3,0,0,0,0,0,0,0,
703,신탄진기점지 - 신탄진기점지,64,정림동,0,0,2,12,15,8,22,15,10,15,12,11,13,4,9,6,4,0,1,0,0,0,0,0,
703,신탄진기점지 - 신탄진기점지,65,서부소방서,0,0,6,5,15,8,21,15,9,17,12,12,7,10,11,0,2,1,2,0,0,0,0,0,
703,신탄진기점지 - 신탄진기점지,66,도마삼거리,0,13,5,5,21,11,26,15,11,22,8,14,15,11,13,7,1,2,3,0,0,0,0,0,
703,신탄진기점지 - 신탄진기점지,67,도마1동행정복지센터,0,13,5,6,22,15,22,17,17,22,13,20,23,14,17,10,8,4,3,0,0,0,0,0,
703,신탄진기점지 - 신탄진기점지,68,구농도원네거리,0,0,14,6,20,17,19,13,18,23,13,23,20,10,12,18,6,2,4,0,0,0,0,0,
703,신탄진기점지 - 신탄진기점지,69,구농도원,0,0,13,5,16,22,23,18,18,21,14,25,25,13,10,16,3,3,3,0,0,0,0,0,
703,신탄진기점지 - 신탄진기점지,70,향우네거리,0,0,14,7,22,23,27,20,15,24,13,25,26,20,15,16,8,3,3,0,0,0,0,0,
703,신탄진기점지 - 신탄진기점지,71,변동네거리,0,2,12,0,23,24,29,19,16,27,15,24,20,21,15,11,8,0,0,0,0,0,0,0,
703,신탄진기점지 - 신탄진기점지,72,변동오거리,0,0,15,8,24,26,30,0,18,27,17,22,19,22,7,15,11,2,3,0,0,0,0,0,
703,신탄진기점지 - 신탄진기점지,73,래미안아파트1단지,0,3,15,10,25,27,35,20,22,30,20,19,24,20,16,15,14,2,4,0,0,0,0,0,
703,신탄진기점지 - 신탄진기점지,74,래미안아파트2단지,0,0,14,10,26,29,37,22,21,31,22,20,22,18,17,14,13,3,0,0,0,0,0,0,
703,신탄진기점지 - 신탄진기점지,75,대전산업정보고,0,0,3,9,26,24,33,23,17,22,21,14,22,18,18,15,8,0,3,0,0,0,0,0,
703,신탄진기점지 - 신탄진기점지,76,용문역5번출구,0,3,14,9,20,21,22,18,18,19,36,18,18,17,17,11,11,5,5,0,0,0,0,0,
703,신탄진기점지 - 신탄진기점지,77,서부농협본점,0,0,12,6,18,21,20,14,21,20,36,17,19,19,17,12,8,0,6,0,0,0,0,0,
703,신탄진기점지 - 신탄진기점지,78,개나리아파트,0,0,13,5,17,20,19,18,18,22,36,17,18,19,16,7,6,0,7,0,0,0,0,0,
703,신탄진기점지 - 신탄진기점지,79,대전상공회의소,0,0,11,8,16,19,18,14,22,22,33,16,19,18,16,11,0,1,2,0,0,0,0,0,
703,신탄진기점지 - 신탄진기점지,80,은하수네거리,0,0,12,8,12,9,16,16,34,21,28,18,19,15,19,15,10,6,9,0,0,0,0,0,
703,신탄진기점지 - 신탄진기점지,81,SK브로드밴드,0,0,12,9,10,9,14,17,35,19,26,19,21,19,23,17,12,8,0,0,0,0,0,0,
703,신탄진기점지 - 신탄진기점지,82,대전광역시청,0,1,11,8,9,8,14,16,34,3,12,19,10,17,21,16,12,10,7,0,0,0,0,0,
703,신탄진기점지 - 신탄진기점지,83,시청역,0,2,10,1,11,9,13,16,26,28,27,22,26,21,21,26,20,12,10,0,0,0,0,0,
703,신탄진기점지 - 신탄진기점지,84,법원.검찰청,0,0,9,9,10,9,11,16,16,25,26,19,24,19,21,26,21,10,11,0,0,0,0,0,
703,신탄진기점지 - 신탄진기점지,85,사학연금회관,0,0,9,8,7,8,11,14,13,23,22,17,21,20,20,21,19,12,10,5,0,0,0,0,
703,신탄진기점지 - 신탄진기점지,86,둥지아파트정문,0,0,10,2,8,8,9,13,11,22,21,13,16,18,20,18,20,11,9,0,0,0,0,0,
703,신탄진기점지 - 신탄진기점지,87,삼천중학교,0,0,0,4,7,7,11,14,7,20,18,11,15,13,19,10,18,9,8,4,0,0,0,0,
703,신탄진기점지 - 신탄진기점지,88,가람아파트,0,3,12,4,9,10,12,12,13,21,19,12,15,18,21,15,18,6,11,3,0,0,0,0,
703,신탄진기점지 - 신탄진기점지,89,오정농수산물시장,0,0,13,9,13,10,13,10,13,19,15,15,17,19,23,14,19,11,10,4,0,0,0,0,
703,신탄진기점지 - 신탄진기점지,90,화정초등학교,0,0,13,10,18,12,11,13,11,17,15,15,18,24,22,14,19,10,8,5,0,0,0,0,
703,신탄진기점지 - 신탄진기점지,91,대전병원,0,0,14,13,20,7,11,12,13,15,14,19,17,23,23,15,18,9,5,0,0,0,0,0,
703,신탄진기점지 - 신탄진기점지,92,대화동육교,0,0,0,14,15,0,8,0,9,0,12,13,16,8,22,0,10,7,0,0,0,0,0,0,
703,신탄진기점지 - 신탄진기점지,93,대전산업단지삼거리,0,0,0,13,21,8,11,14,0,15,0,14,17,0,22,0,9,0,0,0,0,0,0,0,
703,신탄진기점지 - 신탄진기점지,94,읍내네거리,0,0,8,0,0,10,10,9,10,10,0,0,16,11,23,15,0,0,7,4,0,0,0,0,
703,신탄진기점지 - 신탄진기점지,95,회덕동주민센터,0,0,10,8,20,10,13,13,12,14,12,14,12,10,22,16,19,7,0,3,0,0,0,0,
703,신탄진기점지 - 신탄진기점지,96,대한통운,0,0,13,10,21,11,13,14,11,5,12,11,11,11,21,17,7,0,0,0,0,0,0,0,
703,신탄진기점지 - 신탄진기점지,97,정수장,0,0,12,0,0,9,12,13,10,0,3,0,10,0,22,0,0,0,0,0,0,0,0,0,
703,신탄진기점지 - 신탄진기점지,98,대덕구장애인복지관,0,0,0,0,0,0,11,0,0,11,0,0,0,0,12,10,0,0,0,0,0,0,0,0,
703,신탄진기점지 - 신탄진기점지,99,성우동산,0,0,0,0,0,0,0,14,0,0,0,0,0,0,0,0,0,0,0,0,0,0,0,0,
703,신탄진기점지 - 신탄진기점지,100,연축아파트/한국수자원공사,0,0,7,0,13,19,10,10,14,12,11,8,6,10,22,16,18,7,4,0,0,0,0,0,
703,신탄진기점지 - 신탄진기점지,101,와동현대아파트,0,0,8,11,13,14,10,10,16,14,14,18,13,14,18,11,14,5,5,3,0,0,0,0,
703,신탄진기점지 - 신탄진기점지,102,들말/신대차고지,0,0,8,10,0,8,0,0,18,0,0,20,0,0,0,0,0,0,0,0,0,0,0,0,
703,신탄진기점지 - 신탄진기점지,103,선바위삼거리,0,0,6,0,6,7,0,0,0,12,0,11,0,13,19,10,0,0,0,0,0,0,0,0,
703,신탄진기점지 - 신탄진기점지,104,선바위,0,0,0,5,12,0,0,0,7,11,12,0,0,0,0,0,0,0,0,0,0,0,0,0,
703,신탄진기점지 - 신탄진기점지,105,상서삼거리,0,0,11,5,0,5,0,5,16,17,11,21,16,12,0,14,7,3,0,1,0,0,0,0,
703,신탄진기점지 - 신탄진기점지,106,신탄진한일병원,0,0,8,6,13,14,10,9,15,17,12,21,15,11,16,9,13,5,4,0,0,0,0,0,
703,신탄진기점지 - 신탄진기점지,107,평촌동,0,0,6,9,0,15,7,7,0,14,10,19,0,7,0,0,10,0,0,1,0,0,0,0,
703,신탄진기점지 - 신탄진기점지,108,덕암동주민센터,0,0,0,3,16,6,9,6,14,0,0,13,0,7,14,13,9,2,0,0,0,0,0,0,
703,신탄진기점지 - 신탄진기점지,109,남경마을,0,0,5,8,16,14,6,8,11,16,9,16,10,8,13,8,8,6,0,1,0,0,0,0,
703,신탄진기점지 - 신탄진기점지,110,신탄진역,0,0,1,1,4,3,2,1,5,9,1,6,1,3,5,5,2,4,2,0,0,0,0,0,
703,신탄진기점지 - 신탄진기점지,111,신탄진시장,0,0,0,0,1,1,0,0,3,5,0,1,0,2,3,0,0,0,0,0,0,0,0,0,
703,신탄진기점지 - 신탄진기점지,112,금강엑슬루타워,0,0,0,0,0,0,0,0,1,0,0,0,0,0,0,0,0,0,0,0,0,0,0,0,
703,신탄진기점지 - 신탄진기점지,113,신탄진기점지,0,0,0,0,0,0,0,0,0,0,0,0,0,0,0,0,0,0,0,0,0,0,0,0,
704,원내동공영차고지 - 원내동공영차고지,1,원내동공영차고지,0,0,0,0,0,0,0,0,0,0,0,0,0,0,0,0,0,0,0,0,0,0,0,0,
704,원내동공영차고지 - 원내동공영차고지,2,서대전IC,0,0,1,0,0,0,4,0,0,1,0,0,0,0,0,1,0,0,0,0,0,0,0,0,
704,원내동공영차고지 - 원내동공영차고지,3,한아름아파트,0,0,1,1,2,0,6,0,1,0,2,2,0,0,0,0,0,0,0,0,0,0,0,0,
704,원내동공영차고지 - 원내동공영차고지,4,진잠타운아파트,0,1,2,3,5,6,3,2,4,3,3,0,4,1,2,2,0,1,0,0,0,0,0,0,
704,원내동공영차고지 - 원내동공영차고지,5,원내네거리,0,0,4,11,8,7,14,7,8,8,9,4,9,4,5,4,3,1,1,0,0,0,0,0,
704,원내동공영차고지 - 원내동공영차고지,6,진잠초등학교,0,0,1,12,6,6,17,5,11,9,7,4,0,0,0,0,0,0,2,0,0,0,0,0,
704,원내동공영차고지 - 원내동공영차고지,7,진잠향교,0,0,5,13,0,5,2,0,12,5,8,6,0,0,0,0,3,0,3,0,0,0,0,0,
704,원내동공영차고지 - 원내동공영차고지,8,제이파크아파트,0,0,0,14,6,6,4,12,13,11,11,10,11,3,8,1,5,2,1,0,0,0,0,0,
704,원내동공영차고지 - 원내동공영차고지,9,한승미메이드아파트,0,0,0,15,7,9,6,0,14,10,0,12,13,5,6,5,0,2,0,0,0,0,0,0,
704,원내동공영차고지 - 원내동공영차고지,10,교도소입구,0,0,0,0,0,0,16,0,0,0,0,10,0,0,8,0,2,0,0,0,0,0,0,0,
704,원내동공영차고지 - 원내동공영차고지,11,교촌3통,0,0,0,0,0,0,15,0,12,0,0,7,0,0,6,0,0,0,0,0,0,0,0,0,
704,원내동공영차고지 - 원내동공영차고지,12,드리움아파트,0,3,2,17,10,10,17,13,11,14,7,13,9,6,11,7,8,7,0,0,0,0,0,0,
704,원내동공영차고지 - 원내동공영차고지,13,한샘근린공원,0,5,0,18,13,9,19,0,8,16,8,15,8,7,11,6,0,3,4,0,0,0,0,0,
704,원내동공영차고지 - 원내동공영차고지,14,대정2통,0,0,0,0,10,0,9,0,5,17,0,0,0,0,0,0,0,0,0,0,0,0,0,0,
704,원내동공영차고지 - 원내동공영차고지,15,대정동,0,0,0,0,0,7,10,0,0,18,8,16,10,8,0,0,0,0,0,0,0,0,0,0,
704,원내동공영차고지 - 원내동공영차고지,16,밀머리네거리,0,0,4,0,0,0,0,14,0,0,0,0,7,0,12,0,0,0,0,0,0,0,0,0,
704,원내동공영차고지 - 원내동공영차고지,17,계산동,0,0,0,0,0,0,0,0,9,0,9,13,9,8,0,0,3,0,0,0,0,0,0,0,
704,원내동공영차고지 - 원내동공영차고지,18,온마음병원,0,0,0,0,7,0,0,0,0,0,0,0,0,0,0,4,0,0,0,0,0,0,0,0,
704,원내동공영차고지 - 원내동공영차고지,19,학하초등학교,0,0,5,0,14,0,20,15,12,0,19,17,0,10,13,6,0,8,0,0,0,0,0,0,
704,원내동공영차고지 - 원내동공영차고지,20,학하동,0,0,0,0,0,9,13,16,13,12,11,10,0,10,0,5,0,5,2,0,0,0,0,0,
704,원내동공영차고지 - 원내동공영차고지,21,복용동,0,0,6,4,11,0,17,17,15,14,13,12,10,13,0,0,9,0,3,0,0,0,0,0,
704,원내동공영차고지 - 원내동공영차고지,22,복용2통,0,0,8,0,0,0,13,0,16,0,14,0,0,8,0,0,9,0,4,0,0,0,0,0,
704,원내동공영차고지 - 원내동공영차고지,23,오토월드,0,0,0,0,0,0,14,14,0,0,0,18,13,12,0,8,5,0,0,0,0,0,0,0,
704,원내동공영차고지 - 원내동공영차고지,24,유성생명과학고,0,0,5,16,0,0,0,15,0,0,0,11,13,0,0,4,0,0,0,0,0,0,0,0,
704,원내동공영차고지 - 원내동공영차고지,25,구암동,0,0,0,0,13,8,12,16,18,12,20,18,17,11,13,6,10,4,0,0,0,0,0,0,
704,원내동공영차고지 - 원내동공영차고지,26,정보통신공사협회,0,0,4,17,11,8,0,13,17,13,13,13,18,0,11,4,10,0,0,0,0,0,0,0,
704,원내동공영차고지 - 원내동공영차고지,27,유성시외버스정류소,0,0,2,11,8,7,12,12,10,13,18,15,18,15,11,12,14,11,5,0,0,0,0,0,
704,원내동공영차고지 - 원내동공영차고지,28,봉명네거리,0,1,7,10,9,5,12,9,13,13,19,16,19,15,12,14,14,9,5,0,0,0,0,0,
704,원내동공영차고지 - 원내동공영차고지,29,봉명동우체국,0,0,4,8,10,7,11,8,13,11,19,15,18,9,7,15,8,13,7,0,0,0,0,0,
704,원내동공영차고지 - 원내동공영차고지,30,유성온천역7번출구,0,2,6,11,11,13,10,8,16,16,25,20,21,17,17,23,16,20,18,0,0,0,0,0,
704,원내동공영차고지 - 원내동공영차고지,31,온천교,0,4,0,13,10,12,9,7,16,14,28,25,24,20,21,22,16,25,21,0,0,0,0,0,
704,원내동공영차고지 - 원내동공영차고지,32,충남대학교,0,5,7,11,16,16,11,8,14,19,27,30,25,27,25,29,17,27,28,0,0,0,0,0,
704,원내동공영차고지 - 원내동공영차고지,33,장대네거리,0,6,4,0,17,17,0,9,13,21,26,31,25,26,26,19,20,26,27,12,0,0,0,0,
704,원내동공영차고지 - 원내동공영차고지,34,충대서문,0,0,0,1,13,14,12,11,14,18,24,24,21,23,24,18,23,19,29,8,0,0,0,0,
704,원내동공영차고지 - 원내동공영차고지,35,북대전세무서/보훈요양원,0,0,6,0,12,16,0,0,13,14,0,22,20,21,20,17,22,18,27,7,0,0,0,0,
704,원내동공영차고지 - 원내동공영차고지,36,충대수의대,0,0,0,2,10,15,0,4,0,17,13,21,0,0,19,0,19,19,0,0,0,0,0,0,
704,원내동공영차고지 - 원내동공영차고지,37,KT&G연구소,0,0,3,3,6,15,0,14,14,17,18,19,20,19,16,18,20,0,26,0,0,0,0,0,
704,원내동공영차고지 - 원내동공영차고지,38,하나아파트,0,0,0,0,9,13,11,13,12,15,16,22,19,21,13,16,14,16,17,6,0,0,0,0,
704,원내동공영차고지 - 원내동공영차고지,39,한화솔루션중앙연구소,0,0,0,0,9,12,0,0,11,0,15,0,18,18,12,0,0,15,0,0,0,0,0,0,
704,원내동공영차고지 - 원내동공영차고지,40,한국에너지기술연구원,0,0,0,0,8,13,0,0,11,13,13,19,18,0,0,15,13,0,14,7,0,0,0,0,
704,원내동공영차고지 - 원내동공영차고지,41,KT북대전지사,0,0,0,0,0,0,0,0,0,0,0,0,17,0,0,0,9,0,0,0,0,0,0,0,
704,원내동공영차고지 - 원내동공영차고지,42,한국연구재단,0,0,0,0,0,0,0,0,0,0,0,16,0,0,0,0,0,8,0,0,0,0,0,0,
704,원내동공영차고지 - 원내동공영차고지,43,대덕대학교,0,0,5,1,0,0,5,0,12,11,14,0,18,22,13,0,12,0,13,6,0,0,0,0,
704,원내동공영차고지 - 원내동공영차고지,44,중소벤처기업청,0,0,5,1,0,0,5,0,12,11,14,0,18,22,13,0,12,0,13,6,0,0,0,0,
704,원내동공영차고지 - 원내동공영차고지,45,한국기계연구원,0,0,2,7,10,14,0,0,0,11,12,21,0,10,0,9,13,10,12,0,0,0,0,0,
704,원내동공영차고지 - 원내동공영차고지,46,충열사,0,0,0,0,9,0,0,0,13,0,13,0,0,0,0,0,8,11,0,0,0,0,0,0,
704,원내동공영차고지 - 원내동공영차고지,47,대전광역시인재개발원,0,0,0,0,0,0,0,12,0,9,0,0,17,0,0,0,12,0,0,0,0,0,0,0,
704,원내동공영차고지 - 원내동공영차고지,48,방현동,0,0,0,0,0,0,0,10,0,0,0,0,18,18,14,0,0,10,13,0,0,0,0,0,
704,원내동공영차고지 - 원내동공영차고지,49,대전시립제1노인병원,0,0,0,0,0,0,0,9,0,0,0,17,8,21,0,10,0,7,0,0,0,0,0,0,
704,원내동공영차고지 - 원내동공영차고지,50,화암네거리,0,0,0,0,0,12,0,0,0,0,0,0,0,0,13,0,0,0,0,0,0,0,0,0,
704,원내동공영차고지 - 원내동공영차고지,51,전자디자인고,0,0,0,2,7,8,10,1,12,0,15,0,17,20,8,0,0,0,4,0,0,0,0,0,
704,원내동공영차고지 - 원내동공영차고지,52,북대전IC네거리,0,0,0,0,7,0,0,11,0,8,0,18,18,23,0,12,15,11,6,0,0,0,0,0,
704,원내동공영차고지 - 원내동공영차고지,53,테크노밸리2단지,0,0,4,4,6,8,9,11,0,12,12,19,17,23,8,16,16,9,12,0,0,0,0,0,
704,원내동공영차고지 - 원내동공영차고지,54,테크노밸리5단지,0,0,6,6,7,7,13,10,13,8,0,18,16,21,10,14,0,8,7,9,0,0,0,0,
704,원내동공영차고지 - 원내동공영차고지,55,관평중학교,0,0,6,6,8,8,9,9,11,15,12,15,14,17,11,15,13,8,7,10,0,0,0,0,
704,원내동공영차고지 - 원내동공영차고지,56,롯데마트대덕점,0,0,3,5,6,6,9,7,11,12,16,16,16,19,16,7,20,13,4,0,0,0,0,0,
704,원내동공영차고지 - 원내동공영차고지,57,한마을아파트후문,0,0,0,6,2,6,0,6,10,7,0,0,17,20,0,0,13,8,0,0,0,0,0,0,
704,원내동공영차고지 - 원내동공영차고지,58,한마을아파트,0,0,0,5,0,5,10,2,11,13,0,9,14,18,0,7,19,0,5,0,0,0,0,0,
704,원내동공영차고지 - 원내동공영차고지,59,한솔아파트,0,0,0,6,5,7,8,7,10,15,15,0,16,17,0,16,13,9,4,7,0,0,0,0,
704,원내동공영차고지 - 원내동공영차고지,60,송강전통시장,0,0,5,8,4,9,9,7,8,11,14,14,17,11,20,12,20,9,7,6,0,0,0,0,
704,원내동공영차고지 - 원내동공영차고지,61,한국가스기술공사,0,0,4,0,0,0,0,0,8,0,0,0,0,0,0,13,0,0,0,0,0,0,0,0,
704,원내동공영차고지 - 원내동공영차고지,62,신구교,0,0,3,9,3,8,8,10,4,10,13,0,18,12,0,12,11,4,7,8,0,0,0,0,
704,원내동공영차고지 - 원내동공영차고지,63,기흥기계,0,0,0,0,0,7,4,0,0,8,0,9,0,11,0,0,0,0,0,0,0,0,0,0,
704,원내동공영차고지 - 원내동공영차고지,64,효성신탄진공장,0,0,0,0,5,0,5,0,0,11,14,13,0,0,0,0,0,0,0,0,0,0,0,0,
704,원내동공영차고지 - 원내동공영차고지,65,한국교통안전공단,0,0,4,5,0,0,9,0,6,0,13,0,17,10,18,0,0,0,6,0,0,0,0,0,
704,원내동공영차고지 - 원내동공영차고지,66,한국타이어,0,0,6,6,0,8,12,11,7,11,14,9,0,0,14,13,9,18,0,7,0,0,0,0,
704,원내동공영차고지 - 원내동공영차고지,67,목상동주민센터,0,0,0,0,0,0,0,10,0,0,0,0,16,0,0,12,0,16,0,0,0,0,0,0,
704,원내동공영차고지 - 원내동공영차고지,68,한국타이어후문,0,0,8,2,5,10,8,2,8,12,13,11,16,9,14,8,10,6,5,6,0,0,0,0,
704,원내동공영차고지 - 원내동공영차고지,69,금강엑슬루타워,0,0,0,8,0,9,7,9,10,11,10,8,15,8,15,5,0,14,2,4,0,0,0,0,
704,원내동공영차고지 - 원내동공영차고지,70,신탄진시장,0,0,1,1,7,7,8,7,7,8,8,6,12,7,10,6,7,0,4,3,0,0,0,0,
704,원내동공영차고지 - 원내동공영차고지,71,신탄진역,0,0,3,0,3,1,3,2,7,4,4,4,3,7,5,2,6,8,4,2,0,0,0,0,
704,원내동공영차고지 - 원내동공영차고지,72,석봉과선교,0,0,0,0,0,0,0,0,1,3,3,2,2,6,2,0,3,5,0,1,0,0,0,0,
704,원내동공영차고지 - 원내동공영차고지,73,석봉초등학교,0,0,1,0,1,0,0,0,5,1,1,0,0,2,0,0,0,1,0,0,0,0,0,0,
704,원내동공영차고지 - 원내동공영차고지,74,보훈병원,0,0,0,0,0,0,0,0,0,0,0,0,0,0,0,0,0,0,0,0,0,0,0,0,
704,원내동공영차고지 - 원내동공영차고지,75,보훈병원종점,0,0,0,1,1,1,1,1,1,1,1,1,4,1,4,1,1,0,0,0,0,0,0,0,
704,원내동공영차고지 - 원내동공영차고지,76,보훈병원종점,0,0,0,0,0,0,0,0,0,0,0,1,1,0,0,0,0,0,0,0,0,0,0,0,
704,원내동공영차고지 - 원내동공영차고지,77,석봉초등학교,0,2,0,2,3,2,3,3,2,6,5,2,6,4,0,1,3,0,0,0,0,0,0,0,
704,원내동공영차고지 - 원내동공영차고지,78,신탄진역,0,3,2,7,5,3,5,8,8,9,20,15,13,17,7,19,24,31,18,0,0,0,0,0,
704,원내동공영차고지 - 원내동공영차고지,79,신탄진시장,0,4,3,9,9,6,10,10,12,14,11,20,17,19,14,20,20,11,13,0,0,0,0,0,
704,원내동공영차고지 - 원내동공영차고지,80,금강엑슬루타워,0,5,3,10,10,7,12,13,8,18,13,21,20,21,7,21,25,32,18,0,0,0,0,0,
704,원내동공영차고지 - 원내동공영차고지,81,한국타이어후문,0,0,4,7,8,6,0,12,0,17,0,18,9,20,0,0,18,31,12,0,0,0,0,0,
704,원내동공영차고지 - 원내동공영차고지,82,목상동주민센터,0,6,4,9,10,6,11,11,11,13,10,23,19,18,14,18,23,29,17,0,0,0,0,0,
704,원내동공영차고지 - 원내동공영차고지,83,한국교통안전공단,0,7,16,5,8,0,3,0,0,0,0,17,0,19,9,0,0,0,0,0,0,0,0,0,
704,원내동공영차고지 - 원내동공영차고지,84,효성신탄진공장,0,0,3,9,7,0,0,0,9,12,0,0,0,20,8,0,18,0,0,0,0,0,0,0,
704,원내동공영차고지 - 원내동공영차고지,85,기흥기계,0,0,0,5,0,0,0,0,0,0,0,0,0,0,0,0,0,0,16,0,0,0,0,0,
704,원내동공영차고지 - 원내동공영차고지,86,신구교,0,0,12,4,9,8,0,10,0,6,11,25,10,0,13,16,22,31,15,0,0,0,0,0,
704,원내동공영차고지 - 원내동공영차고지,87,한국가스기술공사,0,0,11,0,0,7,0,5,10,0,0,0,8,17,14,15,0,29,14,0,0,0,0,0,
704,원내동공영차고지 - 원내동공영차고지,88,송강전통시장,0,6,8,6,10,8,12,9,10,8,10,18,6,15,11,15,20,26,15,0,0,0,0,0,
704,원내동공영차고지 - 원내동공영차고지,89,송강초등학교,0,0,0,7,9,9,14,0,10,10,15,16,12,17,9,13,19,25,14,0,0,0,0,0,
704,원내동공영차고지 - 원내동공영차고지,90,그린아파트,0,7,7,8,7,10,0,6,9,12,16,16,11,18,0,12,0,24,0,0,0,0,0,0,
704,원내동공영차고지 - 원내동공영차고지,91,한마을아파트,0,0,6,5,0,11,10,5,11,9,18,11,11,11,0,13,18,0,13,0,0,0,0,0,
704,원내동공영차고지 - 원내동공영차고지,92,롯데마트대덕점,0,0,7,7,8,13,12,7,12,12,14,15,12,12,13,12,19,18,15,0,0,0,0,0,
704,원내동공영차고지 - 원내동공영차고지,93,관평중학교,0,0,7,5,13,15,9,8,13,16,11,17,10,12,13,13,19,16,16,1,0,0,0,0,
704,원내동공영차고지 - 원내동공영차고지,94,테크노밸리4단지,0,1,9,6,12,11,14,7,17,17,13,18,10,12,14,14,18,13,14,0,0,0,0,0,
704,원내동공영차고지 - 원내동공영차고지,95,테크노밸리2단지,0,0,8,0,13,8,0,0,11,0,15,19,11,15,0,10,14,11,13,0,0,0,0,0,
704,원내동공영차고지 - 원내동공영차고지,96,북대전IC네거리,0,0,0,0,12,0,15,8,0,18,0,18,0,0,10,15,15,13,0,0,0,0,0,0,
704,원내동공영차고지 - 원내동공영차고지,97,전자디자인고,0,0,4,4,11,9,14,11,18,19,0,18,11,13,9,16,0,13,14,0,0,0,0,0,
704,원내동공영차고지 - 원내동공영차고지,98,화암네거리,0,2,7,0,0,0,0,12,13,9,0,0,12,0,0,10,0,14,0,0,0,0,0,0,
704,원내동공영차고지 - 원내동공영차고지,99,방현동,0,0,0,0,6,0,0,0,0,0,0,0,0,0,0,0,0,0,0,0,0,0,0,0,
704,원내동공영차고지 - 원내동공영차고지,100,대전광역시인재개발원,0,0,0,0,0,0,0,14,9,0,0,19,0,0,0,15,14,13,11,0,0,0,0,0,
704,원내동공영차고지 - 원내동공영차고지,101,한국기계연구원,0,0,6,0,10,12,8,12,17,17,16,17,10,0,12,0,0,15,13,0,0,0,0,0,
704,원내동공영차고지 - 원내동공영차고지,102,중소벤처기업청,0,0,0,0,0,6,0,0,0,0,9,11,10,0,0,8,0,0,0,0,0,0,0,0,
704,원내동공영차고지 - 원내동공영차고지,103,대덕대학교,0,0,0,4,0,11,13,14,0,0,11,0,10,13,11,7,12,12,11,0,0,0,0,0,
704,원내동공영차고지 - 원내동공영차고지,104,LG생활건강기술연구원,0,0,0,0,0,0,0,0,9,20,0,18,0,12,10,14,0,12,0,0,0,0,0,0,
704,원내동공영차고지 - 원내동공영차고지,105,한국화학연구원,0,0,0,3,0,9,12,13,0,18,12,18,11,12,10,13,13,11,10,2,0,0,0,0,
704,원내동공영차고지 - 원내동공영차고지,106,한화솔루션중앙연구소,0,0,6,5,11,12,13,13,16,20,15,17,13,13,11,13,10,11,8,0,0,0,0,0,
704,원내동공영차고지 - 원내동공영차고지,107,하나아파트,0,0,7,4,10,13,14,15,19,24,18,21,16,14,16,8,8,12,10,0,0,0,0,0,
704,원내동공영차고지 - 원내동공영차고지,108,유성구노인복지관,0,0,0,5,0,13,0,14,20,25,17,19,14,14,11,0,0,9,0,0,0,0,0,0,
704,원내동공영차고지 - 원내동공영차고지,109,우주통신연구소,0,0,4,0,8,12,8,14,0,11,0,20,0,15,0,7,7,8,0,0,0,0,0,0,
704,원내동공영차고지 - 원내동공영차고지,110,북대전세무서/보훈요양원,0,0,0,7,9,14,13,13,21,26,17,0,15,14,13,13,7,0,10,9,0,0,0,0,
704,원내동공영차고지 - 원내동공영차고지,111,충대서문,0,0,6,7,11,15,16,17,20,25,15,22,17,22,12,15,12,12,13,6,0,0,0,0,
704,원내동공영차고지 - 원내동공영차고지,112,궁동교,0,0,4,8,12,15,11,0,23,11,20,22,0,19,0,16,12,12,11,5,0,0,0,0,
704,원내동공영차고지 - 원내동공영차고지,113,충남대학교,0,0,3,6,9,12,9,15,17,15,17,16,11,15,17,13,7,8,4,4,0,0,0,0,
704,원내동공영차고지 - 원내동공영차고지,114,한진오피스텔,0,0,1,7,10,7,10,12,12,14,16,20,12,13,18,11,9,10,5,4,0,0,0,0,
704,원내동공영차고지 - 원내동공영차고지,115,유성온천역5번출구,0,0,2,6,10,9,7,11,11,11,17,18,18,10,17,11,11,15,8,5,0,0,0,0,
704,원내동공영차고지 - 원내동공영차고지,116,봉명네거리,0,0,2,5,11,11,8,11,12,11,19,18,19,16,17,13,7,16,0,4,0,0,0,0,
704,원내동공영차고지 - 원내동공영차고지,117,유성시외버스정류소,0,0,2,4,13,16,16,12,16,9,21,19,18,22,21,19,13,30,9,6,0,0,0,0,
704,원내동공영차고지 - 원내동공영차고지,118,유성구보건소,0,0,3,0,0,0,10,7,3,10,11,20,17,0,19,0,10,29,8,1,0,0,0,0,
704,원내동공영차고지 - 원내동공영차고지,119,구암동,0,0,2,1,15,15,11,11,13,6,22,11,14,21,0,6,0,30,7,4,0,0,0,0,
704,원내동공영차고지 - 원내동공영차고지,120,유성생명과학고,0,0,0,0,0,0,0,0,0,9,0,10,0,0,0,0,0,0,0,0,0,0,0,0,
704,원내동공영차고지 - 원내동공영차고지,121,복용2통,0,0,0,0,0,14,13,6,0,7,20,17,13,20,16,18,9,22,0,0,0,0,0,0,
704,원내동공영차고지 - 원내동공영차고지,122,복용동,0,0,2,0,0,12,12,0,11,6,9,13,11,0,18,17,0,0,0,8,0,0,0,0,
704,원내동공영차고지 - 원내동공영차고지,123,학하동,0,0,0,0,14,0,11,10,0,0,0,8,0,15,17,0,12,21,6,3,0,0,0,0,
704,원내동공영차고지 - 원내동공영차고지,124,학하초등학교,0,0,3,2,13,10,11,7,12,0,0,17,13,7,14,14,9,19,4,7,0,0,0,0,
704,원내동공영차고지 - 원내동공영차고지,125,온마음병원,0,0,0,0,0,0,0,0,11,0,0,0,10,0,0,0,0,0,0,0,0,0,0,0,
704,원내동공영차고지 - 원내동공영차고지,126,계산동,0,0,0,0,11,1,10,5,11,0,19,9,9,0,18,0,0,0,0,0,0,0,0,0,
704,원내동공영차고지 - 원내동공영차고지,127,밀머리네거리,0,0,0,0,0,0,0,0,0,0,0,10,12,0,0,0,7,18,0,6,0,0,0,0,
704,원내동공영차고지 - 원내동공영차고지,128,대정동,0,0,0,0,10,9,9,0,2,0,16,16,9,0,0,0,6,0,0,0,0,0,0,0,
704,원내동공영차고지 - 원내동공영차고지,129,용머리,0,0,2,3,5,8,0,0,0,0,18,0,0,0,20,0,0,7,0,0,0,0,0,0,
704,원내동공영차고지 - 원내동공영차고지,130,한샘근린공원,0,0,0,2,7,0,7,5,0,0,15,12,8,14,18,12,8,14,4,1,0,0,0,0,
704,원내동공영차고지 - 원내동공영차고지,131,드리움아파트,0,0,3,3,6,5,5,6,11,11,15,12,11,0,17,12,8,13,6,5,0,0,0,0,
704,원내동공영차고지 - 원내동공영차고지,132,교촌3통,0,0,0,0,4,0,0,0,0,0,0,0,0,8,0,0,0,0,0,0,0,0,0,0,
704,원내동공영차고지 - 원내동공영차고지,133,교도소입구,0,0,0,0,0,0,0,0,0,0,14,0,0,0,16,8,0,0,0,0,0,0,0,0,
704,원내동공영차고지 - 원내동공영차고지,134,한승미메이드아파트,0,0,0,2,5,0,6,0,0,13,12,7,7,12,15,11,6,12,1,1,0,0,0,0,
704,원내동공영차고지 - 원내동공영차고지,135,제이파크아파트,0,0,0,0,5,1,6,0,10,12,11,8,10,10,15,8,2,10,5,4,0,0,0,0,
704,원내동공영차고지 - 원내동공영차고지,136,진잠향교,0,0,0,3,6,0,5,5,1,6,7,9,0,0,11,7,1,4,4,0,0,0,0,0,
704,원내동공영차고지 - 원내동공영차고지,137,진잠초등학교,0,0,0,0,5,0,0,0,8,2,7,11,9,8,14,0,0,9,3,3,0,0,0,0,
704,원내동공영차고지 - 원내동공영차고지,138,원내네거리,0,0,2,1,3,3,0,2,2,4,2,4,3,3,5,3,2,1,2,1,0,0,0,0,
704,원내동공영차고지 - 원내동공영차고지,139,진잠타운아파트,0,0,0,0,0,1,0,0,1,2,1,2,0,1,2,0,0,0,0,0,0,0,0,0,
704,원내동공영차고지 - 원내동공영차고지,140,대전도시과학고등학교,0,0,0,0,0,0,0,0,0,0,0,0,0,0,1,1,1,0,0,0,0,0,0,0,
704,원내동공영차고지 - 원내동공영차고지,141,서대전IC,0,0,0,0,0,0,0,0,0,0,0,0,0,0,0,0,0,0,0,0,0,0,0,0,
704,원내동공영차고지 - 원내동공영차고지,142,원내동공영차고지,0,0,0,0,0,0,0,0,0,0,0,0,0,0,0,0,0,0,0,0,0,0,0,0,
705,신탄진기점지 - 신탄진기점지,1,신탄진기점지,0,0,0,0,0,0,0,0,0,0,0,0,0,0,0,0,0,0,0,0,0,0,0,0,
705,신탄진기점지 - 신탄진기점지,2,금강로하스엘크루,0,0,0,0,1,3,1,0,0,3,0,2,0,2,0,1,0,0,0,0,0,0,0,0,
705,신탄진기점지 - 신탄진기점지,3,신탄진시장,0,0,1,0,0,1,0,2,1,1,1,4,2,1,0,0,4,2,0,0,0,0,0,0,
705,신탄진기점지 - 신탄진기점지,4,신탄진동행정복지센터,0,0,0,0,1,0,0,1,0,0,0,0,0,0,0,0,0,0,0,0,0,0,0,0,
705,신탄진기점지 - 신탄진기점지,5,용정초등학교,0,0,2,1,0,2,1,2,0,4,2,3,1,1,0,0,0,2,0,0,0,0,0,0,
705,신탄진기점지 - 신탄진기점지,6,신탄진동행정복지센터,0,0,0,0,2,0,3,2,2,2,0,6,0,1,0,0,2,0,0,0,0,0,0,0,
705,신탄진기점지 - 신탄진기점지,7,신탄진역,0,0,0,2,5,7,7,7,7,10,5,11,11,9,11,10,11,6,14,0,0,0,0,0,
705,신탄진기점지 - 신탄진기점지,8,남경마을,0,0,0,0,6,0,8,3,3,11,0,0,10,9,0,0,0,0,2,0,0,0,0,0,
705,신탄진기점지 - 신탄진기점지,9,덕암동주민센터,0,0,0,3,5,0,6,0,8,0,0,0,9,8,12,0,6,5,0,0,0,0,0,0,
705,신탄진기점지 - 신탄진기점지,10,평촌동,0,0,0,1,0,4,0,0,0,0,0,0,5,0,0,0,0,0,0,0,0,0,0,0,
705,신탄진기점지 - 신탄진기점지,11,신탄진한일병원,0,0,0,4,5,0,5,4,6,11,5,12,8,8,13,0,12,6,13,0,0,0,0,0,
705,신탄진기점지 - 신탄진기점지,12,덕암우체국,0,0,4,5,4,4,9,5,8,7,3,11,8,9,12,9,11,4,12,0,0,0,0,0,
705,신탄진기점지 - 신탄진기점지,13,행복한마을아파트,0,0,5,3,5,7,8,7,10,6,10,9,7,10,15,8,3,5,11,0,0,0,0,0,
705,신탄진기점지 - 신탄진기점지,14,신탄중앙중학교,0,0,6,4,5,5,8,8,8,10,4,10,7,6,14,6,10,3,9,0,0,0,0,0,
705,신탄진기점지 - 신탄진기점지,15,대덕구보건소,0,0,0,2,5,8,8,0,0,11,0,10,9,7,14,4,0,4,0,0,0,0,0,0,
705,신탄진기점지 - 신탄진기점지,16,한밭아파트,0,0,0,0,0,9,6,7,0,13,8,4,12,7,16,0,9,3,10,0,0,0,0,0,
705,신탄진기점지 - 신탄진기점지,17,대전이문고,0,0,1,0,6,11,7,8,0,17,4,11,5,0,14,9,0,0,9,0,0,0,0,0,
705,신탄진기점지 - 신탄진기점지,18,석봉네거리,0,0,0,5,4,12,12,10,11,18,9,12,10,0,11,0,10,4,0,0,0,0,0,0,
705,신탄진기점지 - 신탄진기점지,19,한국타이어후문,0,0,5,0,5,13,7,0,0,0,0,8,11,0,10,1,1,0,0,0,0,0,0,0,
705,신탄진기점지 - 신탄진기점지,20,목상동주민센터,0,0,5,6,8,16,14,11,13,21,10,8,14,9,8,12,4,4,1,0,0,0,0,0,
705,신탄진기점지 - 신탄진기점지,21,한국교통안전공단,0,0,8,4,4,15,0,10,0,10,0,0,0,0,7,16,0,2,0,0,0,0,0,0,
705,신탄진기점지 - 신탄진기점지,22,대덕우체국네거리,0,0,0,0,0,0,0,0,0,0,0,0,16,0,0,0,0,3,11,0,0,0,0,0,
705,신탄진기점지 - 신탄진기점지,23,을미기네거리,0,0,2,0,0,0,0,0,0,0,22,8,0,0,0,4,0,2,0,0,0,0,0,0,
705,신탄진기점지 - 신탄진기점지,24,직업능력개발원,0,0,0,0,0,0,0,11,0,11,0,6,0,8,7,15,0,0,0,0,0,0,0,0,
705,신탄진기점지 - 신탄진기점지,25,벤처타운장영실관,0,0,0,0,0,0,0,12,0,0,0,0,0,0,0,0,3,0,0,0,0,0,0,0,
705,신탄진기점지 - 신탄진기점지,26,시알들삼거리,0,0,0,0,0,0,0,0,0,0,0,0,0,10,2,14,0,0,0,0,0,0,0,0,
705,신탄진기점지 - 신탄진기점지,27,장고개삼거리,0,0,0,0,0,0,11,0,0,0,0,0,15,8,0,0,0,3,0,0,0,0,0,0,
705,신탄진기점지 - 신탄진기점지,28,대덕밸리용신교,0,0,7,5,3,6,14,10,12,0,9,9,17,11,0,0,2,0,0,0,0,0,0,0,
705,신탄진기점지 - 신탄진기점지,29,현대아울렛북문,0,0,6,0,7,7,13,9,9,15,17,15,18,13,10,17,11,7,9,3,0,0,0,0,
705,신탄진기점지 - 신탄진기점지,30,수변공원,0,0,0,3,6,6,6,8,8,5,22,15,17,15,8,13,10,8,8,2,0,0,0,0,
705,신탄진기점지 - 신탄진기점지,31,관평중학교,0,0,1,5,5,7,12,14,12,13,14,15,16,12,11,11,12,10,9,0,0,0,0,0,
705,신탄진기점지 - 신탄진기점지,32,중일고등학교,0,0,0,6,6,3,12,15,8,3,14,17,11,11,9,12,3,0,8,0,0,0,0,0,
705,신탄진기점지 - 신탄진기점지,33,테크노밸리6.10단지,0,0,0,0,1,4,15,11,13,16,12,14,17,0,12,11,7,4,7,0,0,0,0,0,
705,신탄진기점지 - 신탄진기점지,34,테크노밸리11.12단지,0,1,0,0,5,9,16,0,14,17,9,16,17,13,9,5,6,0,0,0,0,0,0,0,
705,신탄진기점지 - 신탄진기점지,35,호반써밋그랜드파크,0,1,2,3,8,8,17,14,16,11,17,6,15,10,11,10,11,9,6,2,0,0,0,0,
705,신탄진기점지 - 신탄진기점지,36,호반써밋그랜드파크2단지,0,0,3,6,9,8,18,15,17,10,12,17,9,12,10,9,12,5,5,0,0,0,0,0,
705,신탄진기점지 - 신탄진기점지,37,탑립육교,0,0,0,0,0,7,0,12,11,0,0,0,10,0,0,10,0,0,0,0,0,0,0,0,
705,신탄진기점지 - 신탄진기점지,38,탑립1통,0,0,0,0,0,0,15,0,0,19,0,0,16,0,11,0,13,7,0,0,0,0,0,0,
705,신탄진기점지 - 신탄진기점지,39,LH연구원,0,0,0,5,0,0,16,8,9,17,5,0,0,11,4,11,12,6,4,0,0,0,0,0,
705,신탄진기점지 - 신탄진기점지,40,태광산업중앙연구소,0,2,0,0,0,6,18,16,18,0,17,17,15,9,10,0,9,7,0,0,0,0,0,0,
705,신탄진기점지 - 신탄진기점지,41,전민중학교,0,2,2,5,17,14,24,21,29,19,18,21,12,12,11,11,10,5,2,4,0,0,0,0,
705,신탄진기점지 - 신탄진기점지,42,엑스포아파트,0,3,3,5,21,16,26,22,33,23,23,26,12,19,10,13,7,6,3,2,0,0,0,0,
705,신탄진기점지 - 신탄진기점지,43,문지초등학교입구,0,0,0,7,23,18,29,28,35,30,13,17,15,23,11,15,8,8,4,3,0,0,0,0,
705,신탄진기점지 - 신탄진기점지,44,해링턴아파트,0,0,0,8,0,19,25,24,34,31,24,26,7,14,10,17,6,9,0,0,0,0,0,0,
705,신탄진기점지 - 신탄진기점지,45,문지네거리,0,0,0,0,0,0,28,0,0,0,15,0,0,0,10,2,0,6,0,0,0,0,0,0,
705,신탄진기점지 - 신탄진기점지,46,싸이언스빌3가,0,0,0,7,0,0,0,0,0,30,0,0,14,0,0,0,0,0,0,0,0,0,0,0,
705,신탄진기점지 - 신탄진기점지,47,원촌삼거리,0,0,4,5,9,0,23,15,35,31,25,28,13,25,9,3,5,10,0,0,0,0,0,0,
705,신탄진기점지 - 신탄진기점지,48,원촌동솔로몬로파크,0,0,0,0,0,0,0,0,0,32,24,29,12,27,11,0,0,13,0,0,0,0,0,0,
705,신탄진기점지 - 신탄진기점지,49,MBC/TJB방송국,0,0,2,7,21,16,23,27,37,34,27,31,11,26,13,18,2,14,3,3,0,0,0,0,
705,신탄진기점지 - 신탄진기점지,50,대전컨벤션센터,0,0,0,8,20,17,25,26,27,39,24,27,14,45,15,7,8,15,4,0,0,0,0,0,
705,신탄진기점지 - 신탄진기점지,51,한빛탑,0,0,0,0,0,15,0,25,0,37,0,17,12,43,25,4,0,8,0,0,0,0,0,0,
705,신탄진기점지 - 신탄진기점지,52,신세계백화점,0,0,6,8,18,10,21,14,21,32,28,36,23,47,38,33,33,19,8,0,0,0,0,0,
705,신탄진기점지 - 신탄진기점지,53,서구보건소,0,0,1,9,12,6,13,15,20,30,24,29,21,44,34,32,27,13,8,4,0,0,0,0,
705,신탄진기점지 - 신탄진기점지,54,선사유적지,0,0,0,4,10,4,11,15,20,25,18,27,15,36,29,23,17,13,7,3,0,0,0,0,
705,신탄진기점지 - 신탄진기점지,55,통계센터,0,0,4,2,3,2,10,8,15,21,15,15,11,22,19,16,12,9,5,1,0,0,0,0,
705,신탄진기점지 - 신탄진기점지,56,이마트,0,0,1,0,2,1,8,8,9,11,11,10,7,10,8,7,9,7,3,2,0,0,0,0,
705,신탄진기점지 - 신탄진기점지,57,둔산2동주민센터,0,0,0,0,1,1,3,1,3,7,3,4,5,3,3,2,5,4,1,0,0,0,0,0,
705,신탄진기점지 - 신탄진기점지,58,시청환승지,0,1,0,1,0,0,0,2,0,2,1,1,1,1,2,1,0,1,6,0,0,0,0,0,
705,신탄진기점지 - 신탄진기점지,59,시청.교육청,0,3,2,1,1,1,3,6,1,6,4,4,4,4,4,1,6,2,1,0,0,0,0,0,
705,신탄진기점지 - 신탄진기점지,60,아이빌딩,0,4,0,1,2,4,1,9,2,8,4,5,5,5,5,2,1,3,7,0,0,0,0,0,
705,신탄진기점지 - 신탄진기점지,61,파랑새네거리,0,0,3,3,3,8,10,15,8,14,16,16,14,20,15,9,13,17,9,0,0,0,0,0,
705,신탄진기점지 - 신탄진기점지,62,둔산경찰서,0,5,8,8,13,14,31,23,19,18,29,28,16,23,11,15,15,18,8,0,0,0,0,0,
705,신탄진기점지 - 신탄진기점지,63,정부대전청사서문,0,6,1,9,14,13,31,27,23,20,31,24,15,24,19,9,12,14,10,0,0,0,0,0,
705,신탄진기점지 - 신탄진기점지,64,서구보건소,0,0,9,8,9,13,31,32,27,24,39,30,17,24,22,14,17,17,10,0,0,0,0,0,
705,신탄진기점지 - 신탄진기점지,65,신세계백화점,0,4,5,7,11,12,18,28,23,26,33,31,18,30,23,15,24,16,12,0,0,0,0,0,
705,신탄진기점지 - 신탄진기점지,66,대전컨벤션센터,0,0,0,6,10,8,10,16,20,23,23,32,22,35,26,19,28,20,0,0,0,0,0,0,
705,신탄진기점지 - 신탄진기점지,67,MBC/TJB방송국,0,0,4,5,7,4,9,10,20,23,20,33,22,39,33,9,18,25,13,0,0,0,0,0,
705,신탄진기점지 - 신탄진기점지,68,원촌동솔로몬로파크,0,3,0,4,0,7,0,0,8,0,0,0,21,23,22,0,0,0,0,0,0,0,0,0,
705,신탄진기점지 - 신탄진기점지,69,원촌삼거리,0,0,0,3,5,6,9,6,9,10,12,35,0,19,30,17,30,26,0,0,0,0,0,0,
705,신탄진기점지 - 신탄진기점지,70,싸이언스빌3가,0,0,2,0,6,0,0,8,0,11,0,35,0,38,29,15,0,0,12,0,0,0,0,0,
705,신탄진기점지 - 신탄진기점지,71,문지네거리,0,0,1,2,4,4,0,12,0,9,20,19,25,37,26,19,0,25,0,0,0,0,0,0,
705,신탄진기점지 - 신탄진기점지,72,엑스포아파트,0,0,6,3,4,8,8,10,17,21,17,18,22,34,16,16,27,22,6,0,0,0,0,0,
705,신탄진기점지 - 신탄진기점지,73,전민중학교,0,0,6,3,5,9,10,11,13,14,13,18,18,25,14,15,14,18,5,0,0,0,0,0,
705,신탄진기점지 - 신탄진기점지,74,태광산업중앙연구소,0,0,0,0,6,10,11,13,6,5,10,0,16,20,9,4,0,17,5,0,0,0,0,0,
705,신탄진기점지 - 신탄진기점지,75,LH연구원,0,0,4,0,0,1,0,0,4,14,0,19,13,25,10,0,11,0,0,0,0,0,0,0,
705,신탄진기점지 - 신탄진기점지,76,탑립1통,0,0,7,0,5,10,5,0,0,0,11,0,12,0,0,0,0,0,0,0,0,0,0,0,
705,신탄진기점지 - 신탄진기점지,77,탑립육교,0,0,0,0,4,0,0,0,0,0,0,0,0,0,9,0,0,10,0,0,0,0,0,0,
705,신탄진기점지 - 신탄진기점지,78,호반써밋그랜드파크4단지,0,0,0,2,0,4,0,12,0,13,12,20,13,24,15,14,13,14,2,0,0,0,0,0,
705,신탄진기점지 - 신탄진기점지,79,호반써밋그랜드파크,0,0,8,3,5,4,13,8,8,12,12,20,11,23,21,15,9,12,3,0,0,0,0,0,
705,신탄진기점지 - 신탄진기점지,80,푸르지오하임1.2단지,0,0,0,0,4,3,13,10,9,0,10,12,12,22,11,0,6,11,4,0,0,0,0,0,
705,신탄진기점지 - 신탄진기점지,81,테크노밸리6.10단지,0,0,0,3,2,0,4,8,8,13,0,9,11,20,20,13,7,11,4,0,0,0,0,0,
705,신탄진기점지 - 신탄진기점지,82,중일고등학교,0,0,1,0,4,0,14,8,7,14,12,19,10,18,18,11,4,8,0,0,0,0,0,0,
705,신탄진기점지 - 신탄진기점지,83,관평중학교,0,0,3,4,4,9,13,7,9,11,11,14,9,15,11,10,6,7,3,0,0,0,0,0,
705,신탄진기점지 - 신탄진기점지,84,수변공원,0,0,2,2,0,0,11,7,6,11,8,16,8,15,10,13,5,11,4,3,0,0,0,0,
705,신탄진기점지 - 신탄진기점지,85,현대아울렛남문,0,0,6,3,3,7,6,2,7,8,13,10,13,15,13,9,8,14,0,0,0,0,0,0,
705,신탄진기점지 - 신탄진기점지,86,대덕밸리용신교,0,0,2,0,2,1,0,0,9,0,12,12,16,19,14,14,8,13,9,0,0,0,0,0,
705,신탄진기점지 - 신탄진기점지,87,장고개삼거리,0,0,5,0,0,0,0,0,0,0,0,0,15,0,0,0,10,0,0,0,0,0,0,0,
705,신탄진기점지 - 신탄진기점지,88,시알들삼거리,0,0,5,0,0,0,0,0,0,0,0,0,15,0,0,0,10,0,0,0,0,0,0,0,
705,신탄진기점지 - 신탄진기점지,89,벤처타운장영실관,0,0,0,0,0,0,0,0,7,0,0,0,0,13,0,5,0,0,0,0,0,0,0,0,
705,신탄진기점지 - 신탄진기점지,90,직업능력개발원,0,0,1,0,0,0,0,0,0,0,0,0,14,0,0,3,7,0,0,0,0,0,0,0,
705,신탄진기점지 - 신탄진기점지,91,을미기네거리,0,0,4,0,4,0,0,0,0,0,0,0,0,14,0,0,0,13,0,0,0,0,0,0,
705,신탄진기점지 - 신탄진기점지,92,대덕우체국네거리,0,0,0,0,0,5,0,0,0,0,0,0,0,18,0,0,5,0,0,0,0,0,0,0,
705,신탄진기점지 - 신탄진기점지,93,한국교통안전공단,0,0,5,0,0,0,0,3,0,4,0,13,0,0,17,13,0,0,0,0,0,0,0,0,
705,신탄진기점지 - 신탄진기점지,94,한국타이어,0,0,0,0,3,4,0,6,8,6,11,12,15,12,15,11,8,12,10,0,0,0,0,0,
705,신탄진기점지 - 신탄진기점지,95,목상동주민센터,0,0,0,0,3,0,0,0,0,3,0,0,3,6,11,10,7,10,8,0,0,0,0,0,
705,신탄진기점지 - 신탄진기점지,96,한국타이어후문,0,0,0,2,3,6,7,5,9,2,14,13,15,11,10,7,0,13,0,0,0,0,0,0,
705,신탄진기점지 - 신탄진기점지,97,석봉네거리,0,0,0,3,0,5,1,5,6,4,11,12,14,0,7,0,7,11,8,0,0,0,0,0,
705,신탄진기점지 - 신탄진기점지,98,대전이문고,0,0,0,2,2,4,8,2,4,4,7,7,0,14,8,5,0,10,3,2,0,0,0,0,
705,신탄진기점지 - 신탄진기점지,99,덕암동,0,0,0,2,4,6,3,5,7,0,9,11,12,0,0,6,7,7,9,0,0,0,0,0,
705,신탄진기점지 - 신탄진기점지,100,대덕구보건소,0,0,0,2,0,0,7,6,6,0,12,12,10,15,7,5,0,7,0,0,0,0,0,0,
705,신탄진기점지 - 신탄진기점지,101,신탄중앙중학교,0,0,0,0,5,0,1,5,5,0,11,11,11,11,5,7,4,4,8,0,0,0,0,0,
705,신탄진기점지 - 신탄진기점지,102,행복한마을아파트,0,0,5,4,4,7,8,7,4,2,12,10,3,15,4,9,6,5,7,1,0,0,0,0,
705,신탄진기점지 - 신탄진기점지,103,덕암우체국,0,0,4,3,3,8,2,8,3,0,13,0,8,14,5,8,0,3,6,0,0,0,0,0,
705,신탄진기점지 - 신탄진기점지,104,신탄진한일병원,0,0,0,1,4,7,0,7,1,5,14,9,7,9,1,6,4,0,0,0,0,0,0,0,
705,신탄진기점지 - 신탄진기점지,105,평촌동,0,0,0,4,4,6,0,0,4,0,0,0,0,11,5,0,0,0,0,0,0,0,0,0,
705,신탄진기점지 - 신탄진기점지,106,덕암동주민센터,0,0,0,0,2,0,7,0,0,6,13,0,0,12,0,7,0,2,0,0,0,0,0,0,
705,신탄진기점지 - 신탄진기점지,107,남경마을,0,0,0,0,3,8,0,0,4,5,12,8,6,9,4,4,2,2,7,0,0,0,0,0,
705,신탄진기점지 - 신탄진기점지,108,신탄진역,0,0,1,2,2,4,2,5,5,2,2,2,2,5,4,2,2,3,7,0,0,0,0,0,
705,신탄진기점지 - 신탄진기점지,109,신탄진동행정복지센터,0,0,0,0,0,0,1,3,1,2,1,1,1,4,0,0,0,0,6,0,0,0,0,0,
705,신탄진기점지 - 신탄진기점지,110,동일스위트리버스카이,0,0,0,0,3,1,2,1,1,2,0,3,0,4,2,1,2,2,2,0,0,0,0,0,
705,신탄진기점지 - 신탄진기점지,111,신탄진동행정복지센터,0,0,0,0,3,1,2,1,1,2,0,3,0,4,2,1,2,2,2,0,0,0,0,0,
705,신탄진기점지 - 신탄진기점지,112,신탄진시장,0,0,1,1,2,0,0,0,2,0,0,3,1,0,0,0,0,0,1,0,0,0,0,0,
705,신탄진기점지 - 신탄진기점지,113,금강서희스타힐스,0,0,0,0,0,0,0,0,0,0,0,1,1,0,0,0,0,1,0,0,0,0,0,0,
705,신탄진기점지 - 신탄진기점지,114,금강엑슬루타워정문,0,0,0,0,0,0,0,0,0,0,0,0,0,0,0,0,0,0,0,0,0,0,0,0,
705,신탄진기점지 - 신탄진기점지,115,신탄진기점지,0,0,0,0,0,0,0,0,0,0,0,0,0,0,0,0,0,0,0,0,0,0,0,0,
706,대한통운종점 - 대한통운종점,1,대한통운종점,0,0,0,0,0,0,0,0,0,0,0,0,0,0,0,0,0,0,0,0,0,0,0,0,
706,대한통운종점 - 대한통운종점,2,대한통운종점,0,0,0,0,1,0,1,1,1,0,0,1,0,0,0,0,0,0,0,0,0,0,0,0,
706,대한통운종점 - 대한통운종점,3,읍내동현대아파트,0,0,1,1,2,2,4,3,4,3,4,2,3,1,0,0,1,0,0,0,0,0,0,0,
706,대한통운종점 - 대한통운종점,4,대전지방국세청,0,3,2,2,6,8,7,6,8,7,7,3,4,5,3,2,2,0,0,0,0,0,0,0,
706,대한통운종점 - 대한통운종점,5,법동전통시장,0,0,5,5,6,13,10,11,13,11,12,7,6,6,4,1,0,0,0,0,0,0,0,0,
706,대한통운종점 - 대한통운종점,6,중리동,0,0,4,3,8,11,0,12,13,12,16,7,3,9,0,3,0,2,0,0,0,0,0,0,
706,대한통운종점 - 대한통운종점,7,중리네거리,0,0,3,2,7,11,9,13,15,11,17,8,7,9,5,0,1,3,0,0,0,0,0,0,
706,대한통운종점 - 대한통운종점,8,증산도교육문화회관,0,5,9,6,4,12,10,14,18,12,23,6,7,0,6,6,3,5,1,0,0,0,0,0,
706,대한통운종점 - 대한통운종점,9,중리지구대,0,0,5,0,0,12,9,15,14,12,22,8,5,7,0,0,0,4,1,0,0,0,0,0,
706,대한통운종점 - 대한통운종점,10,신동아아파트,0,0,7,5,10,13,7,13,17,11,22,11,6,6,3,7,5,2,2,0,0,0,0,0,
706,대한통운종점 - 대한통운종점,11,오정농수산물시장,0,0,6,3,4,9,4,4,16,12,6,12,7,5,8,0,6,0,0,0,0,0,0,0,
706,대한통운종점 - 대한통운종점,12,수정타운아파트,0,0,5,2,13,12,12,12,14,13,18,11,9,13,5,8,8,2,0,0,0,0,0,0,
706,대한통운종점 - 대한통운종점,13,한밭초등학교,0,0,6,4,12,0,12,0,15,15,17,10,8,12,8,0,0,0,2,0,0,0,0,0,
706,대한통운종점 - 대한통운종점,14,탄방중학교,0,0,5,0,11,11,0,6,14,14,16,7,7,13,4,0,0,0,0,0,0,0,0,0,
706,대한통운종점 - 대한통운종점,15,공작아파트,0,0,5,3,0,12,11,6,15,14,18,9,7,15,6,6,7,4,0,0,0,0,0,0,
706,대한통운종점 - 대한통운종점,16,한가람아파트,0,1,7,6,12,13,16,7,18,13,24,11,6,13,9,4,8,5,2,0,0,0,0,0,
706,대한통운종점 - 대한통운종점,17,한우리아파트,0,0,5,4,9,12,16,10,15,14,25,11,12,12,7,8,12,7,4,0,0,0,0,0,
706,대한통운종점 - 대한통운종점,18,탄방역.대전고용센터,0,0,3,2,7,9,12,5,15,13,24,8,14,10,6,10,13,5,5,0,0,0,0,0,
706,대한통운종점 - 대한통운종점,19,녹원아파트,0,0,4,2,5,8,10,8,13,11,11,9,13,9,0,12,10,2,10,0,0,0,0,0,
706,대한통운종점 - 대한통운종점,20,대전상공회의소,0,0,4,4,7,7,8,7,11,12,26,11,5,9,0,13,11,7,5,0,0,0,0,0,
706,대한통운종점 - 대한통운종점,21,은하수네거리,0,2,4,5,10,10,12,5,14,14,23,13,9,13,7,8,10,5,7,0,0,0,0,0,
706,대한통운종점 - 대한통운종점,22,파랑새네거리,0,0,2,4,10,10,11,6,15,13,25,15,12,18,9,10,10,6,8,1,0,0,0,0,
706,대한통운종점 - 대한통운종점,23,선사유적지,0,0,2,3,9,9,8,5,14,6,26,18,12,19,12,8,13,5,9,0,0,0,0,0,
706,대한통운종점 - 대한통운종점,24,샛별아파트,0,0,3,1,0,10,10,8,15,16,17,7,12,19,10,11,14,8,9,0,0,0,0,0,
706,대한통운종점 - 대한통운종점,25,황실타운아파트,0,0,5,2,9,4,7,9,23,18,24,16,12,16,10,8,11,8,7,0,0,0,0,0,
706,대한통운종점 - 대한통운종점,26,하나로아파트,0,0,2,3,11,5,6,11,29,17,19,15,11,13,15,8,12,7,6,0,0,0,0,0,
706,대한통운종점 - 대한통운종점,27,월평역,0,0,4,0,0,6,10,11,28,15,23,15,12,16,16,10,12,15,7,2,0,0,0,0,
706,대한통운종점 - 대한통운종점,28,유림공원,0,0,1,2,8,7,7,11,23,14,20,21,14,12,13,7,10,12,7,3,0,0,0,0,
706,대한통운종점 - 대한통운종점,29,다솔아파트,0,0,0,0,5,6,7,8,22,17,19,21,12,12,12,9,9,9,6,2,0,0,0,0,
706,대한통운종점 - 대한통운종점,30,충남대학교,0,0,5,2,3,8,7,8,17,12,19,19,10,15,15,15,10,8,11,6,0,0,0,0,
706,대한통운종점 - 대한통운종점,31,온천교,0,0,6,1,6,6,10,8,18,12,15,19,0,14,14,11,12,9,11,9,0,0,0,0,
706,대한통운종점 - 대한통운종점,32,유성온천역6번출구,0,0,4,0,8,6,8,7,17,16,17,16,14,16,19,14,21,14,20,8,0,0,0,0,
706,대한통운종점 - 대한통운종점,33,유성온천역3번출구,0,0,6,0,9,8,8,11,14,18,19,15,15,22,23,19,24,19,28,10,0,0,0,0,
706,대한통운종점 - 대한통운종점,34,휴먼시아4단지,0,0,5,0,7,9,6,11,12,16,16,17,13,17,16,15,18,15,28,11,0,0,0,0,
706,대한통운종점 - 대한통운종점,35,트리풀시티9단지,0,0,0,0,0,6,7,8,10,17,13,16,6,15,14,12,14,14,27,0,0,0,0,0,
706,대한통운종점 - 대한통운종점,36,상대네거리,0,0,4,0,7,0,0,4,9,13,9,8,12,14,13,13,13,12,26,0,0,0,0,0,
706,대한통운종점 - 대한통운종점,37,아이파크시티,0,0,3,0,4,5,5,10,5,9,6,7,9,8,8,6,12,9,20,7,0,0,0,0,
706,대한통운종점 - 대한통운종점,38,법원등기국,0,0,0,0,2,3,2,4,3,5,0,2,6,4,6,5,3,7,14,6,0,0,0,0,
706,대한통운종점 - 대한통운종점,39,목원대학교,0,0,0,0,0,1,1,0,0,3,0,0,3,2,3,5,0,2,0,0,0,0,0,0,
706,대한통운종점 - 대한통운종점,40,목원대학교,0,0,1,7,7,4,3,5,2,6,7,5,9,6,10,3,3,4,3,0,0,0,0,0,
706,대한통운종점 - 대한통운종점,41,법원등기국,0,1,0,2,2,8,3,7,8,9,16,9,12,9,12,0,4,0,0,0,0,0,0,0,
706,대한통운종점 - 대한통운종점,42,아이파크시티,0,0,1,6,10,9,4,11,13,11,21,10,14,10,17,2,6,7,8,0,0,0,0,0,
706,대한통운종점 - 대한통운종점,43,상대네거리,0,0,0,0,5,10,6,15,11,12,0,11,9,10,0,6,3,2,0,0,0,0,0,0,
706,대한통운종점 - 대한통운종점,44,트리풀시티9단지,0,0,2,0,5,9,7,15,14,12,9,15,15,11,6,16,0,0,0,0,0,0,0,0,
706,대한통운종점 - 대한통운종점,45,도안센트럴시티,0,0,0,0,4,0,6,0,0,0,20,10,13,0,0,0,2,0,0,0,0,0,0,0,
706,대한통운종점 - 대한통운종점,46,유성온천역2번출구,0,3,1,11,9,12,7,17,14,14,15,12,10,19,18,16,0,5,6,0,0,0,0,0,
706,대한통운종점 - 대한통운종점,47,유성온천역7번출구,0,0,2,5,4,8,5,10,12,18,10,8,14,9,16,6,4,5,5,0,0,0,0,0,
706,대한통운종점 - 대한통운종점,48,온천교,0,0,0,0,7,10,5,11,17,19,11,8,16,13,14,6,5,5,7,0,0,0,0,0,
706,대한통운종점 - 대한통운종점,49,충남대학교,0,0,2,3,4,10,7,13,18,8,19,12,22,11,13,5,4,4,8,0,0,0,0,0,
706,대한통운종점 - 대한통운종점,50,홈플러스유성점,0,0,0,3,5,12,8,14,21,14,25,24,20,16,14,7,8,5,2,0,0,0,0,0,
706,대한통운종점 - 대한통운종점,51,월평역,0,0,0,4,4,12,6,16,19,9,22,23,18,15,17,10,4,5,0,0,0,0,0,0,
706,대한통운종점 - 대한통운종점,52,전원아파트,0,0,0,5,5,13,12,11,20,21,22,25,18,13,17,8,5,0,10,0,0,0,0,0,
706,대한통운종점 - 대한통운종점,53,누리아파트,0,0,0,6,6,12,8,16,17,22,21,29,20,15,19,7,6,4,10,0,0,0,0,0,
706,대한통운종점 - 대한통운종점,54,무지개아파트,0,0,0,3,4,11,13,14,19,21,13,31,19,8,17,6,6,3,9,0,0,0,0,0,
706,대한통운종점 - 대한통운종점,55,통계센터,0,0,0,2,6,12,14,16,19,14,12,33,23,14,20,7,8,6,8,0,0,0,0,0,
706,대한통운종점 - 대한통운종점,56,이마트,0,0,0,6,5,11,13,13,21,20,19,11,12,17,20,6,3,9,5,0,0,0,0,0,
706,대한통운종점 - 대한통운종점,57,갤러리아타임월드,0,0,0,5,6,10,12,8,15,15,13,28,18,13,18,9,11,11,0,0,0,0,0,0,
706,대한통운종점 - 대한통운종점,58,은하수네거리,0,0,2,0,5,0,10,7,15,20,13,27,19,17,20,10,13,12,6,0,0,0,0,0,
706,대한통운종점 - 대한통운종점,59,큰마을아파트,0,0,3,3,5,11,10,6,14,19,14,25,20,16,15,11,12,8,9,4,0,0,0,0,
706,대한통운종점 - 대한통운종점,60,유승기업사,0,0,4,3,3,14,11,3,12,15,14,19,19,15,12,11,14,0,13,5,0,0,0,0,
706,대한통운종점 - 대한통운종점,61,개나리아파트,0,0,3,2,4,4,10,5,14,13,16,15,18,18,7,12,11,8,7,0,0,0,0,0,
706,대한통운종점 - 대한통운종점,62,국민연금서대전지사,0,0,0,0,0,15,0,5,14,9,19,17,17,17,0,7,0,8,14,0,0,0,0,0,
706,대한통운종점 - 대한통운종점,63,탄방역.대전고용센터,0,0,2,0,3,15,7,4,15,13,19,19,15,18,15,13,10,10,15,0,0,0,0,0,
706,대한통운종점 - 대한통운종점,64,한우리아파트,0,0,0,3,4,10,7,4,9,12,17,16,12,15,12,9,12,9,0,0,0,0,0,0,
706,대한통운종점 - 대한통운종점,65,한가람아파트,0,0,4,0,2,8,6,3,11,10,18,17,10,13,8,7,5,11,12,0,0,0,0,0,
706,대한통운종점 - 대한통운종점,66,탄방동주민센터,0,0,0,2,3,7,7,4,8,9,17,16,4,14,10,6,4,14,10,4,0,0,0,0,
706,대한통운종점 - 대한통운종점,67,문정초등학교,0,0,3,2,4,6,0,3,8,11,9,16,0,15,11,8,5,0,11,0,0,0,0,0,
706,대한통운종점 - 대한통운종점,68,국화아파트,0,0,2,1,3,8,0,6,7,7,18,10,8,14,9,7,9,14,0,0,0,0,0,0,
706,대한통운종점 - 대한통운종점,69,가람아파트,0,0,1,0,5,8,10,7,9,8,19,18,9,14,11,7,9,12,8,3,0,0,0,0,
706,대한통운종점 - 대한통운종점,70,오정농수산물시장,0,0,2,2,4,5,11,0,10,10,23,20,8,17,12,4,9,13,2,4,0,0,0,0,
706,대한통운종점 - 대한통운종점,71,화정초등학교,0,0,1,0,2,7,11,2,10,11,5,18,9,18,12,8,7,2,8,0,0,0,0,0,
706,대한통운종점 - 대한통운종점,72,중리지구대,0,0,0,0,0,8,10,2,9,0,0,4,7,16,8,6,5,0,7,0,0,0,0,0,
706,대한통운종점 - 대한통운종점,73,한남대북문,0,0,2,3,5,4,9,0,10,9,0,0,7,0,5,7,3,7,6,0,0,0,0,0,
706,대한통운종점 - 대한통운종점,74,한남병원,0,0,1,2,3,9,8,7,11,10,24,16,9,15,9,6,4,8,4,0,0,0,0,0,
706,대한통운종점 - 대한통운종점,75,중리동,0,0,0,0,2,3,3,0,10,8,19,6,12,12,5,3,2,5,3,2,0,0,0,0,
706,대한통운종점 - 대한통운종점,76,법동전통시장,0,0,0,2,2,0,3,5,5,5,7,5,10,10,2,3,0,3,1,1,0,0,0,0,
706,대한통운종점 - 대한통운종점,77,보람아파트,0,0,0,0,1,2,0,4,0,2,6,3,8,7,2,1,1,1,0,0,0,0,0,0,
706,대한통운종점 - 대한통운종점,78,대덕소방서,0,0,0,1,0,0,2,2,2,3,3,3,5,2,0,0,1,1,0,0,0,0,0,0,
706,대한통운종점 - 대한통운종점,79,제월당,0,0,0,0,0,0,1,0,0,0,2,0,1,0,1,0,0,0,0,0,0,0,0,0,
706,대한통운종점 - 대한통운종점,80,대한통운종점,0,0,0,0,0,0,0,0,0,0,0,0,0,0,0,0,0,0,0,0,0,0,0,0,
707,대전역동광장 - 대전역동광장,1,대전역동광장,0,1,0,0,1,0,4,0,0,0,0,0,2,1,0,0,0,0,1,0,0,0,0,0,
707,대전역동광장 - 대전역동광장,2,대전역,0,1,0,8,7,5,17,10,6,12,12,7,9,17,7,7,10,13,9,0,0,0,0,0,
707,대전역동광장 - 대전역동광장,3,한밭중네거리,0,0,0,9,9,2,13,0,6,14,0,0,0,15,8,8,0,10,0,0,0,0,0,0,
707,대전역동광장 - 대전역동광장,4,대종로네거리,0,0,0,0,10,0,25,6,7,5,6,3,0,14,5,7,11,8,8,0,0,0,0,0,
707,대전역동광장 - 대전역동광장,5,선화동천주교회,0,0,0,11,5,7,26,29,0,6,15,10,10,17,0,9,12,7,7,0,0,0,0,0,
707,대전역동광장 - 대전역동광장,6,중앙중고등학교,0,0,0,0,11,0,17,23,9,8,13,11,9,13,7,10,13,12,6,0,0,0,0,0,
707,대전역동광장 - 대전역동광장,7,중촌초등학교,0,0,1,11,13,10,20,17,13,9,0,15,9,16,5,10,12,10,6,0,0,0,0,0,
707,대전역동광장 - 대전역동광장,8,중촌동과선교,0,0,0,0,15,5,17,16,0,0,16,0,0,0,0,7,4,0,0,0,0,0,0,0,
707,대전역동광장 - 대전역동광장,9,중촌주공2단지,0,0,0,13,16,10,18,16,9,14,20,16,8,16,22,9,4,8,0,0,0,0,0,0,
707,대전역동광장 - 대전역동광장,10,청솔아파트,0,2,0,7,14,11,22,16,19,15,23,9,9,20,19,5,6,8,4,0,0,0,0,0,
707,대전역동광장 - 대전역동광장,11,크로바아파트,0,0,0,0,13,15,24,19,23,18,22,12,9,7,18,4,0,5,0,0,0,0,0,0,
707,대전역동광장 - 대전역동광장,12,시청역,0,0,0,4,14,13,24,20,21,28,29,19,13,25,20,8,8,7,6,0,0,0,0,0,
707,대전역동광장 - 대전역동광장,13,시청.교육청,0,0,0,0,0,0,23,18,19,27,28,20,11,24,0,7,0,9,5,0,0,0,0,0,
707,대전역동광장 - 대전역동광장,14,아이빌딩,0,0,0,0,12,13,22,19,18,24,24,18,11,20,7,8,6,7,0,0,0,0,0,0,
707,대전역동광장 - 대전역동광장,15,파랑새네거리,0,0,2,4,15,15,24,19,22,34,31,24,13,21,18,8,5,9,6,0,0,0,0,0,
707,대전역동광장 - 대전역동광장,16,둔산경찰서,0,0,3,9,18,23,29,20,37,44,37,28,14,25,19,11,9,11,3,0,0,0,0,0,
707,대전역동광장 - 대전역동광장,17,정부대전청사서문,0,0,4,10,0,22,25,17,41,47,35,27,10,22,9,10,5,10,5,0,0,0,0,0,
707,대전역동광장 - 대전역동광장,18,서구보건소,0,0,5,7,11,16,25,21,37,37,26,21,12,13,8,7,8,6,2,0,0,0,0,0,
707,대전역동광장 - 대전역동광장,19,신세계백화점,0,0,3,1,2,4,12,14,25,22,17,19,14,7,7,5,1,3,0,0,0,0,0,0,
707,대전역동광장 - 대전역동광장,20,대전컨벤션센터,0,0,0,0,0,3,5,6,6,2,2,2,3,2,3,1,0,2,0,0,0,0,0,0,
707,대전역동광장 - 대전역동광장,21,스마트시티2단지,0,0,1,0,0,0,0,5,0,0,0,0,0,0,0,0,0,0,0,0,0,0,0,0,
707,대전역동광장 - 대전역동광장,22,DCC종점,0,2,0,0,0,1,2,1,3,1,8,15,10,15,18,4,5,3,2,0,0,0,0,0,
707,대전역동광장 - 대전역동광장,23,한빛탑,0,0,0,0,0,0,0,0,0,0,0,6,21,0,0,0,0,0,0,0,0,0,0,0,
707,대전역동광장 - 대전역동광장,24,신세계백화점,0,0,0,0,0,1,3,5,6,6,17,28,32,26,40,18,48,19,4,0,0,0,0,0,
707,대전역동광장 - 대전역동광장,25,서구보건소,0,5,2,2,9,5,8,6,17,8,23,33,37,20,38,19,46,21,2,0,0,0,0,0,
707,대전역동광장 - 대전역동광장,26,선사유적지,0,0,2,3,1,3,4,7,18,8,23,31,40,18,27,21,39,15,4,0,0,0,0,0,
707,대전역동광장 - 대전역동광장,27,통계센터,0,4,0,2,7,0,3,0,18,8,18,28,32,13,18,17,21,14,4,0,0,0,0,0,
707,대전역동광장 - 대전역동광장,28,이마트,0,0,0,0,0,0,0,6,17,4,16,21,32,14,16,24,17,12,2,0,0,0,0,0,
707,대전역동광장 - 대전역동광장,29,둔산2동주민센터,0,0,3,0,1,4,2,0,21,9,14,16,24,13,15,21,17,14,0,0,0,0,0,0,
707,대전역동광장 - 대전역동광장,30,시청환승지,0,0,0,0,0,0,0,0,13,0,12,17,29,8,13,20,7,12,0,0,0,0,0,0,
707,대전역동광장 - 대전역동광장,31,대전광역시청,0,3,1,1,3,5,9,0,0,10,12,16,23,26,13,18,15,9,6,0,0,0,0,0,
707,대전역동광장 - 대전역동광장,32,시청역,0,0,0,5,5,7,10,5,14,6,15,15,14,22,20,16,14,11,9,0,0,0,0,0,
707,대전역동광장 - 대전역동광장,33,목련아파트,0,0,2,6,7,7,8,6,13,0,11,16,15,16,14,15,5,10,0,0,0,0,0,0,
707,대전역동광장 - 대전역동광장,34,청솔아파트,0,0,4,4,6,7,8,10,10,13,16,15,14,19,16,18,8,7,7,0,0,0,0,0,
707,대전역동광장 - 대전역동광장,35,보라삼거리,0,0,1,5,7,8,10,14,19,15,17,17,15,0,16,17,4,6,6,0,0,0,0,0,
707,대전역동광장 - 대전역동광장,36,중촌주공2단지,0,0,3,4,7,14,9,14,21,10,16,15,11,20,16,18,10,5,4,0,0,0,0,0,
707,대전역동광장 - 대전역동광장,37,중촌초등학교,0,0,5,4,8,16,11,13,20,14,9,16,13,18,12,13,8,4,0,0,0,0,0,0,
707,대전역동광장 - 대전역동광장,38,중촌동행정복지센터,0,0,0,5,10,20,11,16,17,13,9,16,12,7,10,11,6,3,3,1,0,0,0,0,
707,대전역동광장 - 대전역동광장,39,세명요양병원,0,0,6,7,9,14,10,17,15,14,8,16,10,8,12,10,5,2,0,0,0,0,0,0,
707,대전역동광장 - 대전역동광장,40,대종로네거리,0,0,1,6,7,10,11,21,13,9,0,15,11,0,0,11,4,0,3,0,0,0,0,0,
707,대전역동광장 - 대전역동광장,41,한밭중네거리,0,0,0,6,1,7,0,12,5,12,0,0,12,17,4,10,0,0,2,0,0,0,0,0,
707,대전역동광장 - 대전역동광장,42,삼성초등학교,0,0,5,4,3,5,9,18,11,9,3,13,10,13,9,6,2,1,0,0,0,0,0,0,
707,대전역동광장 - 대전역동광장,43,대전역,0,0,0,0,0,0,1,1,1,1,1,3,2,3,4,4,0,0,0,0,0,0,0,0,
707,대전역동광장 - 대전역동광장,44,대전역동광장,0,0,0,0,0,0,0,0,0,0,0,0,0,0,0,0,0,0,0,0,0,0,0,0,
71-1,비룡동입구 - 대전동신과학고,1,비룡동입구,0,0,0,0,0,0,2,0,0,0,0,0,0,0,0,0,0,0,0,0,0,0,0,0,
71-1,비룡동입구 - 대전동신과학고,2,비룡/줄골,0,0,0,0,0,0,2,0,0,0,0,0,0,0,0,0,0,0,0,0,0,0,0,0,
71-1,비룡동입구 - 대전동신과학고,3,비룡/새동네,0,0,0,0,0,0,2,0,0,0,0,0,0,0,0,0,0,0,0,0,0,0,0,0,
71-1,비룡동입구 - 대전동신과학고,4,비룡교차로,0,0,0,0,0,0,2,0,0,0,0,0,0,0,0,0,0,0,0,0,0,0,0,0,
71-1,비룡동입구 - 대전동신과학고,5,금성마을,0,0,0,0,0,0,2,0,0,0,0,0,0,0,0,0,0,0,0,0,0,0,0,0,
71-1,비룡동입구 - 대전동신과학고,6,주산동/상촌,0,0,0,0,0,0,2,0,0,0,0,0,0,0,0,0,0,0,0,0,0,0,0,0,
71-1,비룡동입구 - 대전동신과학고,7,원주산.양지말,0,0,0,0,0,0,2,0,0,0,0,0,0,0,0,0,0,0,0,0,0,0,0,0,
71-1,비룡동입구 - 대전동신과학고,8,추동,0,0,0,0,0,0,2,0,0,0,0,0,0,0,0,0,0,0,0,0,0,0,0,0,
71-1,비룡동입구 - 대전동신과학고,9,추동취수장,0,0,0,0,0,0,2,0,0,0,0,0,0,0,0,0,0,0,0,0,0,0,0,0,
71-1,비룡동입구 - 대전동신과학고,10,동명초등학교,0,0,0,0,0,0,2,0,0,0,0,0,0,0,0,0,0,0,0,0,0,0,0,0,
71-1,비룡동입구 - 대전동신과학고,11,중추마을/가래울,0,0,0,0,0,0,2,0,0,0,0,0,0,0,0,0,0,0,0,0,0,0,0,0,
71-1,비룡동입구 - 대전동신과학고,12,마산B지구,0,0,0,0,0,0,2,0,0,0,0,0,0,0,0,0,0,0,0,0,0,0,0,0,
71-1,비룡동입구 - 대전동신과학고,13,마산/진등날,0,0,0,0,0,0,2,0,0,0,0,0,0,0,0,0,0,0,0,0,0,0,0,0,
71-1,비룡동입구 - 대전동신과학고,14,원마산,0,0,0,0,0,0,2,0,0,0,0,0,0,0,0,0,0,0,0,0,0,0,0,0,
71-1,비룡동입구 - 대전동신과학고,15,효평고개소공원,0,0,0,0,0,0,2,0,0,0,0,0,0,0,0,0,0,0,0,0,0,0,0,0,
71-1,비룡동입구 - 대전동신과학고,16,구래뜰,0,0,0,0,0,0,2,0,0,0,0,0,0,0,0,0,0,0,0,0,0,0,0,0,
71-1,비룡동입구 - 대전동신과학고,17,효평동,0,0,0,0,0,0,2,0,0,0,0,0,0,0,0,0,0,0,0,0,0,0,0,0,
71-1,비룡동입구 - 대전동신과학고,18,효평마루,0,0,0,0,0,0,2,0,0,0,0,0,0,0,0,0,0,0,0,0,0,0,0,0,
71-1,비룡동입구 - 대전동신과학고,19,효평삼거리,0,0,0,0,0,0,2,0,0,0,0,0,0,0,0,0,0,0,0,0,0,0,0,0,
71-1,비룡동입구 - 대전동신과학고,20,직동종점,0,0,0,0,0,0,2,0,0,0,0,0,0,0,0,0,0,0,0,0,0,0,0,0,
71-1,비룡동입구 - 대전동신과학고,21,직동종점,0,0,0,0,0,0,2,0,0,0,0,0,0,0,0,0,0,0,0,0,0,0,0,0,
71-1,비룡동입구 - 대전동신과학고,22,효평삼거리,0,0,0,0,0,0,2,0,0,0,0,0,0,0,0,0,0,0,0,0,0,0,0,0,
71-1,비룡동입구 - 대전동신과학고,23,이현동,0,0,0,0,0,0,0,0,0,2,0,0,0,0,0,0,0,0,0,0,0,0,0,0,
71-1,비룡동입구 - 대전동신과학고,24,이현동마을정보센터,0,0,3,0,0,0,4,0,0,0,0,0,0,0,0,0,0,0,0,0,0,0,0,0,
71-1,비룡동입구 - 대전동신과학고,25,이현동,0,0,3,0,0,0,4,0,0,0,0,0,0,0,0,0,0,0,0,0,0,0,0,0,
71-1,비룡동입구 - 대전동신과학고,26,갈전동,0,0,0,0,1,0,2,0,0,4,0,0,0,0,0,0,0,0,0,0,0,0,0,0,
71-1,비룡동입구 - 대전동신과학고,27,갈전동.아래갈밭,0,0,0,0,1,0,2,0,0,4,0,0,0,0,0,0,0,0,0,0,0,0,0,0,
71-1,비룡동입구 - 대전동신과학고,28,삼정동,0,0,0,0,0,0,0,3,0,0,0,0,0,0,0,0,0,0,0,0,0,0,0,0,
71-1,비룡동입구 - 대전동신과학고,29,삼정동.소골마을,0,0,0,0,0,0,0,0,0,5,0,0,0,0,0,0,0,0,0,0,0,0,0,0,
71-1,비룡동입구 - 대전동신과학고,30,삼정동.근장골길,0,0,4,0,0,0,0,0,0,0,0,0,0,0,0,0,0,0,0,0,0,0,0,0,
71-1,비룡동입구 - 대전동신과학고,31,삼정취수장,0,0,4,0,0,0,0,0,0,0,0,0,0,0,0,0,0,0,0,0,0,0,0,0,
71-1,비룡동입구 - 대전동신과학고,32,보조댐,0,0,0,0,0,0,0,0,0,0,0,0,0,0,1,0,0,0,0,0,0,0,0,0,
71-1,비룡동입구 - 대전동신과학고,33,금강로하스타워,0,0,0,0,0,0,0,0,0,0,0,0,0,0,1,0,0,0,0,0,0,0,0,0,
71-1,비룡동입구 - 대전동신과학고,34,동일스위트리버스카이,0,0,0,0,0,0,0,2,0,0,0,0,0,0,0,0,0,0,0,0,0,0,0,0,
71-1,비룡동입구 - 대전동신과학고,35,신탄진동행정복지센터,0,0,0,0,0,0,0,0,0,4,0,0,0,0,0,0,0,0,0,0,0,0,0,0,
71-1,비룡동입구 - 대전동신과학고,36,신탄진역,0,0,0,0,0,0,0,1,0,0,0,0,0,0,0,0,0,0,0,0,0,0,0,0,
71-1,비룡동입구 - 대전동신과학고,37,남경마을,0,0,0,0,0,0,0,2,0,0,0,0,0,0,0,0,0,0,0,0,0,0,0,0,
71-1,비룡동입구 - 대전동신과학고,38,신탄진과선교,0,0,0,0,0,0,0,2,0,0,0,0,0,0,0,0,0,0,0,0,0,0,0,0,
71-1,비룡동입구 - 대전동신과학고,39,신탄진26통,0,0,0,0,0,0,0,1,0,0,0,0,0,0,0,0,0,0,0,0,0,0,0,0,
71-1,비룡동입구 - 대전동신과학고,40,신탄진정수장,0,0,0,0,0,0,0,1,0,0,0,0,0,0,0,0,0,0,0,0,0,0,0,0,
71-1,비룡동입구 - 대전동신과학고,41,용호동종점,0,0,0,0,0,0,0,2,0,0,0,0,0,0,1,0,0,0,0,0,0,0,0,0,
71-1,비룡동입구 - 대전동신과학고,42,용호동종점,0,0,0,0,0,0,0,2,0,0,0,0,0,0,1,0,0,0,0,0,0,0,0,0,
71-1,비룡동입구 - 대전동신과학고,43,신탄진정수장,0,0,0,0,0,0,0,2,0,0,0,0,0,0,1,0,0,0,0,0,0,0,0,0,
71-1,비룡동입구 - 대전동신과학고,44,신탄진26통,0,0,0,0,0,0,0,2,0,0,0,0,0,0,1,0,0,0,0,0,0,0,0,0,
71-1,비룡동입구 - 대전동신과학고,45,남경마을,0,0,0,0,0,1,0,0,0,0,0,0,0,0,0,0,0,0,0,0,0,0,0,0,
71-1,비룡동입구 - 대전동신과학고,46,신탄진역,0,0,3,0,0,7,0,4,0,0,0,0,0,0,1,0,0,0,0,0,0,0,0,0,
71-1,비룡동입구 - 대전동신과학고,47,신탄진동행정복지센터,0,0,4,0,0,8,0,6,0,0,0,0,0,0,2,0,0,0,0,0,0,0,0,0,
71-1,비룡동입구 - 대전동신과학고,48,용정초등학교,0,0,4,0,0,8,0,6,0,0,0,0,0,0,2,0,0,0,0,0,0,0,0,0,
71-1,비룡동입구 - 대전동신과학고,49,금강로하스타워,0,0,4,0,0,8,0,6,0,0,0,0,0,0,2,0,0,0,0,0,0,0,0,0,
71-1,비룡동입구 - 대전동신과학고,50,보조댐,0,0,0,0,0,0,0,0,0,0,0,0,0,0,1,0,0,0,0,0,0,0,0,0,
71-1,비룡동입구 - 대전동신과학고,51,삼정취수장,0,0,0,0,0,0,0,5,0,0,0,0,0,0,0,0,0,0,0,0,0,0,0,0,
71-1,비룡동입구 - 대전동신과학고,52,삼정동.근장골길,0,0,0,0,0,0,0,4,0,0,0,0,0,0,0,0,0,0,0,0,0,0,0,0,
71-1,비룡동입구 - 대전동신과학고,53,삼정동.소골마을,0,0,0,0,0,0,0,4,0,0,0,0,0,0,0,0,0,0,0,0,0,0,0,0,
71-1,비룡동입구 - 대전동신과학고,54,삼정동,0,0,0,0,0,6,0,0,0,0,0,0,0,0,0,0,0,0,0,0,0,0,0,0,
71-1,비룡동입구 - 대전동신과학고,55,갈전동.아래갈밭,0,0,0,0,0,6,0,0,0,0,0,0,0,0,0,0,0,0,0,0,0,0,0,0,
71-1,비룡동입구 - 대전동신과학고,56,갈전동,0,0,0,0,0,2,0,0,0,0,0,0,2,0,0,0,0,0,0,0,0,0,0,0,
71-1,비룡동입구 - 대전동신과학고,57,이현동,0,0,0,0,0,0,0,3,0,0,0,0,0,0,0,0,0,0,0,0,0,0,0,0,
71-1,비룡동입구 - 대전동신과학고,58,이현동마을정보센터,0,0,0,3,0,1,0,2,0,0,0,0,0,0,0,0,0,0,0,0,0,0,0,0,
71-1,비룡동입구 - 대전동신과학고,59,이현동,0,0,0,2,0,0,0,0,0,0,0,0,3,0,0,0,0,0,0,0,0,0,0,0,
71-1,비룡동입구 - 대전동신과학고,60,효평삼거리,0,0,0,0,0,0,0,0,0,0,0,0,0,0,0,0,0,0,0,0,0,0,0,0,
71-1,비룡동입구 - 대전동신과학고,61,직동종점,0,0,0,0,0,0,0,0,0,0,0,0,0,0,0,0,0,0,0,0,0,0,0,0,
71-1,비룡동입구 - 대전동신과학고,62,직동종점,0,0,0,0,0,0,0,0,0,0,0,0,0,0,0,0,0,0,0,0,0,0,0,0,
71-1,비룡동입구 - 대전동신과학고,63,효평삼거리,0,0,0,0,0,0,0,0,0,0,0,0,0,0,0,0,0,0,0,0,0,0,0,0,
71-1,비룡동입구 - 대전동신과학고,64,효평마루,0,0,0,0,0,0,0,0,0,0,0,0,0,0,0,0,0,0,0,0,0,0,0,0,
71-1,비룡동입구 - 대전동신과학고,65,효평동,0,0,0,0,0,0,0,0,0,0,0,0,0,0,0,0,0,0,0,0,0,0,0,0,
71-1,비룡동입구 - 대전동신과학고,66,구래뜰,0,0,0,0,0,0,0,0,0,0,0,0,0,0,0,0,0,0,0,0,0,0,0,0,
71-1,비룡동입구 - 대전동신과학고,67,효평고개소공원,0,0,0,0,0,0,0,0,0,0,0,0,0,0,0,0,0,0,0,0,0,0,0,0,
71-1,비룡동입구 - 대전동신과학고,68,원마산,0,0,0,0,0,0,0,0,0,0,0,0,0,0,0,0,0,0,0,0,0,0,0,0,
71-1,비룡동입구 - 대전동신과학고,69,마산/진등날,0,0,0,0,0,0,0,0,0,0,0,0,0,0,0,0,0,0,0,0,0,0,0,0,
71-1,비룡동입구 - 대전동신과학고,70,마산B지구,0,0,0,0,0,0,0,0,4,0,0,0,0,0,0,0,0,0,0,0,0,0,0,0,
71-1,비룡동입구 - 대전동신과학고,71,중추마을/가래울,0,0,0,0,0,0,0,0,4,0,0,0,0,0,0,0,0,0,0,0,0,0,0,0,
71-1,비룡동입구 - 대전동신과학고,72,동명초등학교,0,0,0,0,0,0,0,0,4,0,0,0,0,0,0,0,0,0,0,0,0,0,0,0,
71-1,비룡동입구 - 대전동신과학고,73,추동취수장,0,0,0,0,0,0,0,0,4,0,0,0,0,0,0,0,0,0,0,0,0,0,0,0,
71-1,비룡동입구 - 대전동신과학고,74,추동,0,0,0,0,0,0,0,0,4,0,0,0,0,0,0,0,0,0,0,0,0,0,0,0,
71-1,비룡동입구 - 대전동신과학고,75,원주산.양지말,0,0,0,0,0,0,0,0,4,0,0,0,0,0,0,0,0,0,0,0,0,0,0,0,
71-1,비룡동입구 - 대전동신과학고,76,주산동/상촌,0,0,0,3,0,0,0,0,0,0,0,0,0,0,0,0,0,0,0,0,0,0,0,0,
71-1,비룡동입구 - 대전동신과학고,77,금성마을,0,0,0,3,0,0,0,0,0,0,0,0,0,0,0,0,0,0,0,0,0,0,0,0,
71-1,비룡동입구 - 대전동신과학고,78,비룡교차로,0,0,0,3,0,0,0,0,0,0,0,0,0,0,0,0,0,0,0,0,0,0,0,0,
71-1,비룡동입구 - 대전동신과학고,79,비룡/새동네,0,0,0,3,0,0,0,0,0,0,0,0,0,0,0,0,0,0,0,0,0,0,0,0,
71-1,비룡동입구 - 대전동신과학고,80,비룡/줄골,0,0,0,1,0,0,0,0,0,0,0,0,0,0,0,0,0,0,0,0,0,0,0,0,
71-1,비룡동입구 - 대전동신과학고,81,대전동신과학고,0,0,0,0,0,0,0,0,0,0,0,0,0,0,0,0,0,0,0,0,0,0,0,0,
71-2,용호동종점 - 용호동종점,1,용호동종점,0,0,0,0,0,0,0,0,0,0,0,0,0,0,0,0,0,0,0,0,0,0,0,0,
71-2,용호동종점 - 용호동종점,2,신탄진정수장,0,0,0,0,0,0,0,0,0,0,0,0,0,0,0,0,0,0,0,0,0,0,0,0,
71-2,용호동종점 - 용호동종점,3,신탄진26통,0,0,0,0,0,0,0,0,0,0,0,0,0,0,0,0,0,0,0,0,0,0,0,0,
71-2,용호동종점 - 용호동종점,4,남경마을,0,0,0,0,0,0,0,0,0,0,0,0,0,0,0,0,0,0,0,0,0,0,0,0,
71-2,용호동종점 - 용호동종점,5,신탄진역,0,0,0,0,0,0,0,0,0,0,0,0,0,0,0,0,0,0,0,0,0,0,0,0,
71-2,용호동종점 - 용호동종점,6,신탄진동행정복지센터,0,0,0,0,0,0,0,0,0,0,0,0,0,0,0,0,0,0,0,0,0,0,0,0,
71-2,용호동종점 - 용호동종점,7,용정초등학교,0,0,0,0,0,0,0,0,0,0,0,0,0,0,0,0,0,0,0,0,0,0,0,0,
71-2,용호동종점 - 용호동종점,8,금강로하스타워,0,0,0,0,0,0,0,0,0,0,0,0,0,0,0,0,0,0,0,0,0,0,0,0,
71-2,용호동종점 - 용호동종점,9,보조댐,0,0,0,0,0,0,0,0,0,0,0,0,0,0,0,0,0,0,0,0,0,0,0,0,
71-2,용호동종점 - 용호동종점,10,삼정취수장,0,0,0,0,0,0,0,0,0,0,0,0,0,0,0,0,0,0,0,0,0,0,0,0,
71-2,용호동종점 - 용호동종점,11,삼정동.근장골길,0,0,0,0,0,0,0,0,0,0,0,0,0,0,0,0,0,0,0,0,0,0,0,0,
71-2,용호동종점 - 용호동종점,12,삼정동.소골마을,0,0,0,0,0,0,0,0,0,0,0,0,0,0,0,0,0,0,0,0,0,0,0,0,
71-2,용호동종점 - 용호동종점,13,삼정동,0,0,0,0,0,0,0,0,0,0,0,0,0,0,0,0,0,0,0,0,0,0,0,0,
71-2,용호동종점 - 용호동종점,14,갈전동.아래갈밭,0,0,0,0,0,0,0,0,0,0,0,0,0,0,0,0,0,0,0,0,0,0,0,0,
71-2,용호동종점 - 용호동종점,15,갈전동,0,0,0,0,0,0,0,0,0,0,0,0,0,0,0,0,0,0,0,0,0,0,0,0,
71-2,용호동종점 - 용호동종점,16,이현동,0,0,0,0,0,0,0,0,0,0,0,0,0,0,0,0,0,0,0,0,0,0,0,0,
71-2,용호동종점 - 용호동종점,17,이현동마을정보센터,0,0,0,0,0,0,0,0,0,0,0,0,0,0,0,0,0,0,0,0,0,0,0,0,
71-2,용호동종점 - 용호동종점,18,이현동,0,0,0,0,0,0,0,0,0,0,0,0,0,0,0,0,0,0,0,0,0,0,0,0,
71-2,용호동종점 - 용호동종점,19,효평삼거리,0,0,0,0,0,0,0,0,0,0,0,0,0,0,0,0,0,0,0,0,0,0,0,0,
71-2,용호동종점 - 용호동종점,20,직동종점,0,0,0,0,0,0,0,0,0,0,0,0,0,0,0,0,0,0,0,0,0,0,0,0,
71-2,용호동종점 - 용호동종점,21,직동종점,0,0,0,0,0,0,0,0,0,0,0,0,0,0,0,0,0,0,0,0,0,0,0,0,
71-2,용호동종점 - 용호동종점,22,효평삼거리,0,0,0,0,0,0,0,0,0,0,0,0,0,0,0,0,0,0,0,0,0,0,0,0,
71-2,용호동종점 - 용호동종점,23,이현동,0,0,0,0,0,0,0,0,0,0,0,0,0,0,0,0,0,0,0,0,0,0,0,0,
71-2,용호동종점 - 용호동종점,24,이현동마을정보센터,0,0,0,0,0,0,0,0,0,0,0,0,0,0,0,0,0,0,0,0,0,0,0,0,
71-2,용호동종점 - 용호동종점,25,이현동,0,0,0,0,0,0,0,0,0,0,0,0,0,0,0,0,0,0,0,0,0,0,0,0,
71-2,용호동종점 - 용호동종점,26,갈전동,0,0,0,0,0,0,0,0,0,0,0,0,0,0,0,0,0,0,0,0,0,0,0,0,
71-2,용호동종점 - 용호동종점,27,갈전동.아래갈밭,0,0,0,0,0,0,0,0,0,0,0,0,0,0,0,0,0,0,0,0,0,0,0,0,
71-2,용호동종점 - 용호동종점,28,삼정동,0,0,0,0,0,0,0,0,0,0,0,0,0,0,0,0,0,0,0,0,0,0,0,0,
71-2,용호동종점 - 용호동종점,29,삼정동.소골마을,0,0,0,0,0,0,0,0,0,0,0,2,0,0,0,0,0,0,0,0,0,0,0,0,
71-2,용호동종점 - 용호동종점,30,삼정동.근장골길,0,0,0,0,0,0,0,0,0,0,0,3,0,0,0,0,0,0,0,0,0,0,0,0,
71-2,용호동종점 - 용호동종점,31,삼정취수장,0,0,0,0,0,0,0,0,0,0,0,3,0,0,0,0,0,0,0,0,0,0,0,0,
71-2,용호동종점 - 용호동종점,32,보조댐,0,0,0,0,0,0,0,0,0,0,0,3,0,0,0,0,0,0,0,0,0,0,0,0,
71-2,용호동종점 - 용호동종점,33,금강로하스타워,0,0,0,0,0,0,0,0,0,0,0,3,0,0,0,0,0,0,0,0,0,0,0,0,
71-2,용호동종점 - 용호동종점,34,동일스위트리버스카이,0,0,0,0,0,0,0,0,0,0,0,2,0,0,0,0,0,0,0,0,0,0,0,0,
71-2,용호동종점 - 용호동종점,35,신탄진동행정복지센터,0,0,0,0,0,0,0,0,0,0,0,2,0,0,0,0,0,0,0,0,0,0,0,0,
71-2,용호동종점 - 용호동종점,36,신탄진역,0,0,0,0,0,0,0,0,0,0,0,2,0,0,0,0,0,0,0,0,0,0,0,0,
71-2,용호동종점 - 용호동종점,37,남경마을,0,0,0,0,0,0,0,0,0,0,0,2,0,0,0,0,0,0,0,0,0,0,0,0,
71-2,용호동종점 - 용호동종점,38,신탄진과선교,0,0,0,0,0,0,0,0,0,0,0,2,0,0,0,0,0,0,0,0,0,0,0,0,
71-2,용호동종점 - 용호동종점,39,신탄진26통,0,0,0,0,0,0,0,0,0,0,0,2,0,0,0,0,0,0,0,0,0,0,0,0,
71-2,용호동종점 - 용호동종점,40,신탄진정수장,0,0,0,0,0,0,0,0,0,0,0,2,0,0,0,0,0,0,0,0,0,0,0,0,
71-2,용호동종점 - 용호동종점,41,용호동종점,0,0,0,0,0,0,0,0,0,0,0,0,0,0,0,0,0,0,0,0,0,0,0,0,
711,신탄진기점지 - 신탄진기점지,1,신탄진기점지,0,0,0,0,0,0,0,0,0,0,0,0,0,0,0,0,0,0,0,0,0,0,0,0,
711,신탄진기점지 - 신탄진기점지,2,금강엑슬루타워정문,0,0,0,0,0,0,0,0,0,0,1,1,2,0,1,0,0,0,0,0,0,0,0,0,
711,신탄진기점지 - 신탄진기점지,3,금강엑슬루타워,0,1,0,1,1,1,1,0,1,0,2,2,1,0,2,1,2,0,1,0,0,0,0,0,
711,신탄진기점지 - 신탄진기점지,4,신탄진시장,0,0,1,1,0,2,2,3,2,4,4,2,5,3,0,0,0,0,0,0,0,0,0,0,
711,신탄진기점지 - 신탄진기점지,5,신탄진동행정복지센터,0,2,3,3,0,3,5,4,1,6,5,5,0,4,0,0,0,3,4,0,0,0,0,0,
711,신탄진기점지 - 신탄진기점지,6,새여울아파트,0,0,6,4,0,5,9,6,3,8,6,7,5,5,0,5,0,4,5,0,0,0,0,0,
711,신탄진기점지 - 신탄진기점지,7,신탄진고등학교,0,1,7,5,4,0,13,9,5,6,7,4,4,4,3,0,2,2,0,0,0,0,0,0,
711,신탄진기점지 - 신탄진기점지,8,석봉초등학교,0,2,0,4,7,5,15,12,6,10,9,6,7,5,5,6,0,5,6,0,0,0,0,0,
711,신탄진기점지 - 신탄진기점지,9,남경마을,0,3,0,0,6,5,14,0,6,10,7,6,0,4,10,7,2,6,8,0,0,0,0,0,
711,신탄진기점지 - 신탄진기점지,10,덕암동주민센터,0,0,8,3,0,3,14,10,7,0,0,8,0,5,3,0,3,6,0,0,0,0,0,0,
711,신탄진기점지 - 신탄진기점지,11,평촌동,0,0,0,0,5,6,0,0,0,0,0,0,0,5,9,0,4,0,5,0,0,0,0,0,
711,신탄진기점지 - 신탄진기점지,12,신탄진한일병원,0,0,7,4,0,0,13,0,0,11,11,11,12,0,11,7,5,7,0,0,0,0,0,0,
711,신탄진기점지 - 신탄진기점지,13,상서삼거리,0,0,0,0,4,0,0,0,0,0,10,0,0,0,0,0,6,0,9,0,0,0,0,0,
711,신탄진기점지 - 신탄진기점지,14,선바위,0,0,0,3,0,0,0,0,8,7,11,7,0,6,12,0,0,0,0,0,0,0,0,0,
711,신탄진기점지 - 신탄진기점지,15,들말/신대차고지,0,0,0,3,0,0,0,0,8,7,11,7,0,6,12,0,0,0,0,0,0,0,0,0,
711,신탄진기점지 - 신탄진기점지,16,신대아파트/한국수자원공사,0,0,2,4,8,4,13,6,5,12,14,9,14,7,11,6,6,8,0,0,0,0,0,0,
711,신탄진기점지 - 신탄진기점지,17,와동초등학교,0,0,0,0,0,3,17,11,9,0,0,10,15,7,4,0,0,7,0,0,0,0,0,0,
711,신탄진기점지 - 신탄진기점지,18,성우동산,0,0,0,0,0,0,0,0,0,0,0,0,0,0,0,0,0,9,0,0,0,0,0,0,
711,신탄진기점지 - 신탄진기점지,19,대한통운종점,0,0,0,0,0,0,0,18,0,13,15,7,13,0,0,6,0,0,0,0,0,0,0,0,
711,신탄진기점지 - 신탄진기점지,20,읍내동현대아파트,0,0,8,0,2,3,14,14,8,13,16,12,7,10,12,7,2,0,5,0,0,0,0,0,
711,신탄진기점지 - 신탄진기점지,21,영진아파트,0,0,0,0,7,5,15,18,14,14,17,12,11,6,8,8,7,0,8,0,0,0,0,0,
711,신탄진기점지 - 신탄진기점지,22,법동주공3단지,0,1,3,4,8,7,19,20,16,15,19,16,10,13,14,7,0,0,7,0,0,0,0,0,
711,신탄진기점지 - 신탄진기점지,23,안산도서관,0,0,10,4,12,9,20,21,20,18,21,17,14,7,15,6,8,10,5,0,0,0,0,0,
711,신탄진기점지 - 신탄진기점지,24,중리시장,0,0,6,7,14,11,18,23,21,17,25,18,12,12,13,0,7,9,10,0,0,0,0,0,
711,신탄진기점지 - 신탄진기점지,25,중리근린공원,0,0,11,0,16,10,19,26,17,18,24,24,13,15,16,12,8,0,8,0,0,0,0,0,
711,신탄진기점지 - 신탄진기점지,26,중리동주민센터,0,0,12,9,17,11,18,26,20,20,14,24,15,13,18,11,0,11,10,0,0,0,0,0,
711,신탄진기점지 - 신탄진기점지,27,한남병원,0,0,10,11,17,12,18,26,21,21,13,22,13,11,20,13,7,13,6,0,0,0,0,0,
711,신탄진기점지 - 신탄진기점지,28,동대전고등학교,0,0,11,10,18,13,17,24,13,22,0,18,15,12,22,0,0,9,8,6,0,0,0,0,
711,신탄진기점지 - 신탄진기점지,29,한숲아파트,0,0,12,13,24,15,19,23,0,26,21,16,18,11,20,10,5,6,6,3,0,0,0,0,
711,신탄진기점지 - 신탄진기점지,30,한남로삼거리,0,0,14,13,31,16,22,29,16,24,25,24,17,14,16,10,5,6,6,6,0,0,0,0,
711,신탄진기점지 - 신탄진기점지,31,대전신학대학교,0,0,13,0,33,17,21,31,14,18,26,27,20,18,6,0,6,0,4,6,0,0,0,0,
711,신탄진기점지 - 신탄진기점지,32,한남대학교,0,0,0,15,0,0,23,0,13,19,25,28,18,0,0,0,8,0,5,0,0,0,0,0,
711,신탄진기점지 - 신탄진기점지,33,한남오거리,0,0,12,15,33,17,23,31,20,23,23,26,14,16,15,0,0,4,0,0,0,0,0,0,
711,신탄진기점지 - 신탄진기점지,34,대덕구청,0,0,10,18,35,16,21,30,20,21,24,24,15,0,6,9,0,4,0,0,0,0,0,0,
711,신탄진기점지 - 신탄진기점지,35,솔랑마을아파트,0,0,0,20,33,0,0,24,21,19,14,22,14,18,12,0,0,0,3,0,0,0,0,0,
711,신탄진기점지 - 신탄진기점지,36,한밭자이아파트,0,0,11,22,26,15,11,26,0,24,24,21,18,24,8,11,3,0,0,7,0,0,0,0,
711,신탄진기점지 - 신탄진기점지,37,삼성초등학교,0,0,8,18,0,22,15,26,18,22,21,21,14,21,11,3,0,0,0,0,0,0,0,0,
711,신탄진기점지 - 신탄진기점지,38,대전역,0,0,3,7,5,11,10,14,10,14,11,9,7,9,13,9,5,3,3,8,0,0,0,0,
711,신탄진기점지 - 신탄진기점지,39,으능정이거리,0,0,1,6,4,10,3,4,5,12,7,5,2,5,8,6,0,2,2,4,0,0,0,0,
711,신탄진기점지 - 신탄진기점지,40,대흥동성당,0,0,1,1,3,2,1,4,4,2,5,1,1,3,3,7,0,0,0,0,0,0,0,0,
711,신탄진기점지 - 신탄진기점지,41,대흥교,0,0,0,0,2,2,1,3,5,1,2,2,3,3,2,5,1,1,1,1,0,0,0,0,
711,신탄진기점지 - 신탄진기점지,42,이스트시티아파트,0,0,0,0,0,1,2,2,0,0,1,1,0,2,0,1,5,0,0,0,0,0,0,0,
711,신탄진기점지 - 신탄진기점지,43,대동역2번출구,0,0,0,0,0,0,0,0,3,0,0,0,1,1,0,0,0,0,0,0,0,0,0,0,
711,신탄진기점지 - 신탄진기점지,44,신안동,0,0,0,0,0,0,0,0,2,0,0,0,0,0,0,0,0,0,0,0,0,0,0,0,
711,신탄진기점지 - 신탄진기점지,45,대전역동광장,0,0,0,0,0,0,0,0,0,0,0,0,0,0,0,0,0,0,0,0,0,0,0,0,
711,신탄진기점지 - 신탄진기점지,46,대전역동광장,0,0,0,0,0,0,2,0,0,0,0,4,3,2,1,0,2,4,0,0,0,0,0,0,
711,신탄진기점지 - 신탄진기점지,47,대전역동광장,0,0,0,1,0,0,0,0,1,0,0,0,0,0,2,1,2,0,0,0,0,0,0,0,
711,신탄진기점지 - 신탄진기점지,48,신안동,0,0,0,0,0,3,0,0,0,0,0,0,0,0,0,0,0,0,0,0,0,0,0,0,
711,신탄진기점지 - 신탄진기점지,49,대동역3번출구,0,0,0,2,0,1,5,1,2,3,2,2,1,1,3,2,0,1,1,0,0,0,0,0,
711,신탄진기점지 - 신탄진기점지,50,대전화병원,0,0,0,0,1,0,7,2,0,4,1,3,0,2,0,3,1,2,0,0,0,0,0,0,
711,신탄진기점지 - 신탄진기점지,51,원동네거리,0,0,0,0,0,0,7,0,3,6,4,5,0,3,5,3,2,0,0,0,0,0,0,0,
711,신탄진기점지 - 신탄진기점지,52,대흥교,0,0,0,2,0,1,3,0,0,6,5,0,0,0,8,0,3,0,0,0,0,0,0,0,
711,신탄진기점지 - 신탄진기점지,53,대흥동성당,0,0,0,3,1,0,10,2,11,10,10,8,6,5,10,5,5,3,0,0,0,0,0,0,
711,신탄진기점지 - 신탄진기점지,54,으능정이거리,0,0,0,0,2,2,11,5,22,17,17,15,21,8,21,18,15,17,13,0,0,0,0,0,
711,신탄진기점지 - 신탄진기점지,55,대전역,0,0,2,12,5,6,22,17,31,32,23,29,33,15,27,30,24,35,39,0,0,0,0,0,
711,신탄진기점지 - 신탄진기점지,56,삼성초등학교,0,0,0,8,0,4,11,0,30,31,0,0,13,0,28,0,25,14,37,0,0,0,0,0,
711,신탄진기점지 - 신탄진기점지,57,삼성네거리,0,0,0,11,0,0,0,0,0,0,0,26,35,0,0,24,0,0,38,0,0,0,0,0,
711,신탄진기점지 - 신탄진기점지,58,한밭자이아파트,0,1,0,9,0,4,0,12,30,23,18,28,35,0,26,28,27,35,36,0,0,0,0,0,
711,신탄진기점지 - 신탄진기점지,59,솔랑마을아파트,0,0,0,10,3,5,20,12,30,22,22,25,14,0,0,26,26,35,30,0,0,0,0,0,
711,신탄진기점지 - 신탄진기점지,60,대덕구청,0,0,0,9,6,5,19,0,28,18,20,0,15,15,0,0,27,0,34,0,0,0,0,0,
711,신탄진기점지 - 신탄진기점지,61,한남오거리,0,0,2,7,7,6,13,12,30,10,22,25,34,22,25,21,14,33,34,0,0,0,0,0,
711,신탄진기점지 - 신탄진기점지,62,한남대학교,0,0,3,0,0,3,0,11,0,17,23,20,0,10,22,25,25,32,31,0,0,0,0,0,
711,신탄진기점지 - 신탄진기점지,63,대전신학대학교,0,0,2,0,5,6,17,12,25,16,23,23,36,21,19,21,21,20,24,0,0,0,0,0,
711,신탄진기점지 - 신탄진기점지,64,한남로삼거리,0,0,0,12,8,8,15,12,22,18,26,25,39,18,19,18,19,17,16,0,0,0,0,0,
711,신탄진기점지 - 신탄진기점지,65,한숲아파트,0,0,0,9,10,8,13,9,23,15,26,20,37,15,20,13,17,11,14,0,0,0,0,0,
711,신탄진기점지 - 신탄진기점지,66,동대전고등학교,0,0,5,8,6,9,11,7,24,15,0,19,35,16,9,17,12,7,13,4,0,0,0,0,
711,신탄진기점지 - 신탄진기점지,67,중리동주민센터,0,1,6,7,9,12,11,0,26,19,24,17,36,12,17,12,13,5,11,6,0,0,0,0,
711,신탄진기점지 - 신탄진기점지,68,중리근린공원,0,0,5,5,6,6,11,9,23,13,22,15,33,8,14,7,8,4,0,8,0,0,0,0,
711,신탄진기점지 - 신탄진기점지,69,중리시장,0,2,2,0,8,9,14,10,16,18,16,18,22,9,13,7,12,5,8,0,0,0,0,0,
711,신탄진기점지 - 신탄진기점지,70,유원아파트,0,0,6,6,6,7,13,0,13,20,11,13,17,8,11,5,7,3,7,5,0,0,0,0,
711,신탄진기점지 - 신탄진기점지,71,삼정하이츠타운,0,3,8,3,8,8,13,11,12,11,16,11,16,7,7,6,0,6,6,0,0,0,0,0,
711,신탄진기점지 - 신탄진기점지,72,제월당,0,4,7,0,0,8,11,8,7,11,14,0,15,2,5,5,0,4,5,3,0,0,0,0,
711,신탄진기점지 - 신탄진기점지,73,정수장,0,0,0,4,3,0,0,6,0,0,0,0,16,0,0,0,0,3,0,0,0,0,0,0,
711,신탄진기점지 - 신탄진기점지,74,대덕구장애인복지관,0,3,0,0,0,0,5,0,0,0,0,0,0,0,0,0,0,0,0,0,0,0,0,0,
711,신탄진기점지 - 신탄진기점지,75,성우동산,0,0,0,0,0,0,0,0,0,0,0,0,0,0,0,4,0,0,0,0,0,0,0,0,
711,신탄진기점지 - 신탄진기점지,76,연축아파트/한국수자원공사,0,0,6,0,4,7,9,6,0,11,9,0,3,5,3,0,4,3,0,0,0,0,0,0,
711,신탄진기점지 - 신탄진기점지,77,와동현대아파트,0,0,5,4,9,8,0,11,6,12,11,5,17,6,5,2,8,2,4,2,0,0,0,0,
711,신탄진기점지 - 신탄진기점지,78,들말/신대차고지,0,0,0,0,10,0,8,10,0,11,0,0,0,0,0,0,0,0,0,0,0,0,0,0,
711,신탄진기점지 - 신탄진기점지,79,선바위삼거리,0,0,0,3,9,0,0,0,0,0,0,0,11,0,0,0,0,0,0,0,0,0,0,0,
711,신탄진기점지 - 신탄진기점지,80,선바위,0,0,0,0,0,7,0,0,0,0,0,4,0,0,0,0,0,0,0,0,0,0,0,0,
711,신탄진기점지 - 신탄진기점지,81,상서삼거리,0,0,0,0,0,6,6,6,5,13,10,3,16,0,4,0,0,0,0,0,0,0,0,0,
711,신탄진기점지 - 신탄진기점지,82,신탄진한일병원,0,0,0,0,7,6,7,3,0,10,9,0,0,3,0,3,7,4,0,0,0,0,0,0,
711,신탄진기점지 - 신탄진기점지,83,평촌동,0,0,4,2,6,0,0,7,2,0,0,4,15,5,3,0,0,0,0,0,0,0,0,0,
711,신탄진기점지 - 신탄진기점지,84,덕암동주민센터,0,0,5,0,0,5,8,5,1,10,0,0,14,6,0,3,0,0,0,0,0,0,0,0,
711,신탄진기점지 - 신탄진기점지,85,남경마을,0,0,2,2,5,4,7,3,1,11,6,3,11,3,0,4,2,3,0,3,0,0,0,0,
711,신탄진기점지 - 신탄진기점지,86,석봉과선교,0,0,3,1,6,3,6,4,0,8,5,2,9,1,4,3,0,0,3,0,0,0,0,0,
711,신탄진기점지 - 신탄진기점지,87,석봉초등학교,0,0,0,0,4,2,5,0,0,7,23,0,8,4,3,1,6,2,2,1,0,0,0,0,
711,신탄진기점지 - 신탄진기점지,88,신탄진고등학교,0,0,2,3,2,0,4,1,1,5,6,2,1,8,2,2,2,1,1,0,0,0,0,0,
711,신탄진기점지 - 신탄진기점지,89,동일스위트리버스카이,0,0,0,2,1,1,2,2,0,3,7,2,0,7,2,0,1,0,0,0,0,0,0,0,
711,신탄진기점지 - 신탄진기점지,90,신탄진동행정복지센터,0,0,0,0,0,1,1,0,0,0,6,1,0,5,0,0,1,0,0,2,0,0,0,0,
711,신탄진기점지 - 신탄진기점지,91,신탄진시장,0,0,0,0,0,0,0,0,0,2,1,0,0,1,0,0,2,0,0,0,0,0,0,0,
711,신탄진기점지 - 신탄진기점지,92,금강엑슬루타워,0,0,0,0,0,0,0,0,0,0,0,0,0,0,0,0,0,0,0,0,0,0,0,0,
711,신탄진기점지 - 신탄진기점지,93,신탄진기점지,0,0,0,0,0,0,0,0,0,0,0,0,0,0,0,0,0,0,0,0,0,0,0,0,
712,탑립동 - 탑립동,1,탑립동,0,0,0,0,0,0,0,0,0,0,0,0,0,1,0,0,0,0,0,0,0,0,0,0,
712,탑립동 - 탑립동,2,탑립동,0,0,0,0,0,0,0,0,0,0,0,0,0,1,0,0,0,0,0,0,0,0,0,0,
712,탑립동 - 탑립동,3,탑립1통산의절,0,0,0,0,0,0,0,0,0,0,0,0,0,1,0,0,0,0,0,0,0,0,0,0,
712,탑립동 - 탑립동,4,탑립육교,0,0,0,0,0,0,0,0,0,0,0,0,0,1,0,0,0,0,0,0,0,0,0,0,
712,탑립동 - 탑립동,5,호반써밋그랜드파크4단지,0,0,0,0,0,0,1,0,0,0,0,0,1,0,0,0,0,0,0,0,0,0,0,0,
712,탑립동 - 탑립동,6,호반써밋그랜드파크,0,1,0,0,0,1,3,0,0,1,0,1,0,2,1,0,0,0,0,0,0,0,0,0,
712,탑립동 - 탑립동,7,푸르지오하임1.2단지,0,0,0,0,0,0,5,0,1,0,0,1,0,4,0,0,0,0,0,0,0,0,0,0,
712,탑립동 - 탑립동,8,테크노밸리6.10단지,0,0,0,0,0,0,0,0,0,0,0,0,0,0,0,0,0,2,0,0,0,0,0,0,
712,탑립동 - 탑립동,9,중일고등학교,0,0,0,1,0,0,0,0,0,0,0,0,0,4,0,0,0,0,0,0,0,0,0,0,
712,탑립동 - 탑립동,10,관평중학교,0,2,1,2,0,1,2,0,0,3,0,0,1,2,0,0,0,0,0,0,0,0,0,0,
712,탑립동 - 탑립동,11,한신에스메카,0,0,0,1,0,0,0,0,0,0,0,0,0,0,0,0,0,0,0,0,0,0,0,0,
712,탑립동 - 탑립동,12,웅진에너지,0,0,0,1,0,0,0,0,0,0,0,0,0,0,0,0,0,0,0,0,0,0,0,0,
712,탑립동 - 탑립동,13,한국가스기술공사,0,0,0,1,0,0,0,0,0,0,0,0,0,0,0,0,0,0,0,0,0,0,0,0,
712,탑립동 - 탑립동,14,신구교,0,0,0,0,0,0,0,0,0,0,0,0,0,1,0,0,0,0,0,0,0,0,0,0,
712,탑립동 - 탑립동,15,기흥기계,0,0,0,0,0,0,1,0,0,0,0,0,0,0,0,0,0,0,0,0,0,0,0,0,
712,탑립동 - 탑립동,16,한솔제지,0,0,0,0,0,0,0,0,0,0,0,0,0,0,0,0,0,0,0,0,0,0,0,0,
712,탑립동 - 탑립동,17,신일네거리,0,0,0,0,0,0,0,0,0,0,0,0,0,0,0,0,0,0,0,0,0,0,0,0,
712,탑립동 - 탑립동,18,동건운수,0,0,0,0,0,0,0,0,0,0,0,0,0,0,0,0,0,0,0,0,0,0,0,0,
712,탑립동 - 탑립동,19,지수체육공원입구,0,0,0,2,0,0,0,1,0,0,0,0,0,0,0,0,0,0,0,0,0,0,0,0,
712,탑립동 - 탑립동,20,상서삼거리,0,0,0,1,0,0,0,0,0,0,0,0,0,0,0,0,0,0,0,0,0,0,0,0,
712,탑립동 - 탑립동,21,덕암우체국,0,0,0,0,1,0,4,1,1,1,4,0,0,1,0,0,0,0,0,0,0,0,0,0,
712,탑립동 - 탑립동,22,행복한마을아파트,0,0,1,0,4,4,5,2,3,0,0,0,0,0,2,0,2,0,0,0,0,0,0,0,
712,탑립동 - 탑립동,23,신탄중앙중학교,0,0,0,3,2,5,4,3,0,0,4,3,0,0,0,0,0,0,0,0,0,0,0,0,
712,탑립동 - 탑립동,24,대덕구보건소,0,0,0,0,0,0,0,0,3,2,0,0,0,0,0,0,0,0,0,0,0,0,0,0,
712,탑립동 - 탑립동,25,한밭아파트,0,0,2,0,3,4,5,0,0,0,1,0,0,0,0,0,0,0,0,0,0,0,0,0,
712,탑립동 - 탑립동,26,대전이문고,0,0,3,4,4,0,0,0,0,0,0,0,0,0,0,0,0,0,0,0,0,0,0,0,
712,탑립동 - 탑립동,27,석봉네거리,0,0,0,0,0,0,0,0,0,0,2,0,0,0,0,0,1,0,0,0,0,0,0,0,
712,탑립동 - 탑립동,28,금강엑슬루타워,0,0,0,3,2,1,0,2,0,0,1,0,0,0,0,0,0,0,0,0,0,0,0,0,
712,탑립동 - 탑립동,29,신탄진시장,0,0,0,2,0,0,3,0,1,0,0,2,0,0,0,0,0,0,0,0,0,0,0,0,
712,탑립동 - 탑립동,30,신탄진역,0,0,0,1,1,0,1,0,2,1,0,1,3,2,0,1,0,0,0,0,0,0,0,0,
712,탑립동 - 탑립동,31,남경마을,0,0,0,1,1,0,1,0,2,1,0,1,3,2,0,1,0,0,0,0,0,0,0,0,
712,탑립동 - 탑립동,32,KT&G,0,0,0,1,1,0,1,0,2,1,0,1,3,2,0,1,0,0,0,0,0,0,0,0,
712,탑립동 - 탑립동,33,유창산업,0,0,0,0,0,0,0,0,1,0,0,0,0,0,0,0,0,0,0,0,0,0,0,0,
712,탑립동 - 탑립동,34,상서동,0,0,0,0,0,0,2,0,0,0,0,0,0,0,0,0,0,0,0,0,0,0,0,0,
712,탑립동 - 탑립동,35,철도차량정비단,0,0,0,0,0,0,1,0,1,0,0,1,2,1,0,0,0,0,0,0,0,0,0,0,
712,탑립동 - 탑립동,36,철도차량정비단,0,0,0,0,0,0,1,0,1,0,0,1,2,1,0,0,0,0,0,0,0,0,0,0,
712,탑립동 - 탑립동,37,달수정,0,0,0,0,0,0,1,0,1,0,0,1,2,1,0,0,0,0,0,0,0,0,0,0,
712,탑립동 - 탑립동,38,평촌동,0,0,0,0,0,0,2,0,0,0,0,0,0,0,0,0,0,0,0,0,0,0,0,0,
712,탑립동 - 탑립동,39,태양마을,0,0,0,2,1,0,1,0,2,1,0,0,1,0,0,0,0,0,0,0,0,0,0,0,
712,탑립동 - 탑립동,40,KT&G사택,0,0,0,3,2,0,0,0,0,0,0,0,0,0,0,0,0,0,0,0,0,0,0,0,
712,탑립동 - 탑립동,41,신탄진과선교,0,0,0,3,2,0,0,0,0,0,0,0,0,0,0,0,0,0,0,0,0,0,0,0,
712,탑립동 - 탑립동,42,남경마을,0,0,0,2,0,0,1,0,0,2,0,0,0,0,0,0,0,0,0,0,0,0,0,0,
712,탑립동 - 탑립동,43,신탄진역,0,0,0,0,0,0,3,1,0,1,0,0,0,0,0,3,0,0,0,0,0,0,0,0,
712,탑립동 - 탑립동,44,신탄진시장,0,0,0,0,0,0,2,0,3,2,0,2,1,1,0,0,1,1,0,0,0,0,0,0,
712,탑립동 - 탑립동,45,금강엑슬루타워,0,0,0,0,0,0,1,2,0,0,0,0,0,2,0,0,0,0,0,0,0,0,0,0,
712,탑립동 - 탑립동,46,석봉네거리,0,0,0,0,0,0,0,0,0,0,0,0,0,3,1,0,0,2,0,0,0,0,0,0,
712,탑립동 - 탑립동,47,대전이문고,0,0,0,0,0,1,0,1,0,0,0,0,0,0,0,1,0,0,0,0,0,0,0,0,
712,탑립동 - 탑립동,48,덕암동,0,0,0,0,0,0,0,0,0,0,0,0,0,0,0,2,0,0,0,0,0,0,0,0,
712,탑립동 - 탑립동,49,대덕구보건소,0,0,0,0,1,0,1,0,2,1,0,0,0,2,2,0,2,0,1,0,0,0,0,0,
712,탑립동 - 탑립동,50,신탄중앙중학교,0,0,0,0,0,2,0,0,1,0,0,0,0,2,0,0,1,0,0,0,0,0,0,0,
712,탑립동 - 탑립동,51,행복한마을아파트,0,0,0,0,0,5,0,0,0,0,0,1,0,0,0,0,0,0,0,0,0,0,0,0,
712,탑립동 - 탑립동,52,덕암우체국,0,0,0,0,0,0,0,0,0,0,1,0,0,1,1,0,0,0,0,0,0,0,0,0,
712,탑립동 - 탑립동,53,상서삼거리,0,0,0,0,0,3,0,2,0,0,0,0,0,0,0,0,0,0,0,0,0,0,0,0,
712,탑립동 - 탑립동,54,국방신뢰성연구센터,0,0,0,0,0,0,0,0,0,0,0,0,0,0,0,0,0,0,0,0,0,0,0,0,
712,탑립동 - 탑립동,55,동건운수,0,0,0,0,0,0,0,0,0,0,0,0,0,0,0,0,0,0,0,0,0,0,0,0,
712,탑립동 - 탑립동,56,신일네거리,0,0,0,0,0,0,0,0,0,0,0,0,0,0,0,0,0,0,0,0,0,0,0,0,
712,탑립동 - 탑립동,57,한솔제지,0,0,0,0,0,0,0,0,0,0,0,0,0,0,0,0,0,0,0,0,0,0,0,0,
712,탑립동 - 탑립동,58,기흥기계,0,0,0,0,0,0,0,0,0,0,0,0,0,0,0,0,0,0,0,0,0,0,0,0,
712,탑립동 - 탑립동,59,신구교,0,0,0,0,0,1,0,1,0,0,0,0,1,0,1,1,1,1,0,0,0,0,0,0,
712,탑립동 - 탑립동,60,한국가스기술공사,0,0,0,0,0,0,0,0,0,0,0,0,0,0,0,0,1,0,0,0,0,0,0,0,
712,탑립동 - 탑립동,61,웅진에너지,0,0,0,0,0,0,0,0,0,0,0,0,0,0,0,0,0,0,0,0,0,0,0,0,
712,탑립동 - 탑립동,62,한신에스메카,0,0,0,0,0,2,0,0,0,0,0,0,1,0,0,0,0,2,0,0,0,0,0,0,
712,탑립동 - 탑립동,63,관평중학교,0,0,0,0,0,0,0,0,1,0,0,0,2,0,0,0,0,0,0,0,0,0,0,0,
712,탑립동 - 탑립동,64,중일고등학교,0,0,0,0,0,1,0,0,0,0,1,0,0,0,0,0,0,0,0,0,0,0,0,0,
712,탑립동 - 탑립동,65,테크노밸리6.10단지,0,0,0,0,0,0,0,0,0,0,0,0,0,0,0,0,0,0,0,0,0,0,0,0,
712,탑립동 - 탑립동,66,테크노밸리11.12단지,0,0,0,0,0,0,0,0,0,0,0,0,1,0,0,0,0,0,0,0,0,0,0,0,
712,탑립동 - 탑립동,67,호반써밋그랜드파크,0,0,0,0,0,0,0,0,0,0,0,0,0,0,0,0,0,0,0,0,0,0,0,0,
712,탑립동 - 탑립동,68,호반써밋그랜드파크2단지,0,0,0,0,0,0,0,0,0,0,0,0,0,0,0,0,0,0,0,0,0,0,0,0,
712,탑립동 - 탑립동,69,탑립육교,0,0,0,0,0,0,0,0,0,0,0,0,0,0,0,0,0,0,0,0,0,0,0,0,
712,탑립동 - 탑립동,70,탑립1통산의절,0,0,0,0,0,0,0,0,0,0,0,0,0,0,0,0,0,0,0,0,0,0,0,0,
712,탑립동 - 탑립동,71,탑립동,0,0,0,0,0,0,0,0,0,0,0,0,0,0,0,0,0,0,0,0,0,0,0,0,
72-1,달전리 - 달전리,1,달전리,0,0,0,0,0,0,0,0,0,0,0,0,0,0,0,0,0,0,0,0,0,0,0,0,
72-1,달전리 - 달전리,2,둔곡3교,0,0,0,0,0,0,0,0,0,0,0,0,0,1,0,0,0,0,0,0,0,0,0,0,
72-1,달전리 - 달전리,3,둔곡동,0,0,0,0,0,0,0,0,0,0,0,0,0,1,0,0,0,0,0,0,0,0,0,0,
72-1,달전리 - 달전리,4,서한이다음2단지,0,1,0,0,0,0,0,0,0,0,0,0,0,0,0,0,0,0,0,0,0,0,0,0,
72-1,달전리 - 달전리,5,구룡2통,0,1,0,0,0,0,0,0,0,0,0,0,0,0,0,0,0,0,0,0,0,0,0,0,
72-1,달전리 - 달전리,6,구룡,0,1,0,0,0,0,0,0,0,0,0,0,0,0,0,0,0,0,0,0,0,0,0,0,
72-1,달전리 - 달전리,7,송강중학교,0,0,0,0,0,0,0,0,0,0,0,0,0,0,0,0,0,0,0,0,0,0,0,0,
72-1,달전리 - 달전리,8,송강마을아파트,0,1,0,0,0,0,0,0,0,0,0,0,0,1,0,0,0,0,0,0,0,0,0,0,
72-1,달전리 - 달전리,9,송강전통시장,0,0,0,1,0,0,0,0,0,0,0,0,0,0,0,0,0,0,0,0,0,0,0,0,
72-1,달전리 - 달전리,10,한국가스기술공사,0,0,0,0,0,0,0,0,0,0,0,0,0,0,0,0,0,0,0,0,0,0,0,0,
72-1,달전리 - 달전리,11,신구교,0,0,0,0,0,0,0,0,0,0,0,0,0,0,0,0,0,0,0,0,0,0,0,0,
72-1,달전리 - 달전리,12,기흥기계,0,0,0,0,0,0,0,0,0,0,0,0,0,0,0,0,0,0,0,0,0,0,0,0,
72-1,달전리 - 달전리,13,효성신탄진공장,0,0,0,0,0,0,0,0,0,0,0,0,0,0,0,0,0,0,0,0,0,0,0,0,
72-1,달전리 - 달전리,14,한국교통안전공단,0,0,0,0,0,0,0,0,0,0,0,0,0,0,0,0,0,0,0,0,0,0,0,0,
72-1,달전리 - 달전리,15,한국타이어,0,0,0,0,0,0,0,0,0,0,0,0,0,0,0,0,0,0,0,0,0,0,0,0,
72-1,달전리 - 달전리,16,목상동주민센터,0,0,0,0,0,0,0,0,0,0,0,0,0,0,0,0,0,0,0,0,0,0,0,0,
72-1,달전리 - 달전리,17,한국타이어후문,0,0,0,0,0,0,0,0,0,0,0,0,0,0,0,0,0,0,0,0,0,0,0,0,
72-1,달전리 - 달전리,18,석봉네거리,0,0,0,0,0,0,0,0,0,0,0,0,0,0,0,0,0,0,0,0,0,0,0,0,
72-1,달전리 - 달전리,19,대전이문고,0,0,0,0,0,0,0,0,0,0,0,0,0,0,0,0,0,0,0,0,0,0,0,0,
72-1,달전리 - 달전리,20,덕암동,0,0,0,0,0,0,0,0,0,0,0,0,0,3,0,0,0,0,0,0,0,0,0,0,
72-1,달전리 - 달전리,21,대덕구보건소,0,0,1,0,0,0,0,0,0,0,0,0,0,2,0,0,0,0,0,0,0,0,0,0,
72-1,달전리 - 달전리,22,신탄중앙중학교,0,0,1,0,0,0,0,0,0,0,0,0,0,2,0,0,0,0,0,0,0,0,0,0,
72-1,달전리 - 달전리,23,남경마을,0,0,1,0,0,0,0,0,0,0,0,0,0,2,0,0,0,0,0,0,0,0,0,0,
72-1,달전리 - 달전리,24,신탄진역,0,0,0,0,0,0,0,0,0,0,0,0,0,2,0,0,0,0,0,0,0,0,0,0,
72-1,달전리 - 달전리,25,신탄진동행정복지센터,0,0,0,0,0,0,0,0,0,0,0,0,0,2,0,0,0,0,0,0,0,0,0,0,
72-1,달전리 - 달전리,26,용정초등학교,0,0,0,0,0,0,0,0,0,0,0,0,0,2,0,0,0,0,0,0,0,0,0,0,
72-1,달전리 - 달전리,27,금강로하스타워,0,0,0,0,0,0,0,0,0,0,0,0,0,2,0,0,0,0,0,0,0,0,0,0,
72-1,달전리 - 달전리,28,보조댐,0,0,0,0,0,0,0,0,0,0,0,0,0,2,0,0,0,0,0,0,0,0,0,0,
72-1,달전리 - 달전리,29,삼정취수장,0,0,0,0,0,0,0,0,0,0,0,0,0,2,0,0,0,0,0,0,0,0,0,0,
72-1,달전리 - 달전리,30,삼정동.근장골길,0,0,0,0,0,0,0,0,0,0,0,0,0,1,0,0,0,0,0,0,0,0,0,0,
72-1,달전리 - 달전리,31,삼정마을회관,0,0,0,0,0,0,0,0,0,0,0,0,0,1,0,0,0,0,0,0,0,0,0,0,
72-1,달전리 - 달전리,32,로하스캠핑장,0,0,0,0,0,0,0,0,0,0,0,0,0,1,0,0,0,0,0,0,0,0,0,0,
72-1,달전리 - 달전리,33,숯골,0,0,0,0,0,0,0,0,0,0,0,0,0,0,0,0,0,0,0,0,0,0,0,0,
72-1,달전리 - 달전리,34,벌말,0,0,0,0,0,0,0,0,0,0,0,0,0,0,0,0,0,0,0,0,0,0,0,0,
72-1,달전리 - 달전리,35,안골,0,0,0,0,0,0,0,0,0,0,0,0,0,0,0,0,0,0,0,0,0,0,0,0,
72-1,달전리 - 달전리,36,금강로하스대청공원,0,0,0,0,0,0,0,0,0,0,0,0,0,0,0,0,0,0,0,0,0,0,0,0,
72-1,달전리 - 달전리,37,대청댐(종점),0,0,0,0,0,0,0,0,0,0,0,0,0,0,0,0,0,0,0,0,0,0,0,0,
72-1,달전리 - 달전리,38,금강로하스대청공원,0,0,0,0,0,0,0,0,0,0,0,0,0,0,0,0,0,0,0,0,0,0,0,0,
72-1,달전리 - 달전리,39,대청댐,0,0,1,0,0,0,0,0,0,0,0,0,0,0,0,0,0,0,0,0,0,0,0,0,
72-1,달전리 - 달전리,40,벌말,0,0,0,0,1,0,0,0,0,0,0,0,0,0,0,0,0,0,0,0,0,0,0,0,
72-1,달전리 - 달전리,41,숯골,0,0,2,0,0,0,0,0,0,0,0,1,0,0,0,0,0,0,0,0,0,0,0,0,
72-1,달전리 - 달전리,42,미호교,0,0,2,0,0,0,0,0,0,0,0,1,0,0,0,0,0,0,0,0,0,0,0,0,
72-1,달전리 - 달전리,43,로하스캠핑장,0,0,2,0,0,0,0,0,0,0,0,1,0,0,0,0,0,0,0,0,0,0,0,0,
72-1,달전리 - 달전리,44,삼정마을회관,0,0,1,0,2,0,0,0,0,0,0,0,0,0,0,0,0,0,0,0,0,0,0,0,
72-1,달전리 - 달전리,45,삼정동.근장골길,0,0,1,0,2,0,0,0,0,0,0,0,0,0,0,0,0,0,0,0,0,0,0,0,
72-1,달전리 - 달전리,46,삼정취수장,0,0,1,0,2,0,0,0,0,0,0,0,0,0,0,0,0,0,0,0,0,0,0,0,
72-1,달전리 - 달전리,47,보조댐,0,0,1,0,2,0,0,0,0,0,0,0,0,0,0,0,0,0,0,0,0,0,0,0,
72-1,달전리 - 달전리,48,금강로하스타워,0,0,1,0,2,0,0,0,0,0,0,0,0,0,0,0,0,0,0,0,0,0,0,0,
72-1,달전리 - 달전리,49,동일스위트리버스카이,0,0,0,0,1,0,0,0,0,0,0,0,0,0,1,0,0,0,0,0,0,0,0,0,
72-1,달전리 - 달전리,50,신탄진동행정복지센터,0,0,0,0,0,0,0,0,0,0,0,0,0,0,2,0,0,0,0,0,0,0,0,0,
72-1,달전리 - 달전리,51,신탄진역,0,0,0,0,0,0,0,0,0,0,0,0,0,0,1,0,0,0,0,0,0,0,0,0,
72-1,달전리 - 달전리,52,남경마을,0,0,0,0,0,0,0,0,0,0,0,0,0,0,1,0,0,0,0,0,0,0,0,0,
72-1,달전리 - 달전리,53,신탄중앙중학교,0,0,0,0,0,0,0,0,0,0,0,0,0,0,1,0,0,0,0,0,0,0,0,0,
72-1,달전리 - 달전리,54,대덕구보건소,0,0,0,0,0,0,0,0,0,0,0,0,0,0,1,0,0,0,0,0,0,0,0,0,
72-1,달전리 - 달전리,55,한밭아파트,0,0,0,0,1,0,0,0,0,0,0,0,0,0,0,0,0,0,0,0,0,0,0,0,
72-1,달전리 - 달전리,56,대전이문고,0,0,0,0,1,0,0,0,0,0,0,0,0,0,0,0,0,0,0,0,0,0,0,0,
72-1,달전리 - 달전리,57,석봉네거리,0,0,0,0,1,0,0,0,0,0,0,0,0,0,0,0,0,0,0,0,0,0,0,0,
72-1,달전리 - 달전리,58,한국타이어후문,0,0,0,0,0,0,0,0,0,0,0,0,0,0,0,0,0,0,0,0,0,0,0,0,
72-1,달전리 - 달전리,59,목상동주민센터,0,0,0,0,0,0,0,0,0,0,0,0,0,0,1,0,0,0,0,0,0,0,0,0,
72-1,달전리 - 달전리,60,한국교통안전공단,0,0,0,0,0,0,0,0,0,0,0,0,0,0,1,0,0,0,0,0,0,0,0,0,
72-1,달전리 - 달전리,61,효성신탄진공장,0,0,0,0,0,0,0,0,0,0,0,0,0,0,1,0,0,0,0,0,0,0,0,0,
72-1,달전리 - 달전리,62,기흥기계,0,0,0,0,0,0,0,0,0,0,0,0,0,0,1,0,0,0,0,0,0,0,0,0,
72-1,달전리 - 달전리,63,신구교,0,0,0,0,0,0,0,0,0,0,0,0,0,0,2,0,0,0,0,0,0,0,0,0,
72-1,달전리 - 달전리,64,한국가스기술공사,0,0,0,0,0,0,0,0,0,0,0,0,0,0,2,0,0,0,0,0,0,0,0,0,
72-1,달전리 - 달전리,65,송강전통시장,0,0,0,0,0,0,0,0,0,0,0,0,0,0,2,0,0,0,0,0,0,0,0,0,
72-1,달전리 - 달전리,66,휴먼시아아파트,0,0,0,0,0,0,0,0,0,0,0,0,0,0,0,1,0,0,0,0,0,0,0,0,
72-1,달전리 - 달전리,67,송강중학교,0,0,0,0,0,0,0,0,0,0,0,0,0,0,0,1,0,0,0,0,0,0,0,0,
72-1,달전리 - 달전리,68,구룡,0,0,0,0,0,0,0,0,0,0,0,0,0,0,0,1,0,0,0,0,0,0,0,0,
72-1,달전리 - 달전리,69,구룡2통,0,0,0,0,0,0,0,0,0,0,0,0,0,0,0,1,0,0,0,0,0,0,0,0,
72-1,달전리 - 달전리,70,서한이다음2단지,0,0,0,0,0,0,0,0,0,0,0,0,0,0,0,0,0,0,0,0,0,0,0,0,
72-1,달전리 - 달전리,71,둔곡동,0,0,0,0,0,0,0,0,0,0,0,0,0,0,0,0,0,0,0,0,0,0,0,0,
72-1,달전리 - 달전리,72,둔곡3교,0,0,0,0,0,0,0,0,0,0,0,0,0,0,0,0,0,0,0,0,0,0,0,0,
72-1,달전리 - 달전리,73,달전리,0,0,0,0,0,0,0,0,0,0,0,0,0,0,0,0,0,0,0,0,0,0,0,0,
72-2,달전리 - 달전리,1,달전리,0,0,0,0,0,0,0,0,0,0,0,0,0,0,0,0,0,0,0,0,0,0,0,0,
72-2,달전리 - 달전리,2,둔곡3교,0,0,0,0,0,0,0,0,1,0,0,0,0,0,0,0,0,0,0,0,0,0,0,0,
72-2,달전리 - 달전리,3,둔곡동,0,0,0,0,0,0,0,0,1,0,0,0,0,0,0,0,0,0,0,0,0,0,0,0,
72-2,달전리 - 달전리,4,서한이다음2단지,0,0,0,0,0,0,0,0,0,0,1,0,0,0,0,0,0,0,0,0,0,0,0,0,
72-2,달전리 - 달전리,5,구룡2통,0,0,0,0,0,0,0,0,0,0,1,0,0,0,0,0,0,0,0,0,0,0,0,0,
72-2,달전리 - 달전리,6,구룡,0,0,0,0,0,0,0,0,0,0,1,0,0,0,0,0,0,0,0,0,0,0,0,0,
72-2,달전리 - 달전리,7,송강중학교,0,0,0,0,0,0,0,0,2,0,0,0,0,0,0,0,0,0,0,0,0,0,0,0,
72-2,달전리 - 달전리,8,송강마을아파트,0,0,0,0,0,1,0,0,1,0,2,0,0,0,0,0,0,0,0,0,0,0,0,0,
72-2,달전리 - 달전리,9,송강전통시장,0,0,0,0,0,1,0,0,1,0,2,0,0,0,0,0,0,0,0,0,0,0,0,0,
72-2,달전리 - 달전리,10,한국가스기술공사,0,0,0,0,0,1,0,0,1,0,2,0,0,0,0,0,0,0,0,0,0,0,0,0,
72-2,달전리 - 달전리,11,신구교,0,0,0,0,0,1,0,0,1,0,2,0,0,0,0,0,0,0,0,0,0,0,0,0,
72-2,달전리 - 달전리,12,기흥기계,0,0,0,0,0,1,0,0,1,0,2,0,0,0,0,0,0,0,0,0,0,0,0,0,
72-2,달전리 - 달전리,13,효성신탄진공장,0,0,0,0,0,1,0,0,1,0,2,0,0,0,0,0,0,0,0,0,0,0,0,0,
72-2,달전리 - 달전리,14,한국교통안전공단,0,0,0,0,0,1,0,0,1,0,2,0,0,0,0,0,0,0,0,0,0,0,0,0,
72-2,달전리 - 달전리,15,한국타이어,0,0,0,0,0,0,0,0,0,0,1,0,0,0,0,0,0,0,0,0,0,0,0,0,
72-2,달전리 - 달전리,16,목상동주민센터,0,0,0,0,0,0,0,0,0,0,1,0,0,0,0,0,0,0,0,0,0,0,0,0,
72-2,달전리 - 달전리,17,한국타이어후문,0,0,0,0,0,0,0,0,0,0,2,0,0,0,0,0,0,0,0,0,0,0,0,0,
72-2,달전리 - 달전리,18,금강엑슬루타워,0,0,0,0,0,0,0,0,0,0,2,0,0,0,0,0,0,0,0,0,0,0,0,0,
72-2,달전리 - 달전리,19,신탄진시장,0,0,0,0,0,0,0,0,0,0,3,0,0,0,0,0,0,0,0,0,0,0,0,0,
72-2,달전리 - 달전리,20,신탄진동행정복지센터,0,0,0,0,0,5,0,0,2,0,2,0,0,0,0,0,0,0,0,0,0,0,0,0,
72-2,달전리 - 달전리,21,용정초등학교,0,0,0,0,0,0,6,0,4,0,3,0,0,0,0,0,0,0,0,0,0,0,0,0,
72-2,달전리 - 달전리,22,금강로하스타워,0,0,0,0,0,0,6,0,4,0,3,0,0,0,0,0,0,0,0,0,0,0,0,0,
72-2,달전리 - 달전리,23,보조댐,0,0,0,0,0,0,4,0,0,0,1,0,0,0,0,0,0,0,0,0,0,0,0,0,
72-2,달전리 - 달전리,24,삼정취수장,0,0,0,0,0,0,4,0,0,0,1,0,0,0,0,0,0,0,0,0,0,0,0,0,
72-2,달전리 - 달전리,25,삼정동.근장골길,0,0,0,0,0,0,0,0,3,0,0,0,0,0,0,0,0,0,0,0,0,0,0,0,
72-2,달전리 - 달전리,26,삼정마을회관,0,0,0,0,0,0,0,0,1,0,0,0,0,0,0,0,0,0,0,0,0,0,0,0,
72-2,달전리 - 달전리,27,로하스캠핑장,0,0,0,0,0,0,0,0,1,0,0,0,0,0,0,0,0,0,0,0,0,0,0,0,
72-2,달전리 - 달전리,28,숯골,0,0,0,0,0,0,0,0,1,0,0,0,0,0,0,0,0,0,0,0,0,0,0,0,
72-2,달전리 - 달전리,29,벌말,0,0,0,0,0,0,2,0,0,0,0,0,0,0,0,0,0,0,0,0,0,0,0,0,
72-2,달전리 - 달전리,30,안골,0,0,0,0,0,0,2,0,0,0,0,0,0,0,0,0,0,0,0,0,0,0,0,0,
72-2,달전리 - 달전리,31,금강로하스대청공원,0,0,0,0,0,0,0,0,0,0,0,0,0,0,0,0,0,0,0,0,0,0,0,0,
72-2,달전리 - 달전리,32,대청댐(종점),0,0,0,0,0,0,0,0,0,0,0,0,0,0,0,0,0,0,0,0,0,0,0,0,
72-2,달전리 - 달전리,33,금강로하스대청공원,0,0,0,0,0,0,0,0,0,0,0,0,0,0,0,0,0,0,0,0,0,0,0,0,
72-2,달전리 - 달전리,34,대청댐,0,0,0,0,0,0,1,0,0,0,0,0,0,0,0,0,0,0,0,0,0,0,0,0,
72-2,달전리 - 달전리,35,벌말,0,0,0,0,0,0,2,0,0,2,0,0,0,0,0,0,0,0,0,0,0,0,0,0,
72-2,달전리 - 달전리,36,숯골,0,0,0,0,0,0,3,0,0,3,0,0,0,0,0,0,0,0,0,0,0,0,0,0,
72-2,달전리 - 달전리,37,미호교,0,0,0,0,0,0,3,0,0,3,0,0,0,0,0,0,0,0,0,0,0,0,0,0,
72-2,달전리 - 달전리,38,로하스캠핑장,0,0,0,0,0,0,2,0,0,0,0,0,0,0,0,0,0,0,0,0,0,0,0,0,
72-2,달전리 - 달전리,39,삼정마을회관,0,0,0,0,0,0,3,0,0,0,0,0,0,0,0,0,0,0,0,0,0,0,0,0,
72-2,달전리 - 달전리,40,삼정동.근장골길,0,0,0,0,0,0,3,0,0,0,0,0,0,0,0,0,0,0,0,0,0,0,0,0,
72-2,달전리 - 달전리,41,삼정취수장,0,0,0,0,0,0,3,0,0,0,0,0,0,0,0,0,0,0,0,0,0,0,0,0,
72-2,달전리 - 달전리,42,보조댐,0,0,0,0,0,0,0,0,0,4,0,0,0,0,0,0,0,0,0,0,0,0,0,0,
72-2,달전리 - 달전리,43,금강로하스타워,0,0,0,0,0,0,0,0,0,4,0,0,0,0,0,0,0,0,0,0,0,0,0,0,
72-2,달전리 - 달전리,44,동일스위트리버스카이,0,0,0,0,0,0,1,0,0,2,0,0,0,0,0,0,0,0,0,0,0,0,0,0,
72-2,달전리 - 달전리,45,신탄진동행정복지센터,0,0,0,0,0,0,1,0,0,2,0,0,0,0,0,0,0,0,0,0,0,0,0,0,
72-2,달전리 - 달전리,46,신탄진시장,0,0,0,0,0,0,0,0,0,1,0,0,0,0,0,0,0,0,0,0,0,0,0,0,
72-2,달전리 - 달전리,47,금강엑슬루타워,0,0,0,0,0,0,0,0,0,1,0,0,0,0,0,0,0,0,0,0,0,0,0,0,
72-2,달전리 - 달전리,48,한국타이어후문,0,0,0,0,0,0,3,0,0,0,0,0,0,0,0,0,0,0,0,0,0,0,0,0,
72-2,달전리 - 달전리,49,목상동주민센터,0,0,0,0,0,0,2,0,0,0,0,0,0,0,0,0,0,0,0,0,0,0,0,0,
72-2,달전리 - 달전리,50,한국교통안전공단,0,0,0,0,0,0,2,0,0,0,0,0,0,0,0,0,0,0,0,0,0,0,0,0,
72-2,달전리 - 달전리,51,효성신탄진공장,0,0,0,0,0,0,2,0,0,0,0,0,0,0,0,0,0,0,0,0,0,0,0,0,
72-2,달전리 - 달전리,52,기흥기계,0,0,0,0,0,0,2,0,0,0,0,0,0,0,0,0,0,0,0,0,0,0,0,0,
72-2,달전리 - 달전리,53,신구교,0,0,0,0,0,0,2,0,0,0,0,0,0,0,0,0,0,0,0,0,0,0,0,0,
72-2,달전리 - 달전리,54,한국가스기술공사,0,0,0,0,0,0,2,0,0,0,0,0,0,0,0,0,0,0,0,0,0,0,0,0,
72-2,달전리 - 달전리,55,송강전통시장,0,0,0,0,0,0,0,0,0,0,0,0,0,0,0,0,0,0,0,0,0,0,0,0,
72-2,달전리 - 달전리,56,휴먼시아아파트,0,0,0,0,0,0,0,0,0,0,0,0,0,0,0,0,0,0,0,0,0,0,0,0,
72-2,달전리 - 달전리,57,송강중학교,0,0,0,0,0,0,0,0,0,0,0,0,0,0,0,0,0,0,0,0,0,0,0,0,
72-2,달전리 - 달전리,58,구룡,0,0,0,0,0,0,0,0,0,0,0,0,0,0,0,0,0,0,0,0,0,0,0,0,
72-2,달전리 - 달전리,59,구룡2통,0,0,0,0,0,0,0,0,0,0,0,0,0,0,0,0,0,0,0,0,0,0,0,0,
72-2,달전리 - 달전리,60,서한이다음2단지,0,0,0,0,0,0,0,0,0,0,0,0,0,0,0,0,0,0,0,0,0,0,0,0,
72-2,달전리 - 달전리,61,둔곡동,0,0,0,0,0,0,0,0,0,0,0,0,0,0,0,0,0,0,0,0,0,0,0,0,
72-2,달전리 - 달전리,62,둔곡3교,0,0,0,0,0,0,0,0,0,0,0,0,0,0,0,0,0,0,0,0,0,0,0,0,
72-2,달전리 - 달전리,63,달전리,0,0,0,0,0,0,0,0,0,0,0,0,0,0,0,0,0,0,0,0,0,0,0,0,
73,금탄동종점 - 금탄동종점,1,금탄동종점,0,0,0,0,0,0,0,0,0,7,0,2,0,0,0,0,0,0,0,0,0,0,0,0,
73,금탄동종점 - 금탄동종점,2,대동1통,0,0,1,0,0,0,0,0,0,0,0,0,0,0,0,0,0,0,0,0,0,0,0,0,
73,금탄동종점 - 금탄동종점,3,대동2통,0,0,1,0,0,0,0,0,0,0,0,0,0,0,0,0,0,0,0,0,0,0,0,0,
73,금탄동종점 - 금탄동종점,4,대동,0,0,0,0,0,0,0,0,0,0,0,0,0,0,1,0,0,0,0,0,0,0,0,0,
73,금탄동종점 - 금탄동종점,5,대동,0,0,0,0,1,0,0,0,0,9,0,0,0,0,2,0,0,0,0,0,0,0,0,0,
73,금탄동종점 - 금탄동종점,6,대동보건소,0,0,0,0,1,0,0,0,0,9,0,0,0,0,2,0,0,0,0,0,0,0,0,0,
73,금탄동종점 - 금탄동종점,7,대동금탄동입구,0,0,0,0,1,0,0,0,0,9,0,0,0,0,2,0,0,0,0,0,0,0,0,0,
73,금탄동종점 - 금탄동종점,8,금고동,0,0,0,0,1,0,0,0,0,9,0,0,0,0,2,0,0,0,0,0,0,0,0,0,
73,금탄동종점 - 금탄동종점,9,금고1통,0,0,0,0,1,0,0,0,0,9,0,0,0,0,2,0,0,0,0,0,0,0,0,0,
73,금탄동종점 - 금탄동종점,10,금고동매립장,0,0,0,0,1,0,0,0,0,9,0,0,0,0,2,0,0,0,0,0,0,0,0,0,
73,금탄동종점 - 금탄동종점,11,금고2통,0,0,0,0,1,0,0,0,0,9,0,0,0,0,2,0,0,0,0,0,0,0,0,0,
73,금탄동종점 - 금탄동종점,12,협진운수,0,0,0,0,1,0,0,0,0,9,0,0,0,0,2,0,0,0,0,0,0,0,0,0,
73,금탄동종점 - 금탄동종점,13,대광로제비앙아파트,0,0,0,0,1,0,0,0,0,9,0,0,0,0,2,0,0,0,0,0,0,0,0,0,
73,금탄동종점 - 금탄동종점,14,구즉동주민센터입구,0,0,0,0,1,0,0,0,0,9,0,0,0,0,2,0,0,0,0,0,0,0,0,0,
73,금탄동종점 - 금탄동종점,15,송강마을아파트,0,0,2,0,3,0,0,0,0,3,0,1,0,0,3,0,0,0,0,0,0,0,0,0,
73,금탄동종점 - 금탄동종점,16,송강전통시장,0,0,0,0,0,0,2,0,0,4,0,0,0,0,4,0,0,0,0,0,0,0,0,0,
73,금탄동종점 - 금탄동종점,17,한국가스기술공사,0,0,0,0,0,0,0,0,0,0,0,0,0,0,0,0,0,0,1,0,0,0,0,0,
73,금탄동종점 - 금탄동종점,18,신구교,0,0,0,0,0,0,0,0,0,0,0,0,0,0,3,0,0,0,2,0,0,0,0,0,
73,금탄동종점 - 금탄동종점,19,기흥기계,0,0,0,0,0,0,0,0,0,0,0,0,0,0,3,0,0,0,2,0,0,0,0,0,
73,금탄동종점 - 금탄동종점,20,효성신탄진공장,0,0,0,0,0,0,3,0,0,0,0,0,0,0,0,0,0,0,4,0,0,0,0,0,
73,금탄동종점 - 금탄동종점,21,한국교통안전공단,0,0,0,0,0,0,3,0,0,0,0,0,0,0,0,0,0,0,4,0,0,0,0,0,
73,금탄동종점 - 금탄동종점,22,한국타이어,0,0,1,0,5,0,4,0,0,0,0,1,0,0,0,0,0,0,0,0,0,0,0,0,
73,금탄동종점 - 금탄동종점,23,목상동주민센터,0,0,1,0,5,0,4,0,0,0,0,1,0,0,0,0,0,0,0,0,0,0,0,0,
73,금탄동종점 - 금탄동종점,24,한국타이어후문,0,0,0,0,0,0,5,0,0,5,0,0,0,0,0,0,0,0,0,0,0,0,0,0,
73,금탄동종점 - 금탄동종점,25,금강엑슬루타워,0,0,0,0,0,4,0,0,0,0,0,0,0,0,0,0,0,0,0,0,0,0,0,0,
73,금탄동종점 - 금탄동종점,26,신탄진시장,0,0,0,0,0,6,0,5,0,5,0,0,0,0,0,0,0,0,0,0,0,0,0,0,
73,금탄동종점 - 금탄동종점,27,신탄진동행정복지센터,0,0,1,0,0,5,0,4,0,3,0,0,0,0,0,0,0,0,0,0,0,0,0,0,
73,금탄동종점 - 금탄동종점,28,용정초등학교,0,0,0,0,0,6,0,6,0,0,0,0,3,0,0,0,0,0,0,0,0,0,0,0,
73,금탄동종점 - 금탄동종점,29,금강로하스타워,0,0,0,0,0,6,0,6,0,0,0,0,3,0,0,0,0,0,0,0,0,0,0,0,
73,금탄동종점 - 금탄동종점,30,보조댐,0,0,0,0,0,2,0,4,0,1,0,0,2,0,0,0,0,0,0,0,0,0,0,0,
73,금탄동종점 - 금탄동종점,31,삼정취수장,0,0,0,0,0,2,0,4,0,1,0,0,2,0,0,0,0,0,0,0,0,0,0,0,
73,금탄동종점 - 금탄동종점,32,미호교,0,0,0,0,0,0,0,4,0,0,0,0,0,0,0,0,0,0,0,0,0,0,0,0,
73,금탄동종점 - 금탄동종점,33,숯골,0,0,0,0,0,0,0,2,0,0,0,0,0,0,0,0,0,0,0,0,0,0,0,0,
73,금탄동종점 - 금탄동종점,34,벌말,0,0,0,0,0,0,0,2,0,0,0,0,0,0,0,0,0,0,0,0,0,0,0,0,
73,금탄동종점 - 금탄동종점,35,안골,0,0,0,0,0,0,0,2,0,0,0,0,0,0,0,0,0,0,0,0,0,0,0,0,
73,금탄동종점 - 금탄동종점,36,금강로하스대청공원,0,0,0,0,0,0,0,0,0,0,0,0,0,0,0,0,0,0,0,0,0,0,0,0,
73,금탄동종점 - 금탄동종점,37,대청댐(종점),0,0,0,0,0,0,0,0,0,0,0,0,0,0,0,0,0,0,0,0,0,0,0,0,
73,금탄동종점 - 금탄동종점,38,금강로하스대청공원,0,0,0,0,0,0,0,0,0,0,0,0,0,0,0,0,0,0,0,0,0,0,0,0,
73,금탄동종점 - 금탄동종점,39,대청댐,0,0,0,0,0,0,0,0,0,0,0,0,0,0,0,0,0,0,0,0,0,0,0,0,
73,금탄동종점 - 금탄동종점,40,벌말,0,0,0,1,0,0,0,0,0,0,0,0,0,0,0,0,0,0,0,0,0,0,0,0,
73,금탄동종점 - 금탄동종점,41,숯골,0,0,0,0,0,0,0,0,0,0,2,0,0,0,0,1,0,0,0,0,0,0,0,0,
73,금탄동종점 - 금탄동종점,42,미호교,0,0,0,0,0,0,0,0,0,0,3,0,2,0,0,0,0,0,0,0,0,0,0,0,
73,금탄동종점 - 금탄동종점,43,삼정취수장,0,0,0,0,0,0,0,1,0,0,0,0,0,0,0,0,0,0,0,0,0,0,0,0,
73,금탄동종점 - 금탄동종점,44,보조댐,0,0,0,0,0,1,0,2,0,0,8,0,3,0,0,0,0,0,0,0,0,0,0,0,
73,금탄동종점 - 금탄동종점,45,금강로하스타워,0,0,0,0,0,1,0,2,0,0,8,0,3,0,0,0,0,0,0,0,0,0,0,0,
73,금탄동종점 - 금탄동종점,46,동일스위트리버스카이,0,0,0,0,0,2,0,0,0,0,8,0,5,0,0,0,0,0,0,0,0,0,0,0,
73,금탄동종점 - 금탄동종점,47,신탄진동행정복지센터,0,0,0,0,0,0,0,0,0,0,9,0,3,0,0,0,0,0,0,0,0,0,0,0,
73,금탄동종점 - 금탄동종점,48,신탄진시장,0,0,0,0,0,3,0,0,0,0,7,0,2,0,0,1,0,0,0,0,0,0,0,0,
73,금탄동종점 - 금탄동종점,49,금강엑슬루타워,0,0,0,0,0,0,0,0,0,0,6,0,3,0,0,0,0,0,0,0,0,0,0,0,
73,금탄동종점 - 금탄동종점,50,한국타이어후문,0,0,0,1,0,0,0,0,0,0,0,0,0,0,0,0,0,0,0,0,0,0,0,0,
73,금탄동종점 - 금탄동종점,51,목상동주민센터,0,0,0,0,0,2,0,0,0,0,4,0,0,0,0,3,0,0,0,0,0,0,0,0,
73,금탄동종점 - 금탄동종점,52,한국교통안전공단,0,0,0,0,0,2,0,0,0,0,4,0,0,0,0,3,0,0,0,0,0,0,0,0,
73,금탄동종점 - 금탄동종점,53,효성신탄진공장,0,0,0,0,0,0,0,0,0,0,3,0,0,0,0,0,0,0,0,0,0,0,0,0,
73,금탄동종점 - 금탄동종점,54,기흥기계,0,0,0,0,0,0,0,0,0,0,0,0,0,0,0,2,0,0,0,0,0,0,0,0,
73,금탄동종점 - 금탄동종점,55,신구교,0,0,0,0,0,0,0,0,0,0,0,0,0,0,0,2,0,0,0,0,0,0,0,0,
73,금탄동종점 - 금탄동종점,56,한국가스기술공사,0,0,0,0,0,0,0,0,0,0,2,0,0,0,0,0,0,0,0,0,0,0,0,0,
73,금탄동종점 - 금탄동종점,57,송강전통시장,0,0,0,1,0,1,0,1,0,0,0,0,2,0,0,2,0,0,0,0,0,0,0,0,
73,금탄동종점 - 금탄동종점,58,송강마을아파트,0,0,0,3,0,0,0,0,0,0,1,0,0,0,0,2,0,1,0,0,0,0,0,0,
73,금탄동종점 - 금탄동종점,59,구즉동주민센터입구,0,0,0,3,0,0,0,0,0,0,1,0,0,0,0,2,0,1,0,0,0,0,0,0,
73,금탄동종점 - 금탄동종점,60,대광로제비앙아파트,0,0,0,0,0,0,0,0,0,0,0,0,0,0,0,0,0,0,0,0,0,0,0,0,
73,금탄동종점 - 금탄동종점,61,협진운수,0,0,0,0,0,0,2,0,0,0,0,0,0,0,0,0,0,0,0,0,0,0,0,0,
73,금탄동종점 - 금탄동종점,62,금고2통,0,0,0,0,0,0,1,0,0,0,0,0,0,0,0,0,0,0,0,0,0,0,0,0,
73,금탄동종점 - 금탄동종점,63,금고동매립장,0,0,0,0,0,0,1,0,0,0,0,0,0,0,0,0,0,0,0,0,0,0,0,0,
73,금탄동종점 - 금탄동종점,64,금고1통,0,0,0,0,0,0,1,0,0,0,0,0,0,0,0,0,0,0,0,0,0,0,0,0,
73,금탄동종점 - 금탄동종점,65,금고동,0,0,0,0,0,0,1,0,0,0,0,0,0,0,0,0,0,0,0,0,0,0,0,0,
73,금탄동종점 - 금탄동종점,66,대동금탄동입구,0,0,0,0,0,0,1,0,0,0,0,0,0,0,0,0,0,0,0,0,0,0,0,0,
73,금탄동종점 - 금탄동종점,67,대동보건소,0,0,0,0,2,0,0,0,0,0,0,0,0,0,0,0,0,0,0,0,0,0,0,0,
73,금탄동종점 - 금탄동종점,68,대동,0,0,0,0,1,0,0,0,0,0,0,0,0,0,0,0,0,0,0,0,0,0,0,0,
73,금탄동종점 - 금탄동종점,69,대동,0,0,0,0,0,0,0,0,0,0,0,0,0,0,0,0,1,0,0,0,0,0,0,0,
73,금탄동종점 - 금탄동종점,70,대동2통,0,0,0,0,0,0,0,0,0,0,0,0,0,0,0,0,0,0,0,0,0,0,0,0,
73,금탄동종점 - 금탄동종점,71,대동1통,0,0,0,0,0,0,0,0,0,0,0,0,0,0,0,0,0,0,0,0,0,0,0,0,
73,금탄동종점 - 금탄동종점,72,금탄동종점,0,0,0,0,0,0,0,0,0,0,0,0,0,0,0,0,0,0,0,0,0,0,0,0,
74,대한통운종점 - 대한통운종점,1,대한통운종점,0,0,0,0,0,0,0,0,0,0,0,0,0,0,0,0,0,0,0,0,0,0,0,0,
74,대한통운종점 - 대한통운종점,2,대한통운종점,0,0,0,0,0,0,0,0,0,0,0,0,0,0,0,0,0,0,0,0,0,0,0,0,
74,대한통운종점 - 대한통운종점,3,읍내동현대아파트,0,0,0,0,0,0,8,0,2,0,1,0,0,0,0,0,0,0,0,0,0,0,0,0,
74,대한통운종점 - 대한통운종점,4,영진아파트,0,0,2,0,0,6,9,0,1,0,0,0,1,0,0,0,0,0,0,0,0,0,0,0,
74,대한통운종점 - 대한통운종점,5,회덕동주민센터,0,0,2,0,2,7,6,0,3,1,0,0,0,0,0,0,0,0,0,0,0,0,0,0,
74,대한통운종점 - 대한통운종점,6,대한통운,0,0,0,1,1,0,10,0,4,0,1,0,0,0,0,1,0,0,0,0,0,0,0,0,
74,대한통운종점 - 대한통운종점,7,정수장,0,0,0,0,0,0,12,1,0,0,0,0,0,0,0,0,0,0,0,0,0,0,0,0,
74,대한통운종점 - 대한통운종점,8,대덕구장애인복지관,0,0,0,0,0,0,12,1,0,0,0,0,0,0,0,0,0,0,0,0,0,0,0,0,
74,대한통운종점 - 대한통운종점,9,성우동산,0,0,0,0,0,6,0,0,0,0,0,0,0,0,0,0,0,0,0,0,0,0,0,0,
74,대한통운종점 - 대한통운종점,10,연축아파트/한국수자원공사,0,0,3,0,0,0,13,0,0,2,0,0,0,0,0,0,0,0,0,0,0,0,0,0,
74,대한통운종점 - 대한통운종점,11,와동현대아파트,0,0,4,3,5,16,17,8,8,13,4,1,2,3,2,3,1,0,2,0,0,0,0,0,
74,대한통운종점 - 대한통운종점,12,회덕과선교,0,0,4,3,5,16,17,8,8,13,4,1,2,3,2,3,1,0,2,0,0,0,0,0,
74,대한통운종점 - 대한통운종점,13,장동약수터,0,0,3,0,0,0,0,7,0,0,0,0,0,0,0,0,0,0,0,0,0,0,0,0,
74,대한통운종점 - 대한통운종점,14,장동예비군훈련장,0,0,0,0,0,0,0,0,0,0,0,0,0,0,0,1,0,0,0,0,0,0,0,0,
74,대한통운종점 - 대한통운종점,15,장동고개,0,0,0,0,0,0,0,0,0,0,0,0,0,0,0,1,0,0,0,0,0,0,0,0,
74,대한통운종점 - 대한통운종점,16,장동초등학교,0,0,2,0,0,0,11,5,6,0,0,0,0,0,0,0,0,0,0,0,0,0,0,0,
74,대한통운종점 - 대한통운종점,17,장동1구,0,0,0,0,0,13,0,0,0,4,0,0,0,2,0,0,0,0,1,0,0,0,0,0,
74,대한통운종점 - 대한통운종점,18,장동,0,0,3,0,0,0,0,14,7,0,0,0,0,1,0,0,0,0,0,0,0,0,0,0,
74,대한통운종점 - 대한통운종점,19,진골마을,0,0,0,0,1,14,0,0,0,10,0,0,0,0,0,0,0,0,0,0,0,0,0,0,
74,대한통운종점 - 대한통운종점,20,장동주민문화센터,0,0,0,2,0,0,10,0,0,9,0,0,0,0,0,0,0,0,0,0,0,0,0,0,
74,대한통운종점 - 대한통운종점,21,장동지구산림욕장,0,0,1,0,0,2,2,1,0,0,0,0,0,0,0,0,0,0,0,0,0,0,0,0,
74,대한통운종점 - 대한통운종점,22,새뜸마을,0,0,0,0,0,1,0,0,0,0,0,0,0,0,0,0,0,0,0,0,0,0,0,0,
74,대한통운종점 - 대한통운종점,23,산디마을삼거리,0,0,0,0,0,1,0,0,0,0,0,0,0,0,0,0,0,0,0,0,0,0,0,0,
74,대한통운종점 - 대한통운종점,24,장동2구,0,0,0,0,0,0,0,0,1,0,0,0,0,0,0,0,0,0,0,0,0,0,0,0,
74,대한통운종점 - 대한통운종점,25,장동2구,0,0,0,0,0,0,0,0,1,0,0,0,0,0,0,0,0,0,0,0,0,0,0,0,
74,대한통운종점 - 대한통운종점,26,산디마을삼거리,0,0,0,0,0,0,0,0,0,0,0,0,0,0,0,0,0,0,1,0,0,0,0,0,
74,대한통운종점 - 대한통운종점,27,새뜸마을,0,0,0,0,0,0,0,1,2,1,0,1,0,1,1,0,0,0,0,0,0,0,0,0,
74,대한통운종점 - 대한통운종점,28,장동지구산림욕장,0,0,0,0,1,0,1,7,5,6,5,20,6,3,0,0,0,0,0,0,0,0,0,0,
74,대한통운종점 - 대한통운종점,29,장동주민문화센터,0,0,0,0,0,3,0,0,6,0,0,21,0,0,2,0,0,0,0,0,0,0,0,0,
74,대한통운종점 - 대한통운종점,30,진골마을,0,0,0,0,2,0,2,8,6,7,0,8,0,0,0,0,0,0,0,0,0,0,0,0,
74,대한통운종점 - 대한통운종점,31,장동,0,0,0,0,3,0,3,8,0,8,0,22,0,4,0,0,0,0,0,0,0,0,0,0,
74,대한통운종점 - 대한통운종점,32,장동1구,0,0,0,2,0,0,0,10,0,0,0,23,0,3,0,0,1,0,0,0,0,0,0,0,
74,대한통운종점 - 대한통운종점,33,장동초등학교,0,0,1,0,0,5,0,12,0,7,6,10,7,0,0,0,0,0,0,0,0,0,0,0,
74,대한통운종점 - 대한통운종점,34,장동고개,0,0,1,0,0,5,0,12,0,7,6,10,7,0,0,0,0,0,0,0,0,0,0,0,
74,대한통운종점 - 대한통운종점,35,장동예비군훈련장,0,0,1,0,0,5,0,12,0,7,6,10,7,0,0,0,0,0,0,0,0,0,0,0,
74,대한통운종점 - 대한통운종점,36,장동약수터,0,0,0,0,1,0,0,0,0,0,0,0,0,0,0,0,0,0,0,0,0,0,0,0,
74,대한통운종점 - 대한통운종점,37,회덕과선교,0,0,0,0,0,0,0,11,0,0,0,0,0,0,0,0,0,0,0,0,0,0,0,0,
74,대한통운종점 - 대한통운종점,38,신대아파트/한국수자원공사,0,0,0,0,0,0,1,0,0,0,0,0,1,0,0,0,0,0,0,0,0,0,0,0,
74,대한통운종점 - 대한통운종점,39,와동초등학교,0,0,0,0,0,0,0,0,0,0,0,0,0,0,0,0,0,0,0,0,0,0,0,0,
74,대한통운종점 - 대한통운종점,40,성우동산,0,0,0,0,0,0,0,0,0,0,0,0,0,0,0,0,0,0,0,0,0,0,0,0,
74,대한통운종점 - 대한통운종점,41,대한통운종점,0,0,0,0,0,0,0,0,0,0,0,0,0,0,0,0,0,0,0,0,0,0,0,0,
74,대한통운종점 - 대한통운종점,42,대한통운종점,0,0,0,0,0,0,0,0,0,0,0,0,0,0,0,0,0,0,0,0,0,0,0,0,
75,세종고속시외버스터미널 - 세종고속시외버스터미널,1,세종고속시외버스터미널,0,0,0,0,0,0,3,0,2,0,0,0,0,1,0,0,0,0,1,0,0,0,0,0,
75,세종고속시외버스터미널 - 세종고속시외버스터미널,2,용포리,0,0,0,1,0,0,0,0,0,0,0,0,0,0,0,0,0,0,0,0,0,0,0,0,
75,세종고속시외버스터미널 - 세종고속시외버스터미널,3,금남초등학교,0,0,0,1,0,0,0,0,0,0,0,0,0,0,0,0,0,0,0,0,0,0,0,0,
75,세종고속시외버스터미널 - 세종고속시외버스터미널,4,신촌리,0,0,0,1,0,0,0,0,0,0,0,0,0,0,0,0,0,0,0,0,0,0,0,0,
75,세종고속시외버스터미널 - 세종고속시외버스터미널,5,호탄리,0,0,0,1,0,0,0,0,0,0,0,0,0,0,0,0,0,0,0,0,0,0,0,0,
75,세종고속시외버스터미널 - 세종고속시외버스터미널,6,장영실고등학교,0,0,0,1,0,0,0,0,0,0,0,0,0,0,0,0,0,0,0,0,0,0,0,0,
75,세종고속시외버스터미널 - 세종고속시외버스터미널,7,장재리2,0,0,0,0,0,0,4,0,0,0,0,0,0,0,0,0,0,0,0,0,0,0,0,0,
75,세종고속시외버스터미널 - 세종고속시외버스터미널,8,장재리1,0,0,0,0,0,0,4,0,0,0,0,0,0,0,0,0,0,0,0,0,0,0,0,0,
75,세종고속시외버스터미널 - 세종고속시외버스터미널,9,길재고개,0,0,0,0,0,0,5,0,0,0,0,1,0,0,0,0,0,0,0,0,0,0,0,0,
75,세종고속시외버스터미널 - 세종고속시외버스터미널,10,황룡1교,0,0,0,0,0,0,5,0,0,0,0,1,0,0,0,0,0,0,0,0,0,0,0,0,
75,세종고속시외버스터미널 - 세종고속시외버스터미널,11,황용삼성복지회관,0,0,0,0,0,0,0,0,3,0,0,0,0,0,0,0,0,0,0,0,0,0,0,0,
75,세종고속시외버스터미널 - 세종고속시외버스터미널,12,초정약수터,0,0,0,0,0,0,0,0,3,0,0,0,0,0,0,0,0,0,0,0,0,0,0,0,
75,세종고속시외버스터미널 - 세종고속시외버스터미널,13,대박리2,0,0,0,0,0,0,3,0,4,0,0,2,0,0,0,0,0,0,0,0,0,0,0,0,
75,세종고속시외버스터미널 - 세종고속시외버스터미널,14,대박리1,0,0,0,0,0,0,3,0,4,0,0,2,0,0,0,0,0,0,0,0,0,0,0,0,
75,세종고속시외버스터미널 - 세종고속시외버스터미널,15,박산리,0,0,0,0,0,0,0,0,0,0,0,3,0,0,0,0,0,0,0,0,0,0,0,0,
75,세종고속시외버스터미널 - 세종고속시외버스터미널,16,박산고개,0,0,0,0,0,0,0,0,0,0,0,3,0,0,0,0,0,0,0,0,0,0,0,0,
75,세종고속시외버스터미널 - 세종고속시외버스터미널,17,신동,0,0,0,0,0,0,0,0,0,0,0,3,0,0,0,0,0,0,0,0,0,0,0,0,
75,세종고속시외버스터미널 - 세종고속시외버스터미널,18,신동천교,0,0,0,0,0,0,0,0,0,0,0,3,0,0,0,0,0,0,0,0,0,0,0,0,
75,세종고속시외버스터미널 - 세종고속시외버스터미널,19,꽃묘생산단지,0,0,0,0,0,0,0,0,0,0,0,3,0,0,0,0,0,0,0,0,0,0,0,0,
75,세종고속시외버스터미널 - 세종고속시외버스터미널,20,대동금탄동입구,0,0,0,0,0,0,0,0,0,0,0,3,0,0,0,0,0,0,0,0,0,0,0,0,
75,세종고속시외버스터미널 - 세종고속시외버스터미널,21,금고동,0,0,0,0,0,0,2,0,0,0,0,0,0,0,0,0,0,0,0,0,0,0,0,0,
75,세종고속시외버스터미널 - 세종고속시외버스터미널,22,금고1통,0,0,0,0,0,0,2,0,0,0,0,0,0,0,0,0,0,0,0,0,0,0,0,0,
75,세종고속시외버스터미널 - 세종고속시외버스터미널,23,금고동매립장,0,0,0,0,0,0,2,0,0,0,0,0,0,0,0,0,0,0,0,0,0,0,0,0,
75,세종고속시외버스터미널 - 세종고속시외버스터미널,24,금고2통,0,0,0,0,0,0,0,0,0,3,0,0,0,0,0,0,0,0,0,0,0,0,0,0,
75,세종고속시외버스터미널 - 세종고속시외버스터미널,25,협진운수,0,0,0,0,0,0,0,0,0,0,0,4,0,0,0,0,0,0,0,0,0,0,0,0,
75,세종고속시외버스터미널 - 세종고속시외버스터미널,26,대광로제비앙아파트,0,0,0,0,0,0,0,0,0,0,0,0,0,0,1,0,0,0,0,0,0,0,0,0,
75,세종고속시외버스터미널 - 세종고속시외버스터미널,27,구즉동주민센터입구,0,0,0,0,0,0,0,0,0,0,0,3,0,0,0,0,0,0,0,0,0,0,0,0,
75,세종고속시외버스터미널 - 세종고속시외버스터미널,28,송강마을아파트,0,0,0,2,0,0,0,0,0,2,0,0,0,0,0,0,0,0,0,0,0,0,0,0,
75,세종고속시외버스터미널 - 세종고속시외버스터미널,29,송강전통시장,0,0,0,0,0,0,1,0,0,0,0,2,0,0,0,0,0,0,0,0,0,0,0,0,
75,세종고속시외버스터미널 - 세종고속시외버스터미널,30,한국가스기술공사,0,0,0,0,0,0,1,0,0,0,0,2,0,0,0,0,0,0,0,0,0,0,0,0,
75,세종고속시외버스터미널 - 세종고속시외버스터미널,31,신구교,0,0,0,0,0,0,0,0,0,0,0,5,0,0,0,0,1,0,0,0,0,0,0,0,
75,세종고속시외버스터미널 - 세종고속시외버스터미널,32,기흥기계,0,0,0,0,0,0,0,0,0,0,0,5,0,0,0,0,1,0,0,0,0,0,0,0,
75,세종고속시외버스터미널 - 세종고속시외버스터미널,33,효성신탄진공장,0,0,0,0,0,0,0,0,0,1,0,3,0,0,0,0,0,0,0,0,0,0,0,0,
75,세종고속시외버스터미널 - 세종고속시외버스터미널,34,한국교통안전공단,0,0,0,0,0,0,0,0,0,1,0,3,0,0,0,0,0,0,0,0,0,0,0,0,
75,세종고속시외버스터미널 - 세종고속시외버스터미널,35,한국타이어,0,0,0,0,0,0,0,0,0,1,0,3,0,0,0,0,0,0,0,0,0,0,0,0,
75,세종고속시외버스터미널 - 세종고속시외버스터미널,36,목상동주민센터,0,0,0,0,0,0,0,0,0,1,0,3,0,0,0,0,0,0,0,0,0,0,0,0,
75,세종고속시외버스터미널 - 세종고속시외버스터미널,37,한국타이어후문,0,0,0,0,0,0,0,0,0,5,0,4,0,0,2,0,2,0,0,0,0,0,0,0,
75,세종고속시외버스터미널 - 세종고속시외버스터미널,38,금강엑슬루타워,0,0,0,1,0,0,0,0,0,3,0,0,0,0,1,0,0,0,0,0,0,0,0,0,
75,세종고속시외버스터미널 - 세종고속시외버스터미널,39,신탄진시장,0,0,0,0,0,0,0,0,0,1,0,0,0,0,0,0,1,0,0,0,0,0,0,0,
75,세종고속시외버스터미널 - 세종고속시외버스터미널,40,신탄진역,0,0,0,0,0,0,0,0,0,2,0,0,1,0,0,0,0,0,0,0,0,0,0,0,
75,세종고속시외버스터미널 - 세종고속시외버스터미널,41,석봉초등학교,0,0,0,0,0,0,0,0,0,0,0,0,0,0,0,0,0,0,0,0,0,0,0,0,
75,세종고속시외버스터미널 - 세종고속시외버스터미널,42,보훈병원,0,0,0,0,0,0,0,0,0,0,0,0,0,0,0,0,0,0,0,0,0,0,0,0,
75,세종고속시외버스터미널 - 세종고속시외버스터미널,43,보훈병원종점,0,1,0,0,0,0,0,0,0,2,0,0,0,0,0,0,0,0,0,0,0,0,0,0,
75,세종고속시외버스터미널 - 세종고속시외버스터미널,44,석봉초등학교,0,0,0,0,0,0,0,2,0,0,0,0,0,0,1,0,0,0,0,0,0,0,0,0,
75,세종고속시외버스터미널 - 세종고속시외버스터미널,45,신탄진역,0,0,0,0,2,0,0,1,0,1,0,0,3,0,2,0,0,1,0,0,0,0,0,0,
75,세종고속시외버스터미널 - 세종고속시외버스터미널,46,신탄진시장,0,0,2,0,3,0,0,1,0,0,0,0,0,0,0,0,0,0,0,0,0,0,0,0,
75,세종고속시외버스터미널 - 세종고속시외버스터미널,47,금강엑슬루타워,0,0,1,0,0,0,0,2,0,0,0,0,0,0,0,0,0,0,0,0,0,0,0,0,
75,세종고속시외버스터미널 - 세종고속시외버스터미널,48,한국타이어후문,0,0,1,0,0,0,0,2,0,0,0,0,0,0,0,0,0,0,0,0,0,0,0,0,
75,세종고속시외버스터미널 - 세종고속시외버스터미널,49,목상동주민센터,0,0,0,0,0,0,0,0,0,0,0,0,2,0,0,0,0,0,0,0,0,0,0,0,
75,세종고속시외버스터미널 - 세종고속시외버스터미널,50,한국교통안전공단,0,0,0,0,0,0,0,0,0,0,0,0,2,0,0,0,0,0,0,0,0,0,0,0,
75,세종고속시외버스터미널 - 세종고속시외버스터미널,51,효성신탄진공장,0,0,2,0,0,0,0,0,0,2,0,0,0,0,0,0,0,0,0,0,0,0,0,0,
75,세종고속시외버스터미널 - 세종고속시외버스터미널,52,기흥기계,0,0,2,0,0,0,0,0,0,2,0,0,0,0,0,0,0,0,0,0,0,0,0,0,
75,세종고속시외버스터미널 - 세종고속시외버스터미널,53,신구교,0,0,1,0,0,0,0,0,0,0,0,0,0,0,0,0,0,0,0,0,0,0,0,0,
75,세종고속시외버스터미널 - 세종고속시외버스터미널,54,한국가스기술공사,0,0,0,0,0,0,0,0,0,0,0,0,0,0,0,1,0,0,0,0,0,0,0,0,
75,세종고속시외버스터미널 - 세종고속시외버스터미널,55,송강전통시장,0,0,0,0,4,0,0,2,0,0,0,0,3,0,0,0,0,0,0,0,0,0,0,0,
75,세종고속시외버스터미널 - 세종고속시외버스터미널,56,송강마을아파트,0,0,0,0,9,0,0,0,0,0,3,0,3,0,0,0,0,0,0,0,0,0,0,0,
75,세종고속시외버스터미널 - 세종고속시외버스터미널,57,구즉동주민센터입구,0,0,0,0,9,0,0,0,0,0,3,0,3,0,0,0,0,0,0,0,0,0,0,0,
75,세종고속시외버스터미널 - 세종고속시외버스터미널,58,대광로제비앙아파트,0,0,0,0,9,0,0,0,0,0,3,0,3,0,0,0,0,0,0,0,0,0,0,0,
75,세종고속시외버스터미널 - 세종고속시외버스터미널,59,협진운수,0,0,0,0,9,0,0,0,0,0,3,0,3,0,0,0,0,0,0,0,0,0,0,0,
75,세종고속시외버스터미널 - 세종고속시외버스터미널,60,금고2통,0,0,0,0,8,0,0,0,0,0,0,0,0,0,0,0,0,0,0,0,0,0,0,0,
75,세종고속시외버스터미널 - 세종고속시외버스터미널,61,금고동매립장,0,0,0,0,8,0,0,0,0,0,0,0,0,0,0,0,0,0,0,0,0,0,0,0,
75,세종고속시외버스터미널 - 세종고속시외버스터미널,62,금고1통,0,0,0,0,8,0,0,0,0,0,0,0,0,0,0,0,0,0,0,0,0,0,0,0,
75,세종고속시외버스터미널 - 세종고속시외버스터미널,63,금고동,0,0,0,0,8,0,0,0,0,0,0,0,0,0,0,0,0,0,0,0,0,0,0,0,
75,세종고속시외버스터미널 - 세종고속시외버스터미널,64,대동금탄동입구,0,0,0,0,8,0,0,0,0,0,0,0,0,0,0,0,0,0,0,0,0,0,0,0,
75,세종고속시외버스터미널 - 세종고속시외버스터미널,65,꽃묘생산단지,0,0,0,0,7,6,0,0,0,0,0,0,0,0,0,0,0,0,0,0,0,0,0,0,
75,세종고속시외버스터미널 - 세종고속시외버스터미널,66,신동천교,0,0,0,0,7,6,0,0,0,0,0,0,0,0,0,0,0,0,0,0,0,0,0,0,
75,세종고속시외버스터미널 - 세종고속시외버스터미널,67,신동,0,0,0,0,7,6,0,0,0,0,0,0,0,0,0,0,0,0,0,0,0,0,0,0,
75,세종고속시외버스터미널 - 세종고속시외버스터미널,68,박산고개,0,0,0,0,7,6,0,0,0,0,0,0,0,0,0,0,0,0,0,0,0,0,0,0,
75,세종고속시외버스터미널 - 세종고속시외버스터미널,69,박산리,0,0,0,0,0,2,0,0,0,0,0,0,0,0,0,0,0,0,0,0,0,0,0,0,
75,세종고속시외버스터미널 - 세종고속시외버스터미널,70,대박리1,0,0,0,0,0,2,0,0,0,0,0,0,0,0,0,0,0,0,0,0,0,0,0,0,
75,세종고속시외버스터미널 - 세종고속시외버스터미널,71,대박리2,0,0,1,0,0,0,0,0,0,0,0,0,2,0,0,0,0,0,0,0,0,0,0,0,
75,세종고속시외버스터미널 - 세종고속시외버스터미널,72,초정약수터,0,0,1,0,0,0,0,0,0,0,0,0,2,0,0,0,0,0,0,0,0,0,0,0,
75,세종고속시외버스터미널 - 세종고속시외버스터미널,73,황용삼성복지회관,0,0,1,0,0,0,0,0,0,0,0,0,2,0,0,0,0,0,0,0,0,0,0,0,
75,세종고속시외버스터미널 - 세종고속시외버스터미널,74,황룡1교,0,0,0,0,0,1,0,0,0,0,0,0,0,0,0,0,0,0,0,0,0,0,0,0,
75,세종고속시외버스터미널 - 세종고속시외버스터미널,75,길재고개,0,0,0,0,0,0,0,0,0,0,0,0,1,0,0,0,0,0,0,0,0,0,0,0,
75,세종고속시외버스터미널 - 세종고속시외버스터미널,76,장재리1,0,0,0,0,0,0,0,0,0,0,0,0,1,0,0,0,0,0,0,0,0,0,0,0,
75,세종고속시외버스터미널 - 세종고속시외버스터미널,77,장재리2,0,0,0,0,0,0,0,0,0,0,2,0,2,0,0,0,0,0,0,0,0,0,0,0,
75,세종고속시외버스터미널 - 세종고속시외버스터미널,78,장영실고등학교,0,0,0,0,0,0,0,0,0,0,0,0,0,0,0,0,0,0,0,0,0,0,0,0,
75,세종고속시외버스터미널 - 세종고속시외버스터미널,79,호탄리,0,0,0,0,0,0,0,0,0,0,0,0,0,0,0,0,0,0,0,0,0,0,0,0,
75,세종고속시외버스터미널 - 세종고속시외버스터미널,80,신촌리,0,0,0,0,0,0,0,0,0,0,0,0,0,0,0,0,0,0,0,0,0,0,0,0,
75,세종고속시외버스터미널 - 세종고속시외버스터미널,81,금남초등학교,0,0,0,0,0,0,0,0,0,0,0,0,0,0,0,0,0,0,0,0,0,0,0,0,
75,세종고속시외버스터미널 - 세종고속시외버스터미널,82,용포리,0,0,0,0,0,0,0,1,0,0,1,0,0,0,0,0,0,0,0,0,0,0,0,0,
75,세종고속시외버스터미널 - 세종고속시외버스터미널,83,세종고속시외버스터미널,0,0,0,0,0,0,0,0,0,0,0,0,0,0,0,0,0,0,0,0,0,0,0,0,
802,봉산동기점 - 봉산동기점,1,봉산동기점,0,0,0,0,0,1,0,0,2,0,1,1,0,0,0,0,0,0,0,0,0,0,0,0,
802,봉산동기점 - 봉산동기점,2,협진운수,0,0,0,0,0,1,0,0,0,0,0,0,0,0,0,0,0,0,0,0,0,0,0,0,
802,봉산동기점 - 봉산동기점,3,대광로제비앙아파트,0,0,0,0,0,1,0,2,2,1,0,0,0,1,0,0,0,0,0,0,0,0,0,0,
802,봉산동기점 - 봉산동기점,4,구즉동주민센터입구,0,0,0,0,1,2,1,0,0,0,0,0,1,3,0,0,0,0,0,0,0,0,0,0,
802,봉산동기점 - 봉산동기점,5,송강마을아파트,0,0,1,2,3,4,3,2,7,4,2,1,3,2,5,1,1,2,1,0,0,0,0,0,
802,봉산동기점 - 봉산동기점,6,송강전통시장,0,0,2,3,4,5,6,3,6,0,3,3,6,4,5,0,4,1,2,0,0,0,0,0,
802,봉산동기점 - 봉산동기점,7,송강초등학교,0,1,0,3,6,6,8,6,8,6,6,3,7,2,3,5,2,3,0,0,0,0,0,0,
802,봉산동기점 - 봉산동기점,8,그린아파트,0,0,0,0,0,7,9,0,9,0,5,5,6,0,0,6,0,4,0,0,0,0,0,0,
802,봉산동기점 - 봉산동기점,9,한마을아파트,0,0,0,0,7,7,0,7,9,7,7,4,7,0,2,7,5,0,1,0,0,0,0,0,
802,봉산동기점 - 봉산동기점,10,롯데마트대덕점,0,2,2,3,7,7,7,5,8,9,9,1,7,8,5,3,4,10,4,0,0,0,0,0,
802,봉산동기점 - 봉산동기점,11,관평중학교,0,0,0,2,5,9,12,8,7,15,15,6,15,7,8,5,7,11,9,0,0,0,0,0,
802,봉산동기점 - 봉산동기점,12,중일고등학교,0,3,0,2,7,8,12,10,6,11,16,5,14,6,9,0,8,12,10,0,0,0,0,0,
802,봉산동기점 - 봉산동기점,13,테크노밸리6.10단지,0,4,3,3,8,9,13,12,13,17,17,7,13,8,10,6,9,14,0,0,0,0,0,0,
802,봉산동기점 - 봉산동기점,14,테크노밸리11.12단지,0,0,3,0,8,0,10,5,12,12,16,6,12,9,14,6,10,5,5,0,0,0,0,0,
802,봉산동기점 - 봉산동기점,15,호반써밋그랜드파크,0,0,0,2,9,8,17,12,16,17,17,8,8,14,18,8,9,13,0,0,0,0,0,0,
802,봉산동기점 - 봉산동기점,16,호반써밋그랜드파크2단지,0,0,0,4,10,0,16,7,16,19,18,8,9,0,0,0,12,13,9,0,0,0,0,0,
802,봉산동기점 - 봉산동기점,17,탑립육교,0,0,0,0,0,0,15,0,0,0,19,9,0,10,0,0,0,0,10,0,0,0,0,0,
802,봉산동기점 - 봉산동기점,18,탑립1통,0,0,0,0,0,0,0,0,0,0,0,11,0,0,15,1,0,6,0,0,0,0,0,0,
802,봉산동기점 - 봉산동기점,19,LH연구원,0,0,0,0,0,6,14,13,0,14,0,12,0,0,9,0,5,0,0,0,0,0,0,0,
802,봉산동기점 - 봉산동기점,20,태광산업중앙연구소,0,0,2,6,11,0,13,0,0,0,17,11,10,9,14,0,7,0,0,0,0,0,0,0,
802,봉산동기점 - 봉산동기점,21,전민중학교,0,7,4,7,15,0,16,14,17,20,17,11,0,17,15,11,11,10,10,0,0,0,0,0,
802,봉산동기점 - 봉산동기점,22,엑스포아파트,0,2,5,8,14,10,19,17,26,22,28,18,10,19,14,10,11,12,12,0,0,0,0,0,
802,봉산동기점 - 봉산동기점,23,문지초등학교입구,0,3,0,9,16,10,20,18,12,22,27,20,12,24,15,11,6,9,5,0,0,0,0,0,
802,봉산동기점 - 봉산동기점,24,해링턴아파트,0,0,4,5,17,10,23,19,26,24,28,19,13,29,14,12,9,10,6,0,0,0,0,0,
802,봉산동기점 - 봉산동기점,25,문지네거리,0,0,0,0,0,0,0,0,27,0,0,21,0,0,0,7,0,0,0,0,0,0,0,0,
802,봉산동기점 - 봉산동기점,26,싸이언스빌3가,0,0,0,7,13,11,0,0,0,23,0,17,0,0,0,0,0,0,0,0,0,0,0,0,
802,봉산동기점 - 봉산동기점,27,원촌삼거리,0,0,0,0,17,0,0,0,0,26,0,21,10,32,16,14,16,12,8,0,0,0,0,0,
802,봉산동기점 - 봉산동기점,28,원촌교네거리,0,0,0,5,0,0,22,0,13,27,13,0,0,34,0,10,17,13,0,0,0,0,0,0,
802,봉산동기점 - 봉산동기점,29,당아래,0,0,0,6,0,16,19,0,18,23,27,20,19,35,11,0,7,11,0,0,0,0,0,0,
802,봉산동기점 - 봉산동기점,30,읍내네거리,0,0,0,0,0,12,23,18,18,0,0,0,13,36,0,15,0,0,0,0,0,0,0,0,
802,봉산동기점 - 봉산동기점,31,대전산업단지삼거리,0,0,0,0,0,0,0,20,0,0,0,0,8,34,0,13,0,0,0,0,0,0,0,0,
802,봉산동기점 - 봉산동기점,32,대화동육교,0,1,6,10,17,15,21,21,12,21,28,21,17,35,14,7,16,12,13,0,0,0,0,0,
802,봉산동기점 - 봉산동기점,33,대전병원,0,0,9,11,19,17,25,22,22,24,27,20,19,36,15,14,15,11,8,0,0,0,0,0,
802,봉산동기점 - 봉산동기점,34,중리지구대,0,0,9,10,18,9,24,22,23,22,26,0,17,37,17,12,12,0,12,0,0,0,0,0,
802,봉산동기점 - 봉산동기점,35,한남대북문,0,0,8,0,19,18,24,25,21,22,25,15,13,0,18,13,7,10,0,0,0,0,0,0,
802,봉산동기점 - 봉산동기점,36,한남병원,0,2,9,11,21,19,25,25,22,22,27,18,17,39,15,12,10,11,9,5,0,0,0,0,
802,봉산동기점 - 봉산동기점,37,중리네거리,0,0,0,0,0,9,0,24,0,23,26,13,18,11,0,0,9,11,0,0,0,0,0,0,
802,봉산동기점 - 봉산동기점,38,용전동주민센터,0,0,7,9,0,18,25,25,23,22,13,27,6,10,10,12,0,12,0,6,0,0,0,0,
802,봉산동기점 - 봉산동기점,39,용전초등학교입구,0,0,12,12,7,20,25,0,24,24,13,28,0,36,12,0,0,0,7,0,0,0,0,0,
802,봉산동기점 - 봉산동기점,40,대전지방국토관리청,0,0,13,13,21,14,28,19,25,21,24,30,17,35,0,13,0,10,7,6,0,0,0,0,
802,봉산동기점 - 봉산동기점,41,용전네거리,0,0,9,0,17,19,30,19,23,26,26,29,16,33,13,10,11,9,8,0,0,0,0,0,
802,봉산동기점 - 봉산동기점,42,복합터미널,0,0,7,10,11,18,27,21,22,24,25,30,12,31,15,7,10,10,5,2,0,0,0,0,
802,봉산동기점 - 봉산동기점,43,동부네거리,0,0,8,0,6,19,28,17,19,23,25,0,5,2,12,4,4,11,3,0,0,0,0,0,
802,봉산동기점 - 봉산동기점,44,동대전시립도서관,0,0,8,12,9,18,29,19,23,26,27,29,20,12,11,0,6,0,3,0,0,0,0,0,
802,봉산동기점 - 봉산동기점,45,가양네거리,0,0,0,13,0,12,29,30,24,29,25,26,11,30,9,5,4,2,2,0,0,0,0,0,
802,봉산동기점 - 봉산동기점,46,가양초등학교,0,0,0,14,0,14,21,22,25,31,30,28,18,27,7,6,3,3,3,3,0,0,0,0,
802,봉산동기점 - 봉산동기점,47,석촌마을아파트,0,0,7,0,12,0,12,31,30,31,27,9,17,12,9,7,2,12,0,0,0,0,0,0,
802,봉산동기점 - 봉산동기점,48,성남네거리,0,0,6,11,14,20,22,32,24,30,28,27,9,28,3,6,0,11,0,0,0,0,0,0,
802,봉산동기점 - 봉산동기점,49,삼성초등학교,0,0,0,10,6,22,22,30,30,29,28,22,0,29,8,0,9,10,4,0,0,0,0,0,
802,봉산동기점 - 봉산동기점,50,대전역,0,0,3,7,13,18,21,35,23,21,25,22,13,22,8,5,8,7,7,4,0,0,0,0,
802,봉산동기점 - 봉산동기점,51,으능정이거리,0,0,3,4,8,18,16,25,19,15,17,9,7,14,7,4,7,7,5,2,0,0,0,0,
802,봉산동기점 - 봉산동기점,52,대흥동성당,0,0,0,8,12,18,20,25,16,11,18,10,11,12,0,6,7,5,5,6,0,0,0,0,
802,봉산동기점 - 봉산동기점,53,대흥교,0,0,0,7,0,17,21,24,18,9,9,9,12,11,0,3,5,3,4,5,0,0,0,0,
802,봉산동기점 - 봉산동기점,54,원동네거리,0,0,4,6,11,18,21,24,25,13,21,11,10,5,9,4,5,0,3,4,0,0,0,0,
802,봉산동기점 - 봉산동기점,55,인동네거리,0,0,0,9,12,19,16,0,25,11,21,10,7,6,4,0,3,0,0,0,0,0,0,0,
802,봉산동기점 - 봉산동기점,56,문창동보문교,0,0,2,0,0,17,22,24,25,10,17,6,3,4,8,0,4,0,0,2,0,0,0,0,
802,봉산동기점 - 봉산동기점,57,한화생명이글스파크,0,0,5,5,10,16,16,19,15,6,14,5,2,3,2,0,0,0,3,0,0,0,0,0,
802,봉산동기점 - 봉산동기점,58,보문산진입로,0,0,4,7,8,12,17,16,0,5,12,4,3,1,3,1,1,0,1,0,0,0,0,0,
802,봉산동기점 - 봉산동기점,59,보문산공원로,0,0,2,3,6,7,14,13,7,5,11,1,1,0,2,1,0,0,0,0,0,0,0,0,
802,봉산동기점 - 봉산동기점,60,보문산공원,0,2,0,1,4,5,4,17,15,13,10,8,13,14,2,2,3,2,0,0,0,0,0,0,
802,봉산동기점 - 봉산동기점,61,보문산공원로,0,3,0,0,0,0,6,10,17,15,17,10,16,15,0,0,4,4,0,0,0,0,0,0,
802,봉산동기점 - 봉산동기점,62,보문산진입로,0,4,2,1,6,10,7,12,22,17,19,0,17,17,6,0,3,3,0,0,0,0,0,0,
802,봉산동기점 - 봉산동기점,63,한화생명이글스파크,0,0,0,2,0,10,7,6,23,19,23,11,28,20,7,3,3,0,0,0,0,0,0,0,
802,봉산동기점 - 봉산동기점,64,문창동보문교,0,0,1,3,0,4,4,13,25,20,16,10,7,20,0,4,5,5,0,0,0,0,0,0,
802,봉산동기점 - 봉산동기점,65,신인동주민센터,0,0,2,2,3,8,6,12,26,18,21,17,6,3,8,5,6,2,1,0,0,0,0,0,
802,봉산동기점 - 봉산동기점,66,원동네거리,0,0,0,3,0,3,6,6,19,16,13,10,7,21,0,4,0,2,0,0,0,0,0,0,
802,봉산동기점 - 봉산동기점,67,대흥교,0,0,3,0,0,0,0,8,18,18,20,4,28,19,5,3,4,4,0,0,0,0,0,0,
802,봉산동기점 - 봉산동기점,68,대흥동성당,0,5,2,4,6,0,3,7,17,12,17,14,28,16,14,5,8,0,2,0,0,0,0,0,
802,봉산동기점 - 봉산동기점,69,으능정이거리,0,4,0,3,0,4,9,4,10,20,14,20,26,27,24,12,16,10,3,0,0,0,0,0,
802,봉산동기점 - 봉산동기점,70,대전역,0,2,3,7,8,5,11,13,10,21,24,27,28,36,24,14,27,18,17,0,0,0,0,0,
802,봉산동기점 - 봉산동기점,71,삼성네거리,0,0,3,6,9,0,5,14,10,17,25,26,29,37,18,11,0,0,0,0,0,0,0,0,
802,봉산동기점 - 봉산동기점,72,계룡디지텍고입구,0,1,0,5,10,0,12,13,11,20,26,27,30,37,20,13,28,16,0,0,0,0,0,0,
802,봉산동기점 - 봉산동기점,73,성남네거리,0,2,3,6,9,6,12,16,11,21,26,20,28,0,23,0,26,15,15,0,0,0,0,0,
802,봉산동기점 - 봉산동기점,74,아침마을아파트,0,0,0,0,7,0,14,14,0,21,27,25,27,34,26,12,22,0,0,0,0,0,0,0,
802,봉산동기점 - 봉산동기점,75,가양초등학교,0,3,3,5,9,8,17,11,0,21,26,24,27,28,17,0,21,11,12,0,0,0,0,0,
802,봉산동기점 - 봉산동기점,76,가양네거리,0,3,4,7,9,10,15,12,11,20,23,24,27,27,18,12,14,0,11,0,0,0,0,0,
802,봉산동기점 - 봉산동기점,77,동대전시립도서관,0,0,5,8,5,9,14,14,9,22,21,23,27,26,17,10,12,10,0,0,0,0,0,0,
802,봉산동기점 - 봉산동기점,78,동부네거리,0,0,0,7,7,11,13,14,12,21,17,24,27,30,27,14,19,16,19,0,0,0,0,0,
802,봉산동기점 - 봉산동기점,79,복합터미널,0,5,3,7,5,12,9,19,15,20,19,31,35,39,32,17,28,20,18,17,0,0,0,0,
802,봉산동기점 - 봉산동기점,80,용전네거리,0,4,5,0,6,13,10,8,15,22,21,27,32,40,0,15,24,0,0,18,0,0,0,0,
802,봉산동기점 - 봉산동기점,81,대전지방국토관리청,0,0,0,0,8,12,0,7,14,18,20,19,31,39,0,15,22,18,18,0,0,0,0,0,
802,봉산동기점 - 봉산동기점,82,용전초등학교입구,0,5,6,8,7,14,9,20,16,24,21,26,31,36,30,15,20,16,20,0,0,0,0,0,
802,봉산동기점 - 봉산동기점,83,중리네거리,0,0,0,9,9,14,10,19,17,23,22,0,30,35,31,14,13,29,19,17,0,0,0,0,
802,봉산동기점 - 봉산동기점,84,증산도교육문화회관,0,6,0,8,12,14,19,23,16,24,17,32,29,35,28,12,17,27,17,0,0,0,0,0,
802,봉산동기점 - 봉산동기점,85,중리지구대,0,0,3,9,12,13,20,0,15,25,18,35,0,0,23,16,0,26,15,0,0,0,0,0,
802,봉산동기점 - 봉산동기점,86,대전병원,0,0,0,8,11,16,17,22,8,21,16,0,31,30,21,28,16,23,19,15,0,0,0,0,
802,봉산동기점 - 봉산동기점,87,대화동육교,0,0,0,0,0,0,16,21,0,0,0,18,0,28,0,0,0,19,0,0,0,0,0,0,
802,봉산동기점 - 봉산동기점,88,대전산업단지삼거리,0,0,0,0,0,0,0,10,16,15,0,0,29,34,0,0,0,0,0,0,0,0,0,0,
802,봉산동기점 - 봉산동기점,89,당아래,0,0,5,7,13,18,17,0,13,24,21,32,29,34,0,16,10,25,0,0,0,0,0,0,
802,봉산동기점 - 봉산동기점,90,원촌교네거리,0,0,0,0,7,17,0,11,0,0,0,0,27,0,22,0,0,0,0,0,0,0,0,0,
802,봉산동기점 - 봉산동기점,91,원촌삼거리,0,0,4,4,12,16,15,7,19,0,20,29,28,32,0,0,0,0,0,0,0,0,0,0,
802,봉산동기점 - 봉산동기점,92,싸이언스빌3가,0,0,0,0,11,15,11,10,14,23,18,28,26,30,21,27,0,23,0,0,0,0,0,0,
802,봉산동기점 - 봉산동기점,93,문지네거리,0,0,0,3,0,14,0,0,13,14,16,27,26,31,18,26,15,20,15,0,0,0,0,0,
802,봉산동기점 - 봉산동기점,94,엑스포아파트,0,0,5,6,8,11,10,8,12,18,14,18,25,24,14,16,8,16,8,11,0,0,0,0,
802,봉산동기점 - 봉산동기점,95,전민중학교,0,0,5,5,9,10,6,7,8,19,13,9,17,21,21,12,6,13,9,8,0,0,0,0,
802,봉산동기점 - 봉산동기점,96,태광산업중앙연구소,0,0,0,0,10,9,8,6,0,0,12,0,0,22,13,10,0,0,6,0,0,0,0,0,
802,봉산동기점 - 봉산동기점,97,LH연구원,0,0,0,0,9,0,5,7,0,18,0,7,16,0,12,9,9,12,0,8,0,0,0,0,
802,봉산동기점 - 봉산동기점,98,탑립1통,0,0,0,0,8,8,4,0,7,0,0,0,0,0,0,0,0,0,0,7,0,0,0,0,
802,봉산동기점 - 봉산동기점,99,탑립육교,0,0,0,0,2,10,0,0,6,0,0,0,16,0,0,0,0,0,5,0,0,0,0,0,
802,봉산동기점 - 봉산동기점,100,호반써밋그랜드파크4단지,0,0,0,0,0,6,0,5,0,17,11,10,15,20,18,8,8,10,1,5,0,0,0,0,
802,봉산동기점 - 봉산동기점,101,호반써밋그랜드파크,0,0,4,5,9,9,10,9,15,17,10,12,18,17,15,8,6,11,5,4,0,0,0,0,
802,봉산동기점 - 봉산동기점,102,푸르지오하임1.2단지,0,0,0,4,4,9,6,10,14,10,9,13,15,19,13,5,0,2,0,0,0,0,0,0,
802,봉산동기점 - 봉산동기점,103,테크노밸리6.10단지,0,0,3,3,6,6,7,0,13,14,7,11,12,17,11,9,4,9,4,1,0,0,0,0,
802,봉산동기점 - 봉산동기점,104,중일고등학교,0,0,1,0,0,0,0,9,0,11,0,9,11,14,10,8,3,0,3,1,0,0,0,0,
802,봉산동기점 - 봉산동기점,105,관평중학교,0,0,0,2,5,2,5,5,7,12,5,5,10,11,7,6,3,8,7,0,0,0,0,0,
802,봉산동기점 - 봉산동기점,106,롯데마트대덕점,0,0,2,2,4,1,2,5,3,10,9,7,9,10,9,8,4,8,10,3,0,0,0,0,
802,봉산동기점 - 봉산동기점,107,한마을아파트후문,0,0,0,0,2,1,0,0,2,0,0,0,7,5,5,6,0,7,9,0,0,0,0,0,
802,봉산동기점 - 봉산동기점,108,한마을아파트,0,0,0,1,3,0,0,0,1,3,8,3,5,9,8,6,0,7,7,0,0,0,0,0,
802,봉산동기점 - 봉산동기점,109,한솔아파트,0,0,0,3,3,0,0,3,0,1,7,4,4,4,6,4,2,5,5,1,0,0,0,0,
802,봉산동기점 - 봉산동기점,110,송강전통시장,0,0,0,1,2,0,1,1,0,0,3,2,2,1,1,2,1,3,4,0,0,0,0,0,
802,봉산동기점 - 봉산동기점,111,송강마을아파트,0,0,0,0,1,0,0,0,0,0,0,1,1,0,0,1,0,1,2,0,0,0,0,0,
802,봉산동기점 - 봉산동기점,112,구즉동주민센터입구,0,0,0,0,0,0,0,0,0,0,2,0,0,0,0,0,0,0,0,0,0,0,0,0,
802,봉산동기점 - 봉산동기점,113,대광로제비앙아파트,0,0,0,0,0,0,0,0,0,0,1,0,0,0,0,0,0,0,0,0,0,0,0,0,
802,봉산동기점 - 봉산동기점,114,협진운수,0,0,0,0,0,0,0,0,0,0,0,0,0,0,0,0,0,0,0,0,0,0,0,0,
802,봉산동기점 - 봉산동기점,115,봉산동기점,0,0,0,0,0,0,0,0,0,0,0,0,0,0,0,0,0,0,0,0,0,0,0,0,
81,진산면사무소 - 진산면사무소,0,진산면사무소,0,0,0,0,0,0,0,0,0,0,0,0,0,0,0,0,0,0,0,0,0,0,0,0,
81,진산면사무소 - 진산면사무소,1,묵산2리,0,0,0,0,0,0,0,0,0,0,0,0,0,0,0,0,0,0,0,0,0,0,0,0,
81,진산면사무소 - 진산면사무소,2,묵산2리,0,0,0,0,0,0,0,0,0,0,0,0,0,0,0,0,0,0,0,0,0,0,0,0,
81,진산면사무소 - 진산면사무소,3,묵산리,0,0,0,0,0,0,0,0,0,0,0,0,0,0,0,0,0,0,0,0,0,0,0,0,
81,진산면사무소 - 진산면사무소,4,두지,0,0,0,0,0,0,0,0,0,0,0,0,0,0,0,0,0,0,0,0,0,0,0,0,
81,진산면사무소 - 진산면사무소,5,태고사입구,0,0,0,0,0,0,0,0,0,0,0,0,0,0,0,0,0,0,0,0,0,0,0,0,
81,진산면사무소 - 진산면사무소,6,행정,0,0,0,0,0,0,0,0,0,0,0,0,0,0,0,0,0,0,0,0,0,0,0,0,
81,진산면사무소 - 진산면사무소,7,행정리,0,0,0,0,0,0,0,0,0,0,0,0,0,0,0,0,0,0,0,0,0,0,0,0,
81,진산면사무소 - 진산면사무소,8,행정리,0,0,0,0,0,0,0,0,0,0,0,0,0,0,0,0,0,0,0,0,0,0,0,0,
81,진산면사무소 - 진산면사무소,9,행정,0,0,0,0,0,0,0,0,0,0,0,0,0,0,0,0,0,0,0,0,0,0,0,0,
81,진산면사무소 - 진산면사무소,10,태고사입구,0,0,0,0,0,0,0,0,0,0,0,0,0,0,0,0,0,0,0,0,0,0,0,0,
81,진산면사무소 - 진산면사무소,11,두지,0,0,0,0,0,0,0,0,0,0,0,0,0,0,0,0,0,0,0,0,0,0,0,0,
81,진산면사무소 - 진산면사무소,12,두지리,0,0,0,0,0,0,0,0,0,0,0,0,0,0,0,0,0,0,0,0,0,0,0,0,
81,진산면사무소 - 진산면사무소,13,두지리,0,0,0,0,0,0,0,0,0,0,0,0,0,0,0,0,0,0,0,0,0,0,0,0,
81,진산면사무소 - 진산면사무소,14,지방리,0,0,0,0,0,0,0,0,0,0,0,0,0,0,0,0,0,0,0,0,0,0,0,0,
81,진산면사무소 - 진산면사무소,15,지방1리,0,0,0,0,0,0,0,0,0,0,0,0,0,0,0,0,0,0,0,0,0,0,0,0,
81,진산면사무소 - 진산면사무소,16,지방2리.가사벌마을,0,0,0,0,0,0,0,0,0,0,0,0,0,0,0,0,0,0,0,0,0,0,0,0,
81,진산면사무소 - 진산면사무소,17,막현리.상막,0,0,0,0,0,0,0,0,0,0,0,0,0,0,0,0,0,0,0,0,0,0,0,0,
81,진산면사무소 - 진산면사무소,18,막현리,0,0,0,0,0,0,0,0,0,0,0,0,0,0,0,0,0,0,0,0,0,0,0,0,
81,진산면사무소 - 진산면사무소,19,막현리,0,0,0,0,0,0,0,0,0,0,0,0,0,0,0,0,0,0,0,0,0,0,0,0,
81,진산면사무소 - 진산면사무소,20,신대,0,0,0,0,0,0,0,0,0,0,0,0,0,0,0,0,0,0,0,0,0,0,0,0,
81,진산면사무소 - 진산면사무소,21,신대초등학교,0,0,0,0,0,0,0,0,0,0,0,0,0,0,0,0,0,0,0,0,0,0,0,0,
81,진산면사무소 - 진산면사무소,22,신대1리,0,0,0,0,0,0,0,0,0,0,0,0,0,0,0,0,0,0,0,0,0,0,0,0,
81,진산면사무소 - 진산면사무소,23,신대3리,0,0,0,0,0,0,0,0,0,0,0,0,0,0,0,0,0,0,0,0,0,0,0,0,
81,진산면사무소 - 진산면사무소,24,신대리.만산,0,0,0,0,0,0,0,0,0,0,0,0,0,0,0,0,0,0,0,0,0,0,0,0,
81,진산면사무소 - 진산면사무소,25,신대리.앞재,0,0,0,0,0,0,0,0,0,0,0,0,0,0,0,0,0,0,0,0,0,0,0,0,
81,진산면사무소 - 진산면사무소,26,앞재,0,0,0,0,0,0,0,0,0,0,0,0,0,0,0,0,0,0,0,0,0,0,0,0,
81,진산면사무소 - 진산면사무소,27,지량1리.원지량,0,0,0,0,0,0,0,0,0,0,0,0,0,0,0,0,0,0,0,0,0,0,0,0,
81,진산면사무소 - 진산면사무소,28,지량1리,0,0,0,0,0,0,0,0,0,0,0,0,0,0,0,0,0,0,0,0,0,0,0,0,
81,진산면사무소 - 진산면사무소,29,지량리,0,0,0,0,0,0,0,0,0,0,0,0,0,0,0,0,0,0,0,0,0,0,0,0,
81,진산면사무소 - 진산면사무소,30,군부대,0,0,0,0,0,0,0,0,0,0,0,0,0,0,0,0,0,0,0,0,0,0,0,0,
81,진산면사무소 - 진산면사무소,31,지량,0,0,0,0,0,0,0,0,0,0,0,0,0,0,0,0,0,0,0,0,0,0,0,0,
81,진산면사무소 - 진산면사무소,32,샛고개,0,0,0,0,0,0,0,0,0,0,0,0,0,0,0,0,0,0,0,0,0,0,0,0,
81,진산면사무소 - 진산면사무소,33,샛고개,0,0,0,0,0,0,0,0,0,0,0,0,0,0,0,0,0,0,0,0,0,0,0,0,
81,진산면사무소 - 진산면사무소,34,안영동검바위마을,0,0,0,0,0,0,0,0,0,0,0,0,0,0,0,0,0,0,0,0,0,0,0,0,
81,진산면사무소 - 진산면사무소,35,한빛고교,0,0,0,0,0,0,0,0,0,0,0,0,0,0,0,0,0,0,0,0,0,0,0,0,
81,진산면사무소 - 진산면사무소,36,안영교,0,0,0,0,0,0,0,0,0,0,0,0,0,0,0,0,0,0,0,0,0,0,0,0,
81,진산면사무소 - 진산면사무소,37,농산물유통센터,0,0,0,0,0,0,0,0,0,0,0,0,0,0,0,0,0,0,0,0,0,0,0,0,
81,진산면사무소 - 진산면사무소,38,우남스타원아파트,0,0,0,0,0,0,0,0,0,0,0,0,0,0,0,0,0,0,0,0,0,0,0,0,
81,진산면사무소 - 진산면사무소,39,사정동,0,0,0,0,0,0,0,0,0,0,0,0,0,0,0,0,0,0,0,0,0,0,0,0,
81,진산면사무소 - 진산면사무소,40,산성초등학교,0,0,0,0,0,0,0,0,0,0,0,0,0,0,0,0,0,0,0,0,0,0,0,0,
81,진산면사무소 - 진산면사무소,41,산성네거리,0,0,0,0,0,0,0,0,0,0,0,0,0,0,0,0,0,0,0,0,0,0,0,0,
81,진산면사무소 - 진산면사무소,42,산성동주민센터,0,0,0,0,0,0,0,0,0,0,0,0,0,0,0,0,0,0,0,0,0,0,0,0,
81,진산면사무소 - 진산면사무소,43,서남부터미널종점,0,0,0,0,0,0,0,0,0,0,0,0,0,0,0,0,0,0,0,0,0,0,0,0,
81,진산면사무소 - 진산면사무소,44,서남부터미널기점,0,0,0,0,0,0,0,0,0,0,0,0,0,0,0,0,0,0,0,0,0,0,0,0,
81,진산면사무소 - 진산면사무소,45,서남부터미널,0,0,0,0,0,0,0,0,0,0,0,0,0,0,0,0,0,0,0,0,0,0,0,0,
81,진산면사무소 - 진산면사무소,46,머티네거리,0,0,0,0,0,0,0,0,0,0,0,0,0,0,0,0,0,0,0,0,0,0,0,0,
81,진산면사무소 - 진산면사무소,47,산성동주민센터,0,0,0,0,0,0,0,0,0,0,0,0,0,0,0,0,0,0,0,0,0,0,0,0,
81,진산면사무소 - 진산면사무소,48,산성네거리,0,0,0,0,0,0,0,0,0,0,0,1,0,0,0,0,0,0,0,0,0,0,0,0,
81,진산면사무소 - 진산면사무소,49,산성초등학교,0,0,0,0,0,0,0,0,0,0,0,0,0,0,0,0,0,0,0,0,0,0,0,0,
81,진산면사무소 - 진산면사무소,50,사정동,0,0,0,0,0,0,0,0,0,0,0,0,0,0,0,0,0,0,0,0,0,0,0,0,
81,진산면사무소 - 진산면사무소,51,우남스타원아파트,0,0,0,0,0,0,0,0,0,0,0,0,0,0,0,0,0,0,0,0,0,0,0,0,
81,진산면사무소 - 진산면사무소,52,농산물유통센터,0,0,0,0,0,0,0,0,0,0,0,0,0,0,0,0,0,0,0,0,0,0,0,0,
81,진산면사무소 - 진산면사무소,53,안영교,0,0,0,0,0,0,0,0,0,0,0,0,0,0,0,0,0,0,0,0,0,0,0,0,
81,진산면사무소 - 진산면사무소,54,한빛고교,0,0,0,0,0,0,0,0,0,0,0,0,0,0,0,0,0,0,0,0,0,0,0,0,
81,진산면사무소 - 진산면사무소,55,안영동검바위마을,0,0,0,0,0,0,0,0,0,0,0,0,0,0,0,0,0,0,0,0,0,0,0,0,
81,진산면사무소 - 진산면사무소,56,샛고개,0,0,0,0,0,0,0,0,0,0,0,0,0,0,0,0,0,0,0,0,0,0,0,0,
81,진산면사무소 - 진산면사무소,57,한마음아파트,0,0,0,0,0,0,0,0,0,0,0,0,0,0,0,0,0,0,0,0,0,0,0,0,
81,진산면사무소 - 진산면사무소,58,지량,0,0,0,0,0,0,0,0,0,0,0,0,0,0,0,0,0,0,0,0,0,0,0,0,
81,진산면사무소 - 진산면사무소,59,군부대,0,0,0,0,0,0,0,0,0,0,0,0,0,0,0,0,0,0,0,0,0,0,0,0,
81,진산면사무소 - 진산면사무소,60,지량리,0,0,0,0,0,0,0,0,0,0,0,0,0,0,0,0,0,0,0,0,0,0,0,0,
81,진산면사무소 - 진산면사무소,61,지량1리,0,0,0,0,0,0,0,0,0,0,0,0,0,0,0,0,0,0,0,0,0,0,0,0,
81,진산면사무소 - 진산면사무소,62,지량1리.원지량,0,0,0,0,0,0,0,0,0,0,0,0,0,0,0,0,0,0,0,0,0,0,0,0,
81,진산면사무소 - 진산면사무소,63,앞재,0,0,0,0,0,0,0,0,0,0,0,0,0,0,0,0,0,0,0,0,0,0,0,0,
81,진산면사무소 - 진산면사무소,64,신대리.앞재,0,0,0,0,0,0,0,0,0,0,0,0,0,0,0,0,0,0,0,0,0,0,0,0,
81,진산면사무소 - 진산면사무소,65,신대리.만산,0,0,0,0,0,0,0,0,0,0,0,0,0,0,0,0,0,0,0,0,0,0,0,0,
81,진산면사무소 - 진산면사무소,66,신대3리,0,0,0,0,0,0,0,0,0,0,0,0,0,0,0,0,0,0,0,0,0,0,0,0,
81,진산면사무소 - 진산면사무소,67,신대1리,0,0,0,0,0,0,0,0,0,0,0,0,0,0,0,0,0,0,0,0,0,0,0,0,
81,진산면사무소 - 진산면사무소,68,신대초등학교,0,0,0,0,0,0,0,0,0,0,0,0,0,0,0,0,0,0,0,0,0,0,0,0,
81,진산면사무소 - 진산면사무소,69,신대,0,0,0,0,0,0,0,0,0,0,0,0,0,0,0,0,0,0,0,0,0,0,0,0,
81,진산면사무소 - 진산면사무소,70,막현리,0,0,0,0,0,0,0,0,0,0,0,0,0,0,0,0,0,0,0,0,0,0,0,0,
81,진산면사무소 - 진산면사무소,71,막현리,0,0,0,0,0,0,0,0,0,0,0,0,0,0,0,0,0,0,0,0,0,0,0,0,
81,진산면사무소 - 진산면사무소,72,막현리.상막,0,0,0,0,0,0,0,0,0,0,0,0,0,0,0,0,0,0,0,0,0,0,0,0,
81,진산면사무소 - 진산면사무소,73,지방2리.가사벌마을,0,0,0,0,0,0,0,0,0,0,0,0,0,0,0,0,0,0,0,0,0,0,0,0,
81,진산면사무소 - 진산면사무소,74,지방1리,0,0,0,0,0,0,0,0,0,0,0,0,0,0,0,0,0,0,0,0,0,0,0,0,
81,진산면사무소 - 진산면사무소,75,지방리,0,0,0,0,0,0,0,0,0,0,0,0,0,0,0,0,0,0,0,0,0,0,0,0,
81,진산면사무소 - 진산면사무소,76,두지리,0,0,0,0,0,0,0,0,0,0,0,0,0,0,0,0,0,0,0,0,0,0,0,0,
81,진산면사무소 - 진산면사무소,77,두지리,0,0,0,0,0,0,0,0,0,0,0,0,0,0,0,0,0,0,0,0,0,0,0,0,
81,진산면사무소 - 진산면사무소,78,두지,0,0,0,0,0,0,0,0,0,0,0,0,0,0,0,0,0,0,0,0,0,0,0,0,
81,진산면사무소 - 진산면사무소,79,태고사입구,0,0,0,0,0,0,0,0,0,0,0,0,0,0,0,0,0,0,0,0,0,0,0,0,
81,진산면사무소 - 진산면사무소,80,행정,0,0,0,0,0,0,0,0,0,0,0,0,0,0,0,0,0,0,0,0,0,0,0,0,
81,진산면사무소 - 진산면사무소,81,행정리,0,0,0,0,0,0,0,0,0,0,0,0,0,0,0,0,0,0,0,0,0,0,0,0,
81,진산면사무소 - 진산면사무소,82,행정리,0,0,0,0,0,0,0,0,0,0,0,0,0,0,0,0,0,0,0,0,0,0,0,0,
81,진산면사무소 - 진산면사무소,83,행정,0,0,0,0,0,0,0,0,0,0,0,0,0,0,0,0,0,0,0,0,0,0,0,0,
81,진산면사무소 - 진산면사무소,84,태고사입구,0,0,0,0,0,0,0,0,0,0,0,0,0,0,0,0,0,0,0,0,0,0,0,0,
81,진산면사무소 - 진산면사무소,85,두지,0,0,0,0,0,0,0,0,0,0,0,0,0,0,0,0,0,0,0,0,0,0,0,0,
81,진산면사무소 - 진산면사무소,86,묵산리,0,0,0,0,0,0,0,0,0,0,0,0,0,0,0,0,0,0,0,0,0,0,0,0,
81,진산면사무소 - 진산면사무소,87,접바우,0,0,0,0,0,0,0,0,0,0,0,0,0,0,0,0,0,0,0,0,0,0,0,0,
81,진산면사무소 - 진산면사무소,88,묵산리,0,0,0,0,0,0,0,0,0,0,0,0,0,0,0,0,0,0,0,0,0,0,0,0,
81,진산면사무소 - 진산면사무소,89,진산,0,0,0,0,0,0,0,0,0,0,0,0,0,0,0,0,0,0,0,0,0,0,0,0,
81,진산면사무소 - 진산면사무소,90,진산면사무소,0,0,0,0,0,0,0,0,0,0,0,0,0,0,0,0,0,0,0,0,0,0,0,0,
911,충대농대종점 - 충대농대종점,1,충대농대종점,0,0,1,0,0,0,0,1,2,0,0,0,1,1,0,0,0,0,0,0,0,0,0,0,
911,충대농대종점 - 충대농대종점,2,한빛아파트,0,0,1,0,4,2,3,3,1,0,0,4,5,2,0,1,1,1,1,0,0,0,0,0,
911,충대농대종점 - 충대농대종점,3,충대농대입구,0,0,0,0,3,2,0,4,0,2,0,0,6,0,0,0,2,2,0,0,0,0,0,0,
911,충대농대종점 - 충대농대종점,4,궁동,0,1,2,0,0,3,3,1,3,0,1,2,10,6,0,3,5,0,2,0,0,0,0,0,
911,충대농대종점 - 충대농대종점,5,충남대학교,0,0,0,0,2,1,2,5,4,4,0,3,7,0,0,0,3,1,0,0,0,0,0,0,
911,충대농대종점 - 충대농대종점,6,한진오피스텔,0,0,0,1,0,0,0,4,2,4,0,0,0,7,0,0,0,2,0,0,0,0,0,0,
911,충대농대종점 - 충대농대종점,7,유성온천역1번출구,0,0,1,0,0,1,0,2,2,2,0,4,5,6,0,1,0,2,0,0,0,0,0,0,
911,충대농대종점 - 충대농대종점,8,만년교,0,0,1,0,0,2,0,3,4,0,0,7,7,5,0,0,1,1,1,0,0,0,0,0,
911,충대농대종점 - 충대농대종점,9,갑천역,0,0,0,0,0,0,2,0,7,3,2,4,6,2,2,0,0,0,0,0,0,0,0,0,
911,충대농대종점 - 충대농대종점,10,월평역,0,0,0,0,0,2,0,5,6,5,4,6,8,7,3,0,0,0,0,0,0,0,0,0,
911,충대농대종점 - 충대농대종점,11,전원아파트,0,0,0,0,1,3,5,6,8,7,5,5,10,5,4,0,0,2,0,0,0,0,0,0,
911,충대농대종점 - 충대농대종점,12,누리아파트,0,0,0,0,2,2,7,8,11,0,0,8,10,3,5,0,0,1,0,0,0,0,0,0,
911,충대농대종점 - 충대농대종점,13,누리아파트후문,0,0,0,0,3,0,10,9,12,9,0,10,9,6,2,0,0,2,2,0,0,0,0,0,
911,충대농대종점 - 충대농대종점,14,갈마역,0,0,0,0,4,3,0,0,5,10,3,13,8,0,4,0,0,0,0,0,0,0,0,0,
911,충대농대종점 - 충대농대종점,15,둔산여자고등학교,0,0,0,0,5,4,7,0,12,10,7,0,8,0,0,1,2,0,2,0,0,0,0,0,
911,충대농대종점 - 충대농대종점,16,갤러리아타임월드,0,0,1,0,4,3,4,4,10,5,8,5,8,7,7,4,7,1,5,0,0,0,0,0,
911,충대농대종점 - 충대농대종점,17,SK브로드밴드,0,0,0,0,3,4,1,2,8,7,4,9,10,10,6,0,6,2,5,0,0,0,0,0,
911,충대농대종점 - 충대농대종점,18,대전광역시청,0,0,0,0,4,5,3,0,10,9,7,9,13,9,5,0,0,3,3,0,0,0,0,0,
911,충대농대종점 - 충대농대종점,19,샤크존,0,0,0,1,0,4,0,0,0,10,0,0,0,8,8,0,0,0,3,0,0,0,0,0,
911,충대농대종점 - 충대농대종점,20,한우리아파트,0,0,0,0,6,3,0,1,9,13,7,6,9,9,8,7,5,3,2,0,0,0,0,0,
911,충대농대종점 - 충대농대종점,21,한가람아파트,0,0,2,0,6,5,5,2,8,18,10,10,7,5,7,6,2,4,3,2,0,0,0,0,
911,충대농대종점 - 충대농대종점,22,탄방동주민센터,0,0,3,3,7,4,6,4,7,18,8,7,6,8,8,2,2,5,0,1,0,0,0,0,
911,충대농대종점 - 충대농대종점,23,문정초등학교,0,0,5,4,8,0,7,6,6,17,19,0,8,6,5,0,0,0,0,0,0,0,0,0,
911,충대농대종점 - 충대농대종점,24,국화아파트,0,0,6,4,10,5,8,11,12,11,21,13,9,2,5,5,4,2,2,0,0,0,0,0,
911,충대농대종점 - 충대농대종점,25,수정타운아파트정문,0,0,3,10,8,11,12,13,14,12,26,16,11,7,4,4,3,3,1,2,0,0,0,0,
911,충대농대종점 - 충대농대종점,26,꿈나무아파트,0,0,0,7,9,5,16,16,16,15,27,15,11,9,4,2,0,3,2,0,0,0,0,0,
911,충대농대종점 - 충대농대종점,27,샘머리아파트,0,0,4,0,10,12,19,19,16,16,17,8,12,8,4,2,1,3,3,1,0,0,0,0,
911,충대농대종점 - 충대농대종점,28,한밭수목원,0,0,0,0,9,11,17,16,12,20,12,14,10,11,8,0,0,0,0,0,0,0,0,0,
911,충대농대종점 - 충대농대종점,29,대전예술의전당,0,0,0,0,8,10,6,14,0,0,0,7,7,0,5,3,2,0,0,0,0,0,0,0,
911,충대농대종점 - 충대농대종점,30,서구보건소,0,0,3,5,7,10,18,8,11,19,12,11,7,11,4,1,1,0,1,0,0,0,0,0,
911,충대농대종점 - 충대농대종점,31,신세계백화점,0,0,5,5,5,4,11,5,6,13,7,5,5,7,3,0,0,0,0,0,0,0,0,0,
911,충대농대종점 - 충대농대종점,32,대전컨벤션센터,0,0,0,1,4,3,3,5,3,2,6,1,2,0,1,0,0,0,0,0,0,0,0,0,
911,충대농대종점 - 충대농대종점,33,스마트시티5단지,0,0,0,0,0,1,0,2,0,0,1,0,0,0,0,0,0,0,0,0,0,0,0,0,
911,충대농대종점 - 충대농대종점,34,스마트시티2단지,0,0,0,0,0,0,0,0,0,0,0,1,0,0,0,0,0,0,0,0,0,0,0,0,
911,충대농대종점 - 충대농대종점,35,DCC종점,0,0,0,1,0,0,0,1,0,0,3,5,4,8,5,1,2,2,0,0,0,0,0,0,
911,충대농대종점 - 충대농대종점,36,연구개발특구진흥재단,0,0,0,0,0,2,0,0,1,2,6,9,7,12,4,2,0,3,0,0,0,0,0,0,
911,충대농대종점 - 충대농대종점,37,대전컨벤션센터,0,0,1,0,1,0,0,0,0,0,8,0,0,15,6,0,0,0,0,0,0,0,0,0,
911,충대농대종점 - 충대농대종점,38,한빛탑,0,0,1,0,1,0,0,0,0,0,8,0,0,15,6,0,0,0,0,0,0,0,0,0,
911,충대농대종점 - 충대농대종점,39,신세계백화점,0,0,0,0,0,0,0,3,3,4,11,13,6,20,24,13,10,10,2,0,0,0,0,0,
911,충대농대종점 - 충대농대종점,40,서구보건소,0,0,0,0,0,2,4,2,18,6,11,15,16,22,20,13,9,10,0,0,0,0,0,0,
911,충대농대종점 - 충대농대종점,41,대전예술의전당,0,0,0,0,5,1,5,3,19,3,11,26,27,14,18,9,12,13,0,0,0,0,0,0,
911,충대농대종점 - 충대농대종점,42,정부대전청사동문,0,0,0,0,4,2,0,4,21,4,9,25,31,21,18,11,11,14,3,0,0,0,0,0,
911,충대농대종점 - 충대농대종점,43,둥지아파트정문,0,0,0,0,4,3,2,4,16,4,9,15,29,19,15,10,8,13,2,0,0,0,0,0,
911,충대농대종점 - 충대농대종점,44,삼천중학교,0,0,0,0,5,0,3,0,16,0,10,14,19,15,12,7,7,12,0,0,0,0,0,0,
911,충대농대종점 - 충대농대종점,45,한밭초등학교,0,0,0,0,2,0,3,1,17,6,9,11,17,13,13,6,6,11,0,0,0,0,0,0,
911,충대농대종점 - 충대농대종점,46,탄방중학교,0,0,1,0,2,2,2,2,14,7,8,9,14,6,10,5,3,10,0,0,0,0,0,0,
911,충대농대종점 - 충대농대종점,47,공작아파트,0,0,3,0,2,1,0,0,0,8,9,9,12,12,0,5,0,8,0,0,0,0,0,0,
911,충대농대종점 - 충대농대종점,48,한가람아파트,0,1,2,0,3,0,4,1,7,14,10,9,5,7,9,5,4,4,0,0,0,0,0,0,
911,충대농대종점 - 충대농대종점,49,한우리아파트,0,0,1,0,0,0,6,3,6,11,7,9,8,5,8,7,4,5,1,0,0,0,0,0,
911,충대농대종점 - 충대농대종점,50,샤크존,0,0,0,0,1,0,2,4,0,8,5,6,0,0,10,0,0,0,0,0,0,0,0,0,
911,충대농대종점 - 충대농대종점,51,시청.교육청,0,0,0,0,2,0,1,3,7,10,0,7,7,4,9,0,5,0,2,0,0,0,0,0,
911,충대농대종점 - 충대농대종점,52,아이빌딩,0,0,0,0,0,1,7,0,0,10,7,0,8,0,7,8,3,6,0,0,0,0,0,0,
911,충대농대종점 - 충대농대종점,53,갤러리아타임월드,0,0,0,0,0,0,3,5,4,6,3,4,9,7,11,2,5,10,3,0,0,0,0,0,
911,충대농대종점 - 충대농대종점,54,둔산여자고등학교,0,0,0,0,0,2,0,4,0,5,0,0,8,0,10,0,4,11,0,0,0,0,0,0,
911,충대농대종점 - 충대농대종점,55,향촌아파트,0,0,0,0,0,3,0,3,0,7,0,0,0,0,12,0,6,0,0,0,0,0,0,0,
911,충대농대종점 - 충대농대종점,56,무지개아파트,0,0,0,0,0,0,0,0,3,5,5,0,4,6,11,0,4,0,0,0,0,0,0,0,
911,충대농대종점 - 충대농대종점,57,황실타운아파트,0,0,1,0,1,2,4,0,3,5,0,2,5,6,8,1,2,0,2,1,0,0,0,0,
911,충대농대종점 - 충대농대종점,58,하나로아파트,0,0,0,0,1,2,5,2,2,2,0,0,3,6,6,0,2,1,0,0,0,0,0,0,
911,충대농대종점 - 충대농대종점,59,갑천역,0,0,0,0,0,0,0,3,0,0,0,5,2,4,5,0,0,0,0,0,0,0,0,0,
911,충대농대종점 - 충대농대종점,60,만년교,0,0,0,0,0,2,0,5,3,0,2,2,5,5,5,0,0,0,10,0,0,0,0,0,
911,충대농대종점 - 충대농대종점,61,유성온천역7번출구,0,0,0,0,2,4,0,7,1,8,4,8,11,4,8,4,3,3,7,0,0,0,0,0,
911,충대농대종점 - 충대농대종점,62,온천교,0,0,0,0,0,3,0,0,3,0,1,10,3,1,7,5,5,2,4,0,0,0,0,0,
911,충대농대종점 - 충대농대종점,63,충남대학교,0,0,1,0,0,1,0,0,2,3,0,9,2,0,0,0,6,1,0,0,0,0,0,0,
911,충대농대종점 - 충대농대종점,64,궁동,0,0,0,0,0,0,0,3,1,0,1,6,8,0,3,3,2,0,3,0,0,0,0,0,
911,충대농대종점 - 충대농대종점,65,한빛아파트,0,0,0,0,0,0,0,2,0,0,0,4,0,7,2,0,2,0,0,0,0,0,0,0,
911,충대농대종점 - 충대농대종점,66,충대농대종점,0,0,0,0,0,0,0,0,0,0,0,0,0,0,0,0,0,0,0,0,0,0,0,0,
912,충대농대종점 - 충대농대종점,1,충대농대종점,0,1,0,0,0,0,1,2,0,0,0,0,0,1,3,2,0,0,0,0,0,0,0,0,
912,충대농대종점 - 충대농대종점,2,한빛아파트,0,0,0,3,3,6,2,4,3,4,7,0,3,4,2,4,1,1,0,0,0,0,0,0,
912,충대농대종점 - 충대농대종점,3,충대농대입구,0,0,0,1,1,2,0,0,4,5,6,0,6,3,4,0,0,0,0,0,0,0,0,0,
912,충대농대종점 - 충대농대종점,4,궁동,0,0,0,3,4,7,3,5,0,3,8,1,8,2,6,5,2,0,1,0,0,0,0,0,
912,충대농대종점 - 충대농대종점,5,충남대학교,0,0,1,5,4,6,0,4,5,5,6,2,7,7,5,2,3,0,2,0,0,0,0,0,
912,충대농대종점 - 충대농대종점,6,한진오피스텔,0,0,0,0,4,5,3,3,4,6,5,5,6,3,8,6,3,2,3,0,0,0,0,0,
912,충대농대종점 - 충대농대종점,7,유성온천역5번출구,0,0,2,4,3,4,3,2,5,9,7,6,12,7,14,13,8,6,7,0,0,0,0,0,
912,충대농대종점 - 충대농대종점,8,유성자이아파트,0,0,0,3,0,3,4,3,6,9,0,0,10,9,15,0,9,0,6,0,0,0,0,0,
912,충대농대종점 - 충대농대종점,9,유성고속터미널,0,0,1,2,0,1,3,3,6,5,0,0,9,7,0,14,3,0,7,0,0,0,0,0,
912,충대농대종점 - 충대농대종점,10,유성초네거리,0,0,0,0,4,4,1,4,0,0,9,6,15,13,24,16,13,10,7,0,0,0,0,0,
912,충대농대종점 - 충대농대종점,11,장대네거리,0,1,1,0,2,4,1,0,0,0,0,8,14,11,24,8,0,1,0,0,0,0,0,0,
912,충대농대종점 - 충대농대종점,12,충대서문,0,3,2,0,5,3,1,1,11,3,8,9,11,6,19,13,11,7,4,0,0,0,0,0,
912,충대농대종점 - 충대농대종점,13,북대전세무서/보훈요양원,0,0,0,0,0,3,1,0,1,3,7,6,0,7,18,9,8,0,0,0,0,0,0,0,
912,충대농대종점 - 충대농대종점,14,충대수의대,0,0,0,0,4,4,2,2,0,0,3,5,10,0,17,6,7,0,0,0,0,0,0,0,
912,충대농대종점 - 충대농대종점,15,KT&G연구소,0,2,0,0,0,2,1,3,9,0,4,4,7,4,15,14,2,6,0,0,0,0,0,0,
912,충대농대종점 - 충대농대종점,16,하나아파트,0,0,1,2,0,1,0,0,8,1,6,5,8,3,11,7,5,5,4,0,0,0,0,0,
912,충대농대종점 - 충대농대종점,17,한화솔루션중앙연구소,0,0,0,0,4,4,2,2,7,2,5,0,5,3,10,6,0,4,0,0,0,0,0,0,
912,충대농대종점 - 충대농대종점,18,한국에너지기술연구원,0,0,0,0,0,2,0,0,9,0,0,3,8,0,11,7,5,3,5,0,0,0,0,0,
912,충대농대종점 - 충대농대종점,19,KT북대전지사,0,0,0,0,0,2,0,0,9,0,0,3,8,0,11,7,5,3,5,0,0,0,0,0,
912,충대농대종점 - 충대농대종점,20,한국연구재단,0,0,0,0,6,0,0,0,0,1,0,7,6,4,12,10,7,0,0,0,0,0,0,0,
912,충대농대종점 - 충대농대종점,21,대덕대학교,0,0,1,1,4,5,4,1,4,0,0,6,0,5,0,0,8,2,0,0,0,0,0,0,
912,충대농대종점 - 충대농대종점,22,중소벤처기업청,0,0,1,1,4,5,4,1,4,0,0,6,0,5,0,0,8,2,0,0,0,0,0,0,
912,충대농대종점 - 충대농대종점,23,한국기계연구원,0,0,0,0,2,0,0,2,0,0,0,3,9,0,0,0,0,0,0,0,0,0,0,0,
912,충대농대종점 - 충대농대종점,24,충렬사삼거리,0,0,0,0,1,0,0,0,0,0,2,4,0,0,11,0,0,0,0,0,0,0,0,0,
912,충대농대종점 - 충대농대종점,25,자운근린공원,0,0,0,0,2,0,0,0,0,0,3,0,0,0,0,0,0,0,0,0,0,0,0,0,
912,충대농대종점 - 충대농대종점,26,자운대네거리,0,0,1,2,0,0,0,1,6,6,6,5,10,7,10,7,9,9,0,0,0,0,0,0,
912,충대농대종점 - 충대농대종점,27,국군대전병원,0,0,0,0,0,3,0,0,0,0,0,3,0,3,8,1,0,0,0,0,0,0,0,0,
912,충대농대종점 - 충대농대종점,28,국방지형정보단,0,0,0,0,0,0,0,0,0,0,0,0,0,0,1,0,0,0,0,0,0,0,0,0,
912,충대농대종점 - 충대농대종점,29,합동군사대학교,0,0,0,0,0,0,0,0,0,0,0,0,0,0,1,0,0,0,0,0,0,0,0,0,
912,충대농대종점 - 충대농대종점,30,수운교입구,0,0,0,0,0,0,0,0,0,0,0,0,0,0,1,0,0,0,0,0,0,0,0,0,
912,충대농대종점 - 충대농대종점,31,수운교입구,0,0,0,0,0,0,0,0,0,0,0,0,0,0,1,0,0,0,0,0,0,0,0,0,
912,충대농대종점 - 충대농대종점,32,자운초등학교,0,0,0,0,0,0,0,0,0,0,0,0,0,0,1,0,0,0,0,0,0,0,0,0,
912,충대농대종점 - 충대농대종점,33,군인아파트,0,0,0,1,1,1,3,3,8,5,3,3,5,1,0,5,0,1,2,0,0,0,0,0,
912,충대농대종점 - 충대농대종점,34,복지관,0,0,0,1,3,4,3,4,9,9,1,3,6,3,1,0,2,0,0,0,0,0,0,0,
912,충대농대종점 - 충대농대종점,35,육군정보통신학교,0,0,0,1,3,4,3,4,9,9,1,3,6,3,1,0,2,0,0,0,0,0,0,0,
912,충대농대종점 - 충대농대종점,36,국군대전병원,0,0,0,2,5,1,7,5,4,0,5,4,3,0,2,0,0,0,0,0,0,0,0,0,
912,충대농대종점 - 충대농대종점,37,자운대네거리,0,0,0,0,0,0,3,0,0,6,0,4,0,0,3,0,0,0,0,0,0,0,0,0,
912,충대농대종점 - 충대농대종점,38,자운근린공원,0,0,0,2,0,2,5,0,10,8,7,3,0,0,0,4,4,0,0,0,0,0,0,0,
912,충대농대종점 - 충대농대종점,39,한국기계연구원,0,0,0,0,4,0,0,2,6,6,2,0,4,0,2,5,4,1,0,0,0,0,0,0,
912,충대농대종점 - 충대농대종점,40,중소벤처기업청,0,0,0,0,5,0,0,0,0,0,0,3,2,0,0,0,0,0,0,0,0,0,0,0,
912,충대농대종점 - 충대농대종점,41,대덕대학교,0,0,0,0,5,0,3,1,7,6,8,4,4,2,1,4,0,2,0,0,0,0,0,0,
912,충대농대종점 - 충대농대종점,42,LG생활건강기술연구원,0,0,0,0,4,0,0,0,0,0,0,2,5,0,0,5,0,0,0,0,0,0,0,0,
912,충대농대종점 - 충대농대종점,43,한국화학연구원,0,0,0,0,0,0,0,2,0,0,5,5,3,3,0,0,0,0,0,0,0,0,0,0,
912,충대농대종점 - 충대농대종점,44,한화솔루션중앙연구소,0,0,0,0,0,4,6,9,9,7,9,6,6,4,5,4,0,1,0,0,0,0,0,0,
912,충대농대종점 - 충대농대종점,45,하나아파트,0,0,1,2,5,5,6,10,8,8,11,9,8,7,7,4,5,1,4,0,0,0,0,0,
912,충대농대종점 - 충대농대종점,46,유성구노인복지관,0,0,0,3,6,4,7,0,10,9,6,4,0,8,0,0,0,0,1,0,0,0,0,0,
912,충대농대종점 - 충대농대종점,47,우주통신연구소,0,0,0,0,0,0,6,0,10,0,11,4,0,9,2,0,0,0,0,0,0,0,0,0,
912,충대농대종점 - 충대농대종점,48,북대전세무서/보훈요양원,0,1,0,4,0,5,7,10,11,0,8,10,8,10,3,0,6,0,0,0,0,0,0,0,
912,충대농대종점 - 충대농대종점,49,충대서문,0,2,1,1,8,6,5,8,12,12,11,10,7,13,5,8,0,0,3,0,0,0,0,0,
912,충대농대종점 - 충대농대종점,50,궁동교,0,0,0,0,7,8,5,14,10,8,12,9,7,14,6,7,0,0,4,0,0,0,0,0,
912,충대농대종점 - 충대농대종점,51,장대네거리,0,0,2,2,8,10,0,15,11,7,11,11,0,15,5,5,7,0,0,0,0,0,0,0,
912,충대농대종점 - 충대농대종점,52,유성고속터미널,0,0,0,4,8,6,6,14,8,9,13,12,8,14,6,12,6,9,6,0,0,0,0,0,
912,충대농대종점 - 충대농대종점,53,봉명동우체국,0,0,1,2,0,9,5,13,7,8,11,10,6,9,4,13,5,8,5,0,0,0,0,0,
912,충대농대종점 - 충대농대종점,54,유성온천역7번출구,0,0,1,4,0,3,1,6,4,6,4,9,5,10,4,17,8,8,13,0,0,0,0,0,
912,충대농대종점 - 충대농대종점,55,온천교,0,0,0,0,2,1,0,6,0,6,3,9,2,8,3,10,4,7,11,0,0,0,0,0,
912,충대농대종점 - 충대농대종점,56,충남대학교,0,0,0,0,3,0,0,6,0,3,2,8,1,7,9,0,3,6,9,0,0,0,0,0,
912,충대농대종점 - 충대농대종점,57,궁동,0,0,0,3,0,0,0,3,3,5,0,4,1,6,3,7,6,4,5,0,0,0,0,0,
912,충대농대종점 - 충대농대종점,58,한빛아파트,0,0,0,0,2,0,0,0,0,4,0,0,0,0,2,0,2,0,0,0,0,0,0,0,
912,충대농대종점 - 충대농대종점,59,충대농대종점,0,0,0,0,0,0,0,0,0,0,0,0,0,0,0,0,0,0,0,0,0,0,0,0,
916,서남부터미널기점 - 서남부터미널종점,1,서남부터미널기점,0,0,0,0,0,1,0,0,0,0,0,0,1,0,0,1,0,1,0,0,0,0,0,0,
916,서남부터미널기점 - 서남부터미널종점,2,도마시장,0,0,0,0,1,3,2,6,4,4,2,9,9,4,5,4,0,1,2,0,0,0,0,0,
916,서남부터미널기점 - 서남부터미널종점,3,도마네거리,0,0,1,0,2,1,3,7,6,7,5,10,10,7,6,6,1,3,3,0,0,0,0,0,
916,서남부터미널기점 - 서남부터미널종점,4,도마삼거리,0,0,0,1,2,3,0,5,0,0,7,0,12,8,7,6,6,2,4,0,0,0,0,0,
916,서남부터미널기점 - 서남부터미널종점,5,목화아파트,0,0,0,0,2,0,5,4,6,4,5,11,8,10,3,5,0,2,3,0,0,0,0,0,
916,서남부터미널기점 - 서남부터미널종점,6,복수자이아파트,0,0,0,0,0,3,0,4,7,5,4,10,7,7,2,3,4,1,2,0,0,0,0,0,
916,서남부터미널기점 - 서남부터미널종점,7,대청병원,0,0,0,1,0,0,6,4,6,6,6,0,0,9,3,0,0,2,0,0,0,0,0,0,
916,서남부터미널기점 - 서남부터미널종점,8,공굴안,0,0,1,2,2,4,6,5,5,5,6,8,4,8,0,3,0,1,2,0,0,0,0,0,
916,서남부터미널기점 - 서남부터미널종점,9,복음양지아파트,0,0,1,4,5,5,9,8,5,6,10,7,6,6,5,2,3,3,2,0,0,0,0,0,
916,서남부터미널기점 - 서남부터미널종점,10,경남아파트,0,0,2,4,6,0,5,9,0,0,7,7,5,5,3,4,2,0,0,0,0,0,0,0,
916,서남부터미널기점 - 서남부터미널종점,11,배재대학교,0,0,0,5,8,8,8,5,3,10,8,6,9,6,4,6,4,1,0,0,0,0,0,0,
916,서남부터미널기점 - 서남부터미널종점,12,목운주택입구,0,0,3,4,10,11,11,7,4,0,9,5,12,6,3,1,3,0,3,0,0,0,0,0,
916,서남부터미널기점 - 서남부터미널종점,13,내동중학교,0,0,3,0,11,0,0,0,4,4,9,5,0,0,0,0,0,0,0,0,0,0,0,0,
916,서남부터미널기점 - 서남부터미널종점,14,서우아파트2단지,0,0,0,4,16,12,0,8,5,9,9,5,5,7,2,2,0,0,0,0,0,0,0,0,
916,서남부터미널기점 - 서남부터미널종점,15,봉산중학교,0,0,2,3,17,11,14,10,0,6,11,6,13,4,0,0,0,0,0,0,0,0,0,0,
916,서남부터미널기점 - 서남부터미널종점,16,내동초등학교,0,0,0,0,18,15,13,9,4,0,11,6,13,5,3,0,0,2,3,0,0,0,0,0,
916,서남부터미널기점 - 서남부터미널종점,17,변동오거리,0,0,0,0,19,17,14,10,6,12,8,7,10,6,4,0,4,0,0,0,0,0,0,0,
916,서남부터미널기점 - 서남부터미널종점,18,래미안아파트1단지,0,0,0,0,19,17,6,11,7,13,15,6,9,11,6,7,7,0,2,0,0,0,0,0,
916,서남부터미널기점 - 서남부터미널종점,19,래미안아파트2단지,0,0,3,2,20,19,6,12,8,9,17,6,8,12,7,6,6,4,0,0,0,0,0,0,
916,서남부터미널기점 - 서남부터미널종점,20,대전산업정보고,0,0,3,0,17,18,15,13,11,13,15,0,7,9,8,5,8,3,3,0,0,0,0,0,
916,서남부터미널기점 - 서남부터미널종점,21,장미아파트,0,0,2,2,11,12,13,11,9,8,12,4,6,4,6,4,7,2,0,0,0,0,0,0,
916,서남부터미널기점 - 서남부터미널종점,22,용문역7번출구,0,0,0,0,5,10,7,10,10,10,11,17,5,8,6,6,8,3,4,0,0,0,0,0,
916,서남부터미널기점 - 서남부터미널종점,23,e편한세상아파트,0,0,0,0,4,5,4,8,9,10,0,6,5,0,6,4,0,3,0,1,0,0,0,0,
916,서남부터미널기점 - 서남부터미널종점,24,도산서원,0,0,0,2,0,4,3,0,7,4,0,0,4,9,5,6,0,0,0,0,0,0,0,0,
916,서남부터미널기점 - 서남부터미널종점,25,남선공원네거리,0,0,2,0,0,0,9,7,6,0,0,5,0,8,0,0,2,0,0,0,0,0,0,0,
916,서남부터미널기점 - 서남부터미널종점,26,청솔아파트,0,0,1,2,1,2,6,5,7,5,6,8,1,5,4,6,3,2,3,0,0,0,0,0,
916,서남부터미널기점 - 서남부터미널종점,27,국화아파트,0,0,3,1,0,3,4,5,10,5,5,3,0,5,2,5,2,0,2,0,0,0,0,0,
916,서남부터미널기점 - 서남부터미널종점,28,햇님아파트,0,0,0,0,0,5,0,6,9,5,0,0,0,5,0,0,0,0,0,0,0,0,0,0,
916,서남부터미널기점 - 서남부터미널종점,29,법원.검찰청,0,0,0,0,0,0,0,0,9,0,0,0,0,4,0,4,0,0,0,0,0,0,0,0,
916,서남부터미널기점 - 서남부터미널종점,30,서구청,0,0,2,0,0,0,0,4,8,0,0,0,0,0,0,0,0,0,0,0,0,0,0,0,
916,서남부터미널기점 - 서남부터미널종점,31,이마트,0,0,0,0,0,5,2,2,6,4,5,3,0,2,1,1,1,0,0,0,0,0,0,0,
916,서남부터미널기점 - 서남부터미널종점,32,파랑새아파트,0,0,0,0,0,0,0,0,4,4,3,0,1,0,0,1,0,0,0,0,0,0,0,0,
916,서남부터미널기점 - 서남부터미널종점,33,무지개아파트,0,0,0,0,0,0,0,0,3,0,2,0,3,0,0,2,0,0,1,0,0,0,0,0,
916,서남부터미널기점 - 서남부터미널종점,34,황실타운아파트,0,0,0,0,0,4,0,0,5,3,0,0,0,3,2,4,0,1,0,0,0,0,0,0,
916,서남부터미널기점 - 서남부터미널종점,35,월평주공아파트,0,0,1,1,0,1,1,1,6,4,1,1,1,0,0,2,0,0,0,0,0,0,0,0,
916,서남부터미널기점 - 서남부터미널종점,36,백합네거리,0,0,0,0,0,0,0,0,5,3,0,0,0,0,0,3,0,0,0,0,0,0,0,0,
916,서남부터미널기점 - 서남부터미널종점,37,만년동,0,0,0,0,0,0,0,0,1,1,0,0,0,0,0,2,0,0,0,0,0,0,0,0,
916,서남부터미널기점 - 서남부터미널종점,38,만년고등학교,0,0,0,0,0,0,0,0,0,0,1,0,0,0,0,0,0,0,0,0,0,0,0,0,
916,서남부터미널기점 - 서남부터미널종점,39,만년고등학교,0,0,0,0,0,0,0,0,0,0,1,0,0,0,0,0,0,0,0,0,0,0,0,0,
916,서남부터미널기점 - 서남부터미널종점,40,만년중학교,0,1,2,0,1,1,0,1,1,0,1,3,0,0,0,0,0,1,0,0,0,0,0,0,
916,서남부터미널기점 - 서남부터미널종점,41,무궁화아파트,0,0,3,0,0,2,0,2,0,1,0,4,0,2,0,0,2,0,0,0,0,0,0,0,
916,서남부터미널기점 - 서남부터미널종점,42,한아름아파트,0,0,0,0,2,4,2,0,2,1,0,7,0,0,0,2,0,0,1,0,0,0,0,0,
916,서남부터미널기점 - 서남부터미널종점,43,월평주공아파트,0,0,5,1,3,6,5,6,5,4,1,5,0,3,1,1,0,1,2,0,0,0,0,0,
916,서남부터미널기점 - 서남부터미널종점,44,누리아파트,0,1,4,0,2,7,2,5,0,0,1,4,0,0,0,0,0,2,0,0,0,0,0,0,
916,서남부터미널기점 - 서남부터미널종점,45,누리아파트후문,0,0,2,0,0,8,0,6,6,0,0,3,2,0,0,2,0,1,1,0,0,0,0,0,
916,서남부터미널기점 - 서남부터미널종점,46,향촌아파트,0,0,0,0,0,7,4,5,0,0,0,3,0,0,0,0,0,0,0,0,0,0,0,0,
916,서남부터미널기점 - 서남부터미널종점,47,이마트,0,0,0,0,0,6,1,4,3,3,0,0,0,0,1,2,1,2,0,0,0,0,0,0,
916,서남부터미널기점 - 서남부터미널종점,48,서구청,0,0,0,0,4,0,0,3,0,0,0,0,0,0,2,3,0,0,2,0,0,0,0,0,
916,서남부터미널기점 - 서남부터미널종점,49,법원.검찰청,0,0,0,0,5,0,0,0,0,0,0,0,3,0,3,3,0,1,0,0,0,0,0,0,
916,서남부터미널기점 - 서남부터미널종점,50,한마루아파트,0,0,0,0,0,0,0,4,0,1,0,2,0,4,0,2,0,0,0,0,0,0,0,0,
916,서남부터미널기점 - 서남부터미널종점,51,한밭초등학교,0,0,0,1,10,9,6,7,0,2,2,2,5,5,0,0,0,0,1,0,0,0,0,0,
916,서남부터미널기점 - 서남부터미널종점,52,청솔아파트,0,0,3,4,11,10,7,6,8,7,5,3,7,6,4,7,1,1,3,0,0,0,0,0,
916,서남부터미널기점 - 서남부터미널종점,53,보라삼거리,0,0,5,5,15,10,8,7,2,8,0,5,0,7,6,5,0,2,0,0,0,0,0,0,
916,서남부터미널기점 - 서남부터미널종점,54,남선공원네거리,0,0,7,4,17,12,9,9,4,0,4,0,2,8,5,8,0,1,0,0,0,0,0,0,
916,서남부터미널기점 - 서남부터미널종점,55,도산서원,0,0,0,3,18,13,9,10,0,8,4,0,6,11,3,7,0,0,2,0,0,0,0,0,
916,서남부터미널기점 - 서남부터미널종점,56,e편한세상아파트,0,0,2,0,18,10,5,10,0,8,1,5,6,11,0,0,0,2,0,0,0,0,0,0,
916,서남부터미널기점 - 서남부터미널종점,57,둔산전자타운,0,0,0,0,9,8,8,10,10,15,2,10,7,12,1,6,3,0,0,0,0,0,0,0,
916,서남부터미널기점 - 서남부터미널종점,58,용문역3번출구,0,1,6,2,4,8,8,9,14,12,12,12,12,12,14,13,11,3,5,0,0,0,0,0,
916,서남부터미널기점 - 서남부터미널종점,59,대전산업정보고,0,0,0,0,4,0,0,8,14,10,8,14,0,12,14,8,11,3,4,1,0,0,0,0,
916,서남부터미널기점 - 서남부터미널종점,60,래미안아파트2단지,0,0,0,0,3,8,6,5,10,0,10,16,10,13,15,9,0,5,6,0,0,0,0,0,
916,서남부터미널기점 - 서남부터미널종점,61,래미안아파트1단지,0,0,0,0,3,7,3,6,11,10,8,0,8,14,12,10,0,0,0,0,0,0,0,0,
916,서남부터미널기점 - 서남부터미널종점,62,맑은아침아파트,0,0,5,3,1,8,4,5,4,11,7,17,8,14,10,9,9,0,0,0,0,0,0,0,
916,서남부터미널기점 - 서남부터미널종점,63,내동초등학교,0,0,0,0,0,6,3,7,0,12,8,17,11,13,0,8,0,0,7,0,0,0,0,0,
916,서남부터미널기점 - 서남부터미널종점,64,내동네거리,0,0,1,2,0,0,0,7,13,9,7,11,10,9,9,7,7,3,3,0,0,0,0,0,
916,서남부터미널기점 - 서남부터미널종점,65,내동중학교,0,0,0,0,3,4,4,4,3,0,6,12,8,11,7,6,6,3,6,0,0,0,0,0,
916,서남부터미널기점 - 서남부터미널종점,66,목운주택입구,0,0,0,3,2,3,3,3,9,8,8,10,9,6,0,0,7,0,5,0,0,0,0,0,
916,서남부터미널기점 - 서남부터미널종점,67,대아아파트,0,0,0,4,2,4,5,6,4,0,8,8,7,11,6,4,0,5,3,2,0,0,0,0,
916,서남부터미널기점 - 서남부터미널종점,68,배재대학교,0,2,0,5,6,4,5,5,4,12,9,9,7,11,5,3,4,5,2,1,0,0,0,0,
916,서남부터미널기점 - 서남부터미널종점,69,대전지방조달청,0,0,0,6,0,0,0,1,0,11,3,0,6,8,4,0,1,2,1,0,0,0,0,0,
916,서남부터미널기점 - 서남부터미널종점,70,복음양지아파트,0,0,0,6,5,6,6,4,5,0,10,6,6,7,3,2,0,2,0,0,0,0,0,0,
916,서남부터미널기점 - 서남부터미널종점,71,공굴안,0,0,0,5,3,2,2,0,0,12,7,7,0,0,2,1,0,1,0,0,0,0,0,0,
916,서남부터미널기점 - 서남부터미널종점,72,대청병원,0,0,0,4,2,0,5,0,2,0,4,0,0,0,0,0,0,0,0,0,0,0,0,0,
916,서남부터미널기점 - 서남부터미널종점,73,계룡아파트,0,0,1,6,4,3,11,2,4,7,3,6,8,4,1,1,0,0,1,0,0,0,0,0,
916,서남부터미널기점 - 서남부터미널종점,74,서부경찰서,0,0,0,5,0,0,10,2,0,2,2,0,6,0,0,0,0,1,0,0,0,0,0,0,
916,서남부터미널기점 - 서남부터미널종점,75,도마삼거리,0,0,0,4,0,2,2,3,1,5,1,1,3,3,2,0,0,0,0,0,0,0,0,0,
916,서남부터미널기점 - 서남부터미널종점,76,도마e편한세상아파트,0,0,0,2,2,0,0,1,0,3,0,3,2,1,1,0,0,0,0,0,0,0,0,0,
916,서남부터미널기점 - 서남부터미널종점,77,도마시장,0,0,0,1,0,0,0,1,0,2,0,2,0,1,0,0,0,0,0,0,0,0,0,0,
916,서남부터미널기점 - 서남부터미널종점,78,버드내아파트,0,0,0,0,0,0,0,0,0,0,0,1,1,0,0,0,0,0,0,0,0,0,0,0,
916,서남부터미널기점 - 서남부터미널종점,79,서부종합시장,0,0,0,0,0,0,0,0,0,1,0,0,0,0,0,0,0,0,0,0,0,0,0,0,
916,서남부터미널기점 - 서남부터미널종점,80,서남부터미널,0,0,0,0,0,0,0,0,0,0,0,0,0,0,0,0,0,0,0,0,0,0,0,0,
916,서남부터미널기점 - 서남부터미널종점,81,서남부터미널종점,0,0,0,0,0,0,0,0,0,0,0,0,0,0,0,0,0,0,0,0,0,0,0,0,
918,탑립동 - 탑립동,1,탑립동,0,0,0,0,0,0,0,0,0,0,0,0,0,0,0,0,0,0,0,0,0,0,0,0,
918,탑립동 - 탑립동,2,탑립동,0,0,0,0,0,0,0,0,0,0,0,0,0,0,0,0,0,0,0,0,0,0,0,0,
918,탑립동 - 탑립동,3,청벽산공원네거리,0,0,0,0,0,0,0,0,0,0,0,0,0,0,0,0,0,0,0,0,0,0,0,0,
918,탑립동 - 탑립동,4,한국방송통신대학교,0,0,0,0,0,1,0,0,1,1,0,0,1,0,0,0,0,0,0,0,0,0,0,0,
918,탑립동 - 탑립동,5,푸르지오하임1.2단지,0,0,0,0,0,0,0,0,2,2,0,1,0,0,1,0,0,0,0,0,0,0,0,0,
918,탑립동 - 탑립동,6,테크노밸리6.10단지,0,0,0,0,0,0,1,0,0,3,2,0,0,0,0,0,0,0,0,0,0,0,0,0,
918,탑립동 - 탑립동,7,중일고등학교,0,0,0,0,0,0,0,0,0,2,0,0,2,0,0,0,0,0,0,0,0,0,0,0,
918,탑립동 - 탑립동,8,테크노밸리4단지,0,0,0,0,0,2,2,0,0,3,4,2,0,1,0,0,0,0,1,0,0,0,0,0,
918,탑립동 - 탑립동,9,테크노밸리2단지,0,0,0,0,0,0,2,0,2,0,0,1,0,0,0,0,0,0,0,0,0,0,0,0,
918,탑립동 - 탑립동,10,북대전IC네거리,0,0,0,0,0,1,0,0,4,0,1,0,0,0,1,0,0,1,0,0,0,0,0,0,
918,탑립동 - 탑립동,11,전자디자인고,0,0,0,0,0,1,0,1,0,2,0,2,3,2,2,5,1,1,2,0,0,0,0,0,
918,탑립동 - 탑립동,12,중앙백신연구소,0,0,0,0,0,0,0,0,0,3,0,3,5,0,0,0,0,0,0,0,0,0,0,0,
918,탑립동 - 탑립동,13,국립과학수사연구원,0,0,0,0,0,0,0,0,0,4,0,0,0,0,3,0,0,0,1,0,0,0,0,0,
918,탑립동 - 탑립동,14,대한항공기술연구원,0,0,0,0,0,0,0,0,0,4,0,0,0,0,3,0,0,0,1,0,0,0,0,0,
918,탑립동 - 탑립동,15,한남대대덕캠퍼스,0,0,0,0,0,1,1,0,0,3,2,2,2,4,0,0,0,0,0,0,0,0,0,0,
918,탑립동 - 탑립동,16,삼성푸른아파트,0,0,0,1,0,2,2,2,3,5,5,3,6,0,4,4,2,0,2,0,0,0,0,0,
918,탑립동 - 탑립동,17,전민동주민센터,0,0,0,0,2,3,2,1,2,5,10,7,7,0,5,0,3,1,3,0,0,0,0,0,
918,탑립동 - 탑립동,18,세종아파트,0,0,0,1,6,3,0,3,3,6,12,0,6,5,4,2,4,0,2,0,0,0,0,0,
918,탑립동 - 탑립동,19,엑스포아파트,0,0,0,2,8,0,2,7,0,9,16,6,16,3,6,0,0,1,0,0,0,0,0,0,
918,탑립동 - 탑립동,20,문지초등학교입구,0,0,1,3,0,7,4,8,7,12,17,13,15,4,5,0,3,0,3,0,0,0,0,0,
918,탑립동 - 탑립동,21,해링턴아파트,0,0,0,0,9,0,0,0,0,13,0,0,17,4,0,1,4,2,0,0,0,0,0,0,
918,탑립동 - 탑립동,22,문지네거리,0,0,0,0,9,0,0,0,0,13,0,0,17,4,0,1,4,2,0,0,0,0,0,0,
918,탑립동 - 탑립동,23,KAIST문지캠퍼스,0,0,0,0,0,0,0,0,8,14,8,14,18,0,6,0,0,0,0,0,0,0,0,0,
918,탑립동 - 탑립동,24,전력연구원,0,0,0,0,0,0,0,0,0,0,16,15,0,0,0,0,0,0,0,0,0,0,0,0,
918,탑립동 - 탑립동,25,대덕고등학교,0,0,0,1,10,0,7,13,8,18,13,14,17,6,6,1,3,2,0,0,0,0,0,0,
918,탑립동 - 탑립동,26,공동관리아파트,0,0,0,0,0,7,7,15,9,17,14,15,16,0,7,0,0,0,0,0,0,0,0,0,
918,탑립동 - 탑립동,27,대덕중학교,0,0,0,0,0,3,0,10,11,18,7,0,0,7,0,0,0,0,0,0,0,0,0,0,
918,탑립동 - 탑립동,28,국립중앙과학관입구,0,0,0,0,8,4,5,0,9,17,11,14,15,10,2,0,6,4,0,0,0,0,0,0,
918,탑립동 - 탑립동,29,서구보건소,0,0,0,0,5,6,6,6,12,14,14,15,15,15,6,0,5,4,0,3,0,0,0,0,
918,탑립동 - 탑립동,30,무궁화아파트,0,0,0,1,1,3,7,8,11,16,13,0,12,15,6,4,7,0,2,0,0,0,0,0,
918,탑립동 - 탑립동,31,정부대전청사남문,0,0,0,0,3,5,9,7,10,14,13,12,0,17,7,0,0,4,4,0,0,0,0,0,
918,탑립동 - 탑립동,32,둥지네거리,0,0,0,0,0,3,6,0,0,13,11,9,11,14,6,0,6,3,3,0,0,0,0,0,
918,탑립동 - 탑립동,33,둥지아파트정문,0,0,0,0,0,2,4,4,9,13,10,8,12,14,5,3,5,3,0,2,0,0,0,0,
918,탑립동 - 탑립동,34,삼천중학교,0,0,0,0,2,0,4,2,0,11,10,9,0,13,9,7,3,1,1,0,0,0,0,0,
918,탑립동 - 탑립동,35,한밭초등학교,0,0,0,0,0,4,6,5,3,12,7,8,8,12,10,6,2,2,0,0,0,0,0,0,
918,탑립동 - 탑립동,36,크로바아파트,0,0,1,0,0,0,2,0,8,11,4,5,2,7,9,5,0,0,0,0,0,0,0,0,
918,탑립동 - 탑립동,37,시청역,0,0,0,0,0,0,5,1,0,0,0,0,0,0,0,0,0,0,0,1,0,0,0,0,
918,탑립동 - 탑립동,38,시청환승지,0,0,0,0,0,0,0,0,0,0,0,0,0,0,0,0,0,0,0,0,0,0,0,0,
918,탑립동 - 탑립동,39,시청환승지,0,0,0,0,0,0,0,0,0,0,0,0,0,0,0,0,0,0,0,0,0,0,0,0,
918,탑립동 - 탑립동,40,시청환승지,0,0,0,0,0,0,0,0,0,0,0,0,0,0,0,0,0,0,0,0,0,0,0,0,
918,탑립동 - 탑립동,41,대전광역시청,0,0,0,0,0,0,0,0,1,0,0,0,0,0,0,2,1,0,0,0,0,0,0,0,
918,탑립동 - 탑립동,42,시청역,0,0,0,3,0,0,0,1,2,2,3,4,3,7,9,11,4,2,6,0,0,0,0,0,
918,탑립동 - 탑립동,43,목련아파트,0,0,0,5,0,1,1,2,0,0,4,5,3,11,0,12,0,3,8,0,0,0,0,0,
918,탑립동 - 탑립동,44,국화아파트,0,0,0,0,2,4,3,4,11,9,6,7,4,10,5,11,3,0,5,0,0,0,0,0,
918,탑립동 - 탑립동,45,수정타운아파트정문,0,0,0,4,3,5,5,9,13,10,6,8,8,8,10,10,5,2,2,0,0,0,0,0,
918,탑립동 - 탑립동,46,꿈나무아파트,0,0,0,5,4,6,8,11,0,5,13,14,9,0,17,9,5,3,6,0,0,0,0,0,
918,탑립동 - 탑립동,47,정부대전청사남문,0,0,0,0,3,8,8,10,7,12,16,12,8,9,18,10,6,0,2,0,0,0,0,0,
918,탑립동 - 탑립동,48,정부대전청사서문,0,0,0,4,3,6,7,11,9,12,9,7,7,11,0,0,6,0,0,0,0,0,0,0,
918,탑립동 - 탑립동,49,서구보건소,0,1,0,4,5,8,13,10,15,15,16,13,8,12,15,0,7,6,7,0,0,0,0,0,
918,탑립동 - 탑립동,50,신세계백화점,0,0,2,0,4,7,8,9,14,15,11,18,5,13,12,9,0,0,0,0,0,0,0,0,
918,탑립동 - 탑립동,51,대덕중학교,0,0,0,2,4,6,6,11,14,16,9,8,7,13,0,8,0,0,8,0,0,0,0,0,
918,탑립동 - 탑립동,52,공동관리아파트,0,0,0,1,2,0,0,10,0,0,0,17,0,12,0,7,0,0,7,0,0,0,0,0,
918,탑립동 - 탑립동,53,대덕고등학교,0,0,0,0,5,2,0,9,14,16,8,15,7,14,11,6,7,8,9,0,0,0,0,0,
918,탑립동 - 탑립동,54,대덕터널입구,0,0,0,0,2,0,3,0,19,18,6,15,8,18,0,0,8,11,13,0,0,0,0,0,
918,탑립동 - 탑립동,55,국립문화유산연구원,0,0,0,0,0,0,0,8,0,0,0,16,0,0,0,0,0,0,12,0,0,0,0,0,
918,탑립동 - 탑립동,56,LG화학기술연구원,0,0,0,0,0,0,0,0,18,7,5,15,7,17,10,0,4,0,11,0,0,0,0,0,
918,탑립동 - 탑립동,57,문지네거리,0,0,0,0,0,0,0,6,0,16,0,14,0,0,9,0,3,0,0,0,0,0,0,0,
918,탑립동 - 탑립동,58,엑스포아파트,0,0,3,0,3,2,3,6,12,9,6,12,8,6,5,3,2,6,10,0,0,0,0,0,
918,탑립동 - 탑립동,59,세종아파트,0,0,4,1,1,1,3,2,8,8,6,5,8,2,4,1,1,0,5,2,0,0,0,0,
918,탑립동 - 탑립동,60,전민동주민센터,0,0,1,2,3,0,4,1,4,5,7,4,0,0,4,1,0,2,4,3,0,0,0,0,
918,탑립동 - 탑립동,61,선비마을,0,0,0,0,0,0,0,2,2,4,6,3,4,0,3,0,0,0,3,2,0,0,0,0,
918,탑립동 - 탑립동,62,한남대대덕캠퍼스,0,0,2,0,0,0,0,0,0,4,7,0,5,0,0,0,0,0,0,0,0,0,0,0,
918,탑립동 - 탑립동,63,대한항공기술연구원,0,0,0,0,1,0,0,0,0,0,0,0,0,0,0,0,0,0,2,0,0,0,0,0,
918,탑립동 - 탑립동,64,국립과학수사연구원,0,0,0,0,0,0,0,1,0,3,0,5,3,0,2,0,0,0,0,0,0,0,0,0,
918,탑립동 - 탑립동,65,중앙백신연구소,0,0,1,0,0,0,0,0,0,0,3,3,0,0,0,0,0,0,0,0,0,0,0,0,
918,탑립동 - 탑립동,66,화암네거리,0,0,1,0,0,0,0,0,0,0,3,3,0,0,0,0,0,0,0,0,0,0,0,0,
918,탑립동 - 탑립동,67,전자디자인고,0,0,0,0,0,0,3,0,1,0,0,2,0,0,0,0,0,0,0,0,0,0,0,0,
918,탑립동 - 탑립동,68,북대전IC네거리,0,0,0,0,0,0,0,0,0,0,0,0,0,3,3,0,0,0,0,0,0,0,0,0,
918,탑립동 - 탑립동,69,테크노밸리2단지,0,0,0,0,0,0,1,0,0,0,2,4,1,0,0,0,0,0,0,1,0,0,0,0,
918,탑립동 - 탑립동,70,테크노밸리5단지,0,0,0,0,0,0,0,0,0,2,0,3,0,3,0,0,1,0,0,0,0,0,0,0,
918,탑립동 - 탑립동,71,중일고등학교,0,0,0,0,0,0,0,0,0,2,1,0,0,1,1,0,0,0,0,0,0,0,0,0,
918,탑립동 - 탑립동,72,테크노밸리6.10단지,0,0,0,0,0,0,0,0,0,0,0,2,0,0,1,0,2,0,0,0,0,0,0,0,
918,탑립동 - 탑립동,73,테크노밸리11.12단지,0,0,0,0,0,0,0,0,0,1,0,0,0,0,0,0,0,0,0,0,0,0,0,0,
918,탑립동 - 탑립동,74,한국방송통신대학교,0,0,0,0,0,0,0,0,0,0,0,0,0,0,0,0,0,0,0,0,0,0,0,0,
918,탑립동 - 탑립동,75,청벽산공원네거리,0,0,0,0,0,0,0,0,0,0,0,0,0,0,0,0,0,0,0,0,0,0,0,0,
918,탑립동 - 탑립동,76,탑립동,0,0,0,0,0,0,0,0,0,0,0,0,0,0,0,0,0,0,0,0,0,0,0,0,
B1,대전역동광장 - 대전역동광장,1,대전역동광장,0,1,2,2,2,1,2,8,4,6,5,7,7,8,14,9,9,8,3,1,0,0,0,0,
B1,대전역동광장 - 대전역동광장,2,대전역,0,4,4,10,17,24,10,25,24,32,41,39,43,41,40,40,41,38,16,20,0,0,0,0,
B1,대전역동광장 - 대전역동광장,3,한밭자이아파트,0,0,3,11,8,25,14,19,26,34,25,38,0,37,31,0,27,36,16,0,0,0,0,0,
B1,대전역동광장 - 대전역동광장,4,솔랑마을아파트,0,5,0,13,21,32,17,28,28,30,34,40,0,39,34,0,27,37,14,13,0,0,0,0,
B1,대전역동광장 - 대전역동광장,5,대덕구청,0,6,4,14,26,42,20,29,29,39,36,37,0,32,22,0,0,37,0,7,0,0,0,0,
B1,대전역동광장 - 대전역동광장,6,한남오거리(BRT),0,0,6,15,37,44,22,31,35,37,40,40,39,37,40,39,30,39,17,0,0,0,0,0,
B1,대전역동광장 - 대전역동광장,7,오정동행정복지센터,0,7,0,15,0,41,24,26,26,0,38,39,0,0,24,0,0,0,18,0,0,0,0,0,
B1,대전역동광장 - 대전역동광장,8,오정농수산오거리,0,0,6,16,23,42,26,28,32,38,40,40,42,39,40,0,38,41,19,17,0,0,0,0,
B1,대전역동광장 - 대전역동광장,9,오정농수산시장,0,0,8,12,39,33,27,17,37,39,41,0,0,35,26,0,39,28,20,18,0,0,0,0,
B1,대전역동광장 - 대전역동광장,10,대덕산업단지,0,9,9,16,29,49,25,29,39,41,39,40,43,41,40,39,40,40,34,19,4,0,0,0,
B1,대전역동광장 - 대전역동광장,11,한국개발연구원(KDI),0,0,10,8,22,43,36,30,35,38,39,40,41,43,39,38,37,37,38,15,18,0,0,0,
B1,대전역동광장 - 대전역동광장,12,소담동,0,0,9,13,23,41,31,31,35,37,36,40,40,42,35,34,35,33,32,13,15,0,0,0,
B1,대전역동광장 - 대전역동광장,13,세종시청.교육청.시의회,0,0,8,11,23,35,31,28,34,38,36,40,40,38,32,36,38,29,30,18,14,0,0,0,
B1,대전역동광장 - 대전역동광장,14,보람동.대평동,0,0,9,13,23,36,32,28,32,40,36,39,38,36,29,33,39,28,29,16,11,0,0,0,
B1,대전역동광장 - 대전역동광장,15,대평동,0,0,8,14,22,29,30,27,32,40,33,38,34,36,28,33,33,34,26,13,12,0,0,0,
B1,대전역동광장 - 대전역동광장,16,세종터미널,0,0,8,15,0,33,23,16,30,27,0,36,34,35,30,29,27,33,19,15,0,0,0,0,
B1,대전역동광장 - 대전역동광장,17,한솔동,0,0,7,16,14,33,28,23,18,30,29,33,34,37,29,28,34,31,29,14,8,0,0,0,
B1,대전역동광장 - 대전역동광장,18,새롬동.나성동,0,0,9,15,12,24,21,19,17,23,24,27,28,35,25,26,28,29,25,12,10,0,0,0,
B1,대전역동광장 - 대전역동광장,19,다정동,0,0,9,15,9,20,19,20,16,22,25,26,24,37,26,17,30,22,20,11,9,0,0,0,
B1,대전역동광장 - 대전역동광장,20,정부세종청사남측,0,0,7,13,8,13,17,17,16,20,23,15,21,39,20,23,32,20,21,7,9,0,0,0,
B1,대전역동광장 - 대전역동광장,21,정부세종청사북측,0,0,9,14,7,15,16,17,16,18,21,15,16,39,20,24,32,21,22,5,3,0,0,0,
B1,대전역동광장 - 대전역동광장,22,도담동,0,0,10,6,8,14,13,19,11,19,18,16,11,38,19,20,23,12,19,5,7,0,0,0,
B1,대전역동광장 - 대전역동광장,23,세종충남대학교병원,0,0,9,0,10,13,12,8,10,0,11,17,10,38,14,21,0,12,17,0,0,0,0,0,
B1,대전역동광장 - 대전역동광장,24,해밀리,0,0,8,13,8,15,11,17,10,12,18,14,7,32,12,17,19,8,20,2,2,0,0,0,
B1,대전역동광장 - 대전역동광장,25,한별리,0,0,0,0,0,0,0,0,0,11,0,0,0,13,5,0,0,9,0,0,0,0,0,0,
B1,대전역동광장 - 대전역동광장,26,누리리,0,0,0,9,0,0,12,0,0,0,17,0,0,12,0,0,15,0,0,0,0,0,0,0,
B1,대전역동광장 - 대전역동광장,27,오송역2.3.4,0,1,3,3,12,2,10,21,21,0,21,26,40,12,40,24,38,0,26,0,0,0,0,0,
B1,대전역동광장 - 대전역동광장,28,오송역2.3.4,0,0,1,4,2,10,7,7,8,34,22,32,4,38,18,28,39,32,15,41,0,0,0,0,
B1,대전역동광장 - 대전역동광장,29,누리리,0,0,0,0,0,0,6,20,0,0,22,0,0,8,36,0,0,23,27,0,0,0,0,0,
B1,대전역동광장 - 대전역동광장,30,한별리,0,0,0,0,0,0,9,0,0,0,0,0,0,17,0,0,38,0,0,0,0,0,0,0,
B1,대전역동광장 - 대전역동광장,31,해밀리,0,0,4,6,17,11,13,21,20,32,24,33,41,18,41,29,36,31,30,39,6,0,0,0,
B1,대전역동광장 - 대전역동광장,32,세종충남대학교병원,0,0,0,0,4,10,9,14,0,31,23,34,31,20,38,26,37,12,13,10,5,0,0,0,
B1,대전역동광장 - 대전역동광장,33,도담동,0,3,6,9,18,14,24,29,26,33,25,35,40,21,39,30,33,34,28,33,8,0,0,0,
B1,대전역동광장 - 대전역동광장,34,정부세종청사북측,0,4,9,7,16,17,24,29,25,34,30,28,35,22,35,24,32,27,29,31,0,0,0,0,
B1,대전역동광장 - 대전역동광장,35,정부세종청사남측,0,0,9,9,22,19,26,27,24,31,26,24,34,22,32,26,32,24,31,27,9,0,0,0,
B1,대전역동광장 - 대전역동광장,36,다정동,0,0,10,10,22,28,32,32,32,29,38,32,33,25,30,25,29,29,34,26,18,0,0,0,
B1,대전역동광장 - 대전역동광장,37,새롬동.나성동,0,9,17,12,27,29,36,36,34,32,37,33,31,20,30,27,32,41,40,34,30,0,0,0,
B1,대전역동광장 - 대전역동광장,38,한솔동,0,12,19,12,28,32,38,35,36,37,40,34,35,29,29,37,34,43,39,32,36,0,0,0,
B1,대전역동광장 - 대전역동광장,39,세종터미널,0,0,15,12,14,26,34,37,31,0,40,20,32,37,20,39,39,39,39,33,37,0,0,0,
B1,대전역동광장 - 대전역동광장,40,대평동,0,0,17,11,11,31,32,36,39,36,43,35,33,35,28,23,39,40,36,35,36,0,0,0,
B1,대전역동광장 - 대전역동광장,41,보람동.대평동,0,14,16,16,13,34,37,32,37,35,38,36,29,35,29,39,38,39,39,31,35,0,0,0,
B1,대전역동광장 - 대전역동광장,42,세종시청.교육청.시의회,0,15,17,13,27,37,34,30,34,36,29,29,23,28,26,37,36,40,41,41,38,0,0,0,
B1,대전역동광장 - 대전역동광장,43,소담동,0,0,22,18,31,38,38,40,35,39,33,28,27,30,25,33,39,40,43,41,37,0,0,0,
B1,대전역동광장 - 대전역동광장,44,한국개발연구원(KDI),0,0,26,20,23,37,40,41,36,38,35,33,26,37,27,32,38,40,43,37,37,0,0,0,
B1,대전역동광장 - 대전역동광장,45,대덕산업단지,0,0,24,20,26,40,37,38,36,36,32,35,26,37,29,34,38,40,42,39,37,0,0,0,
B1,대전역동광장 - 대전역동광장,46,오정농수산오거리,0,0,13,16,20,38,31,34,35,34,30,35,28,33,20,30,28,29,38,37,36,0,0,0,
B1,대전역동광장 - 대전역동광장,47,오정동행정복지센터,0,0,0,16,15,26,27,35,30,36,0,23,0,0,18,28,0,27,0,30,38,0,0,0,
B1,대전역동광장 - 대전역동광장,48,한남오거리(BRT),0,0,10,13,20,35,29,35,31,32,29,13,29,18,11,23,27,26,26,34,37,0,0,0,
B1,대전역동광장 - 대전역동광장,49,대덕구청,0,0,11,17,14,34,28,34,31,34,29,34,30,24,12,15,25,21,23,24,31,0,0,0,
B1,대전역동광장 - 대전역동광장,50,솔랑마을아파트,0,0,6,8,15,19,26,34,28,33,28,33,29,23,14,0,6,19,18,12,10,0,0,0,
B1,대전역동광장 - 대전역동광장,51,한밭자이아파트,0,0,0,16,14,26,30,33,37,31,30,18,25,30,19,31,23,16,17,14,8,0,0,0,
B1,대전역동광장 - 대전역동광장,52,대전역,0,0,1,1,3,2,6,4,3,9,5,3,6,6,4,6,3,5,3,7,6,0,0,0,
B1,대전역동광장 - 대전역동광장,53,대전역동광장,0,0,0,0,0,0,0,0,0,0,0,0,0,0,0,0,0,0,0,0,0,0,0,0,
B2,대전월드컵경기장 - 오송역종점,1,대전월드컵경기장,0,0,1,0,1,1,2,1,1,3,1,3,1,5,16,8,1,0,0,0,0,0,0,0,
B2,대전월드컵경기장 - 오송역종점,2,유성선병원,0,0,2,1,2,4,0,0,2,4,2,5,2,2,1,9,2,1,0,0,0,0,0,0,
B2,대전월드컵경기장 - 오송역종점,3,반석네거리,0,0,0,0,3,3,1,1,4,5,1,6,3,4,8,9,3,2,0,2,1,0,0,0,
B2,대전월드컵경기장 - 오송역종점,4,반석역,0,0,6,7,10,13,13,13,12,20,17,20,24,18,28,21,15,16,13,8,4,0,0,0,
B2,대전월드컵경기장 - 오송역종점,5,세종고속시외버스터미널(지상),0,0,8,6,10,13,15,12,15,19,17,18,25,19,25,17,16,13,17,6,3,0,0,0,
B2,대전월드컵경기장 - 오송역종점,6,세종고속시외버스터미널(지하),0,0,0,0,10,8,0,4,9,1,14,0,14,18,13,15,13,14,0,0,1,0,0,0,
B2,대전월드컵경기장 - 오송역종점,7,한솔동,0,0,4,7,9,11,18,13,13,18,14,20,28,23,18,23,17,14,16,6,3,0,0,0,
B2,대전월드컵경기장 - 오송역종점,8,새롬동.나성동,0,0,7,16,16,15,13,22,12,18,15,22,29,25,19,23,28,21,24,6,7,0,0,0,
B2,대전월드컵경기장 - 오송역종점,9,다정동,0,0,7,22,23,18,20,24,13,23,17,22,28,28,18,28,30,22,24,7,6,0,0,0,
B2,대전월드컵경기장 - 오송역종점,10,정부세종청사남측,0,0,5,23,19,18,22,25,13,21,17,21,22,27,21,27,33,24,23,6,5,0,0,0,
B2,대전월드컵경기장 - 오송역종점,11,정부세종청사북측,0,0,5,26,19,19,21,22,16,19,19,21,22,26,24,25,32,27,28,11,5,0,0,0,
B2,대전월드컵경기장 - 오송역종점,12,도담동,0,0,12,32,20,26,26,25,12,18,19,20,21,27,19,26,37,27,24,4,3,0,0,0,
B2,대전월드컵경기장 - 오송역종점,13,세종충남대학교병원,0,0,3,31,12,20,18,15,9,9,17,21,16,26,21,23,19,31,25,6,2,0,0,0,
B2,대전월드컵경기장 - 오송역종점,14,해밀동.산울동,0,0,13,34,18,22,31,28,13,16,13,19,12,19,25,21,34,25,21,2,1,0,0,0,
B2,대전월드컵경기장 - 오송역종점,15,한별동,0,0,0,0,19,15,0,0,0,17,11,0,0,0,7,0,29,0,0,0,0,0,0,0,
B2,대전월드컵경기장 - 오송역종점,16,누리동,0,0,0,0,21,0,18,0,14,9,0,0,15,0,0,0,33,9,22,0,0,0,0,0,
B2,대전월드컵경기장 - 오송역종점,17,오송역종점,0,0,0,0,0,0,0,0,0,16,0,0,0,0,0,0,0,17,0,0,0,0,0,0,
B2-1,오송역2.3.4 - 대전월드컵경기장,1,오송역2.3.4,1,2,5,6,6,14,15,16,12,14,17,33,31,28,41,31,37,39,39,35,0,0,0,0,
B2-1,오송역2.3.4 - 대전월드컵경기장,2,누리동,0,0,0,0,0,0,8,0,7,13,13,16,30,0,0,0,9,0,16,0,0,0,0,0,
B2-1,오송역2.3.4 - 대전월드컵경기장,3,한별동,0,0,0,0,5,0,10,9,0,0,12,16,23,4,40,0,29,18,38,33,0,0,0,0,
B2-1,오송역2.3.4 - 대전월드컵경기장,4,해밀동.산울동,0,6,5,8,11,21,22,20,22,19,23,40,33,13,35,29,38,29,33,30,0,0,0,0,
B2-1,오송역2.3.4 - 대전월드컵경기장,5,세종충남대학교병원,0,2,3,7,7,17,21,21,21,3,16,38,34,10,33,27,36,29,12,28,0,0,0,0,
B2-1,오송역2.3.4 - 대전월드컵경기장,6,도담동,0,11,7,10,16,25,24,27,26,20,24,36,25,15,30,22,33,18,26,20,0,0,0,0,
B2-1,오송역2.3.4 - 대전월드컵경기장,7,정부세종청사북측,0,0,0,9,15,25,22,20,24,19,22,36,27,14,30,18,26,17,21,16,0,0,0,0,
B2-1,오송역2.3.4 - 대전월드컵경기장,8,정부세종청사남측,0,12,3,11,12,23,18,19,23,21,17,40,26,13,26,15,23,13,17,11,0,0,0,0,
B2-1,오송역2.3.4 - 대전월드컵경기장,9,다정동,0,15,6,11,13,16,18,18,23,20,14,36,23,13,16,13,13,15,13,8,0,0,0,0,
B2-1,오송역2.3.4 - 대전월드컵경기장,10,새롬동.나성동,0,16,7,12,13,13,17,20,17,16,16,34,19,11,15,11,15,18,15,6,0,0,0,0,
B2-1,오송역2.3.4 - 대전월드컵경기장,11,한솔동,0,17,8,12,12,13,14,22,20,17,17,30,14,11,12,12,14,17,15,7,0,0,0,0,
B2-1,오송역2.3.4 - 대전월드컵경기장,12,세종고속시외버스터미널(지하),0,14,6,7,13,12,12,16,9,14,0,29,20,10,12,11,0,15,19,2,0,0,0,0,
B2-1,오송역2.3.4 - 대전월드컵경기장,13,세종고속시외버스터미널(지상),0,15,5,13,13,14,17,26,11,20,16,28,19,13,11,10,16,18,20,9,0,0,0,0,
B2-1,오송역2.3.4 - 대전월드컵경기장,14,반석역,0,1,1,3,2,2,4,3,4,5,5,23,7,6,2,4,2,4,2,2,0,0,0,0,
B2-1,오송역2.3.4 - 대전월드컵경기장,15,반석네거리,0,0,0,0,0,4,3,2,1,3,4,18,0,0,0,2,1,0,1,1,0,0,0,0,
B2-1,오송역2.3.4 - 대전월드컵경기장,16,유성선병원,0,0,0,0,0,0,1,1,2,2,2,10,16,2,0,1,0,0,0,0,0,0,0,0,
B2-1,오송역2.3.4 - 대전월드컵경기장,17,대전월드컵경기장,0,0,0,0,0,0,0,0,0,0,0,0,0,0,0,0,0,0,0,0,0,0,0,0,
B2-3,반석역 - 오송역종점,1,반석역,0,5,0,0,0,0,0,0,0,0,0,0,0,0,0,0,0,0,0,0,0,0,0,0,
B2-3,반석역 - 오송역종점,2,세종고속시외버스터미널(지상),0,3,0,0,0,0,0,0,0,0,0,0,0,0,0,0,0,0,0,0,0,0,0,0,
B2-3,반석역 - 오송역종점,3,세종고속시외버스터미널(지하),0,3,0,0,0,0,0,0,0,0,0,0,0,0,0,0,0,0,0,0,0,0,0,0,
B2-3,반석역 - 오송역종점,4,한솔동,0,4,6,0,0,0,0,0,0,0,0,0,0,0,0,0,0,0,0,0,0,0,0,0,
B2-3,반석역 - 오송역종점,5,새롬동.나성동,0,8,8,0,0,0,0,0,0,0,0,0,0,0,0,0,0,0,0,0,0,0,0,0,
B2-3,반석역 - 오송역종점,6,다정동,0,9,9,0,0,0,0,0,0,0,0,0,0,0,0,0,0,0,0,0,0,0,0,0,
B2-3,반석역 - 오송역종점,7,정부세종청사남측,0,6,11,0,0,0,0,0,0,0,0,0,0,0,0,0,0,0,0,0,0,0,0,0,
B2-3,반석역 - 오송역종점,8,정부세종청사북측,0,0,12,0,0,0,0,0,0,0,0,0,0,0,0,0,0,0,0,0,0,0,0,0,
B2-3,반석역 - 오송역종점,9,도담동,0,0,12,0,0,0,0,0,0,0,0,0,0,0,0,0,0,0,0,0,0,0,0,0,
B2-3,반석역 - 오송역종점,10,세종충남대학교병원,0,0,12,0,0,0,0,0,0,0,0,0,0,0,0,0,0,0,0,0,0,0,0,0,
B2-3,반석역 - 오송역종점,11,해밀동.산울동,0,10,11,0,0,0,0,0,0,0,0,0,0,0,0,0,0,0,0,0,0,0,0,0,
B2-3,반석역 - 오송역종점,12,한별동,0,0,12,0,0,0,0,0,0,0,0,0,0,0,0,0,0,0,0,0,0,0,0,0,
B2-3,반석역 - 오송역종점,13,누리동,0,0,12,0,0,0,0,0,0,0,0,0,0,0,0,0,0,0,0,0,0,0,0,0,
B2-3,반석역 - 오송역종점,14,오송역종점,0,0,0,0,0,0,0,0,0,0,0,0,0,0,0,0,0,0,0,0,0,0,0,0,
B2-4,오송역2.3.4 - 반석역,1,오송역2.3.4,0,0,0,0,0,0,0,0,0,0,0,0,0,0,0,0,0,0,0,37,47,0,0,0,
B2-4,오송역2.3.4 - 반석역,2,누리동,0,0,0,0,0,0,0,0,0,0,0,0,0,0,0,0,0,0,0,0,44,0,0,0,
B2-4,오송역2.3.4 - 반석역,3,한별동,0,0,0,0,0,0,0,0,0,0,0,0,0,0,0,0,0,0,0,0,43,0,0,0,
B2-4,오송역2.3.4 - 반석역,4,해밀동.산울동,0,0,0,0,0,0,0,0,0,0,0,0,0,0,0,0,0,0,0,33,41,0,0,0,
B2-4,오송역2.3.4 - 반석역,5,세종충남대학교병원,0,0,0,0,0,0,0,0,0,0,0,0,0,0,0,0,0,0,0,31,38,0,0,0,
B2-4,오송역2.3.4 - 반석역,6,도담동,0,0,0,0,0,0,0,0,0,0,0,0,0,0,0,0,0,0,0,22,30,0,0,0,
B2-4,오송역2.3.4 - 반석역,7,정부세종청사북측,0,0,0,0,0,0,0,0,0,0,0,0,0,0,0,0,0,0,0,23,26,0,0,0,
B2-4,오송역2.3.4 - 반석역,8,정부세종청사남측,0,0,0,0,0,0,0,0,0,0,0,0,0,0,0,0,0,0,0,21,17,0,0,0,
B2-4,오송역2.3.4 - 반석역,9,다정동,0,0,0,0,0,0,0,0,0,0,0,0,0,0,0,0,0,0,0,11,10,0,0,0,
B2-4,오송역2.3.4 - 반석역,10,새롬동.나성동,0,0,0,0,0,0,0,0,0,0,0,0,0,0,0,0,0,0,0,8,8,0,0,0,
B2-4,오송역2.3.4 - 반석역,11,한솔동,0,0,0,0,0,0,0,0,0,0,0,0,0,0,0,0,0,0,0,5,4,0,0,0,
B2-4,오송역2.3.4 - 반석역,12,세종고속시외버스터미널(지하),0,0,0,0,0,0,0,0,0,0,0,0,0,0,0,0,0,0,0,4,2,0,0,0,
B2-4,오송역2.3.4 - 반석역,13,세종고속시외버스터미널(지상),0,0,0,0,0,0,0,0,0,0,0,0,0,0,0,0,0,0,0,6,9,0,0,0,
B2-4,오송역2.3.4 - 반석역,14,반석역,0,0,0,0,0,0,0,0,0,0,0,0,0,0,0,0,0,0,0,0,0,0,0,0,
B4,반석역 - 오송역종점,1,반석역,0,2,3,1,2,4,5,5,8,11,5,4,9,9,11,10,8,7,3,4,0,0,0,0,
B4,반석역 - 오송역종점,2,세종고속시외버스터미널(지상),0,3,1,2,3,7,6,6,7,10,5,6,10,8,14,13,9,12,11,3,0,0,0,0,
B4,반석역 - 오송역종점,3,대평동,0,0,2,0,3,6,4,8,0,9,3,0,11,10,6,12,0,12,0,0,0,0,0,0,
B4,반석역 - 오송역종점,4,보람동.대평동,0,0,4,1,3,4,2,7,8,8,6,4,11,9,16,12,8,12,10,1,0,0,0,0,
B4,반석역 - 오송역종점,5,세종시청.시의회.교육청,0,2,4,2,4,6,5,7,7,8,8,8,11,10,22,15,8,12,11,1,0,0,0,0,
B4,반석역 - 오송역종점,6,소담동(새샘마을),0,0,7,3,9,7,7,7,8,11,8,12,9,8,13,17,8,11,9,4,0,0,0,0,
B4,반석역 - 오송역종점,7,법원.검찰청.경찰청,0,2,7,6,10,7,9,8,9,13,7,16,10,12,12,18,9,10,10,3,0,0,0,0,
B4,반석역 - 오송역종점,8,국책연구단지,0,0,8,4,3,6,3,5,8,14,4,14,11,11,6,15,11,6,5,0,0,0,0,0,
B4,반석역 - 오송역종점,9,반곡동(수루배마을),0,4,10,8,9,12,12,9,7,15,8,13,10,8,12,15,10,6,5,1,0,0,0,0,
B4,반석역 - 오송역종점,10,집현동,0,6,9,10,16,13,13,10,7,9,9,10,7,7,12,17,15,7,2,0,0,0,0,0,
B4,반석역 - 오송역종점,11,세종공동캠퍼스,0,0,4,9,15,11,14,0,6,13,7,9,5,9,13,18,10,6,4,0,0,0,0,0,
B4,반석역 - 오송역종점,12,다솜동,0,0,0,9,0,10,0,0,5,0,0,0,0,0,2,17,0,0,0,0,0,0,0,0,
B4,반석역 - 오송역종점,13,용호동,0,0,0,0,0,0,0,0,4,0,0,0,0,0,7,0,0,5,0,0,0,0,0,0,
B4,반석역 - 오송역종점,14,오송역종점,0,0,0,0,0,0,0,0,0,0,0,0,0,0,0,0,0,0,0,0,0,0,0,0,
B4-1,오송역2.3.4 - 반석역,1,오송역2.3.4,0,0,1,3,2,3,6,6,10,2,12,19,19,17,17,32,30,18,19,16,0,0,0,0,
B4-1,오송역2.3.4 - 반석역,2,용호동,0,0,0,0,0,0,0,4,0,0,0,0,0,16,0,0,29,0,13,0,0,0,0,0,
B4-1,오송역2.3.4 - 반석역,3,다솜동,0,0,0,0,0,0,0,7,0,1,0,0,19,17,0,0,0,0,0,0,0,0,0,0,
B4-1,오송역2.3.4 - 반석역,4,세종공동캠퍼스,0,0,2,2,2,5,7,5,9,3,10,18,21,9,13,16,32,13,18,11,0,0,0,0,
B4-1,오송역2.3.4 - 반석역,5,집현동,0,0,3,1,0,6,5,6,11,3,7,19,19,13,10,14,28,10,17,10,9,0,0,0,
B4-1,오송역2.3.4 - 반석역,6,반곡동(수루배마을),0,1,3,4,3,10,8,10,12,6,9,17,13,13,9,9,18,11,16,10,8,0,0,0,
B4-1,오송역2.3.4 - 반석역,7,국책연구단지,0,0,0,3,0,9,0,13,11,11,8,14,13,12,8,0,16,5,15,7,7,0,0,0,
B4-1,오송역2.3.4 - 반석역,8,법원.검찰청.경찰청,0,0,3,5,4,7,7,4,12,9,6,11,13,7,9,13,14,10,13,6,5,0,0,0,
B4-1,오송역2.3.4 - 반석역,9,소담동(새샘마을),0,1,5,6,5,8,10,10,13,11,6,12,13,6,4,17,10,10,8,3,3,0,0,0,
B4-1,오송역2.3.4 - 반석역,10,세종시청.시의회.교육청,0,2,4,1,5,9,14,12,12,7,7,14,12,10,8,5,15,9,13,2,1,0,0,0,
B4-1,오송역2.3.4 - 반석역,11,보람동.대평동,0,3,3,7,6,9,16,8,14,6,8,15,12,5,8,6,12,8,12,2,0,0,0,0,
B4-1,오송역2.3.4 - 반석역,12,대평동,0,0,1,4,6,0,15,13,15,9,9,12,12,11,5,5,13,7,9,0,2,0,0,0,
B4-1,오송역2.3.4 - 반석역,13,세종고속시외버스터미널(지상),0,2,3,6,7,11,14,11,12,7,8,10,11,10,8,7,9,9,17,0,0,0,0,0,
B4-1,오송역2.3.4 - 반석역,14,반석역,0,0,0,0,0,0,0,0,0,0,0,0,0,0,0,0,0,1,0,0,0,0,0,0,
M1,누리동기점지 - 정부청사역,1,누리동기점지,0,0,0,0,0,0,0,0,0,0,0,0,0,0,0,0,0,0,0,0,0,0,0,0,
M1,누리동기점지 - 정부청사역,2,해밀동.산울동,0,0,0,0,0,0,1,0,0,0,0,0,0,0,2,0,0,0,0,0,0,0,0,0,
M1,누리동기점지 - 정부청사역,3,세종충남대학교병원,0,0,0,0,0,0,1,0,0,0,0,0,0,0,2,0,0,0,0,0,0,0,0,0,
M1,누리동기점지 - 정부청사역,4,아름제2중(가락마을20단지),0,0,1,0,0,0,5,0,0,0,1,0,0,0,3,0,0,0,0,0,0,0,0,0,
M1,누리동기점지 - 정부청사역,5,종촌초등학교,0,0,2,0,0,0,7,0,0,0,2,0,0,0,4,0,0,0,0,0,0,0,0,0,
M1,누리동기점지 - 정부청사역,6,다정동커뮤니티센터,0,0,0,0,0,0,11,0,0,0,3,0,0,0,5,5,0,0,0,0,0,0,0,0,
M1,누리동기점지 - 정부청사역,7,새롬동커뮤니티센터,0,0,4,0,0,0,11,0,0,0,0,3,0,0,2,8,0,0,0,0,0,0,0,0,
M1,누리동기점지 - 정부청사역,8,한솔동(첫마을),0,0,2,0,0,0,13,0,0,0,4,0,0,0,5,9,0,0,0,0,0,0,0,0,
M1,누리동기점지 - 정부청사역,9,세종고속시외버스터미널,0,0,3,0,0,0,19,0,0,0,0,7,0,0,0,10,0,0,1,0,0,0,0,0,
M1,누리동기점지 - 정부청사역,10,반석역,0,0,0,0,0,0,20,0,0,0,2,9,0,0,0,10,0,0,0,2,0,0,0,0,
M1,누리동기점지 - 정부청사역,11,충남대학교,0,0,1,1,0,0,0,9,0,0,0,7,0,0,0,7,0,0,0,0,0,0,0,0,
M1,누리동기점지 - 정부청사역,12,대전교통공사,0,0,0,0,0,0,0,0,0,0,0,6,0,0,0,2,0,0,0,0,0,0,0,0,
M1,누리동기점지 - 정부청사역,13,은하수네거리,0,0,0,0,0,0,0,4,0,0,0,0,0,0,0,0,0,0,0,0,0,0,0,0,
M1,누리동기점지 - 정부청사역,14,대전광역시청,0,0,0,0,0,0,0,2,0,0,0,1,0,0,0,0,0,0,0,0,0,0,0,0,
M1,누리동기점지 - 정부청사역,15,정부청사역,0,0,0,0,0,0,0,0,0,0,0,0,0,0,0,0,0,0,0,0,0,0,0,0,
M1,정부청사광장 - 누리동기점지,1,정부청사광장,0,0,0,1,0,0,0,2,0,0,0,5,1,0,0,0,0,0,0,0,0,0,0,0,
M1,정부청사광장 - 누리동기점지,2,시청환승지,0,0,0,0,0,0,0,0,2,0,0,6,2,0,0,0,5,0,0,0,0,0,0,0,
M1,정부청사광장 - 누리동기점지,3,은하수네거리,0,0,0,4,0,0,0,4,6,0,0,0,10,0,0,0,8,0,0,0,0,0,0,0,
M1,정부청사광장 - 누리동기점지,4,대전교통공사,0,0,0,2,6,0,0,5,8,0,0,0,10,0,0,0,0,0,0,0,0,0,0,0,
M1,정부청사광장 - 누리동기점지,5,충남대학교,0,0,0,10,7,0,0,0,12,0,0,0,21,0,0,0,18,0,0,0,0,0,0,0,
M1,정부청사광장 - 누리동기점지,6,반석역,0,0,0,9,6,0,0,0,11,0,0,0,22,0,0,0,19,0,0,0,0,0,0,0,
M1,정부청사광장 - 누리동기점지,7,세종고속시외버스터미널,0,0,0,0,6,0,0,0,7,0,0,0,11,0,0,0,16,0,0,0,0,0,0,0,
M1,정부청사광장 - 누리동기점지,8,한솔동(첫마을),0,0,0,0,3,0,0,0,5,0,0,0,8,0,0,0,12,4,0,0,0,0,0,0,
M1,정부청사광장 - 누리동기점지,9,새롬동커뮤니티센터,0,0,0,0,1,0,0,0,2,0,0,0,6,0,0,0,8,0,0,0,0,0,0,0,
M1,정부청사광장 - 누리동기점지,10,다정동커뮤니티센터,0,0,0,0,0,0,0,0,6,0,0,0,0,2,0,0,3,0,0,0,0,0,0,0,
M1,정부청사광장 - 누리동기점지,11,종촌초등학교,0,0,0,0,0,0,0,0,3,0,0,0,2,0,0,0,2,0,0,0,0,0,0,0,
M1,정부청사광장 - 누리동기점지,12,아름제2중(가락마을20단지),0,0,0,0,0,0,0,0,0,0,0,0,0,1,0,0,1,0,0,0,0,0,0,0,
M1,정부청사광장 - 누리동기점지,13,세종충남대학교병원,0,0,0,0,0,0,0,0,0,0,0,0,0,0,0,0,0,0,0,0,0,0,0,0,
M1,정부청사광장 - 누리동기점지,14,해밀동.산울동,0,0,0,0,0,0,0,0,0,0,0,0,0,0,0,0,0,0,0,0,0,0,0,0,
M1,정부청사광장 - 누리동기점지,15,누리동기점지,0,0,0,0,0,0,0,0,0,0,0,0,0,0,0,0,0,0,0,0,0,0,0,0,
M1,누리동기점지 - 정부청사광장,1,누리동기점지,0,0,0,0,0,0,0,0,0,0,0,0,0,0,0,0,0,0,0,0,0,0,0,0,
M1,누리동기점지 - 정부청사광장,2,해밀동.산울동,0,0,1,2,0,1,1,3,2,5,1,0,2,0,0,1,4,3,0,0,0,0,0,0,
M1,누리동기점지 - 정부청사광장,3,세종충남대병원,0,0,0,2,1,3,0,4,2,3,2,2,3,3,1,2,1,2,1,0,0,0,0,0,
M1,누리동기점지 - 정부청사광장,4,아름제2중(가락마을20단지),0,1,0,3,3,6,2,5,3,8,3,6,4,2,2,2,1,4,1,0,0,0,0,0,
M1,누리동기점지 - 정부청사광장,5,종촌초등학교(가락마을6.7단지),0,0,3,2,5,9,6,9,8,13,5,7,4,4,2,5,6,3,3,0,0,0,0,0,
M1,누리동기점지 - 정부청사광장,6,다정동커뮤니티센터,0,0,3,4,6,13,8,17,13,19,9,10,7,10,4,8,5,5,4,0,0,0,0,0,
M1,누리동기점지 - 정부청사광장,7,새롬동커뮤니티센터,0,0,6,6,8,13,12,12,23,16,13,11,8,11,11,9,9,7,9,0,0,0,0,0,
M1,누리동기점지 - 정부청사광장,8,한솔동(첫마을),0,0,0,7,5,14,12,17,30,20,14,15,15,16,18,13,13,7,17,0,0,0,0,0,
M1,누리동기점지 - 정부청사광장,9,세종고속시외버스터미널,0,1,8,6,12,18,14,26,35,29,20,16,24,16,20,16,18,33,26,0,0,0,0,0,
M1,누리동기점지 - 정부청사광장,10,반석역,0,0,5,3,8,15,14,27,38,28,18,14,20,14,19,16,18,18,34,0,0,0,0,0,
M1,누리동기점지 - 정부청사광장,11,충남대학교,0,0,4,2,6,10,11,18,27,20,11,5,11,6,7,3,5,8,8,5,0,0,0,0,
M1,누리동기점지 - 정부청사광장,12,대전교통공사,0,0,0,0,6,8,9,15,26,16,7,4,7,1,4,0,3,5,6,0,0,0,0,0,
M1,누리동기점지 - 정부청사광장,13,은하수네거리,0,0,2,0,2,4,5,4,6,3,2,0,4,5,3,0,2,1,2,2,0,0,0,0,
M1,누리동기점지 - 정부청사광장,14,대전광역시청,0,0,0,0,0,0,2,3,2,1,0,0,0,0,2,0,0,0,1,0,0,0,0,0,
M1,누리동기점지 - 정부청사광장,15,정부청사역,0,0,1,0,0,0,0,0,1,0,0,0,0,0,0,0,0,0,0,0,0,0,0,0,
M1,누리동기점지 - 정부청사광장,16,정부청사광장,0,0,0,0,0,0,0,0,0,0,0,0,0,0,0,0,0,0,0,0,0,0,0,0,
M1-1,정부청사광장 - 누리동기점지,1,정부청사광장,0,0,0,0,1,0,1,1,3,2,6,1,1,3,1,1,2,3,0,0,0,0,0,0,
M1-1,정부청사광장 - 누리동기점지,2,시청환승지,0,0,0,0,2,1,2,0,1,4,9,3,2,6,6,5,4,5,2,0,0,0,0,0,
M1-1,정부청사광장 - 누리동기점지,3,은하수네거리,0,4,1,0,3,0,4,3,6,9,16,15,10,16,17,5,9,13,7,0,0,0,0,0,
M1-1,정부청사광장 - 누리동기점지,4,대전교통공사,0,0,0,0,3,6,7,5,9,10,17,19,13,14,18,5,11,14,0,0,0,0,0,0,
M1-1,정부청사광장 - 누리동기점지,5,충남대학교,0,8,2,2,6,7,17,11,22,24,30,25,18,23,22,13,19,27,15,0,0,0,0,0,
M1-1,정부청사광장 - 누리동기점지,6,반석역,0,0,0,0,9,8,16,11,29,25,31,24,22,24,22,21,19,29,15,0,0,0,0,0,
M1-1,정부청사광장 - 누리동기점지,7,세종고속시외버스터미널,0,0,6,0,4,6,10,7,10,10,23,17,16,20,21,19,14,21,8,12,0,0,0,0,
M1-1,정부청사광장 - 누리동기점지,8,한솔동(첫마을),0,0,5,0,1,4,6,5,6,6,19,15,14,15,18,16,9,13,7,11,0,0,0,0,
M1-1,정부청사광장 - 누리동기점지,9,새롬동커뮤니티센터,0,0,6,1,0,3,4,2,2,8,7,10,9,9,16,10,8,12,5,8,0,0,0,0,
M1-1,정부청사광장 - 누리동기점지,10,다정동커뮤니티센터,0,0,5,1,0,0,3,0,0,5,6,12,6,7,12,3,4,7,3,4,0,0,0,0,
M1-1,정부청사광장 - 누리동기점지,11,종촌초등학교(가재마을3단지),0,0,3,0,0,2,4,1,1,2,4,8,4,2,11,3,4,4,5,3,0,0,0,0,
M1-1,정부청사광장 - 누리동기점지,12,아름제2중(가락마을20단지),0,0,1,1,0,1,2,1,0,1,2,6,2,4,3,2,3,0,2,0,0,0,0,0,
M1-1,정부청사광장 - 누리동기점지,13,세종충남대병원,0,0,0,0,0,0,2,0,0,0,0,7,2,3,0,0,0,3,1,1,0,0,0,0,
M1-1,정부청사광장 - 누리동기점지,14,해밀동.산울동,0,0,0,0,0,0,0,0,0,0,0,0,0,0,0,2,0,0,0,0,0,0,0,0,
M1-1,정부청사광장 - 누리동기점지,15,누리동기점지,0,0,0,0,0,0,0,0,0,0,0,0,0,0,0,2,0,0,0,0,0,0,0,0,
첨단1,탑립동 - 대청ENG,1,탑립동,0,0,0,0,0,0,0,0,0,0,0,0,0,0,0,0,0,0,0,0,0,0,0,0,
첨단1,탑립동 - 대청ENG,2,청벽산공원네거리,0,0,0,0,0,0,0,0,0,0,0,0,0,0,1,0,0,0,0,0,0,0,0,0,
첨단1,탑립동 - 대청ENG,3,한국방송통신대학교,0,0,0,0,0,0,0,0,0,0,1,0,0,0,0,0,0,0,0,0,0,0,0,0,
첨단1,탑립동 - 대청ENG,4,푸르지오하임1.2단지,0,0,0,0,0,0,0,0,0,0,3,0,0,1,0,0,0,0,0,0,0,0,0,0,
첨단1,탑립동 - 대청ENG,5,테크노밸리6.10단지,0,0,0,0,0,0,0,0,0,0,1,0,0,0,0,2,0,0,0,0,0,0,0,0,
첨단1,탑립동 - 대청ENG,6,중일고등학교,0,0,0,0,0,0,0,0,0,0,1,0,0,0,0,2,0,0,0,0,0,0,0,0,
첨단1,탑립동 - 대청ENG,7,관평중학교,0,1,0,1,0,1,0,0,1,0,0,0,1,0,0,0,0,1,1,0,0,0,0,0,
첨단1,탑립동 - 대청ENG,8,롯데마트대덕점,0,0,0,0,0,0,0,0,0,0,0,1,0,2,0,0,0,0,0,0,0,0,0,0,
첨단1,탑립동 - 대청ENG,9,한마을아파트후문,0,0,0,0,0,0,0,0,0,0,0,0,0,1,0,0,0,0,0,0,0,0,0,0,
첨단1,탑립동 - 대청ENG,10,한마을아파트,0,0,1,0,0,0,0,0,0,0,1,0,0,0,0,0,0,0,0,0,0,0,0,0,
첨단1,탑립동 - 대청ENG,11,한솔아파트,0,0,0,0,0,0,0,0,0,0,0,0,0,0,1,0,1,0,0,0,0,0,0,0,
첨단1,탑립동 - 대청ENG,12,송강전통시장,0,0,2,3,2,2,2,1,0,1,0,0,1,0,0,1,3,1,0,0,0,0,0,0,
첨단1,탑립동 - 대청ENG,13,웅진에너지,0,0,2,3,2,2,2,1,0,1,0,0,1,0,0,1,3,1,0,0,0,0,0,0,
첨단1,탑립동 - 대청ENG,14,바이오니아,0,0,0,0,0,0,0,0,0,0,0,0,0,0,0,0,0,0,0,0,0,0,0,0,
첨단1,탑립동 - 대청ENG,15,한들교,0,0,0,0,0,0,0,0,0,0,0,0,0,0,0,0,0,0,0,0,0,0,0,0,
첨단1,탑립동 - 대청ENG,16,대덕밸리용신교,0,0,0,1,0,0,1,0,0,0,0,0,0,0,0,0,0,0,0,0,0,0,0,0,
첨단1,탑립동 - 대청ENG,17,미건테크노월드,0,0,0,0,1,0,0,0,0,0,0,0,0,0,0,0,0,0,0,0,0,0,0,0,
첨단1,탑립동 - 대청ENG,18,화인테크,0,0,0,0,0,0,0,0,0,0,0,0,0,0,0,0,0,0,0,0,0,0,0,0,
첨단1,탑립동 - 대청ENG,19,뉴로스,0,0,0,0,0,0,0,0,0,0,0,0,0,0,0,0,0,0,0,0,0,0,0,0,
첨단1,탑립동 - 대청ENG,20,조폐공사ID본부,0,0,0,0,0,0,0,0,0,0,0,0,0,0,0,0,0,0,0,0,0,0,0,0,
첨단1,탑립동 - 대청ENG,21,대청ENG,0,0,0,0,0,0,0,0,0,0,0,0,0,0,0,0,0,0,0,0,0,0,0,0,
첨단2,신구교 - 신구교,1,신구교,0,0,0,0,1,0,0,0,0,1,2,0,0,1,0,0,3,1,0,0,0,0,0,0,
첨단2,신구교 - 신구교,2,한국가스기술공사,0,0,0,0,0,1,0,0,0,0,0,0,0,0,2,1,4,1,0,0,0,0,0,0,
첨단2,신구교 - 신구교,3,송강전통시장,0,0,0,0,2,1,1,0,2,1,4,1,0,1,1,1,2,0,3,0,0,0,0,0,
첨단2,신구교 - 신구교,4,휴먼시아아파트,0,0,0,1,2,2,0,0,3,2,3,0,0,2,2,2,3,2,3,0,0,0,0,0,
첨단2,신구교 - 신구교,5,송강중학교,0,0,0,0,0,0,0,0,0,0,0,0,0,3,0,0,0,0,0,0,0,0,0,0,
첨단2,신구교 - 신구교,6,구룡,0,0,0,0,0,0,0,0,0,0,0,0,0,0,0,0,0,0,0,0,0,0,0,0,
첨단2,신구교 - 신구교,7,구룡2통,0,0,0,0,1,0,0,0,0,0,0,0,0,1,0,0,0,0,0,0,0,0,0,0,
첨단2,신구교 - 신구교,8,서한이다음2단지,0,0,0,0,0,0,0,0,2,1,1,1,0,0,0,0,0,0,0,0,0,0,0,0,
첨단2,신구교 - 신구교,9,우미린아파트,0,0,0,0,2,0,0,0,0,0,0,0,0,0,1,0,0,0,0,0,0,0,0,0,
첨단2,신구교 - 신구교,10,둔곡2교,0,0,0,0,0,0,0,0,0,0,0,0,0,0,0,0,0,0,0,0,0,0,0,0,
첨단2,신구교 - 신구교,11,둔곡동,0,0,0,0,0,0,0,0,0,0,0,0,0,0,0,0,0,0,0,0,0,0,0,0,
첨단2,신구교 - 신구교,12,천동천3교,0,0,0,0,0,0,0,0,0,0,0,0,0,0,0,0,0,0,0,0,0,0,0,0,
첨단2,신구교 - 신구교,13,국제과학21로,0,0,0,0,0,0,0,0,0,0,0,1,0,0,1,0,0,0,0,0,0,0,0,0,
첨단2,신구교 - 신구교,14,국제과학22로,0,0,0,0,0,0,0,0,0,0,0,1,0,0,1,0,0,0,0,0,0,0,0,0,
첨단2,신구교 - 신구교,15,천동천1교,0,0,0,0,0,0,0,0,0,0,0,0,0,0,0,0,0,1,0,0,0,0,0,0,
첨단2,신구교 - 신구교,16,천동천3교,0,0,0,0,0,0,0,0,0,0,0,0,0,0,0,0,0,1,0,0,0,0,0,0,
첨단2,신구교 - 신구교,17,둔곡동,0,0,0,0,0,0,0,0,0,3,0,0,0,0,0,0,0,0,0,0,0,0,0,0,
첨단2,신구교 - 신구교,18,둔곡3교,0,0,0,0,0,0,0,0,0,3,0,0,0,0,0,0,0,0,0,0,0,0,0,0,
첨단2,신구교 - 신구교,19,씨에이치씨랩,0,0,0,0,1,0,0,0,0,0,0,0,0,0,0,0,0,0,0,0,0,0,0,0,
첨단2,신구교 - 신구교,20,국제과학9로,0,0,0,0,0,0,0,0,0,2,0,0,0,0,0,0,0,0,0,0,0,0,0,0,
첨단2,신구교 - 신구교,21,둔곡교차로,0,0,0,0,0,0,0,0,0,2,0,0,0,0,0,0,0,0,0,0,0,0,0,0,
첨단2,신구교 - 신구교,22,바이오오케스트라,0,0,0,0,0,0,0,0,0,1,0,0,0,0,0,0,0,0,0,0,0,0,0,0,
첨단2,신구교 - 신구교,23,신동,0,0,0,0,0,0,0,0,0,0,0,0,0,1,0,0,0,0,0,0,0,0,0,0,
첨단2,신구교 - 신구교,24,국제과학5로,0,0,0,0,0,0,0,0,0,0,0,0,0,1,0,0,0,0,0,0,0,0,0,0,
첨단2,신구교 - 신구교,25,국제과학3로,0,0,0,0,0,0,0,0,0,0,0,0,0,1,0,0,0,0,0,0,0,0,0,0,
첨단2,신구교 - 신구교,26,바이오오케스트라,0,0,0,0,0,0,0,0,0,0,0,0,0,0,1,1,0,0,0,0,0,0,0,0,
첨단2,신구교 - 신구교,27,둔곡교차로,0,0,0,0,0,0,0,0,0,0,0,0,0,0,1,1,0,0,0,0,0,0,0,0,
첨단2,신구교 - 신구교,28,국제과학9로,0,0,0,0,0,0,0,0,1,0,0,0,0,0,0,0,0,0,0,0,0,0,0,0,
첨단2,신구교 - 신구교,29,씨에이치씨랩,0,0,0,0,0,0,0,0,1,0,0,0,0,0,0,0,0,0,0,0,0,0,0,0,
첨단2,신구교 - 신구교,30,둔곡3교,0,0,0,0,0,4,0,0,0,0,0,0,1,0,0,0,0,0,0,0,0,0,0,0,
첨단2,신구교 - 신구교,31,둔곡2교,0,0,0,0,1,0,0,0,0,0,0,0,0,0,0,0,0,0,0,0,0,0,0,0,
첨단2,신구교 - 신구교,32,서한이다음1단지,0,0,1,0,0,1,1,2,0,1,1,0,4,0,2,0,1,0,0,0,0,0,0,0,
첨단2,신구교 - 신구교,33,서한이다음2단지,0,0,1,1,1,1,0,2,1,0,0,3,5,3,0,2,1,1,0,0,0,0,0,0,
첨단2,신구교 - 신구교,34,구룡2통,0,0,0,0,2,0,0,0,0,0,0,0,6,0,0,0,0,0,0,0,0,0,0,0,
첨단2,신구교 - 신구교,35,구룡,0,0,0,0,2,0,0,0,0,0,0,0,6,0,0,0,0,0,0,0,0,0,0,0,
첨단2,신구교 - 신구교,36,송강중학교,0,0,0,0,0,1,0,3,2,1,1,0,0,5,2,0,0,0,0,0,0,0,0,0,
첨단2,신구교 - 신구교,37,송강마을아파트,0,0,0,0,0,1,0,2,0,0,0,1,1,2,0,1,0,1,0,0,0,0,0,0,
첨단2,신구교 - 신구교,38,송강전통시장,0,0,0,0,0,1,1,2,1,1,1,0,0,1,0,2,0,0,0,0,0,0,0,0,
첨단2,신구교 - 신구교,39,한국가스기술공사,0,0,0,0,0,0,0,1,0,0,0,0,0,0,0,0,0,0,0,0,0,0,0,0,
첨단2,신구교 - 신구교,40,신구교,0,0,0,0,0,0,0,0,0,0,0,0,0,0,0,0,0,0,0,0,0,0,0,0,
특구1,한국과학기술원북문 - 한국과학기술원북문,1,한국과학기술원북문,0,0,0,0,0,0,0,0,0,0,0,0,0,0,0,0,0,0,0,0,0,0,0,0,
특구1,한국과학기술원북문 - 한국과학기술원북문,2,한국과학기술원교수회관,0,0,0,0,0,0,0,0,1,0,0,0,1,0,1,0,0,0,0,0,0,0,0,0,
특구1,한국과학기술원북문 - 한국과학기술원북문,3,원자력안전기술원,0,0,0,0,0,0,1,0,1,0,0,0,0,0,0,0,0,0,0,0,0,0,0,0,
특구1,한국과학기술원북문 - 한국과학기술원북문,4,한국지질자원연구원,0,0,0,0,0,0,0,0,0,0,0,0,0,0,1,0,0,0,0,0,0,0,0,0,
특구1,한국과학기술원북문 - 한국과학기술원북문,5,한국항공우주연구원,0,0,0,0,0,0,0,0,0,0,0,0,0,0,1,0,0,0,0,0,0,0,0,0,
특구1,한국과학기술원북문 - 한국과학기술원북문,6,시민천문대,0,0,1,0,1,0,3,3,0,0,0,1,0,0,0,0,0,0,0,0,0,0,0,0,
특구1,한국과학기술원북문 - 한국과학기술원북문,7,한국에너지기술연구원,0,0,0,0,0,0,0,4,3,4,0,2,0,0,0,0,1,0,0,0,0,0,0,0,
특구1,한국과학기술원북문 - 한국과학기술원북문,8,KT북대전지사,0,0,0,0,0,0,0,4,3,4,0,2,0,0,0,0,1,0,0,0,0,0,0,0,
특구1,한국과학기술원북문 - 한국과학기술원북문,9,한국전자통신연구원,0,0,0,0,0,0,0,0,0,5,1,0,0,0,0,0,0,0,0,0,0,0,0,0,
특구1,한국과학기술원북문 - 한국과학기술원북문,10,한국표준과학연구원,0,0,0,0,0,0,2,0,0,6,0,1,0,0,0,0,0,0,0,0,0,0,0,0,
특구1,한국과학기술원북문 - 한국과학기술원북문,11,SK뷰아파트,0,0,0,0,0,0,0,4,0,6,3,3,0,0,2,0,0,0,0,0,0,0,0,0,
특구1,한국과학기술원북문 - 한국과학기술원북문,12,공동관리아파트,0,0,0,0,0,0,3,3,0,2,0,4,0,0,0,0,0,0,0,0,0,0,0,0,
특구1,한국과학기술원북문 - 한국과학기술원북문,13,대덕중학교,0,0,0,0,0,0,2,0,0,0,0,0,0,0,0,0,0,0,0,0,0,0,0,0,
특구1,한국과학기술원북문 - 한국과학기술원북문,14,신세계백화점,0,0,2,0,0,0,3,2,0,5,2,5,0,0,1,0,0,0,0,0,0,0,0,0,
특구1,한국과학기술원북문 - 한국과학기술원북문,15,대전컨벤션센터,0,0,0,0,0,0,1,1,1,4,0,4,0,0,0,0,0,0,0,0,0,0,0,0,
특구1,한국과학기술원북문 - 한국과학기술원북문,16,스마트시티5단지,0,0,1,0,2,0,0,0,0,1,3,3,1,2,2,1,0,0,0,0,0,0,0,0,
특구1,한국과학기술원북문 - 한국과학기술원북문,17,스마트시티2단지,0,0,0,0,0,0,0,0,0,0,0,0,0,0,0,0,0,0,0,0,0,0,0,0,
특구1,한국과학기술원북문 - 한국과학기술원북문,18,DCC종점,0,0,0,0,0,1,0,0,0,3,4,4,4,19,10,0,0,0,1,0,0,0,0,0,
특구1,한국과학기술원북문 - 한국과학기술원북문,19,한빛탑,0,0,0,0,0,1,0,0,0,3,4,4,4,19,10,0,0,0,1,0,0,0,0,0,
특구1,한국과학기술원북문 - 한국과학기술원북문,20,신세계백화점,0,0,0,0,0,0,0,3,4,6,4,10,9,25,20,17,9,7,2,0,0,0,0,0,
특구1,한국과학기술원북문 - 한국과학기술원북문,21,국립중앙과학관,0,0,0,0,0,0,0,0,5,3,7,12,0,32,26,7,0,0,0,0,0,0,0,0,
특구1,한국과학기술원북문 - 한국과학기술원북문,22,보건환경연구원,0,0,0,0,0,0,0,0,5,3,7,12,0,32,26,7,0,0,0,0,0,0,0,0,
특구1,한국과학기술원북문 - 한국과학기술원북문,23,대전지방기상청,0,0,0,0,0,0,0,0,1,0,8,0,0,33,0,0,0,5,0,0,0,0,0,0,
특구1,한국과학기술원북문 - 한국과학기술원북문,24,한국과학기술원대강당,0,0,0,0,1,0,1,0,5,0,3,0,0,35,30,14,7,4,4,0,0,0,0,0,
특구1,한국과학기술원북문 - 한국과학기술원북문,25,한국과학기술원본관,0,0,0,0,0,0,0,0,5,4,10,9,0,36,33,15,0,5,0,0,0,0,0,0,
특구1,한국과학기술원북문 - 한국과학기술원북문,26,한국과학기술원오리연못,0,0,0,0,0,0,0,0,4,6,16,8,8,35,32,14,8,0,5,0,0,0,0,0,
특구1,한국과학기술원북문 - 한국과학기술원북문,27,카이스트,0,0,0,0,0,0,0,0,5,5,15,10,9,0,0,13,0,0,4,0,0,0,0,0,
특구1,한국과학기술원북문 - 한국과학기술원북문,28,월평역,0,0,0,0,6,0,2,1,3,1,3,13,6,31,27,12,7,6,5,0,0,0,0,0,
특구1,한국과학기술원북문 - 한국과학기술원북문,29,유림공원,0,0,0,0,3,0,0,0,0,0,0,4,0,26,23,10,5,5,3,0,0,0,0,0,
특구1,한국과학기술원북문 - 한국과학기술원북문,30,다솔아파트,0,0,0,1,0,0,1,2,0,2,0,10,0,26,14,6,0,2,0,0,0,0,0,0,
특구1,한국과학기술원북문 - 한국과학기술원북문,31,충남대학교,0,0,1,0,1,0,0,0,2,0,0,8,4,24,9,5,5,6,0,0,0,0,0,0,
특구1,한국과학기술원북문 - 한국과학기술원북문,32,온천교,0,0,1,3,2,0,2,0,0,0,2,6,1,17,6,0,3,7,1,0,0,0,0,0,
특구1,한국과학기술원북문 - 한국과학기술원북문,33,유성온천역6번출구,0,0,0,2,0,0,3,0,1,2,1,5,2,14,5,4,4,0,2,0,0,0,0,0,
특구1,한국과학기술원북문 - 한국과학기술원북문,34,유성온천역5번출구,0,0,0,0,1,0,0,0,0,4,2,0,0,6,2,5,3,5,3,0,0,0,0,0,
특구1,한국과학기술원북문 - 한국과학기술원북문,35,봉명네거리,0,0,1,0,1,0,0,1,0,3,0,4,0,0,4,0,2,4,0,0,0,0,0,0,
특구1,한국과학기술원북문 - 한국과학기술원북문,36,구암역,0,0,0,0,0,0,5,0,2,2,0,3,1,8,4,3,0,3,4,0,0,0,0,0,
특구1,한국과학기술원북문 - 한국과학기술원북문,37,유성시장,0,0,0,0,0,0,0,2,0,0,1,2,0,6,0,0,2,0,0,0,0,0,0,0,
특구1,한국과학기술원북문 - 한국과학기술원북문,38,유성초네거리,0,0,0,0,2,0,5,3,3,2,1,6,2,7,9,5,4,5,10,0,0,0,0,0,
특구1,한국과학기술원북문 - 한국과학기술원북문,39,충남대학교,0,0,0,0,0,0,0,0,5,0,0,0,1,0,0,4,4,0,9,0,0,0,0,0,
특구1,한국과학기술원북문 - 한국과학기술원북문,40,궁동,0,0,0,0,0,0,0,4,0,2,0,6,0,8,7,5,4,4,8,0,0,0,0,0,
특구1,한국과학기술원북문 - 한국과학기술원북문,41,유성구청,0,0,0,0,3,0,0,4,3,1,1,7,3,8,5,4,3,0,7,0,0,0,0,0,
특구1,한국과학기술원북문 - 한국과학기술원북문,42,한국과학기술원오리연못,0,0,0,0,2,0,0,3,0,0,1,3,0,6,1,2,0,1,6,0,0,0,0,0,
특구1,한국과학기술원북문 - 한국과학기술원북문,43,한국과학기술원본관,0,0,0,0,0,1,0,1,2,0,0,2,0,0,0,1,2,2,2,0,0,0,0,0,
특구1,한국과학기술원북문 - 한국과학기술원북문,44,한국과학기술원대강당,0,0,0,0,0,0,0,2,1,0,0,0,0,1,0,0,0,1,0,0,0,0,0,0,
특구1,한국과학기술원북문 - 한국과학기술원북문,45,한국과학기술원교수회관,0,0,0,0,0,0,0,0,0,0,0,0,0,0,0,0,0,0,0,0,0,0,0,0,
특구1,한국과학기술원북문 - 한국과학기술원북문,46,한국과학기술원북문,0,0,0,0,0,0,0,0,0,0,0,0,0,0,0,0,0,0,0,0,0,0,0,0,
